game_id,game_date,season,home_id,away_id,home_name,away_name,elo_home,elo_away,elo_diff,elo_edge,elo_e_home
0,2012-03-10,2012,6,7,Colorado Rapids,Columbus Crew,1500.0,1500.0,120.0,120.0,0.6661394245831221
1,2012-03-10,2012,30,2,Vancouver Whitecaps,CF Montreal,1500.0,1500.0,120.0,120.0,0.6661394245831221
2,2012-03-11,2012,5,11,Chivas USA,Houston Dynamo,1500.0,1500.0,120.0,120.0,0.6661394245831221
3,2012-03-11,2012,8,27,DC United,Sporting Kansas City,1500.0,1500.0,120.0,120.0,0.6661394245831221
4,2012-03-11,2012,10,19,FC Dallas,New York Red Bulls,1500.0,1500.0,120.0,120.0,0.6661394245831221
5,2012-03-11,2012,14,23,Los Angeles Galaxy,Real Salt Lake,1500.0,1500.0,120.0,120.0,0.6661394245831221
6,2012-03-11,2012,25,17,San Jose Earthquakes,New England Revolution,1500.0,1500.0,120.0,120.0,0.6661394245831221
7,2012-03-13,2012,22,21,Portland Timbers,Philadelphia Union,1500.0,1500.0,120.0,120.0,0.6661394245831221
8,2012-03-17,2012,25,11,San Jose Earthquakes,Houston Dynamo,1508.3465143854219,1516.6534856145781,111.69302877084374,111.69302877084374,0.6554215335256759
9,2012-03-18,2012,5,30,Chivas USA,Vancouver Whitecaps,1483.3465143854219,1508.3465143854219,95.0,95.0,0.6334077000711676
10,2012-03-18,2012,10,22,FC Dallas,Portland Timbers,1508.3465143854219,1508.3465143854219,120.0,120.0,0.6661394245831221
11,2012-03-18,2012,14,8,Los Angeles Galaxy,DC United,1483.3465143854219,1483.3465143854219,120.0,120.0,0.6661394245831221
12,2012-03-18,2012,21,6,Philadelphia Union,Colorado Rapids,1491.6534856145781,1508.3465143854219,103.30697122915626,103.30697122915626,0.6444388585842292
13,2012-03-18,2012,23,19,Real Salt Lake,New York Red Bulls,1516.6534856145781,1491.6534856145781,145.0,145.0,0.6973450785898532
14,2012-03-18,2012,26,29,Seattle Sounders,Toronto FC,1500.0,1500.0,120.0,120.0,0.6661394245831221
15,2012-03-18,2012,27,17,Sporting Kansas City,New England Revolution,1516.6534856145781,1491.6534856145781,145.0,145.0,0.6973450785898532
16,2012-03-24,2012,7,2,Columbus Crew,CF Montreal,1491.6534856145781,1491.6534856145781,120.0,120.0,0.6661394245831221
17,2012-03-24,2012,17,22,New England Revolution,Portland Timbers,1484.0871125793244,1512.5,91.58711257932441,-91.58711257932441,0.6288339746358006
18,2012-03-24,2012,26,11,Seattle Sounders,Houston Dynamo,1508.3465143854219,1533.03902395272,95.3074904327018,95.3074904327018,0.6338186144391045
19,2012-03-24,2012,29,25,Toronto FC,San Jose Earthquakes,1491.6534856145781,1491.96097604728,119.6925095672982,119.6925095672982,0.6657456522478908
20,2012-03-25,2012,4,21,Chicago Fire,Philadelphia Union,1500.0,1475.5425141499725,144.45748585002752,144.45748585002752,0.6966855560637553
21,2012-03-25,2012,19,6,New York Red Bulls,Colorado Rapids,1484.0871125793244,1524.4574858500275,79.62962672929689,79.62962672929689,0.6126309783303888
22,2012-03-25,2012,23,5,Real Salt Lake,Chivas USA,1524.2198586498318,1467.5113218836427,176.70853676618913,176.70853676618913,0.7344299761417867
23,2012-03-25,2012,30,8,Vancouver Whitecaps,DC United,1524.181706887201,1475.0,169.18170688720102,169.18170688720102,0.7258938179306201
24,2012-03-26,2012,27,10,Sporting Kansas City,FC Dallas,1524.2198586498318,1504.1930287708437,140.0268298789881,140.0268298789881,0.6912691144843384
25,2012-03-31,2012,8,10,DC United,FC Dallas,1480.6473454482655,1496.4747566329522,104.17258881531325,104.17258881531325,0.6455798028300066
26,2012-03-31,2012,19,2,New York Red Bulls,CF Montreal,1493.7713381210647,1483.3069712291563,130.4643668919084,130.4643668919084,0.679399444652526
27,2012-03-31,2012,21,30,Philadelphia Union,Vancouver Whitecaps,1467.9596530515664,1518.5343614389355,69.42529161263087,69.42529161263087,0.5986021492379962
28,2012-03-31,2012,29,7,Toronto FC,Columbus Crew,1475.009844308381,1500.0,95.00984430838093,-95.00984430838093,0.6334208585080338
29,2012-04-01,2012,14,17,Los Angeles Galaxy,New England Revolution,1491.6930287708437,1493.3662632134294,118.32676555741432,118.32676555741432,0.6639938928739552
30,2012-04-01,2012,22,23,Portland Timbers,Real Salt Lake,1503.220849365895,1505.8591092462873,117.3617401196077,117.3617401196077,0.6627533824359747
31,2012-04-01,2012,26,25,Seattle Sounders,San Jose Earthquakes,1517.5010490244442,1508.6046173534771,128.8964316709671,128.8964316709671,0.6774303159402443
32,2012-04-02,2012,5,27,Chivas USA,Sporting Kansas City,1485.8720712871873,1531.9381307877234,73.93394049946392,-73.93394049946392,0.6048220166337803
33,2012-04-02,2012,6,4,Colorado Rapids,Chicago Fire,1514.7732603082873,1507.582861098406,127.1903992098812,127.1903992098812,0.6752805801706714
34,2012-04-05,2012,23,2,Real Salt Lake,CF Montreal,1522.4279438071867,1475.2919573454694,167.13598646171727,167.13598646171727,0.7235444788496991
35,2012-04-06,2012,10,17,FC Dallas,New England Revolution,1487.6142517037024,1509.9661105352784,97.64814116842399,97.64814116842399,0.6369401238981269
36,2012-04-07,2012,2,29,CF Montreal,Toronto FC,1468.380569316712,1459.17432284568,129.20624647103182,129.20624647103182,0.6778199065808757
37,2012-04-07,2012,7,19,Columbus Crew,New York Red Bulls,1515.8355214627009,1501.7863520047515,134.04916945794935,134.04916945794935,0.6838775079955058
38,2012-04-07,2012,27,14,Sporting Kansas City,Los Angeles Galaxy,1547.0586812035679,1475.0931814489948,191.9654997545731,191.9654997545731,0.7512036778148667
39,2012-04-08,2012,8,26,DC United,Seattle Sounders,1489.5078503775153,1500.565291125938,108.94255925157722,108.94255925157722,0.6518370028504704
40,2012-04-08,2012,22,5,Portland Timbers,Chivas USA,1486.6520148049956,1470.7515208713428,135.9004939336528,135.9004939336528,0.6861769245073965
41,2012-04-08,2012,23,6,Real Salt Lake,Colorado Rapids,1529.3393318359442,1522.8912458040204,126.44808603192382,126.44808603192382,0.674342888336827
42,2012-04-08,2012,25,30,San Jose Earthquakes,Vancouver Whitecaps,1525.5403752519833,1520.9994151698854,124.54096008209785,124.54096008209785,0.6719274047974739
43,2012-04-14,2012,17,8,New England Revolution,DC United,1500.8896136327317,1485.7119253062535,135.17768832647812,135.17768832647812,0.6852802514486694
44,2012-04-14,2012,21,7,Philadelphia Union,Columbus Crew,1465.4945993206165,1498.7385837628133,86.75601555780327,86.75601555780327,0.6223201449517847
45,2012-04-14,2012,26,6,Seattle Sounders,Colorado Rapids,1504.3612161971998,1514.749818012441,109.61139818475885,109.61139818475885,0.652710264760243
46,2012-04-14,2012,29,5,Toronto FC,Chivas USA,1451.1198205102019,1487.9059439840278,83.21387652617409,83.21387652617409,0.6175158635476591
47,2012-04-15,2012,10,2,FC Dallas,CF Montreal,1496.6907486062491,1476.4350716521901,140.25567695405903,140.25567695405903,0.6915501872828784
48,2012-04-15,2012,14,22,Los Angeles Galaxy,Portland Timbers,1468.8732733943664,1469.4975916923106,119.37568170205577,119.37568170205577,0.6653396806473356
49,2012-04-15,2012,19,25,New York Red Bulls,San Jose Earthquakes,1518.883289704639,1533.7421901320465,105.14109957259257,105.14109957259257,0.6468544062336158
50,2012-04-15,2012,27,23,Sporting Kansas City,Real Salt Lake,1553.2785892581962,1537.4807596275236,135.7978296306726,135.7978296306726,0.6860496492693847
51,2012-04-16,2012,4,11,Chicago Fire,Houston Dynamo,1499.464875602673,1523.8844893136977,95.5803862889752,95.5803862889752,0.6341831354079744
52,2012-04-19,2012,8,2,DC United,CF Montreal,1502.8439315924702,1468.7238263342622,154.120105258208,154.120105258208,0.7083092532731561
53,2012-04-19,2012,30,27,Vancouver Whitecaps,Sporting Kansas City,1512.7976002898222,1561.1273480264615,71.67025226336068,-71.67025226336068,0.6017032699113748
54,2012-04-21,2012,29,4,Toronto FC,Chicago Fire,1435.6819239215104,1496.1102972174735,59.57162670403682,59.57162670403682,0.584900099944182
55,2012-04-22,2012,5,21,Chivas USA,Philadelphia Union,1503.3438405727193,1474.936595696822,148.40724487589728,148.40724487589728,0.7014685491078778
56,2012-04-22,2012,6,14,Colorado Rapids,Los Angeles Galaxy,1506.067574631447,1477.239781378183,148.8277932532642,148.8277932532642,0.7019752573586734
57,2012-04-22,2012,7,11,Columbus Crew,Houston Dynamo,1489.2965873866078,1527.239067698897,82.05751968771074,82.05751968771074,0.6159424337504218
58,2012-04-22,2012,8,19,DC United,New York Red Bulls,1497.6362002606413,1515.2119295487987,102.42427071184261,102.42427071184261,0.6432737054372522
59,2012-04-22,2012,22,27,Portland Timbers,Sporting Kansas City,1461.131083708494,1576.169929774246,4.961153934248159,-4.961153934248159,0.5071391892133239
60,2012-04-22,2012,25,23,San Jose Earthquakes,Real Salt Lake,1537.413550287887,1529.6320008592584,127.78154942862852,127.78154942862852,0.6760263188859956
61,2012-04-22,2012,30,10,Vancouver Whitecaps,FC Dallas,1497.7550185420378,1504.401993924177,113.35302461786068,113.35302461786068,0.6575764166474833
62,2012-04-26,2012,10,23,FC Dallas,Real Salt Lake,1495.841404340364,1521.5326588314083,94.30874550895578,94.30874550895578,0.6324832352808408
63,2012-04-28,2012,2,22,CF Montreal,Portland Timbers,1473.931557666091,1473.452603978161,120.47895368793002,120.47895368793002,0.666752311473628
64,2012-04-28,2012,19,17,New York Red Bulls,New England Revolution,1506.29377218473,1483.757607346515,142.53616483821497,142.53616483821497,0.694343340508001
65,2012-04-29,2012,4,26,Chicago Fire,Seattle Sounders,1510.732799716078,1513.0434595781937,117.6893401378843,117.6893401378843,0.663174754526568
66,2012-04-29,2012,6,5,Colorado Rapids,Chivas USA,1488.5181931974803,1485.8071268450224,122.71106635245792,122.71106635245792,0.6696011510432617
67,2012-04-29,2012,7,30,Columbus Crew,Vancouver Whitecaps,1486.3980265428472,1506.3156081258508,100.08241841699646,100.08241841699646,0.6401742945421731
68,2012-04-29,2012,8,11,DC United,Houston Dynamo,1506.55435762471,1530.1376285426577,96.41672908205237,96.41672908205237,0.6352993228258783
69,2012-04-29,2012,14,10,Los Angeles Galaxy,FC Dallas,1494.7891628121497,1492.529323458343,122.25983935380668,122.25983935380668,0.669026245347639
70,2012-04-29,2012,21,25,Philadelphia Union,San Jose Earthquakes,1492.473309424519,1545.512892315737,66.96041710878194,-66.96041710878194,0.5951881410496067
71,2012-04-29,2012,23,29,Real Salt Lake,Toronto FC,1524.8447397134294,1421.0594214229059,223.7853182905235,223.7853182905235,0.7838443715801033
72,2012-05-03,2012,17,6,New England Revolution,Colorado Rapids,1476.116190859215,1496.7781644213987,99.33802643781632,99.33802643781632,0.6391866331569342
73,2012-05-03,2012,25,8,San Jose Earthquakes,DC United,1560.392595841977,1515.6718745540632,164.72072128791388,164.72072128791388,0.7207547891393945
74,2012-05-03,2012,26,14,Seattle Sounders,Los Angeles Galaxy,1529.622828441358,1490.5635066784587,159.05932176289934,159.05932176289934,0.7141486182541985
75,2012-05-05,2012,5,4,Chivas USA,Chicago Fire,1477.547155621104,1494.1534308529137,103.39372476819017,103.39372476819017,0.6445532800679332
76,2012-05-05,2012,26,21,Seattle Sounders,Philadelphia Union,1536.769112985003,1477.5936058982788,179.1755070867241,179.1755070867241,0.7371905436156918
77,2012-05-05,2012,29,8,Toronto FC,DC United,1415.6555307124086,1508.690744282548,26.964786429860624,-26.964786429860624,0.5387277200769581
78,2012-05-06,2012,14,19,Los Angeles Galaxy,New York Red Bulls,1483.4172221348138,1513.9351886720299,89.48203346278387,89.48203346278387,0.6260012682886281
79,2012-05-06,2012,22,7,Portland Timbers,Columbus Crew,1465.1214117650018,1470.3936691792928,114.72774258570894,114.72774258570894,0.6593560712385741
80,2012-05-06,2012,23,17,Real Salt Lake,New England Revolution,1530.2486304239267,1485.1365250302918,165.11210539363492,165.11210539363492,0.7212080163989564
81,2012-05-06,2012,27,2,Sporting Kansas City,CF Montreal,1563.848409504579,1482.2627498792504,201.58565962532862,201.58565962532862,0.7614090838832306
82,2012-05-06,2012,30,25,Vancouver Whitecaps,San Jose Earthquakes,1522.3199654894051,1567.3737261134922,74.94623937591291,-74.94623937591291,0.6062139497244416
83,2012-05-07,2012,10,6,FC Dallas,Colorado Rapids,1496.754979592034,1487.757830250322,128.99714934171197,128.99714934171197,0.6775569950089405
84,2012-05-10,2012,4,23,Chicago Fire,Real Salt Lake,1510.267262854612,1537.2184300139527,93.04883284065932,93.04883284065932,0.630795758127229
85,2012-05-10,2012,10,26,FC Dallas,Seattle Sounders,1479.8160547168104,1543.3393493946107,56.47670532219968,-56.47670532219968,0.5805681290108662
86,2012-05-10,2012,19,11,New York Red Bulls,Houston Dynamo,1529.5852203792456,1521.0201116133046,128.56510876594098,128.56510876594098,0.6770134060529661
87,2012-05-12,2012,2,14,CF Montreal,Los Angeles Galaxy,1501.297976976331,1467.767190427598,153.53078654873298,-153.53078654873298,0.7076078656673224
88,2012-05-12,2012,11,8,Houston Dynamo,DC United,1512.9454467646287,1522.158937284472,110.78650948015684,110.78650948015684,0.654242047022957
89,2012-05-13,2012,4,27,Chicago Fire,Sporting Kansas City,1506.9973689014312,1544.8131824074983,82.18418649393288,-82.18418649393288,0.6161149056057107
90,2012-05-13,2012,7,10,Columbus Crew,FC Dallas,1474.3775709602571,1465.3018514915389,129.07571946871826,129.07571946871826,0.6776557995858868
91,2012-05-13,2012,17,30,New England Revolution,Vancouver Whitecaps,1478.1667254402657,1532.164616746294,66.00210869397165,66.00210869397165,0.5938583129603425
92,2012-05-13,2012,21,19,Philadelphia Union,New York Red Bulls,1471.023369488671,1537.6598852279214,53.3634842607496,53.3634842607496,0.5761979809102425
93,2012-05-13,2012,26,23,Seattle Sounders,Real Salt Lake,1557.8535526198823,1540.4883239671335,137.36522865274878,137.36522865274878,0.6879897327727408
94,2012-05-14,2012,25,5,San Jose Earthquakes,Chivas USA,1557.5290748566033,1461.4333236194057,216.09575123719765,216.09575123719765,0.7762503234990243
95,2012-05-16,2012,11,22,Houston Dynamo,Portland Timbers,1521.589395589055,1461.1375099840375,180.45188560501742,180.45188560501742,0.7386115557069687
96,2012-05-17,2012,8,6,DC United,Colorado Rapids,1513.5149884600457,1504.6967551255457,128.81823333450006,128.81823333450006,0.6773319429054597
97,2012-05-19,2012,30,26,Vancouver Whitecaps,Seattle Sounders,1522.0110745703028,1540.6538093005638,101.35726526973895,-101.35726526973895,0.6418630068212268
98,2012-05-20,2012,2,19,CF Montreal,New York Red Bulls,1496.107780334648,1552.0648347506776,64.04294558397032,64.04294558397032,0.5911353480454583
99,2012-05-20,2012,5,14,Chivas USA,Los Angeles Galaxy,1468.3395817068813,1472.9573870692811,115.38219463760015,-115.38219463760015,0.6602017258687986
100,2012-05-20,2012,6,27,Colorado Rapids,Sporting Kansas City,1496.630053698182,1535.216055047641,81.41399865054109,-81.41399865054109,0.6150657540144793
101,2012-05-20,2012,8,29,DC United,Toronto FC,1521.5816898874093,1402.1873377104846,239.3943521769247,239.3943521769247,0.7986799973732251
102,2012-05-20,2012,10,21,FC Dallas,Philadelphia Union,1457.2432464811861,1456.6184199659149,120.62482651527125,120.62482651527125,0.666938863916692
103,2012-05-20,2012,17,11,New England Revolution,Houston Dynamo,1488.320267616257,1515.6241066963807,92.69616091987632,92.69616091987632,0.6303228277473596
104,2012-05-20,2012,25,7,San Jose Earthquakes,Columbus Crew,1550.6228167691277,1482.4361759706098,188.18664079851783,188.18664079851783,0.7471159639466955
105,2012-05-21,2012,22,4,Portland Timbers,Chicago Fire,1467.1027988767116,1516.5944962612884,70.50830261542319,70.50830261542319,0.6000991898737813
106,2012-05-24,2012,4,10,Chicago Fire,FC Dallas,1506.596976008133,1453.0697748832688,173.52720112486418,173.52720112486418,0.7308428143865527
107,2012-05-24,2012,14,25,Los Angeles Galaxy,San Jose Earthquakes,1464.4624302160012,1544.4449176704602,40.01751254554097,40.01751254554097,0.5573365050735959
108,2012-05-24,2012,19,5,New York Red Bulls,Chivas USA,1566.843218451814,1476.8345385601613,210.00867989165272,210.00867989165272,0.770105522817899
109,2012-05-24,2012,26,7,Seattle Sounders,Columbus Crew,1544.2003844710944,1488.6140750692773,175.58630940181706,175.58630940181706,0.7331680826687372
110,2012-05-26,2012,11,14,Houston Dynamo,Los Angeles Galaxy,1518.8821773900647,1450.5290175891612,188.35315980090354,188.35315980090354,0.7472970254131325
111,2012-05-26,2012,29,21,Toronto FC,Philadelphia Union,1397.1543376448153,1460.7918915638322,56.36244608098309,56.36244608098309,0.5804079577291662
112,2012-05-27,2012,5,26,Chivas USA,Seattle Sounders,1483.5871766306088,1525.871182404376,77.71599422623285,-77.71599422623285,0.6100135617464769
113,2012-05-27,2012,6,2,Colorado Rapids,CF Montreal,1493.7534098478202,1481.3293966335116,132.42401321430862,132.42401321430862,0.6818515563293552
114,2012-05-27,2012,7,4,Columbus Crew,Chicago Fire,1506.9432771359957,1513.3259056484692,113.6173714875265,113.6173714875265,0.6579189757861107
115,2012-05-27,2012,8,17,DC United,New England Revolution,1526.6146899530786,1485.062196922573,161.5524930305055,161.5524930305055,0.7170693828063469
116,2012-05-27,2012,22,30,Portland Timbers,Vancouver Whitecaps,1477.100319129867,1518.4644993997722,78.63581973009491,78.63581973009491,0.6112724761887545
117,2012-05-27,2012,23,10,Real Salt Lake,FC Dallas,1557.688067286452,1446.3408452429326,231.34722204351942,231.34722204351942,0.7911285801655759
118,2012-05-27,2012,27,25,Sporting Kansas City,San Jose Earthquakes,1538.092698898003,1558.3783302973002,99.71436860070276,99.71436860070276,0.6396861127760598
119,2012-06-03,2012,17,4,New England Revolution,Chicago Fire,1477.9889314927318,1504.773880043122,93.21505144960975,93.21505144960975,0.6310185690132688
120,2012-06-11,2012,30,11,Vancouver Whitecaps,Houston Dynamo,1521.246311304491,1525.1997517547363,116.04655954975465,116.04655954975465,0.66105914600858
121,2012-06-17,2012,2,26,CF Montreal,Seattle Sounders,1473.3756855417455,1528.6215214480378,64.75416409370769,-64.75416409370769,0.5921244991136211
122,2012-06-17,2012,4,19,Chicago Fire,New York Red Bulls,1495.5493442684538,1560.0905803813664,55.45876388708734,55.45876388708734,0.5791405605388212
123,2012-06-17,2012,5,23,Chivas USA,Real Salt Lake,1480.836837586947,1562.9098527823126,37.92698480463446,-37.92698480463446,0.5543655413541622
124,2012-06-17,2012,11,10,Houston Dynamo,FC Dallas,1516.726230404951,1441.119059747072,195.6071706578789,195.6071706578789,0.7551009544372573
125,2012-06-17,2012,17,7,New England Revolution,Columbus Crew,1487.2134672674001,1515.4953027413428,91.71816452605731,91.71816452605731,0.6290100348231238
126,2012-06-17,2012,21,8,Philadelphia Union,DC United,1450.3020905070614,1533.6879553829199,36.61413512414151,36.61413512414151,0.5524977769431908
127,2012-06-17,2012,27,29,Sporting Kansas City,Toronto FC,1547.1005460786014,1407.6441387015861,259.45640737701524,259.45640737701524,0.8166106810645828
128,2012-06-17,2012,30,6,Vancouver Whitecaps,Colorado Rapids,1529.7198326542764,1501.7071209395863,148.0127117146901,148.0127117146901,0.7009927363538617
129,2012-06-18,2012,14,22,Los Angeles Galaxy,Portland Timbers,1444.2114432244896,1474.3185072251483,89.89293599934126,89.89293599934126,0.626554886341319
130,2012-06-21,2012,5,2,Chivas USA,CF Montreal,1466.977699053093,1483.5725730639049,103.40512598918804,103.40512598918804,0.6445683162049562
131,2012-06-21,2012,6,25,Colorado Rapids,San Jose Earthquakes,1494.231939348433,1549.3704831167017,64.86145623173115,64.86145623173115,0.5922736546999977
132,2012-06-21,2012,11,29,Houston Dynamo,Toronto FC,1522.8487065440195,1403.0594057282008,239.7893008158187,239.7893008158187,0.7990453069512168
133,2012-06-21,2012,23,14,Real Salt Lake,Los Angeles Galaxy,1576.7689913161666,1453.5475710659566,243.22142025021003,243.22142025021003,0.8021989697622285
134,2012-06-21,2012,26,27,Seattle Sounders,Sporting Kansas City,1518.4246339258784,1551.6852790519868,86.73935487389167,86.73935487389167,0.6222976030113806
135,2012-06-21,2012,30,19,Vancouver Whitecaps,New York Red Bulls,1537.1950142454298,1549.5690943948368,107.62591985059294,107.62591985059294,0.650114967111964
136,2012-06-23,2012,29,17,Toronto FC,New England Revolution,1410.5355384019813,1483.988216396822,46.54732200515923,46.54732200515923,0.5665890542089841
137,2012-06-24,2012,2,11,CF Montreal,Houston Dynamo,1474.6867809690289,1515.372573870239,79.3142070987899,79.3142070987899,0.612199998484849
138,2012-06-24,2012,4,7,Chicago Fire,Columbus Crew,1506.0708302549833,1518.7205536119209,107.35027664306244,107.35027664306244,0.6497539549037795
139,2012-06-24,2012,10,5,FC Dallas,Chivas USA,1434.9965836080034,1475.863491147969,79.1330924600345,79.1330924600345,0.6119524495008277
140,2012-06-24,2012,14,30,Los Angeles Galaxy,Vancouver Whitecaps,1473.6025453100124,1533.4421400676306,60.160405242381785,60.160405242381785,0.5857227528324348
141,2012-06-24,2012,21,27,Philadelphia Union,Sporting Kansas City,1436.4896460834816,1554.7427191272714,1.7469269562102454,-1.7469269562102454,0.5025140087941088
142,2012-06-24,2012,22,26,Portland Timbers,Seattle Sounders,1464.9823793836813,1515.3671938505938,69.61518553308747,-69.61518553308747,0.598864772518656
143,2012-06-24,2012,23,25,Real Salt Lake,San Jose Earthquakes,1556.714017072111,1564.1773244842016,112.53669258790933,112.53669258790933,0.6565175205752808
144,2012-06-25,2012,19,8,New York Red Bulls,DC United,1553.321968572636,1547.5003998064997,125.82156876613635,125.82156876613635,0.6735503819394227
145,2012-06-28,2012,2,29,CF Montreal,Toronto FC,1484.3817810069077,1408.8708120467568,195.51096896015088,195.51096896015088,0.7549985327581045
146,2012-06-30,2012,27,4,Sporting Kansas City,Chicago Fire,1542.305569347124,1514.8269813823888,147.4785879647352,147.4785879647352,0.7003478829875478
147,2012-07-01,2012,6,22,Colorado Rapids,Portland Timbers,1479.425097980933,1475.010760070715,124.41433791021814,124.41433791021814,0.6717667061679651
148,2012-07-01,2012,7,23,Columbus Crew,Real Salt Lake,1509.9644024845154,1540.3010790577289,89.66332342678652,89.66332342678652,0.6262455650221456
149,2012-07-01,2012,8,2,DC United,CF Montreal,1539.3391593549852,1465.506817687955,193.83234166703028,193.83234166703028,0.7532067191850197
150,2012-07-01,2012,11,21,Houston Dynamo,Philadelphia Union,1505.6775738323602,1448.926795863629,176.7507779687312,176.7507779687312,0.7344773999755844
151,2012-07-01,2012,17,26,New England Revolution,Seattle Sounders,1485.6529427520466,1505.3388131635602,100.31412958848637,-100.31412958848637,0.6404814879068196
152,2012-07-01,2012,25,14,San Jose Earthquakes,Los Angeles Galaxy,1580.5902624985836,1483.9594764892015,216.63078600938206,216.63078600938206,0.7767848044369472
153,2012-07-01,2012,29,19,Toronto FC,New York Red Bulls,1427.7457753657095,1561.4832090241505,-13.737433658440978,13.737433658440978,0.48024053983903864
154,2012-07-04,2012,11,4,Houston Dynamo,Chicago Fire,1512.3156388329705,1532.3356784570774,99.97996037589314,99.97996037589314,0.6400384231401973
155,2012-07-04,2012,22,25,Portland Timbers,San Jose Earthquakes,1466.804927724914,1586.1706423876599,0.6342853372541413,-0.6342853372541413,0.5009128089623198
156,2012-07-05,2012,2,27,CF Montreal,Sporting Kansas City,1459.3369856675804,1524.7968722724354,54.540113395145,-54.540113395145,0.5778511006245004
157,2012-07-05,2012,6,30,Colorado Rapids,Vancouver Whitecaps,1487.630930326734,1523.0852088884415,84.5457214382925,84.5457214382925,0.6193250264266419
158,2012-07-05,2012,10,29,FC Dallas,Toronto FC,1432.1977723704827,1428.2397618697335,123.9580105007492,123.9580105007492,0.6711872386339507
159,2012-07-05,2012,14,21,Los Angeles Galaxy,Philadelphia Union,1478.3790966001252,1442.2887308630186,156.0903657371066,156.0903657371066,0.710646989021394
160,2012-07-05,2012,23,26,Real Salt Lake,Seattle Sounders,1530.9572181832825,1508.8508503612306,142.10636782205188,142.10636782205188,0.6938180060605784
161,2012-07-08,2012,4,14,Chicago Fire,Los Angeles Galaxy,1535.8366390355823,1460.6129218745903,195.223717160992,195.223717160992,0.754692536363577
162,2012-07-08,2012,5,30,Chivas USA,Vancouver Whitecaps,1478.6623023854897,1538.5683345491075,60.09396783638226,60.09396783638226,0.5856299490292678
163,2012-07-08,2012,10,25,FC Dallas,San Jose Earthquakes,1427.918091404634,1573.693462611718,-25.775371207083936,-25.775371207083936,0.46297416153370885
164,2012-07-08,2012,21,29,Philadelphia Union,Toronto FC,1460.0549055885535,1432.5194428355821,147.5354627529714,147.5354627529714,0.7004165863781685
165,2012-07-08,2012,23,22,Real Salt Lake,Portland Timbers,1526.111768031768,1479.282107500856,166.82966053091195,166.82966053091195,0.7231916199498754
166,2012-07-08,2012,26,6,Seattle Sounders,Colorado Rapids,1513.6963005127452,1472.147804666068,161.54849584667727,161.54849584667727,0.7170647145670013
167,2012-07-08,2012,27,11,Sporting Kansas City,Houston Dynamo,1539.243149788048,1508.8146782544657,150.4284715335823,150.4284715335823,0.703899338205265
168,2012-07-09,2012,2,7,CF Montreal,Columbus Crew,1444.8907081519678,1519.3082633589618,45.58244479300606,45.58244479300606,0.5652246113870557
169,2012-07-09,2012,17,19,New England Revolution,New York Red Bulls,1482.140905554376,1560.9892225201265,41.15168303424957,41.15168303424957,0.5589466358579316
170,2012-07-12,2012,29,30,Toronto FC,Vancouver Whitecaps,1425.0298574950364,1540.7090832748393,4.320774220197109,4.320774220197109,0.5062177734024229
171,2012-07-15,2012,4,30,Chicago Fire,Vancouver Whitecaps,1516.969325626493,1528.3645276098998,108.60479801659312,108.60479801659312,0.6513956202411727
172,2012-07-15,2012,6,10,Colorado Rapids,FC Dallas,1465.074422530243,1428.8437373662912,156.23068516395188,156.23068516395188,0.7108130553229746
173,2012-07-15,2012,7,27,Columbus Crew,Sporting Kansas City,1508.4388786436382,1534.1456663329163,94.29321231072186,94.29321231072186,0.6324624503827346
174,2012-07-15,2012,17,29,New England Revolution,Toronto FC,1493.167239657928,1437.3744131599758,175.7928264979521,175.7928264979521,0.7334005878401142
175,2012-07-15,2012,19,26,New York Red Bulls,Seattle Sounders,1549.9628884165747,1520.76968264857,149.19320576800465,149.19320576800465,0.7024151316794487
176,2012-07-15,2012,21,2,Philadelphia Union,CF Montreal,1467.5444909290993,1455.7600928672914,131.7843980618079,131.7843980618079,0.6810523029629316
177,2012-07-15,2012,22,14,Portland Timbers,Los Angeles Galaxy,1472.361897999603,1479.4802352836796,112.88166271592331,-112.88166271592331,0.6569651854202873
178,2012-07-15,2012,25,23,San Jose Earthquakes,Real Salt Lake,1572.7678166500607,1533.031977533021,159.73583911703963,159.73583911703963,0.7149429482256162
179,2012-07-16,2012,11,8,Houston Dynamo,DC United,1513.9121617095973,1545.5089913753598,88.40317033423753,88.40317033423753,0.6245461242913637
180,2012-07-18,2012,5,22,Chivas USA,Portland Timbers,1476.521553659758,1455.9377683640957,140.5837852956622,140.5837852956622,0.6919529265353066
181,2012-07-18,2012,19,4,New York Red Bulls,Chicago Fire,1544.9025101245886,1525.6844351204636,139.218075004125,139.218075004125,0.690274657614149
182,2012-07-19,2012,2,17,CF Montreal,New England Revolution,1447.7864004413648,1474.832224961925,92.95417547943975,92.95417547943975,0.6306688479415947
183,2012-07-19,2012,11,27,Houston Dynamo,Sporting Kansas City,1523.2985086023132,1549.9572275924847,93.34128100982844,93.34128100982844,0.6311877385085485
184,2012-07-19,2012,25,10,San Jose Earthquakes,FC Dallas,1579.8942429444203,1446.6140637493656,253.28017919505464,253.28017919505464,0.811226269702872
185,2012-07-19,2012,29,6,Toronto FC,Colorado Rapids,1455.7094278559787,1447.3040961471686,128.40533170881008,128.40533170881008,0.6768122548833251
186,2012-07-19,2012,30,14,Vancouver Whitecaps,Los Angeles Galaxy,1519.6494181159292,1495.9043649191867,143.74505319674245,-143.74505319674245,0.6958182362701426
187,2012-07-21,2012,19,21,New York Red Bulls,Philadelphia Union,1552.645643684235,1475.518183355026,197.12746032920904,197.12746032920904,0.7567156955419794
188,2012-07-22,2012,7,8,Columbus Crew,DC United,1492.6273173840698,1536.1226444826439,76.50467290142592,76.50467290142592,0.6083534566741509
189,2012-07-22,2012,10,22,FC Dallas,Portland Timbers,1441.8947204919375,1448.2365915274784,113.65812896445914,113.65812896445914,0.6579717775331957
190,2012-07-22,2012,11,2,Houston Dynamo,CF Montreal,1532.5188151395994,1457.0196792428249,195.49913589677453,195.49913589677453,0.754985932622351
191,2012-07-22,2012,14,5,Los Angeles Galaxy,Chivas USA,1500.7998208259403,1484.2227304963753,136.57709032956495,136.57709032956495,0.6870150151845292
192,2012-07-22,2012,23,6,Real Salt Lake,Colorado Rapids,1525.9055512386615,1439.2244025192517,206.68114871940975,206.68114871940975,0.7666967657394912
193,2012-07-22,2012,27,17,Sporting Kansas City,New England Revolution,1540.7369210551985,1465.598946160465,195.1379748947336,195.1379748947336,0.7546011490182117
194,2012-07-23,2012,30,25,Vancouver Whitecaps,San Jose Earthquakes,1514.7539622091756,1584.6135862018484,50.14037600732718,50.14037600732718,0.5716609964931204
195,2012-07-28,2012,23,30,Real Salt Lake,Vancouver Whitecaps,1531.7381320951743,1525.4624372968476,126.27569479832664,126.27569479832664,0.6741249230506461
196,2012-07-28,2012,29,11,Toronto FC,Houston Dynamo,1463.7891214838955,1538.6441668240407,45.144954659854875,45.144954659854875,0.5646056250113306
197,2012-07-29,2012,2,19,CF Montreal,New York Red Bulls,1450.8943275583836,1558.7277512956855,12.166576262698072,12.166576262698072,0.5175019572186167
198,2012-07-29,2012,6,26,Colorado Rapids,Seattle Sounders,1433.391821662739,1525.8300609405562,27.561760722182726,27.561760722182726,0.5395815665400842
199,2012-07-29,2012,10,14,FC Dallas,Los Angeles Galaxy,1450.4454260536077,1508.624445446327,61.82098060728072,61.82098060728072,0.5880403525723185
200,2012-07-29,2012,22,5,Portland Timbers,Chivas USA,1439.6858859658082,1476.3981058759887,83.28778008981953,83.28778008981953,0.6176163392165799
201,2012-07-29,2012,25,4,San Jose Earthquakes,Chicago Fire,1573.9051111141764,1517.9413015608172,175.96380955335917,175.96380955335917,0.7335929897680986
202,2012-07-29,2012,27,7,Sporting Kansas City,Columbus Crew,1534.3718923297433,1502.418480967216,151.95341136252728,151.95341136252728,0.7057256667853498
203,2012-07-30,2012,21,17,Philadelphia Union,New England Revolution,1469.4360757435754,1471.9639748859202,117.47210085765528,117.47210085765528,0.662895361703986
204,2012-08-04,2012,11,19,Houston Dynamo,New York Red Bulls,1552.7593074493238,1546.665300226151,126.09400722317287,126.09400722317287,0.6738951222618799
205,2012-08-05,2012,2,21,CF Montreal,Philadelphia Union,1462.956778627918,1477.8636917009758,105.0930869269423,105.0930869269423,0.646791268455801
206,2012-08-05,2012,4,29,Chicago Fire,Toronto FC,1523.7811263050196,1449.6739808586124,194.10714544640723,194.10714544640723,0.7535006545926468
207,2012-08-05,2012,6,23,Colorado Rapids,Real Salt Lake,1419.902282499237,1539.885009018908,0.017273480328867663,0.017273480328867663,0.5000248585364229
208,2012-08-05,2012,8,7,DC United,Columbus Crew,1526.3314808994976,1520.0616226368497,126.26985826264786,126.26985826264786,0.6741175422255624
209,2012-08-05,2012,17,27,New England Revolution,Sporting Kansas City,1463.5363589285198,1516.7287506601097,66.80760826841015,66.80760826841015,0.59497618392907
210,2012-08-06,2012,22,10,Portland Timbers,FC Dallas,1424.2454774853936,1435.7444172392998,108.50106024609386,108.50106024609386,0.6512600046775558
211,2012-08-06,2012,26,14,Seattle Sounders,Los Angeles Galaxy,1539.3196001040583,1523.3254542606348,135.99414584342344,135.99414584342344,0.6862930024550309
212,2012-08-11,2012,19,11,New York Red Bulls,Houston Dynamo,1538.512678282698,1560.9119293927768,97.6007488899213,97.6007488899213,0.636877034501798
213,2012-08-12,2012,10,6,FC Dallas,Colorado Rapids,1439.5259173562386,1432.4016610358262,127.12425632041231,127.12425632041231,0.6751970851910575
214,2012-08-12,2012,25,26,San Jose Earthquakes,Seattle Sounders,1568.065286369974,1547.1622750426825,140.90301132729155,140.90301132729155,0.6923444829544174
215,2012-08-12,2012,27,8,Sporting Kansas City,DC United,1531.6031552583363,1534.4785423438586,117.12461291447767,117.12461291447767,0.6624482186025411
216,2012-08-12,2012,30,23,Vancouver Whitecaps,Real Salt Lake,1517.3155603731138,1527.3856304823187,109.92992989079517,109.92992989079517,0.6531257915631826
217,2012-08-13,2012,5,14,Chivas USA,Los Angeles Galaxy,1491.8385143564033,1515.4827793220106,96.35573503439264,-96.35573503439264,0.635217968857665
218,2012-08-13,2012,17,2,New England Revolution,CF Montreal,1448.6619543302932,1471.786996916523,96.87495741377006,96.87495741377006,0.6359102611624011
219,2012-08-13,2012,21,4,Philadelphia Union,Chicago Fire,1469.0334734123708,1529.9436099402035,59.08986347216728,59.08986347216728,0.5842266184583524
220,2012-08-16,2012,7,14,Columbus Crew,Los Angeles Galaxy,1511.9145611924887,1531.3632285434524,100.55133264903634,100.55133264903634,0.6407958429694383
221,2012-08-16,2012,29,22,Toronto FC,Portland Timbers,1443.5114972234285,1420.4639773684548,143.04751985497364,143.04751985497364,0.6949677042385844
222,2012-08-16,2012,30,10,Vancouver Whitecaps,FC Dallas,1525.9874155840344,1447.6459902264621,198.34142535757223,198.34142535757223,0.7579998833150862
223,2012-08-18,2012,26,30,Seattle Sounders,Vancouver Whitecaps,1539.4708871165428,1507.0374185011572,152.43346861538566,152.43346861538566,0.7062992414021636
224,2012-08-18,2012,29,27,Toronto FC,Sporting Kansas City,1438.6373046174638,1540.0419497932728,18.595354824190963,-18.595354824190963,0.526735343160826
225,2012-08-19,2012,2,25,CF Montreal,San Jose Earthquakes,1487.684753445583,1575.7566742961137,31.92807914946934,31.92807914946934,0.5458192914799341
226,2012-08-19,2012,4,17,Chicago Fire,New England Revolution,1544.5492754016623,1432.7641978012332,231.78507760042908,231.78507760042908,0.7915447722945564
227,2012-08-19,2012,6,5,Colorado Rapids,Chivas USA,1424.2815881656027,1475.9580651349615,68.32352303064113,68.32352303064113,0.597077290488681
228,2012-08-19,2012,8,21,DC United,Philadelphia Union,1526.0397478089221,1454.427807950912,191.61193985801015,191.61193985801015,0.7508231010212325
229,2012-08-19,2012,23,10,Real Salt Lake,FC Dallas,1518.7137752713982,1466.5959873093393,172.11778796205886,172.11778796205886,0.7292438612378228
230,2012-08-20,2012,11,7,Houston Dynamo,Columbus Crew,1551.8338552553216,1508.3946651182528,163.43919013706886,163.43919013706886,0.7192676075546113
231,2012-08-20,2012,19,22,New York Red Bulls,Portland Timbers,1547.5907524201532,1425.3381699744195,242.25258244573365,242.25258244573365,0.8013125307364739
232,2012-08-23,2012,7,29,Columbus Crew,Toronto FC,1513.876355307118,1425.468921038443,208.40743426867493,208.40743426867493,0.768469565540276
233,2012-08-23,2012,8,4,DC United,Chicago Fire,1519.7691702833913,1549.7606560942984,90.00851418909292,90.00851418909292,0.626710547731967
234,2012-08-25,2012,2,8,CF Montreal,DC United,1499.0392711585846,1529.1014065900922,89.93786456849239,89.93786456849239,0.6266153995205866
235,2012-08-25,2012,21,23,Philadelphia Union,Real Salt Lake,1460.6983854764428,1500.4826787404527,80.21570673599012,80.21570673599012,0.6134313119057145
236,2012-08-26,2012,5,26,Chivas USA,Seattle Sounders,1478.3849973971785,1546.8134060814887,51.57159131568983,-51.57159131568983,0.5736771707674255
237,2012-08-26,2012,7,17,Columbus Crew,New England Revolution,1519.6646161686112,1427.552817108597,212.11179906001416,212.11179906001416,0.7722418866886285
238,2012-08-26,2012,11,29,Houston Dynamo,Toronto FC,1546.3521650664563,1419.68066017695,246.67150488950642,246.67150488950642,0.8053314126921088
239,2012-08-26,2012,22,30,Portland Timbers,Vancouver Whitecaps,1420.3709832428315,1499.6948995362113,40.67608370662015,40.67608370662015,0.558271597833932
240,2012-08-26,2012,25,6,San Jose Earthquakes,Colorado Rapids,1564.4021565831122,1421.8546559033857,262.54750067972645,262.54750067972645,0.8192604359049046
241,2012-08-27,2012,14,10,Los Angeles Galaxy,FC Dallas,1534.8831246176883,1484.8270838402848,170.0560407774035,170.0560407774035,0.7268941185467745
242,2012-08-27,2012,27,19,Sporting Kansas City,New York Red Bulls,1553.2103333722935,1552.5579391517413,120.6523942205522,120.6523942205522,0.6669741135653819
243,2012-08-30,2012,8,19,DC United,New York Red Bulls,1519.766791578107,1556.7322919908759,83.03449958723104,83.03449958723104,0.6172719496669941
244,2012-08-30,2012,17,5,New England Revolution,Chivas USA,1421.8588642758127,1464.043068127993,77.81579614781981,77.81579614781981,0.6101502263782984
245,2012-08-30,2012,21,7,Philadelphia Union,Columbus Crew,1457.8626026788,1525.3585690013956,52.50403367740432,52.50403367740432,0.5749894041823009
246,2012-09-01,2012,22,6,Portland Timbers,Colorado Rapids,1431.4141932969833,1417.3361668010084,134.07802649597488,134.07802649597488,0.6839134190286889
247,2012-09-02,2012,7,2,Columbus Crew,CF Montreal,1539.733304105953,1508.37388617057,151.35941793538314,151.35941793538314,0.7050150575997605
248,2012-09-02,2012,14,30,Los Angeles Galaxy,Vancouver Whitecaps,1541.710771654019,1488.6516894820597,173.0590821719593,173.0590821719593,0.7303124041976673
249,2012-09-02,2012,17,21,New England Revolution,Philadelphia Union,1419.1051086163552,1443.4878675742425,95.61724104211271,95.61724104211271,0.6342323524208023
250,2012-09-02,2012,23,8,Real Salt Lake,DC United,1503.3184615380956,1516.834992836432,106.48346870166347,106.48346870166347,0.6486175725272101
251,2012-09-02,2012,27,29,Sporting Kansas City,Toronto FC,1549.0359805331589,1427.3139454942527,241.72203503890614,241.72203503890614,0.8008258414307512
252,2012-09-03,2012,4,11,Chicago Fire,Houston Dynamo,1540.4284197875975,1538.7188797491535,121.70954003844395,121.70954003844395,0.6683244287769378
253,2012-09-03,2012,10,26,FC Dallas,Seattle Sounders,1477.999436803954,1561.1553353506742,36.84410145327979,36.84410145327979,0.5528250539073856
254,2012-09-03,2012,25,5,San Jose Earthquakes,Chivas USA,1568.9206456854895,1466.7968237874504,222.12382189803907,222.12382189803907,0.7822194635220253
255,2012-09-06,2012,6,22,Colorado Rapids,Portland Timbers,1409.4340022767256,1439.3163578212661,90.11764445545941,90.11764445545941,0.6268575009336353
256,2012-09-06,2012,17,7,New England Revolution,Columbus Crew,1415.749299805835,1547.107927665959,-11.358627860123988,11.358627860123988,0.48365944177900616
257,2012-09-07,2012,11,23,Houston Dynamo,Real Salt Lake,1530.426990468577,1512.1030222249153,138.32396824366174,138.32396824366174,0.6891731986789736
258,2012-09-08,2012,26,5,Seattle Sounders,Chivas USA,1562.4759616983588,1461.352310375501,221.12365132285777,221.12365132285777,0.7812370767780729
259,2012-09-13,2012,29,4,Toronto FC,Chicago Fire,1422.3345915300215,1548.720309068174,-6.3857175381524485,6.3857175381524485,0.49081124839959556
260,2012-09-15,2012,14,6,Los Angeles Galaxy,Colorado Rapids,1548.4529615490774,1418.7625647533846,249.69039679569278,249.69039679569278,0.8080413833657855
261,2012-09-15,2012,22,26,Portland Timbers,Seattle Sounders,1429.987795344607,1567.945034778907,-17.957239434299936,17.957239434299936,0.4741804420236572
262,2012-09-15,2012,27,11,Sporting Kansas City,Houston Dynamo,1554.01533449739,1538.1976605016027,135.81767399578735,135.81767399578735,0.6860742529564791
263,2012-09-15,2012,29,21,Toronto FC,Philadelphia Union,1410.0643103200316,1446.8436763847626,83.220633935269,83.220633935269,0.6175250510078505
264,2012-09-16,2012,4,2,Chicago Fire,CF Montreal,1560.9905902781638,1500.9992626105638,179.9913276676,179.9913276676,0.738099382307065
265,2012-09-16,2012,5,25,Chivas USA,San Jose Earthquakes,1455.8832372949528,1574.365159097439,1.518078197513887,-1.518078197513887,0.5021846762393606
266,2012-09-16,2012,8,17,DC United,New England Revolution,1508.0504321496123,1428.6578137613599,199.39261838825246,199.39261838825246,0.7591081494704907
267,2012-09-16,2012,10,30,FC Dallas,Vancouver Whitecaps,1476.6788104562695,1481.9094995870014,114.76931086926811,114.76931086926811,0.6594098142365928
268,2012-09-16,2012,19,7,New York Red Bulls,Columbus Crew,1559.6640907325507,1534.1994137104343,145.46467702211635,145.46467702211635,0.6979093303504014
269,2012-09-20,2012,7,5,Columbus Crew,Chivas USA,1526.6471469691944,1443.3286203889688,203.31852658022558,203.31852658022558,0.7632165005807735
270,2012-09-20,2012,19,27,New York Red Bulls,Sporting Kansas City,1567.2163574737906,1549.3634781734781,137.85287930031245,137.85287930031245,0.6885919954318245
271,2012-09-20,2012,25,22,San Jose Earthquakes,Portland Timbers,1586.9197760034228,1430.6332842940158,276.2864917094071,276.2864917094071,0.8306769993630294
272,2012-09-21,2012,21,8,Philadelphia Union,DC United,1449.7818026599589,1514.07272841285,55.7090742471089,55.7090742471089,0.5794917212987806
273,2012-09-22,2012,2,27,CF Montreal,Sporting Kansas City,1494.4517471682404,1566.5782780592738,47.873469108966674,47.873469108966674,0.56846272218846
274,2012-09-23,2012,4,7,Chicago Fire,Columbus Crew,1567.5381057204872,1532.566734454675,154.9713712658122,154.9713712658122,0.7093206524555118
275,2012-09-23,2012,14,29,Los Angeles Galaxy,Toronto FC,1553.2519269649326,1407.1261840448353,266.1257429200973,266.1257429200973,0.8222904089538726
276,2012-09-23,2012,17,19,New England Revolution,New York Red Bulls,1422.6355174981222,1550.001557587995,-7.36604008987274,7.36604008987274,0.48940100418238724
277,2012-09-23,2012,21,11,Philadelphia Union,Houston Dynamo,1435.2945096274893,1542.8495168255147,12.44499280197465,-12.44499280197465,0.5179021285811849
278,2012-09-23,2012,23,22,Real Salt Lake,Portland Timbers,1504.3323521918896,1438.9002092780916,185.4321429137981,185.4321429137981,0.7441084788773964
279,2012-09-23,2012,26,25,Seattle Sounders,San Jose Earthquakes,1567.2995458294984,1578.652851019347,108.6466948101513,108.6466948101513,0.6514503846366811
280,2012-09-24,2012,8,5,DC United,Chivas USA,1528.5600214453195,1437.4090329034882,211.15098854183134,211.15098854183134,0.7712676287055148
281,2012-09-24,2012,30,6,Vancouver Whitecaps,Colorado Rapids,1473.3947449429163,1413.9635993375293,179.43114560538697,179.43114560538697,0.7374755477065065
282,2012-09-29,2012,27,4,Sporting Kansas City,Chicago Fire,1568.2898461139853,1574.8050894090995,113.48475670488574,113.48475670488574,0.6577471448446451
283,2012-09-30,2012,5,23,Chivas USA,Real Salt Lake,1431.6907236211262,1510.7296402199547,40.961083401171436,-40.961083401171436,0.5586761358460058
284,2012-09-30,2012,7,21,Columbus Crew,Philadelphia Union,1525.2997507660627,1447.3469564129598,197.95279435310295,197.95279435310295,0.7575892743620324
285,2012-09-30,2012,11,17,Houston Dynamo,New England Revolution,1530.7970700400442,1422.9004923935624,227.89657764648177,227.89657764648177,0.7878272696395087
286,2012-09-30,2012,19,29,New York Red Bulls,Toronto FC,1549.7365826925547,1402.6834442686823,267.0531384238725,267.0531384238725,0.82306917886092
287,2012-09-30,2012,22,8,Portland Timbers,DC United,1432.5029212500265,1534.2783307276816,18.224590522344897,18.224590522344897,0.5262032658258058
288,2012-09-30,2012,25,10,San Jose Earthquakes,FC Dallas,1594.9391106352641,1485.1935651003546,229.74554553490952,229.74554553490952,0.7896009408978368
289,2012-09-30,2012,30,26,Vancouver Whitecaps,Seattle Sounders,1467.4578562502536,1551.0132862135813,36.4445700366723,-36.4445700366723,0.5522564309527179
290,2012-10-01,2012,6,14,Colorado Rapids,Los Angeles Galaxy,1419.900488030192,1557.6946667410857,-17.794178710893675,17.794178710893675,0.4744144851703979
291,2012-10-04,2012,4,21,Chicago Fire,Philadelphia Union,1566.2487680302156,1441.2866882720107,244.96207975820494,244.96207975820494,0.8037840946098977
292,2012-10-04,2012,30,5,Vancouver Whitecaps,Chivas USA,1466.1514454764356,1417.723820224976,168.42762525145963,168.42762525145963,0.7250292654277671
293,2012-10-06,2012,19,4,New York Red Bulls,Chicago Fire,1554.1598532210317,1546.154165664968,128.00568755606355,128.00568755606355,0.6763088368623343
294,2012-10-06,2012,29,8,Toronto FC,DC United,1398.2601737402053,1534.9334123733267,-16.6732386331214,16.6732386331214,0.4760236836779289
295,2012-10-07,2012,6,25,Colorado Rapids,San Jose Earthquakes,1420.540125900932,1587.6990871128182,-47.15896121188621,47.15896121188621,0.4325465417044063
296,2012-10-07,2012,7,27,Columbus Crew,Sporting Kansas City,1531.3600189070119,1576.8461674928692,74.51385141414266,74.51385141414266,0.605619616307365
297,2012-10-07,2012,11,2,Houston Dynamo,CF Montreal,1536.1013882990565,1492.740179113529,163.3612091855275,163.3612091855275,0.7191769570975564
298,2012-10-07,2012,14,23,Los Angeles Galaxy,Real Salt Lake,1557.0550288703457,1524.696543616105,152.3584852542408,152.3584852542408,0.7062096939823427
299,2012-10-07,2012,21,17,Philadelphia Union,New England Revolution,1461.3812906372582,1417.5961741345502,163.78511650270798,163.78511650270798,0.7196695211177008
300,2012-10-08,2012,5,10,Chivas USA,FC Dallas,1410.84955186067,1492.4335886228005,38.41596323786962,-38.41596323786962,0.5550608116158037
301,2012-10-08,2012,26,22,Seattle Sounders,Portland Timbers,1552.3196969873993,1431.8478396043813,240.471857383018,240.471857383018,0.7996754706161275
302,2012-10-18,2012,26,23,Seattle Sounders,Real Salt Lake,1557.327810221996,1542.3517859656636,134.9760242563325,134.9760242563325,0.685029830988204
303,2012-10-20,2012,29,2,Toronto FC,CF Montreal,1386.359581648257,1498.2196030409677,8.139978607289322,-8.139978607289322,0.511712227981934
304,2012-10-21,2012,5,6,Chivas USA,Colorado Rapids,1409.473031570275,1409.726462358322,119.7465692119531,119.7465692119531,0.6658148978003616
305,2012-10-21,2012,8,7,DC United,Columbus Crew,1546.834004465275,1528.7195284993277,138.11447596594735,138.11447596594735,0.6889148123156474
306,2012-10-21,2012,11,21,Houston Dynamo,Philadelphia Union,1530.6219643716177,1468.3895526093156,182.23241176230204,182.23241176230204,0.7405855318800576
307,2012-10-21,2012,17,4,New England Revolution,Chicago Fire,1410.5879121624928,1563.0618865865265,-32.47397442403371,32.47397442403371,0.4534018120906752
308,2012-10-21,2012,19,27,New York Red Bulls,Sporting Kansas City,1537.2521322994733,1579.4866579005534,77.76547439891988,77.76547439891988,0.6100813200131274
309,2012-10-22,2012,25,14,San Jose Earthquakes,Los Angeles Galaxy,1598.5127506554284,1539.399786520787,179.1129641346413,179.1129641346413,0.7371207859561929
310,2012-10-22,2012,26,10,Seattle Sounders,FC Dallas,1552.702064447291,1493.8101089131956,178.89195553409536,178.89195553409536,0.7368741872730681
311,2012-10-22,2012,30,22,Vancouver Whitecaps,Portland Timbers,1473.0257138407414,1426.8397263697846,166.1859874709569,166.1859874709569,0.7224492635511308
312,2012-10-25,2012,27,21,Sporting Kansas City,Philadelphia Union,1582.2386909008815,1461.9041909063171,240.33449999456434,240.33449999456434,0.7995487758937037
313,2012-10-27,2012,2,17,CF Montreal,New England Revolution,1498.512408740516,1424.2528668602258,194.25954188029027,194.25954188029027,0.7536635591775404
314,2012-10-27,2012,4,8,Chicago Fire,DC United,1549.3969318887935,1554.6111341573837,114.78579773140973,114.78579773140973,0.6594311287130312
315,2012-10-27,2012,21,19,Philadelphia Union,New York Red Bulls,1456.8929103036596,1534.5000992991452,42.39281100451444,-42.39281100451444,0.5607071885883946
316,2012-10-27,2012,22,25,Portland Timbers,San Jose Earthquakes,1444.900957958563,1592.5847310065235,-27.683773047960585,27.683773047960585,0.46024394885305403
317,2012-10-28,2012,6,11,Colorado Rapids,Houston Dynamo,1426.371834803331,1537.1073260746161,9.264508728714873,9.264508728714873,0.5133295406630787
318,2012-10-28,2012,7,29,Columbus Crew,Toronto FC,1520.942398807219,1386.0667759487087,254.87562285851027,254.87562285851027,0.8126286897182899
319,2012-10-28,2012,10,5,FC Dallas,Chivas USA,1487.2319635950223,1392.8276591252659,214.40430446975643,214.40430446975643,0.7745546410215501
320,2012-10-28,2012,23,30,Real Salt Lake,Vancouver Whitecaps,1546.9775317403687,1454.964482251963,212.0130494884056,212.0130494884056,0.7721418900661511
321,2012-10-29,2012,14,26,Los Angeles Galaxy,Seattle Sounders,1545.327806169692,1559.2802097654642,106.04759640422776,106.04759640422776,0.648045507415744
322,2012-11-01,2012,4,11,Chicago Fire,Houston Dynamo,1545.4111536709677,1524.9405645911932,140.47058907977453,140.47058907977453,0.6918140158823539
323,2012-11-02,2012,14,30,Los Angeles Galaxy,Vancouver Whitecaps,1554.1266684842983,1461.7680295036168,212.35863898068146,212.35863898068146,0.7724917084496121
324,2012-11-03,2012,26,23,Seattle Sounders,Real Salt Lake,1550.4813474508578,1540.173984488715,130.30736296214286,130.30736296214286,0.6792025535593705
325,2012-11-04,2012,8,19,DC United,New York Red Bulls,1558.5969123752095,1548.517779013855,130.07913336135448,130.07913336135448,0.6789162280259293
326,2012-11-04,2012,11,27,Houston Dynamo,Sporting Kansas City,1542.235914988252,1587.249971503539,74.98594348471306,74.98594348471306,0.6062685087817997
327,2012-11-05,2012,14,25,Los Angeles Galaxy,San Jose Earthquakes,1559.814375773058,1591.59082972785,88.22354604520797,88.22354604520797,0.6243036320975187
328,2012-11-08,2012,25,14,San Jose Earthquakes,Los Angeles Galaxy,1607.1984205302879,1544.20678497062,182.99163555966788,182.99163555966788,0.741424292111307
329,2012-11-08,2012,27,11,Sporting Kansas City,Houston Dynamo,1577.4066842230839,1552.0792022687071,145.3274819543767,145.3274819543767,0.6977427980906012
330,2012-11-09,2012,19,8,New York Red Bulls,DC United,1552.9906847145032,1554.1240066745613,118.86667803994192,118.86667803994192,0.6646869494245626
331,2012-11-09,2012,23,26,Real Salt Lake,Seattle Sounders,1544.6540483276992,1546.0012836118735,118.6527647158257,118.6527647158257,0.6644124451141565
332,2012-11-11,2012,11,8,Houston Dynamo,DC United,1544.5227722209722,1570.7411804101753,93.78159181079695,93.78159181079695,0.6317775786489314
333,2012-11-12,2012,14,26,Los Angeles Galaxy,Seattle Sounders,1562.7423922734026,1562.6115947397275,120.13079753367515,120.13079753367515,0.666306853776059
334,2012-11-18,2012,8,11,DC United,Houston Dynamo,1561.5356198763986,1553.7283327547489,127.80728712164978,127.80728712164978,0.6760587668403033
335,2012-11-19,2012,26,14,Seattle Sounders,Los Angeles Galaxy,1554.269266084129,1571.0847209290012,103.18454515512781,103.18454515512781,0.6442773595894351
336,2012-12-01,2012,14,11,Los Angeles Galaxy,Houston Dynamo,1562.191654918737,1558.1298019257565,124.06185299298045,124.06185299298045,0.6713191489324472
337,2013-03-02,2013,21,27,Philadelphia Union,Sporting Kansas City,1442.8752305889498,1584.9631142708188,-22.087883681869016,-22.087883681869016,0.4682557351604853
338,2013-03-02,2013,30,29,Vancouver Whitecaps,Toronto FC,1456.0803222148572,1381.382493191666,194.69782902319116,194.69782902319116,0.7541316633609865
339,2013-03-03,2013,5,7,Chivas USA,Columbus Crew,1399.6915251508046,1525.6266815642616,-5.93515641345698,5.93515641345698,0.49145945407614033
340,2013-03-03,2013,10,6,FC Dallas,Colorado Rapids,1480.3680975694836,1438.538596286754,161.82950128272955,161.82950128272955,0.7173927821543327
341,2013-03-03,2013,11,8,Houston Dynamo,DC United,1549.9127806490676,1557.134150705391,112.7786299436766,112.7786299436766,0.6568315098462932
342,2013-03-03,2013,14,4,Los Angeles Galaxy,Chicago Fire,1570.4086761954259,1528.1158032739088,162.29287292151707,162.29287292151707,0.717933254379001
343,2013-03-03,2013,26,2,Seattle Sounders,CF Montreal,1563.1623320943932,1479.6708197610776,203.49151233331554,203.49151233331554,0.7633964089500739
344,2013-03-04,2013,22,19,Portland Timbers,New York Red Bulls,1445.8948592372365,1536.3735109788893,29.52134825834719,-29.52134825834719,0.5423826864777684
345,2013-03-04,2013,25,23,San Jose Earthquakes,Real Salt Lake,1588.6628132275052,1528.0437371998453,180.61907602765996,180.61907602765996,0.7387973232422297
346,2013-03-09,2013,29,27,Toronto FC,Sporting Kansas City,1375.2357847756907,1596.6695076498308,-101.43372287414013,101.43372287414013,0.3580358257317417
347,2013-03-10,2013,4,17,Chicago Fire,New England Revolution,1521.064134633384,1443.0944558396643,197.9696787937196,197.9696787937196,0.7576071234960378
348,2013-03-10,2013,5,10,Chivas USA,FC Dallas,1387.4050387989012,1487.4332780156253,19.97176078327584,-19.97176078327584,0.5287100585730006
349,2013-03-10,2013,6,21,Colorado Rapids,Philadelphia Union,1431.4734158406122,1431.1688372099377,120.30457863067454,120.30457863067454,0.6665292398134239
350,2013-03-10,2013,8,23,DC United,Real Salt Lake,1548.5549384515484,1546.5136702809011,122.0412681706473,122.0412681706473,0.6687475834273339
351,2013-03-10,2013,22,2,Portland Timbers,CF Montreal,1444.8352920752923,1498.7557299848295,66.07956209046279,66.07956209046279,0.5939658451259786
352,2013-03-10,2013,30,7,Vancouver Whitecaps,Columbus Crew,1462.2270306308326,1537.913167916165,44.31386271466749,44.31386271466749,0.5634291946878074
353,2013-03-11,2013,25,19,San Jose Earthquakes,New York Red Bulls,1570.1928801464494,1537.4330781408335,152.75980200561594,152.75980200561594,0.7066887729327481
354,2013-03-16,2013,2,29,CF Montreal,Toronto FC,1513.604876112979,1391.2848891323972,242.3199869805817,242.3199869805817,0.8013742991502323
355,2013-03-16,2013,7,25,Columbus Crew,San Jose Earthquakes,1526.9988977833602,1577.5256608231307,69.47323696022954,69.47323696022954,0.5986684629993658
356,2013-03-16,2013,19,8,New York Red Bulls,DC United,1530.1002974641522,1556.8362488658652,93.26404859828699,93.26404859828699,0.6310842375144082
357,2013-03-16,2013,21,17,Philadelphia Union,New England Revolution,1447.8320682052733,1462.0346339270652,105.79743427820813,105.79743427820813,0.6477169874285936
358,2013-03-16,2013,23,6,Real Salt Lake,Colorado Rapids,1538.2323598665844,1414.8101848452766,243.4221750213078,243.4221750213078,0.8023822773871618
359,2013-03-16,2013,27,4,Sporting Kansas City,Chicago Fire,1580.6204032931244,1502.123956545983,198.49644674714136,198.49644674714136,0.7581635393523123
360,2013-03-17,2013,10,11,FC Dallas,Houston Dynamo,1475.6510294799502,1558.4919929029102,37.15903657704007,37.15903657704007,0.5532731800376565
361,2013-03-17,2013,14,5,Los Angeles Galaxy,Chivas USA,1577.4603448359508,1399.1872873345762,298.2730575013745,298.2730575013745,0.8477417219401454
362,2013-03-17,2013,26,22,Seattle Sounders,Portland Timbers,1544.0774218706413,1429.9861459471429,234.09127592349842,234.09127592349842,0.7937267816886425
363,2013-03-23,2013,2,19,CF Montreal,New York Red Bulls,1518.5705186342232,1526.823191526292,111.74732710793114,111.74732710793114,0.6554921213775223
364,2013-03-23,2013,8,7,DC United,Columbus Crew,1560.1133548037253,1524.532186208376,155.58116859534925,155.58116859534925,0.7100438859994282
365,2013-03-23,2013,17,27,New England Revolution,Sporting Kansas City,1453.22755861278,1574.1663148093166,-0.9387561965365876,-0.9387561965365876,0.49864902452256776
366,2013-03-24,2013,4,5,Chicago Fire,Chivas USA,1508.5780450297907,1407.88083038308,220.6972146467108,220.6972146467108,0.7808172534944663
367,2013-03-24,2013,10,23,FC Dallas,Real Salt Lake,1486.8191999790088,1530.6728029319054,76.14639704710339,76.14639704710339,0.6078619601810166
368,2013-03-24,2013,11,30,Houston Dynamo,Vancouver Whitecaps,1547.3238224038516,1473.1413007636374,194.1825216402142,194.1825216402142,0.7535812372400372
369,2013-03-24,2013,14,6,Los Angeles Galaxy,Colorado Rapids,1568.766801787447,1422.3697417799556,266.3970600074915,266.3970600074915,0.8225185220900333
370,2013-03-24,2013,25,26,San Jose Earthquakes,Seattle Sounders,1579.9923723981149,1536.734252328425,163.25812006968977,163.25812006968977,0.7190570917925544
371,2013-03-30,2013,6,22,Colorado Rapids,Portland Timbers,1417.9327048322064,1437.329315489359,100.60338934284732,100.60338934284732,0.6408648153145985
372,2013-03-30,2013,17,10,New England Revolution,FC Dallas,1453.261332999716,1496.6226509744833,76.63868202523258,76.63868202523258,0.6085372391178867
373,2013-03-30,2013,19,21,New York Red Bulls,Philadelphia Union,1518.21049456073,1456.6391435195585,181.5713510411715,181.5713510411715,0.7398537801978956
374,2013-03-30,2013,29,14,Toronto FC,Los Angeles Galaxy,1386.319246611153,1573.2038387351963,-66.88459212404337,66.88459212404337,0.4049170293593335
375,2013-03-31,2013,5,30,Chivas USA,Vancouver Whitecaps,1427.4012617204417,1466.9808316946385,80.42043002580317,80.42043002580317,0.6137107318884587
376,2013-03-31,2013,11,25,Houston Dynamo,San Jose Earthquakes,1553.4842914728506,1587.015945103301,86.46834636954964,86.46834636954964,0.6219308537355832
377,2013-03-31,2013,23,26,Real Salt Lake,Seattle Sounders,1520.8693519364308,1529.710679623239,111.1586723131918,111.1586723131918,0.6547265045150321
378,2013-03-31,2013,27,2,Sporting Kansas City,CF Montreal,1574.1325404223808,1527.1832155997852,166.9493248225956,166.9493248225956,0.7233294951349623
379,2013-04-06,2013,7,21,Columbus Crew,Philadelphia Union,1542.2832833583618,1450.135488024506,212.1477953338558,212.1477953338558,0.7722783298425322
380,2013-04-06,2013,27,8,Sporting Kansas City,DC United,1581.0493030440068,1542.3622576537396,158.68704539026726,158.68704539026726,0.7137109457612588
381,2013-04-06,2013,29,10,Toronto FC,FC Dallas,1388.6963208771697,1511.8360819524305,-3.1397610752608216,3.1397610752608216,0.4954816435943074
382,2013-04-07,2013,4,19,Chicago Fire,New York Red Bulls,1489.057613692429,1524.7141500557825,84.34346363664645,-84.34346363664645,0.6190504936344279
383,2013-04-07,2013,6,23,Colorado Rapids,Real Salt Lake,1414.4110844493414,1529.501189323555,4.909895125786306,-4.909895125786306,0.5070654367424445
384,2013-04-07,2013,22,11,Portland Timbers,Houston Dynamo,1440.850935872224,1562.936020129461,-2.0850842572369856,-2.0850842572369856,0.4969993585686559
385,2013-04-07,2013,25,30,San Jose Earthquakes,Vancouver Whitecaps,1577.5642164466906,1457.32359999185,240.24061645484062,240.24061645484062,0.7994621457309603
386,2013-04-13,2013,21,29,Philadelphia Union,Toronto FC,1456.9424462705692,1388.809279787312,188.13316648325713,188.13316648325713,0.7470578014027397
387,2013-04-13,2013,26,17,Seattle Sounders,New England Revolution,1521.0788422361147,1438.0479020217688,203.03094021434595,203.03094021434595,0.7629171966904754
388,2013-04-13,2013,30,23,Vancouver Whitecaps,Real Salt Lake,1464.810153635124,1517.1778252421161,67.63232839300781,67.63232839300781,0.5961197093921328
389,2013-04-14,2013,2,7,CF Montreal,Columbus Crew,1520.2664529781591,1535.4763251122986,104.79012786586054,104.79012786586054,0.6463927519566659
390,2013-04-14,2013,5,6,Chivas USA,Colorado Rapids,1437.0584934232302,1426.7344485307804,130.32404489244982,130.32404489244982,0.6792234765971211
391,2013-04-14,2013,8,19,DC United,New York Red Bulls,1535.205031297771,1515.1904123966433,140.01461890112773,140.01461890112773,0.691254112828015
392,2013-04-14,2013,10,14,FC Dallas,Los Angeles Galaxy,1511.723123042288,1570.8267644691796,60.8963585731085,60.8963585731085,0.5867503687163165
393,2013-04-14,2013,11,4,Houston Dynamo,Chicago Fire,1550.3610040936774,1498.5813513515682,171.7796527421092,171.7796527421092,0.728859366062238
394,2013-04-15,2013,22,25,Portland Timbers,San Jose Earthquakes,1453.4259519080076,1570.0776628034166,3.3482891045910037,3.3482891045910037,0.5048184261930438
395,2013-04-18,2013,19,27,New York Red Bulls,Sporting Kansas City,1532.4717652173438,1588.2065293999754,64.26523581736842,64.26523581736842,0.5914445853448487
396,2013-04-20,2013,6,26,Colorado Rapids,Seattle Sounders,1443.7150354457083,1514.5059123188528,49.2091231268555,49.2091231268555,0.5703478434684441
397,2013-04-20,2013,29,11,Toronto FC,Houston Dynamo,1394.9857248223807,1557.1395199421215,-42.153795119740835,42.153795119740835,0.43963174053675325
398,2013-04-21,2013,4,7,Chicago Fire,Columbus Crew,1491.802835503124,1539.1361439112152,72.66669159190883,72.66669159190883,0.6030771258690598
399,2013-04-21,2013,8,21,DC United,Philadelphia Union,1517.9236784770706,1450.7660012355007,187.1576772415699,187.1576772415699,0.7459952365236161
400,2013-04-21,2013,10,30,FC Dallas,Vancouver Whitecaps,1522.05436382438,1462.4071609003206,179.64720292405946,179.64720292405946,0.737716268583955
401,2013-04-21,2013,14,27,Los Angeles Galaxy,Sporting Kansas City,1560.4955236870876,1602.9926440335967,77.50287965349094,77.50287965349094,0.6097216736372274
402,2013-04-21,2013,19,17,New York Red Bulls,New England Revolution,1517.6856505837225,1444.6208319390307,193.06481864469174,193.06481864469174,0.7523845143139899
403,2013-04-21,2013,23,5,Real Salt Lake,Chivas USA,1519.5808179769194,1420.0779065083022,219.50291146861719,219.50291146861719,0.7796383897805113
404,2013-04-22,2013,25,22,San Jose Earthquakes,Portland Timbers,1557.6981234582427,1465.8054912531816,211.8926322050611,211.8926322050611,0.772019910230387
405,2013-04-27,2013,2,4,CF Montreal,Chicago Fire,1516.6066341792425,1501.7259073563976,134.88072682284496,134.88072682284496,0.6849114560179059
406,2013-04-27,2013,29,19,Toronto FC,New York Red Bulls,1396.494931308962,1523.8760377258727,-7.381106416910825,7.381106416910825,0.4893793317577915
407,2013-04-27,2013,30,10,Vancouver Whitecaps,FC Dallas,1455.8500676149195,1528.6114571097812,47.23861050513824,47.23861050513824,0.5675659932077314
408,2013-04-28,2013,5,25,Chivas USA,San Jose Earthquakes,1414.568866252815,1550.897625702483,-16.32875944966804,16.32875944966804,0.47651831248397175
409,2013-04-28,2013,7,8,Columbus Crew,DC United,1529.2130720579416,1499.2737975639802,149.93927449396142,149.93927449396142,0.7033120671391602
410,2013-04-28,2013,11,6,Houston Dynamo,Colorado Rapids,1555.6303134555403,1429.4563393589972,246.17397409654313,246.17397409654313,0.8048820201842984
411,2013-04-28,2013,17,21,New England Revolution,Philadelphia Union,1438.4304447968805,1469.415882148591,89.01456264828948,89.01456264828948,0.625371033228598
412,2013-04-28,2013,23,14,Real Salt Lake,Los Angeles Galaxy,1525.0898582324066,1570.252481846157,74.83737638624962,74.83737638624962,0.6060643430045474
413,2013-04-28,2013,27,22,Sporting Kansas City,Portland Timbers,1593.2356858745272,1472.6059890089412,240.62969686558608,240.62969686558608,0.7998209833453306
414,2013-05-03,2013,22,17,Portland Timbers,New England Revolution,1492.6015135925745,1447.7961689661656,164.8053446264089,164.8053446264089,0.7208528221666691
415,2013-05-04,2013,7,19,Columbus Crew,New York Red Bulls,1536.6302703794627,1536.1105210198175,120.51974935964517,120.51974935964517,0.6668044891161261
416,2013-05-04,2013,21,26,Philadelphia Union,Seattle Sounders,1460.0501579793058,1528.7646084055639,51.285549573741946,51.285549573741946,0.5732744130596303
417,2013-05-04,2013,25,2,San Jose Earthquakes,CF Montreal,1550.3105835145823,1524.4838477787948,145.82673573578745,145.82673573578745,0.6983485601130046
418,2013-05-05,2013,6,29,Colorado Rapids,Toronto FC,1437.0783898636046,1384.2604480150171,172.81794184858745,172.81794184858745,0.7300389189015285
419,2013-05-05,2013,23,30,Real Salt Lake,Vancouver Whitecaps,1509.938249657293,1454.1609177847263,175.77733187256672,175.77733187256672,0.7333831478489626
420,2013-05-05,2013,27,5,Sporting Kansas City,Chivas USA,1573.2401612908939,1415.1559084407158,278.084252850178,278.084252850178,0.8321276014787513
421,2013-05-06,2013,14,11,Los Angeles Galaxy,Houston Dynamo,1585.4040904212707,1548.008262950933,157.39582747033774,157.39582747033774,0.712189800259121
422,2013-05-09,2013,8,11,DC United,Houston Dynamo,1491.8565992424592,1565.813007957411,46.04359128504825,46.04359128504825,0.5658768480071674
423,2013-05-09,2013,10,22,FC Dallas,Portland Timbers,1530.3006069399744,1487.0801930384077,163.22041390156664,163.22041390156664,0.7190132417324527
424,2013-05-09,2013,17,23,New England Revolution,Real Salt Lake,1453.3174895203324,1516.603670961069,56.71381855926347,56.71381855926347,0.5809004657019189
425,2013-05-09,2013,19,2,New York Red Bulls,CF Montreal,1552.7806332477207,1529.44256178162,143.3380714661007,143.3380714661007,0.6953221483235503
426,2013-05-09,2013,25,29,San Jose Earthquakes,Toronto FC,1545.351869511757,1377.5114209875553,287.84044852420175,287.84044852420175,0.8398271853234973
427,2013-05-09,2013,27,26,Sporting Kansas City,Seattle Sounders,1577.436971253925,1530.5964687320547,166.84050252187035,166.84050252187035,0.7232041136566021
428,2013-05-11,2013,2,23,CF Montreal,Real Salt Lake,1521.8256154897088,1531.1261826036168,110.69943288609193,110.69943288609193,0.6541286500841524
429,2013-05-11,2013,4,21,Chicago Fire,Philadelphia Union,1493.8486937568453,1458.218297652815,155.6303961040303,155.6303961040303,0.7101022244869837
430,2013-05-11,2013,26,25,Seattle Sounders,San Jose Earthquakes,1548.6765715734698,1549.3561898786697,119.32038169480006,119.32038169480006,0.6652687961298639
431,2013-05-12,2013,7,6,Columbus Crew,Colorado Rapids,1519.9601581515594,1443.8274168910664,196.13274126049305,196.13274126049305,0.7556599952166966
432,2013-05-12,2013,10,8,FC Dallas,DC United,1524.825275896663,1477.70967804228,167.11559785438294,167.11559785438294,0.7235210017115836
433,2013-05-12,2013,17,19,New England Revolution,New York Red Bulls,1438.7949778777845,1560.397579539632,-1.6026016618475296,1.6026016618475296,0.49769368717146084
434,2013-05-12,2013,22,5,Portland Timbers,Chivas USA,1492.555524081719,1410.9590984776846,201.5964256040345,201.5964256040345,0.7614203422174329
435,2013-05-12,2013,30,14,Vancouver Whitecaps,Los Angeles Galaxy,1447.4954964809504,1567.5993454147927,-0.10384893384230054,0.10384893384230054,0.4998505493750829
436,2013-05-13,2013,11,27,Houston Dynamo,Sporting Kansas City,1579.95992915759,1559.35686841251,140.60306074508003,140.60306074508003,0.6919765772678813
437,2013-05-16,2013,21,14,Philadelphia Union,Los Angeles Galaxy,1475.9708532649895,1555.0956091491698,40.87524411581967,-40.87524411581967,0.5585543008911926
438,2013-05-18,2013,29,7,Toronto FC,Columbus Crew,1373.5071006206426,1501.068658271142,-7.561557650499481,-7.561557650499481,0.4891197616152579
439,2013-05-19,2013,8,27,DC United,Sporting Kansas City,1470.7977030850698,1576.656282844207,14.141420240862772,-14.141420240862772,0.5203399086808462
440,2013-05-19,2013,11,17,Houston Dynamo,New England Revolution,1562.660514725893,1438.852635698498,243.80787902739507,243.80787902739507,0.802734101344414
441,2013-05-19,2013,19,14,New York Red Bulls,Los Angeles Galaxy,1560.3399217189185,1569.0594666714496,111.28045504746888,111.28045504746888,0.654884963715056
442,2013-05-19,2013,21,4,Philadelphia Union,Chicago Fire,1462.0069957427097,1476.0961381446707,105.910857598039,105.910857598039,0.6478659554814254
443,2013-05-19,2013,25,6,San Jose Earthquakes,Colorado Rapids,1540.9879097819164,1462.7189167714837,198.26899301043272,198.26899301043272,0.7579233906689016
444,2013-05-19,2013,26,10,Seattle Sounders,FC Dallas,1557.0448516702231,1531.7372508538733,145.3076008163498,145.3076008163498,0.6977186613409456
445,2013-05-19,2013,30,22,Vancouver Whitecaps,Portland Timbers,1459.9992327465732,1498.5200155262833,81.47921722028991,-81.47921722028991,0.6151546365221571
446,2013-05-20,2013,5,23,Chivas USA,Real Salt Lake,1404.9946070331205,1522.4793988557205,2.515208177399927,-2.515208177399927,0.5036196123021722
447,2013-05-26,2013,2,21,CF Montreal,Philadelphia Union,1530.472399237605,1470.810346855674,179.66205238193106,179.66205238193106,0.7377328079243465
448,2013-05-26,2013,6,5,Colorado Rapids,Chivas USA,1469.1670015382063,1392.4041167255662,196.7628848126401,196.7628848126401,0.7563291293094708
449,2013-05-26,2013,8,22,DC United,Portland Timbers,1470.2892053680487,1501.3988814393372,88.8903239287115,-88.8903239287115,0.6252034653764673
450,2013-05-26,2013,10,25,FC Dallas,San Jose Earthquakes,1524.1802173873969,1534.5398250151939,109.640392372203,109.640392372203,0.6527480975144829
451,2013-05-26,2013,17,29,New England Revolution,Toronto FC,1458.9209882321084,1361.2791065802612,217.64188165184714,217.64188165184714,0.7777923672092582
452,2013-05-26,2013,19,7,New York Red Bulls,Columbus Crew,1568.967797626042,1513.2966523115235,175.67114531451853,175.67114531451853,0.7332636099247022
453,2013-05-26,2013,23,4,Real Salt Lake,Chicago Fire,1535.0698891632749,1467.2927870317064,187.77710213156843,187.77710213156843,0.7466702944385037
454,2013-05-26,2013,27,11,Sporting Kansas City,Houston Dynamo,1577.164780561228,1542.5921621922828,154.5726183689453,154.5726183689453,0.7088471471412993
455,2013-05-27,2013,14,26,Los Angeles Galaxy,Seattle Sounders,1560.431590764326,1564.6018851366996,115.82970562762648,115.82970562762648,0.6607793931811822
456,2013-06-01,2013,29,21,Toronto FC,Philadelphia Union,1355.7239157604927,1464.2536670537827,11.470248706709981,11.470248706709981,0.5165010202741831
457,2013-06-02,2013,4,8,Chicago Fire,DC United,1473.459544392669,1454.659118733637,138.80042565903204,138.80042565903204,0.6897604190062291
458,2013-06-02,2013,5,26,Chivas USA,Seattle Sounders,1386.312344958303,1556.1213699662292,-49.809025007926266,49.809025007926266,0.42880612451651434
459,2013-06-02,2013,6,10,Colorado Rapids,FC Dallas,1475.2587733054695,1532.8615149495347,62.39725835593481,62.39725835593481,0.588843734645232
460,2013-06-02,2013,7,11,Columbus Crew,Houston Dynamo,1519.1282425596412,1547.8133408708152,91.31490168882601,91.31490168882601,0.6284681668011877
461,2013-06-02,2013,14,17,Los Angeles Galaxy,New England Revolution,1568.9121059347965,1464.476179051877,224.4359268829196,224.4359268829196,0.7844782558049349
462,2013-06-02,2013,19,30,New York Red Bulls,Vancouver Whitecaps,1563.1362073779244,1457.1203668335193,226.01584054440514,226.01584054440514,0.7860119398258164
463,2013-06-02,2013,23,25,Real Salt Lake,San Jose Earthquakes,1528.9031318023124,1525.858527453056,123.04460434925636,123.04460434925636,0.670025784490351
464,2013-06-02,2013,27,2,Sporting Kansas City,CF Montreal,1571.9436018826957,1537.0290790394963,154.9145228431994,154.9145228431994,0.7092531746976215
465,2013-06-06,2013,21,7,Philadelphia Union,Columbus Crew,1464.6661925606372,1515.9165383896116,68.74965417102567,68.74965417102567,0.5976672845554633
466,2013-06-09,2013,4,22,Chicago Fire,Portland Timbers,1481.2155339175133,1517.028968073749,84.18656584376436,84.18656584376436,0.6188374774060158
467,2013-06-09,2013,17,8,New England Revolution,DC United,1484.0881354470002,1446.9031292087925,157.18500623820773,157.18500623820773,0.7119409811267302
468,2013-06-09,2013,23,14,Real Salt Lake,Los Angeles Galaxy,1537.1524871900535,1549.3001495396732,107.85233765038038,107.85233765038038,0.6504113797850088
469,2013-06-09,2013,26,30,Seattle Sounders,Vancouver Whitecaps,1566.841523079142,1476.7706653291646,210.07085774997745,210.07085774997745,0.7701688847254443
470,2013-06-15,2013,22,10,Portland Timbers,FC Dallas,1519.9999050088993,1535.0826083156655,104.91729669323377,104.91729669323377,0.6465600563871953
471,2013-06-16,2013,6,25,Colorado Rapids,San Jose Earthquakes,1473.0376799393387,1517.6091720653149,75.42850787402381,75.42850787402381,0.6068764751139184
472,2013-06-16,2013,7,2,Columbus Crew,CF Montreal,1505.8582205034982,1554.760408406937,71.09781209656126,-71.09781209656126,0.6009132826497234
473,2013-06-16,2013,8,29,DC United,Toronto FC,1452.2016537369607,1355.3113902536381,216.89026348332254,216.89026348332254,0.7770436854766058
474,2013-06-16,2013,30,17,Vancouver Whitecaps,New England Revolution,1471.0248874473007,1478.789610918832,112.2352765284686,112.2352765284686,0.6561261475906106
475,2013-06-20,2013,2,11,CF Montreal,Houston Dynamo,1544.78324047318,1551.0250450408448,113.75819543233524,113.75819543233524,0.6581013981093449
476,2013-06-20,2013,4,6,Chicago Fire,Colorado Rapids,1478.244596982363,1457.8657680614906,140.37882892087237,140.37882892087237,0.6917013853624596
477,2013-06-20,2013,14,22,Los Angeles Galaxy,Portland Timbers,1540.5604340342984,1528.8359035992194,131.72453043507903,131.72453043507903,0.680977438662524
478,2013-06-20,2013,30,5,Vancouver Whitecaps,Chivas USA,1479.6217337575354,1375.59219184539,224.0295419121453,224.0295419121453,0.7840824754294557
479,2013-06-23,2013,7,4,Columbus Crew,Chicago Fire,1515.835388437255,1485.9520623483015,149.88332608895348,149.88332608895348,0.7032448593214606
480,2013-06-23,2013,8,25,DC United,San Jose Earthquakes,1432.7755616000454,1532.781083943163,19.99447765688251,-19.99447765688251,0.5287426428712021
481,2013-06-23,2013,10,27,FC Dallas,Sporting Kansas City,1526.2466097253455,1554.212272515255,92.03433721009037,92.03433721009037,0.6294346521368401
482,2013-06-23,2013,11,29,Houston Dynamo,Toronto FC,1542.4775799935785,1374.7374823905534,287.7400976030251,287.7400976030251,0.8397494638459744
483,2013-06-23,2013,21,19,Philadelphia Union,New York Red Bulls,1474.7245104467506,1543.485908882279,51.23860156447154,51.23860156447154,0.5732082991683208
484,2013-06-23,2013,23,26,Real Salt Lake,Seattle Sounders,1545.8922026954283,1572.587300961006,93.3049017344224,93.3049017344224,0.6311389872786414
485,2013-06-24,2013,5,14,Chivas USA,Los Angeles Galaxy,1370.1942537311265,1536.0359980677354,-45.841744336608826,45.841744336608826,0.434408612447918
486,2013-06-24,2013,22,6,Portland Timbers,Colorado Rapids,1533.3603395657824,1450.158302695552,203.20203687023036,203.20203687023036,0.7630952959835121
487,2013-06-29,2013,21,10,Philadelphia Union,FC Dallas,1485.3943029675427,1523.0107434219244,82.38355954561825,82.38355954561825,0.6163863164523666
488,2013-06-29,2013,29,23,Toronto FC,Real Salt Lake,1383.2312189867027,1555.1137280134622,-51.88250902675941,-51.88250902675941,0.4258851560517742
489,2013-06-30,2013,2,6,CF Montreal,Colorado Rapids,1553.3307055204464,1444.2356850951398,229.09502042530653,229.09502042530653,0.7889781504517683
490,2013-06-30,2013,5,17,Chivas USA,New England Revolution,1359.3340384199287,1470.1927646085974,9.141273811331303,-9.141273811331303,0.5131523157356908
491,2013-06-30,2013,8,30,DC United,Vancouver Whitecaps,1444.5569955282654,1485.019671871799,79.53732365646647,79.53732365646647,0.612504876416527
492,2013-06-30,2013,19,11,New York Red Bulls,Houston Dynamo,1532.816116361487,1533.9838433974292,118.83227296405789,118.83227296405789,0.6646428066130979
493,2013-06-30,2013,25,14,San Jose Earthquakes,Los Angeles Galaxy,1520.999650014943,1546.8962133789332,94.10343663600975,-94.10343663600975,0.6322084727270678
494,2013-06-30,2013,27,7,Sporting Kansas City,Columbus Crew,1557.4481388186762,1498.2542669542186,179.1938718644576,179.1938718644576,0.7372110246189785
495,2013-07-04,2013,4,25,Chicago Fire,San Jose Earthquakes,1503.533183831338,1530.1944381967662,93.33874563457175,93.33874563457175,0.6311843409833904
496,2013-07-04,2013,23,21,Real Salt Lake,Philadelphia Union,1565.7608569147565,1482.4846450562336,203.27621185852286,203.27621185852286,0.7631724781300767
497,2013-07-04,2013,26,8,Seattle Sounders,DC United,1563.365775642972,1429.2443736178523,254.12140202511978,254.12140202511978,0.8119667191792878
498,2013-07-04,2013,27,30,Sporting Kansas City,Vancouver Whitecaps,1564.0178632032016,1500.332293782212,183.68556942098962,183.68556942098962,0.7421893760843206
499,2013-07-04,2013,29,2,Toronto FC,CF Montreal,1372.5840900854084,1533.6062517591522,-41.02216167374377,41.02216167374377,0.44123717774513044
500,2013-07-05,2013,6,19,Colorado Rapids,New York Red Bulls,1463.960138856434,1541.2000461961595,42.760092660274495,42.760092660274495,0.5612278906003896
501,2013-07-05,2013,10,5,FC Dallas,Chivas USA,1525.9204013332335,1359.0052305265365,286.915170806697,286.915170806697,0.8391094037468201
502,2013-07-05,2013,14,7,Los Angeles Galaxy,Columbus Crew,1537.70142519711,1491.6845425696931,166.01688262741686,166.01688262741686,0.7222540295296741
503,2013-07-07,2013,4,27,Chicago Fire,Sporting Kansas City,1512.7535753067532,1557.9631288010935,74.7904465056597,74.7904465056597,0.6059998427224106
504,2013-07-07,2013,7,22,Columbus Crew,Portland Timbers,1484.740893307935,1539.2829571661946,65.45793614174045,-65.45793614174045,0.5931025595949331
505,2013-07-07,2013,11,21,Houston Dynamo,Philadelphia Union,1525.5999135627567,1489.0639570094854,156.53595655327126,156.53595655327126,0.7111741448640624
506,2013-07-07,2013,17,25,New England Revolution,San Jose Earthquakes,1470.5215725019896,1520.974046721351,69.54752578063858,69.54752578063858,0.5987712055865947
507,2013-07-07,2013,30,26,Vancouver Whitecaps,Seattle Sounders,1506.3870281843201,1568.0666076634898,58.32042052083034,58.32042052083034,0.5831503230590723
508,2013-07-08,2013,2,5,CF Montreal,Chivas USA,1532.1371812027805,1367.4829656202069,284.65421558257367,284.65421558257367,0.8373445376065322
509,2013-07-08,2013,6,8,Colorado Rapids,DC United,1474.9294415914242,1424.5435415973345,170.38589999408964,170.38589999408964,0.7272709085142632
510,2013-07-08,2013,14,10,Los Angeles Galaxy,FC Dallas,1544.645074458868,1517.442666239563,147.20240821930497,147.20240821930497,0.7000141363081229
511,2013-07-13,2013,21,5,Philadelphia Union,Chivas USA,1481.843310631087,1375.9165790603702,225.9267315707168,225.9267315707168,0.7859256500114237
512,2013-07-14,2013,10,23,FC Dallas,Real Salt Lake,1509.9430196472663,1559.1815449615046,70.76147468576164,70.76147468576164,0.600448880013706
513,2013-07-14,2013,17,11,New England Revolution,Houston Dynamo,1480.5522923623248,1532.8205599411551,67.73173242116968,67.73173242116968,0.5962574690083858
514,2013-07-14,2013,19,2,New York Red Bulls,CF Montreal,1530.2307434611694,1523.7035677626172,126.52717569855213,126.52717569855213,0.6744428612420275
515,2013-07-14,2013,22,14,Portland Timbers,Los Angeles Galaxy,1529.110521156068,1552.144721051165,96.96580010490288,96.96580010490288,0.6360313262961089
516,2013-07-14,2013,25,26,San Jose Earthquakes,Seattle Sounders,1510.9433268610157,1557.6453657399666,73.29796112104918,73.29796112104918,0.6039466595065285
517,2013-07-14,2013,27,29,Sporting Kansas City,Toronto FC,1573.1131248691538,1374.05316064178,319.0599642273737,319.0599642273737,0.8625528322991945
518,2013-07-15,2013,30,4,Vancouver Whitecaps,Chicago Fire,1516.8082701078433,1497.6035792386929,139.20469086915045,139.20469086915045,0.6902581854355493
519,2013-07-18,2013,5,29,Chivas USA,Toronto FC,1370.5647203106557,1370.61698144926,119.94773886139569,119.94773886139569,0.6660725152742789
520,2013-07-18,2013,6,17,Colorado Rapids,New England Revolution,1469.2476688785675,1465.6458556371151,123.60181324145242,123.60181324145242,0.6707345590151793
521,2013-07-20,2013,26,6,Seattle Sounders,Colorado Rapids,1547.7440322276298,1477.479304903188,190.26472732444176,190.26472732444176,0.7493693814515259
522,2013-07-20,2013,29,19,Toronto FC,New York Red Bulls,1362.268794331117,1538.3696719301188,-56.100877599001706,56.100877599001706,0.4199587788352326
523,2013-07-21,2013,2,10,CF Montreal,FC Dallas,1515.5646392936678,1494.9317976469235,140.63284164674428,140.63284164674428,0.6920131160765006
524,2013-07-21,2013,4,8,Chicago Fire,DC United,1489.8600338745816,1430.2253143101912,179.63471956439048,179.63471956439048,0.7377023640859535
525,2013-07-21,2013,7,17,Columbus Crew,New England Revolution,1494.9133293180616,1457.4142196124947,157.49910970556698,157.49910970556698,0.7123116510797116
526,2013-07-21,2013,14,30,Los Angeles Galaxy,Vancouver Whitecaps,1543.0455042085678,1524.5518154719546,138.4936887366132,138.4936887366132,0.6893824443718848
527,2013-07-21,2013,21,22,Philadelphia Union,Portland Timbers,1487.1951693808014,1538.2097379986653,68.98543138213608,68.98543138213608,0.5979936053305096
528,2013-07-21,2013,23,27,Real Salt Lake,Sporting Kansas City,1574.1927669618474,1576.5493040616739,117.64346290017352,117.64346290017352,0.6631157610091154
529,2013-07-27,2013,29,7,Toronto FC,Columbus Crew,1364.2698248602362,1477.105538041069,7.164286819167273,7.164286819167273,0.5103087764502965
530,2013-07-28,2013,2,27,CF Montreal,Sporting Kansas City,1510.7643113917552,1593.1271980869017,37.63711330485353,37.63711330485353,0.5539532772656102
531,2013-07-28,2013,6,14,Colorado Rapids,Los Angeles Galaxy,1483.713539439476,1550.8109430992706,52.90259634020549,52.90259634020549,0.5755499834142702
532,2013-07-28,2013,8,17,DC United,New England Revolution,1423.66787341234,1475.2220108894874,68.44586252285262,68.44586252285262,0.5972467027978515
533,2013-07-28,2013,11,4,Houston Dynamo,Chicago Fire,1547.7269966663648,1496.4174747724328,171.30952189393201,171.30952189393201,0.7283242085883844
534,2013-07-28,2013,19,23,New York Red Bulls,Real Salt Lake,1536.3686414009996,1557.6148729366196,98.75376846438007,98.75376846438007,0.6384106119527824
535,2013-07-28,2013,25,22,San Jose Earthquakes,Portland Timbers,1520.8446603733526,1540.6595781319281,100.18508224142442,100.18508224142442,0.6403104163050156
536,2013-07-28,2013,30,21,Vancouver Whitecaps,Philadelphia Union,1516.7863765812517,1484.7453292475386,152.0410473337131,152.0410473337131,0.7058304233671602
537,2013-07-29,2013,26,5,Seattle Sounders,Chivas USA,1541.5097976913416,1378.9129074287987,282.59689026254296,282.59689026254296,0.8357250972409238
538,2013-08-03,2013,27,19,Sporting Kansas City,New York Red Bulls,1581.976030018542,1545.40837610218,156.5676539163619,156.5676539163619,0.7112116226670678
539,2013-08-04,2013,6,23,Colorado Rapids,Real Salt Lake,1494.3247898541194,1548.5751382354392,65.74965161868022,65.74965161868022,0.5935077525906289
540,2013-08-04,2013,8,2,DC United,CF Montreal,1408.7367058423938,1521.915479460115,6.821226382278837,-6.821226382278837,0.5098152727742582
541,2013-08-04,2013,11,7,Houston Dynamo,Columbus Crew,1542.0188914516552,1464.8632574523263,197.15563399932898,197.15563399932898,0.7567455512842981
542,2013-08-04,2013,21,4,Philadelphia Union,Chicago Fire,1502.3910898317176,1502.1255799871424,120.26550984457526,120.26550984457526,0.6664792503075098
543,2013-08-04,2013,22,30,Portland Timbers,Vancouver Whitecaps,1531.6673385395536,1499.1406159970727,152.5267225424809,152.5267225424809,0.7064105858412875
544,2013-08-04,2013,25,5,San Jose Earthquakes,Chivas USA,1529.836899965727,1374.8060348598217,275.0308651059054,275.0308651059054,0.8296579347711635
545,2013-08-04,2013,26,10,Seattle Sounders,FC Dallas,1545.6166702603186,1499.7321255488362,165.88454471148248,165.88454471148248,0.7221011845263671
546,2013-08-05,2013,17,29,New England Revolution,Toronto FC,1490.1531784594335,1376.512105448979,233.64107301045465,233.64107301045465,0.7933021539592818
547,2013-08-11,2013,4,2,Chicago Fire,CF Montreal,1518.7875612448302,1509.6608612794714,129.12669996535874,129.12669996535874,0.6777199007821854
548,2013-08-11,2013,7,19,Columbus Crew,New York Red Bulls,1458.7818962344338,1563.1886666688567,15.593229565577076,-15.593229565577076,0.5224254060956889
549,2013-08-11,2013,21,8,Philadelphia Union,DC United,1485.7291085740299,1420.9913240230374,184.7377845509925,184.7377845509925,0.7433466544533615
550,2013-08-11,2013,23,11,Real Salt Lake,Houston Dynamo,1550.912832050205,1548.1002526695477,122.81257938065733,122.81257938065733,0.6697304184825509
551,2013-08-11,2013,27,17,Sporting Kansas City,New England Revolution,1564.1957394518652,1470.3206246104514,213.87511484141373,213.87511484141373,0.7740222589453748
552,2013-08-11,2013,29,26,Toronto FC,Seattle Sounders,1396.344659297961,1552.5641406471595,-36.21948134919853,36.21948134919853,0.448063981104836
553,2013-08-11,2013,30,25,Vancouver Whitecaps,San Jose Earthquakes,1504.3008806431048,1534.095451596448,90.20542904665695,90.20542904665695,0.6269756933692967
554,2013-08-12,2013,5,6,Chivas USA,Colorado Rapids,1370.5474832291009,1491.9870960393537,-1.439612810252811,1.439612810252811,0.4979282424837378
555,2013-08-12,2013,10,14,FC Dallas,Los Angeles Galaxy,1492.7846551619953,1540.1996926846273,72.58496247736798,-72.58496247736798,0.6029645014591593
556,2013-08-18,2013,2,8,CF Montreal,DC United,1501.603858799026,1414.5749903843714,207.02886841465465,207.02886841465465,0.7670546128015343
557,2013-08-18,2013,6,30,Colorado Rapids,Vancouver Whitecaps,1491.9353021014472,1513.6264883088725,98.30881379257471,98.30881379257471,0.6378191306810014
558,2013-08-18,2013,7,29,Columbus Crew,Toronto FC,1470.7212610820416,1385.1430597703402,205.57820131170138,205.57820131170138,0.7655591661268506
559,2013-08-18,2013,11,26,Houston Dynamo,Seattle Sounders,1539.8435131316114,1563.7657401747804,96.07777295683104,96.07777295683104,0.6348471247870082
560,2013-08-18,2013,14,23,Los Angeles Galaxy,Real Salt Lake,1542.7738052211062,1559.1695715881413,103.6042336329649,103.6042336329649,0.6448308569540318
561,2013-08-18,2013,17,4,New England Revolution,Chicago Fire,1464.671181084086,1526.8445637252755,57.82661735881038,57.82661735881038,0.5824591736785244
562,2013-08-18,2013,19,21,New York Red Bulls,Philadelphia Union,1551.249301821249,1492.1454422126958,179.1038596085532,179.1038596085532,0.7371106301747806
563,2013-08-18,2013,22,10,Portland Timbers,FC Dallas,1526.5070738935215,1490.2105426255164,156.29653126800508,156.29653126800508,0.7108909638786435
564,2013-08-19,2013,25,27,San Jose Earthquakes,Sporting Kansas City,1524.7698439306803,1569.8451829782307,74.92466095244959,74.92466095244959,0.606184296809527
565,2013-08-22,2013,5,10,Chivas USA,FC Dallas,1370.5992771670074,1482.9828167224825,7.616460444524819,-7.616460444524819,0.5109592121710683
566,2013-08-22,2013,22,23,Portland Timbers,Real Salt Lake,1533.7347997965553,1550.290343011992,103.44445678456327,103.44445678456327,0.6446201841811422
567,2013-08-24,2013,4,27,Chicago Fire,Sporting Kansas City,1516.4060430672387,1559.9997903984688,76.40625266876987,76.40625266876987,0.6082184618827251
568,2013-08-25,2013,2,11,CF Montreal,Houston Dynamo,1507.4274934789878,1548.9723350119361,78.45515846705166,78.45515846705166,0.6110253316074137
569,2013-08-25,2013,5,19,Chivas USA,New York Red Bulls,1357.8252968627307,1545.3215360668794,-67.49623920414865,67.49623920414865,0.40406891512681553
570,2013-08-25,2013,8,29,DC United,Toronto FC,1408.7513557044097,1379.2820389235114,149.46931678089823,149.46931678089823,0.7027472587982495
571,2013-08-25,2013,10,25,FC Dallas,San Jose Earthquakes,1495.7567970267592,1534.6152365104422,81.14156051631699,81.14156051631699,0.6146943813098743
572,2013-08-25,2013,23,7,Real Salt Lake,Columbus Crew,1553.9058476165205,1476.5822819288703,197.32356568765022,197.32356568765022,0.7569234575361218
573,2013-08-25,2013,30,14,Vancouver Whitecaps,Los Angeles Galaxy,1504.5719665758975,1551.6530337972554,72.9189327786421,-72.9189327786421,0.6034246505153973
574,2013-08-26,2013,17,21,New England Revolution,Philadelphia Union,1475.1097017421228,1498.0732079670654,97.03649377505735,97.03649377505735,0.6361255271180833
575,2013-08-26,2013,26,22,Seattle Sounders,Portland Timbers,1554.6369182944557,1530.1192951920268,144.51762310242884,144.51762310242884,0.6967587035834055
576,2013-08-31,2013,23,22,Real Salt Lake,Portland Timbers,1559.9827611781175,1522.538262781612,157.44449839650542,157.44449839650542,0.7122472253138346
577,2013-08-31,2013,29,17,Toronto FC,New England Revolution,1384.3507203934678,1484.2065635641707,20.144156829297117,-20.144156829297117,0.5289573313650893
578,2013-09-01,2013,4,11,Chicago Fire,Houston Dynamo,1526.2005815201705,1539.2479683021215,106.95261321804901,106.95261321804901,0.6492328295142953
579,2013-09-01,2013,7,26,Columbus Crew,Seattle Sounders,1470.5053683672734,1562.2179507048704,28.28741766240296,-28.28741766240296,0.5406191533113528
580,2013-09-01,2013,14,25,Los Angeles Galaxy,San Jose Earthquakes,1566.7386500601403,1537.482596043189,149.25605401695134,149.25605401695134,0.702490749085477
581,2013-09-01,2013,19,8,New York Red Bulls,DC United,1530.4232589450498,1403.6826742344533,246.74058471059652,246.74058471059652,0.8053937466473922
582,2013-09-01,2013,21,2,Philadelphia Union,CF Montreal,1488.9763461450175,1517.1518601888024,91.82448595621509,91.82448595621509,0.6291528459152024
583,2013-09-01,2013,27,6,Sporting Kansas City,Colorado Rapids,1550.205251945537,1500.9898238344222,169.21542811111476,169.21542811111476,0.7259324396772264
584,2013-09-02,2013,30,5,Vancouver Whitecaps,Chivas USA,1489.4863503130125,1372.7235739845603,236.76277632845222,236.76277632845222,0.7962332313655871
585,2013-09-05,2013,7,11,Columbus Crew,Houston Dynamo,1456.9898895344895,1542.978789039979,34.01110049451063,34.01110049451063,0.5487901586931547
586,2013-09-05,2013,26,5,Seattle Sounders,Chivas USA,1575.7334295376543,1380.1294047687,315.60402476895433,315.60402476895433,0.8601772359495318
587,2013-09-08,2013,10,30,FC Dallas,Vancouver Whitecaps,1492.8894374940123,1482.0805195288729,130.80891796513947,130.80891796513947,0.6798313057824633
588,2013-09-08,2013,11,19,Houston Dynamo,New York Red Bulls,1531.6985430073078,1535.288415278865,116.41012772844283,116.41012772844283,0.6615279154317211
589,2013-09-08,2013,14,6,Los Angeles Galaxy,Colorado Rapids,1574.1763813330035,1494.1381348263528,200.0382465066507,200.0382465066507,0.7597871113301509
590,2013-09-08,2013,22,29,Portland Timbers,Toronto FC,1515.3444434144578,1383.6267871093405,251.71765630511732,251.71765630511732,0.8098449946651437
591,2013-09-08,2013,26,4,Seattle Sounders,Chicago Fire,1579.228998638916,1522.4697607823132,176.7592378566028,176.7592378566028,0.734486897168812
592,2013-09-08,2013,27,7,Sporting Kansas City,Columbus Crew,1557.0569409536063,1468.2701355671607,208.78680538644562,208.78680538644562,0.7688578946961585
593,2013-09-09,2013,5,8,Chivas USA,DC United,1376.6338356674382,1398.8175179006382,97.81631776680001,97.81631776680001,0.6371639653525834
594,2013-09-09,2013,17,2,New England Revolution,CF Montreal,1484.930496848298,1520.3806813366825,84.5498155116154,84.5498155116154,0.6193305826928931
595,2013-09-09,2013,25,21,San Jose Earthquakes,Philadelphia Union,1530.0448647703258,1485.7475249971374,164.29733977318847,164.29733977318847,0.72026400065217
596,2013-09-12,2013,29,4,Toronto FC,Chicago Fire,1378.8729119759691,1515.8319332115334,-16.95902123556425,16.95902123556425,0.4756133714359864
597,2013-09-14,2013,2,7,CF Montreal,Columbus Crew,1535.8639459040048,1462.4915829345646,193.37236296944025,193.37236296944025,0.7527141900207319
598,2013-09-14,2013,8,14,DC United,Los Angeles Galaxy,1389.7466170344528,1555.1817035497497,-45.435086515296916,45.435086515296916,0.43498385702258646
599,2013-09-14,2013,26,23,Seattle Sounders,Real Salt Lake,1585.8668262096958,1567.1765805452717,138.69024566442408,138.69024566442408,0.6896246795275973
600,2013-09-15,2013,4,17,Chicago Fire,New England Revolution,1515.222267497433,1469.4472322809756,165.77503521645735,165.77503521645735,0.7219746663212434
601,2013-09-15,2013,5,22,Chivas USA,Portland Timbers,1385.7047365336236,1520.0983185478292,-14.393582014205549,14.393582014205549,0.47929781264375676
602,2013-09-15,2013,6,10,Colorado Rapids,FC Dallas,1513.1328126096066,1500.8936548494507,132.23915776015588,132.23915776015588,0.6816206735119957
603,2013-09-15,2013,19,29,New York Red Bulls,Toronto FC,1551.826613164658,1379.4825776900695,292.3440354745885,292.3440354745885,0.8432838681133967
604,2013-09-15,2013,21,11,Philadelphia Union,Houston Dynamo,1478.7541250134416,1515.1603451215146,83.59377989192694,83.59377989192694,0.6180322544881758
605,2013-09-15,2013,25,30,San Jose Earthquakes,Vancouver Whitecaps,1537.0382647540216,1474.0763021734344,182.96196258058717,182.96196258058717,0.7413915437713549
606,2013-09-21,2013,2,30,CF Montreal,Vancouver Whitecaps,1517.0460911534865,1480.1110907677182,156.93500038576826,156.93500038576826,0.7116457489055242
607,2013-09-21,2013,22,6,Portland Timbers,Colorado Rapids,1519.580763863923,1521.0922957718067,118.48846809211636,118.48846809211636,0.6642015359524454
608,2013-09-21,2013,29,27,Toronto FC,Sporting Kansas City,1375.5646743929044,1562.8354935862023,-67.27081919329794,67.27081919329794,0.4043814177371396
609,2013-09-22,2013,7,4,Columbus Crew,Chicago Fire,1481.309437685083,1522.172900839402,79.1365368456809,79.1365368456809,0.6119571578550435
610,2013-09-22,2013,11,5,Houston Dynamo,Chivas USA,1530.6111514837191,1386.2222912175298,264.38886026618934,264.38886026618934,0.8208246574477247
611,2013-09-22,2013,14,26,Los Angeles Galaxy,Seattle Sounders,1553.5562999753145,1593.6262092215059,79.9300907538086,79.9300907538086,0.6130413593950522
612,2013-09-22,2013,17,8,New England Revolution,DC United,1462.4965989390066,1391.372020608888,191.12457833011854,191.12457833011854,0.7502978610486867
613,2013-09-22,2013,19,10,New York Red Bulls,FC Dallas,1555.7445164618232,1492.9341716872507,182.8103447745725,182.8103447745725,0.7412241698714955
614,2013-09-22,2013,23,25,Real Salt Lake,San Jose Earthquakes,1559.4171975334616,1531.0034761597378,148.41372137372377,148.41372137372377,0.701476356229679
615,2013-09-28,2013,27,21,Sporting Kansas City,Philadelphia Union,1572.9450290296309,1463.303318651237,229.64171037839378,229.64171037839378,0.7895016231780282
616,2013-09-28,2013,29,8,Toronto FC,DC United,1365.455138949476,1385.1294671351052,100.32567181437071,100.32567181437071,0.6404967871184529
617,2013-09-29,2013,4,2,Chicago Fire,CF Montreal,1512.471829785778,1499.2549474308485,133.21688235492957,133.21688235492957,0.6828408284873984
618,2013-09-29,2013,17,11,New England Revolution,Houston Dynamo,1468.7391524127895,1535.090535047526,53.64861736526359,53.64861736526359,0.5765987402782983
619,2013-09-29,2013,22,14,Portland Timbers,Los Angeles Galaxy,1527.975725465112,1550.730265990438,97.24545947467391,97.24545947467391,0.636403917325958
620,2013-09-29,2013,30,23,Vancouver Whitecaps,Real Salt Lake,1497.9022344903562,1541.8802886277197,76.02194586263658,76.02194586263658,0.607691182066991
621,2013-09-30,2013,5,25,Chivas USA,San Jose Earthquakes,1381.742907653723,1548.5403850654798,-46.797477411756745,46.797477411756745,0.43305736234064446
622,2013-09-30,2013,10,7,FC Dallas,Columbus Crew,1486.464775934038,1491.010508738707,115.45426719533111,115.45426719533111,0.6602947926268014
623,2013-09-30,2013,26,19,Seattle Sounders,New York Red Bulls,1596.4522432063823,1562.2139122150359,154.2383309913464,154.2383309913464,0.7084498423890024
624,2013-10-05,2013,8,4,DC United,Chicago Fire,1376.1418868130665,1507.900809073593,-11.75892226052656,11.75892226052656,0.48308400902563514
625,2013-10-05,2013,11,2,Houston Dynamo,CF Montreal,1537.0055035544833,1503.8259681430334,153.17953541144993,153.17953541144993,0.7071893478321556
626,2013-10-06,2013,6,26,Colorado Rapids,Seattle Sounders,1512.6973341706178,1591.2409971466573,41.45633702396049,41.45633702396049,0.5593789296990128
627,2013-10-06,2013,7,27,Columbus Crew,Sporting Kansas City,1507.517878554377,1553.20748845018,74.31039010419681,74.31039010419681,0.6053398428884994
628,2013-10-06,2013,14,5,Los Angeles Galaxy,Chivas USA,1541.640363923587,1370.916473595207,290.7238903283801,290.7238903283801,0.8420473894849642
629,2013-10-06,2013,19,17,New York Red Bulls,New England Revolution,1567.4251582747609,1466.8241839058321,220.60097436892875,220.60097436892875,0.78072242564752
630,2013-10-06,2013,21,29,Philadelphia Union,Toronto FC,1483.0408592306878,1374.4427192715145,228.5981399591733,228.5981399591733,0.7885015451780606
631,2013-10-06,2013,23,10,Real Salt Lake,FC Dallas,1557.0725681793945,1469.957406118368,207.11516206102647,207.11516206102647,0.7671433605412641
632,2013-10-07,2013,30,22,Vancouver Whitecaps,Portland Timbers,1482.7099549386814,1537.065627531963,65.6443274067185,65.6443274067185,0.5933614718373298
633,2013-10-10,2013,11,27,Houston Dynamo,Sporting Kansas City,1544.3257698586795,1568.3409845223925,95.9847853362869,95.9847853362869,0.6347230292815667
634,2013-10-10,2013,25,6,San Jose Earthquakes,Colorado Rapids,1559.3668191239958,1523.7128609281424,155.65395819585342,155.65395819585342,0.7101301449695963
635,2013-10-10,2013,26,30,Seattle Sounders,Vancouver Whitecaps,1580.2254703891326,1480.375918142748,219.84955224638452,219.84955224638452,0.7799810171794016
636,2013-10-12,2013,2,17,CF Montreal,New England Revolution,1496.5057018388372,1473.84224454702,142.66345729181717,142.66345729181717,0.6944988312839746
637,2013-10-13,2013,8,21,DC United,Philadelphia Union,1364.0647865874257,1488.3283206012363,-4.263534013810613,4.263534013810613,0.4938645893055437
638,2013-10-13,2013,10,4,FC Dallas,Chicago Fire,1476.6359901318997,1519.977909299234,76.65808083266575,76.65808083266575,0.6085638404312804
639,2013-10-14,2013,22,26,Portland Timbers,Seattle Sounders,1539.3996643278963,1560.7259449596477,98.67371936824861,98.67371936824861,0.6383042330281272
640,2013-10-17,2013,14,2,Los Angeles Galaxy,CF Montreal,1545.589179186463,1479.143231056738,186.44594812972514,186.44594812972514,0.7452181208637845
641,2013-10-19,2013,2,21,CF Montreal,Philadelphia Union,1472.7736840783325,1488.1749353338748,104.59874874445768,104.59874874445768,0.6461409043122187
642,2013-10-19,2013,6,30,Colorado Rapids,Vancouver Whitecaps,1516.4661145523824,1499.875443572233,136.5906709801493,136.5906709801493,0.6870318248726289
643,2013-10-19,2013,10,26,FC Dallas,Seattle Sounders,1461.4218941211177,1551.683550785351,29.738343335766785,-29.738343335766785,0.5426927072519234
644,2013-10-19,2013,27,8,Sporting Kansas City,DC United,1571.7090602544317,1364.2181718547872,327.4908883996445,327.4908883996445,0.8682060203813816
645,2013-10-20,2013,4,29,Chicago Fire,Toronto FC,1535.192005310016,1369.155257900966,286.0367474090499,286.0367474090499,0.8384255657029918
646,2013-10-20,2013,11,19,Houston Dynamo,New York Red Bulls,1540.9576941266403,1560.407097633573,100.55059649306736,100.55059649306736,0.6407948675602684
647,2013-10-20,2013,17,7,New England Revolution,Columbus Crew,1491.2047153291194,1492.3843824821645,118.8203328469549,118.8203328469549,0.6646274863884659
648,2013-10-20,2013,22,23,Portland Timbers,Real Salt Lake,1548.442058502193,1550.3939841658628,118.04807433633027,118.04807433633027,0.6636358752361343
649,2013-10-21,2013,14,25,Los Angeles Galaxy,San Jose Earthquakes,1551.9587261648685,1566.6135654997559,105.34516066511264,105.34516066511264,0.6471226942508842
650,2013-10-24,2013,23,5,Real Salt Lake,Chivas USA,1554.484881046766,1366.967658332331,307.5172227144351,307.5172227144351,0.8544839627442177
651,2013-10-26,2013,21,27,Philadelphia Union,Sporting Kansas City,1479.3284579416802,1575.003909744897,24.3245481967831,-24.3245481967831,0.5349487554314086
652,2013-10-26,2013,25,10,San Jose Earthquakes,FC Dallas,1570.291632856028,1472.8545764398195,217.4370564162084,217.4370564162084,0.7775885203472152
653,2013-10-26,2013,29,2,Toronto FC,CF Montreal,1365.1158970435408,1481.6201614705271,3.4957355730136896,-3.4957355730136896,0.5050305981316155
654,2013-10-27,2013,5,22,Chivas USA,Portland Timbers,1363.3297574009364,1544.3511616212897,-61.02140422035336,61.02140422035336,0.4130751041384837
655,2013-10-27,2013,7,17,Columbus Crew,New England Revolution,1484.000069641876,1499.5890281694078,104.41104147246824,-104.41104147246824,0.6458938098932437
656,2013-10-27,2013,8,11,DC United,Houston Dynamo,1360.9233223643218,1524.9378224376335,-44.01450007331164,44.01450007331164,0.43699473584985743
657,2013-10-27,2013,19,4,New York Red Bulls,Chicago Fire,1576.4269693225797,1539.2313661674411,157.19560315513854,157.19560315513854,0.7119534910625692
658,2013-10-28,2013,26,14,Seattle Sounders,Los Angeles Galaxy,1540.250868466649,1548.2806588085964,111.97020965805268,111.97020965805268,0.6557817968391859
659,2013-10-28,2013,30,6,Vancouver Whitecaps,Colorado Rapids,1492.0512391940488,1524.2903189305666,87.76092026348215,87.76092026348215,0.6236788020307122
660,2013-10-31,2013,26,6,Seattle Sounders,Colorado Rapids,1536.3563235456695,1514.8822889813343,141.47403456433517,141.47403456433517,0.6930441985203735
661,2013-11-01,2013,11,2,Houston Dynamo,CF Montreal,1535.86269083388,1469.2459264238175,186.6167644100624,186.6167644100624,0.7454047726543764
662,2013-11-03,2013,11,19,Houston Dynamo,New York Red Bulls,1542.2275715175206,1583.6281320460155,78.5994394715051,78.5994394715051,0.6112227125955785
663,2013-11-03,2013,17,27,New England Revolution,Sporting Kansas City,1515.7363734167388,1588.3776286306822,47.358744786056604,47.358744786056604,0.567735715366444
664,2013-11-03,2013,26,22,Seattle Sounders,Portland Timbers,1544.0302185826602,1554.6780392247517,109.35217935790843,109.35217935790843,0.6523719402030568
665,2013-11-04,2013,14,23,Los Angeles Galaxy,Real Salt Lake,1552.175203729576,1558.1227819781607,114.0524217514153,114.0524217514153,0.6584823858243565
666,2013-11-07,2013,19,11,New York Red Bulls,Houston Dynamo,1586.408699860905,1539.447003702631,166.96169615827398,166.96169615827398,0.7233437467610107
667,2013-11-07,2013,27,17,Sporting Kansas City,New England Revolution,1577.5710215148433,1526.5429805325778,171.02804098226557,171.02804098226557,0.7280034775873553
668,2013-11-08,2013,22,26,Portland Timbers,Seattle Sounders,1570.9873377298281,1527.7209200775837,163.2664176522444,163.2664176522444,0.7190667408342454
669,2013-11-08,2013,23,14,Real Salt Lake,Los Angeles Galaxy,1549.5848416237695,1560.713144083967,108.87169753980243,-108.87169753980243,0.6517444231326609
670,2013-11-09,2013,11,27,Houston Dynamo,Sporting Kansas City,1545.0305973716563,1584.3709345751595,80.65966279649683,80.65966279649683,0.6140371578231918
671,2013-11-11,2013,23,22,Real Salt Lake,Portland Timbers,1558.291231045453,1578.010669208972,100.28056183648096,100.28056183648096,0.6404369922540241
672,2013-11-24,2013,27,11,Sporting Kansas City,Houston Dynamo,1587.2218635207394,1542.1796684260764,165.04219509466293,165.04219509466293,0.721127092585243
673,2013-11-25,2013,22,23,Portland Timbers,Real Salt Lake,1569.0215940153228,1567.2803062391024,121.74128777622036,121.74128777622036,0.668364938189252
674,2013-12-07,2013,27,23,Sporting Kansas City,Real Salt Lake,1594.1936862061084,1583.9894296938337,130.2042565122747,130.2042565122747,0.6790732180059655
675,2014-03-08,2014,26,27,Seattle Sounders,Sporting Kansas City,1520.6975885984398,1589.7168557559592,50.98073284248062,50.98073284248062,0.5728451124827969
676,2014-03-09,2014,5,4,Chivas USA,Chicago Fire,1353.0028797974744,1532.0302034440053,-59.02732364653093,59.02732364653093,0.41586083229393045
677,2014-03-09,2014,8,7,DC United,Columbus Crew,1349.9984539680754,1467.852724394545,2.1457295735303887,2.1457295735303887,0.5030879138215567
678,2014-03-09,2014,10,2,FC Dallas,CF Montreal,1467.2942894485,1462.881045740177,124.41324370832308,124.41324370832308,0.6717653173199052
679,2014-03-09,2014,11,17,Houston Dynamo,New England Revolution,1535.2078457407074,1519.7430674722616,135.4647782684458,135.4647782684458,0.6856365654007077
680,2014-03-09,2014,14,23,Los Angeles Galaxy,Real Salt Lake,1552.0067546622836,1588.466260143983,83.54049451830065,83.54049451830065,0.6179598413672552
681,2014-03-09,2014,22,21,Portland Timbers,Philadelphia Union,1552.3124705605915,1465.954739055895,206.3577315046964,206.3577315046964,0.766363585846406
682,2014-03-09,2014,30,19,Vancouver Whitecaps,New York Red Bulls,1501.459269143281,1580.8251061918797,40.63416295140132,40.63416295140132,0.5582120875861885
683,2014-03-15,2014,19,6,New York Red Bulls,Colorado Rapids,1569.7804083815345,1507.2083939443437,182.57201443719077,182.57201443719077,0.7409609298053836
684,2014-03-15,2014,21,17,Philadelphia Union,New England Revolution,1472.6138287020551,1511.8839816072793,80.72984709477578,80.72984709477578,0.6141329027548749
685,2014-03-15,2014,26,29,Seattle Sounders,Toronto FC,1531.3764607863698,1377.4901320902504,273.88632869611934,273.88632869611934,0.8287247900470899
686,2014-03-16,2014,5,30,Chivas USA,Vancouver Whitecaps,1367.6063589901262,1512.5039669536263,-24.89760796350015,24.89760796350015,0.4642306698202364
687,2014-03-16,2014,11,2,Houston Dynamo,CF Montreal,1543.0669316056897,1454.6751786731745,208.39175293251515,208.39175293251515,0.7684535041163122
688,2014-03-16,2014,22,4,Portland Timbers,Chicago Fire,1545.6533809144314,1517.4267242513536,148.22665666307785,148.22665666307785,0.7012508110622382
689,2014-03-16,2014,25,23,San Jose Earthquakes,Real Salt Lake,1575.8519198473475,1603.9152561781643,91.93666366918319,91.93666366918319,0.6293034986990229
690,2014-03-16,2014,27,10,Sporting Kansas City,FC Dallas,1579.0379835680292,1475.5001565155023,223.53782705252684,223.53782705252684,0.7836028880573493
691,2014-03-22,2014,6,22,Colorado Rapids,Portland Timbers,1513.2324171894784,1540.6221106378755,92.61030655160289,92.61030655160289,0.630207659773161
692,2014-03-22,2014,7,21,Columbus Crew,Philadelphia Union,1480.429922240084,1482.2605061331833,118.1694161069006,118.1694161069006,0.6637917787470199
693,2014-03-22,2014,17,30,New England Revolution,Vancouver Whitecaps,1502.2373041761512,1511.6097336991322,110.62757047701893,110.62757047701893,0.6540350528717391
694,2014-03-22,2014,23,14,Real Salt Lake,Los Angeles Galaxy,1607.1478436456398,1536.5577586281022,190.5900850175376,190.5900850175376,0.7497209774571121
695,2014-03-22,2014,29,8,Toronto FC,DC United,1398.2082518414277,1337.4212561225365,180.78699571889115,180.78699571889115,0.7389838151499792
696,2014-03-23,2014,2,26,CF Montreal,Seattle Sounders,1448.8865162760824,1510.6583410351925,58.22817524088987,58.22817524088987,0.5830212370998983
697,2014-03-23,2014,4,19,Chicago Fire,New York Red Bulls,1522.4579945279095,1563.7563851363998,78.70160939150969,78.70160939150969,0.6113624622360554
698,2014-03-23,2014,10,5,FC Dallas,Chivas USA,1482.590228716936,1368.5005922446203,234.08963647231576,234.08963647231576,0.7937252365435404
699,2014-03-23,2014,27,25,Sporting Kansas City,San Jose Earthquakes,1571.9479113665955,1572.619332379872,119.32857898672341,119.32857898672341,0.6652793040331064
700,2014-03-29,2014,6,27,Colorado Rapids,Sporting Kansas City,1522.4772256951494,1580.3159287657677,62.161296929381706,62.161296929381706,0.5885148405873427
701,2014-03-29,2014,8,4,DC United,Chicago Fire,1330.895851501286,1519.673932972008,-68.7780814707221,-68.7780814707221,0.40229336685262546
702,2014-03-29,2014,21,2,Philadelphia Union,CF Montreal,1473.8553006018587,1434.3109853485848,159.5443152532739,159.5443152532739,0.7147182060126845
703,2014-03-29,2014,30,11,Vancouver Whitecaps,Houston Dynamo,1515.4606100209257,1548.8555940027818,86.60501601814394,86.60501601814394,0.6221158229419755
704,2014-03-30,2014,10,22,FC Dallas,Portland Timbers,1487.7470978033475,1531.3773021322045,76.36979567114304,76.36979567114304,0.6081684526691924
705,2014-03-30,2014,19,5,New York Red Bulls,Chivas USA,1566.5404466923012,1363.3437231582088,323.19672353409237,323.19672353409237,0.8653517086510267
706,2014-03-30,2014,23,29,Real Salt Lake,Toronto FC,1600.904819209212,1404.7336564626783,316.1711627465338,316.1711627465338,0.8605694286397715
707,2014-03-30,2014,25,17,San Jose Earthquakes,New England Revolution,1564.2513149806998,1498.3864278543576,185.86488712634218,185.86488712634218,0.7445825187572701
708,2014-03-30,2014,26,7,Seattle Sounders,Columbus Crew,1525.23387196269,1488.8351277714085,156.3987441912816,156.3987441912816,0.7110118766756869
709,2014-04-05,2014,2,19,CF Montreal,New York Red Bulls,1439.678940498902,1557.4066539760256,2.2722865228763567,2.2722865228763567,0.5032700365478128
710,2014-04-05,2014,4,21,Chicago Fire,Philadelphia Union,1517.2312671433237,1468.4873454515416,168.74392169178213,168.74392169178213,0.7253921044509977
711,2014-04-05,2014,7,29,Columbus Crew,Toronto FC,1506.6104246883006,1401.2478921786726,225.36253250962795,225.36253250962795,0.7853787130719033
712,2014-04-05,2014,22,26,Portland Timbers,Seattle Sounders,1521.5815134489342,1507.458575045798,134.12293840313623,134.12293840313623,0.6839693051188633
713,2014-04-05,2014,30,6,Vancouver Whitecaps,Colorado Rapids,1524.9077144473763,1507.7643546804659,137.1433597669104,137.1433597669104,0.6877155076948377
714,2014-04-06,2014,5,14,Chivas USA,Los Angeles Galaxy,1372.4775158744844,1542.80078306453,-50.3232671900455,50.3232671900455,0.4280812278836661
715,2014-04-06,2014,8,17,DC United,New England Revolution,1333.3385173299703,1517.0009908232894,-63.66247349331911,-63.66247349331911,0.40939410995910347
716,2014-04-06,2014,11,10,Houston Dynamo,FC Dallas,1539.4084895763312,1497.5428864866178,161.86560308971343,161.86560308971343,0.7174349134939216
717,2014-04-06,2014,27,23,Sporting Kansas City,Real Salt Lake,1595.0287997804512,1604.3905834932177,110.63821628723349,110.63821628723349,0.6540489192626986
718,2014-04-12,2014,2,4,CF Montreal,Chicago Fire,1439.5971895852067,1511.596464532049,48.000725053157794,48.000725053157794,0.5686424156535747
719,2014-04-12,2014,17,11,New England Revolution,Houston Dynamo,1502.235843572267,1521.472616738983,100.76322683328385,100.76322683328385,0.6410765550752577
720,2014-04-12,2014,21,23,Philadelphia Union,Real Salt Lake,1474.1221480628164,1608.241806474785,-14.119658411968658,-14.119658411968658,0.47969135736186735
721,2014-04-12,2014,29,6,Toronto FC,Colorado Rapids,1420.8823600054702,1524.9572423728368,15.925117632633373,15.925117632633373,0.5229020500629479
722,2014-04-13,2014,8,19,DC United,New York Red Bulls,1348.1036645809927,1557.4884048897209,-89.38474030872817,-89.38474030872817,0.3741298653040878
723,2014-04-13,2014,10,26,FC Dallas,Seattle Sounders,1515.478759323966,1512.0578076737695,123.42095165019646,123.42095165019646,0.6705045864418598
724,2014-04-13,2014,14,30,Los Angeles Galaxy,Vancouver Whitecaps,1553.5028137616216,1507.7148267550053,165.78798700661628,165.78798700661628,0.7219896315940674
725,2014-04-13,2014,22,5,Portland Timbers,Chivas USA,1516.9822808209626,1361.7754851773927,275.2067956435699,275.2067956435699,0.8298010127846108
726,2014-04-13,2014,25,7,San Jose Earthquakes,Columbus Crew,1545.636752011768,1486.975956861503,178.66079515026513,178.66079515026513,0.7366161022815567
727,2014-04-17,2014,19,21,New York Red Bulls,Philadelphia Union,1541.841651522323,1474.6298641287697,187.21178739355332,187.21178739355332,0.7460542537897014
728,2014-04-19,2014,4,17,Chicago Fire,New England Revolution,1513.3125249233883,1511.2089296953855,122.10359522800286,122.10359522800286,0.6688270578357118
729,2014-04-19,2014,6,25,Colorado Rapids,San Jose Earthquakes,1538.0297936244106,1539.721349454729,118.30844416968148,118.30844416968148,0.6639703622832225
730,2014-04-19,2014,21,11,Philadelphia Union,Houston Dynamo,1468.2812204735121,1512.4995306158646,75.7816898576475,75.7816898576475,0.607361416297878
731,2014-04-20,2014,5,26,Chivas USA,Seattle Sounders,1370.020510497008,1528.820422334816,-38.79991183780794,38.79991183780794,0.4443934091778675
732,2014-04-20,2014,7,8,Columbus Crew,DC United,1492.891359418542,1363.7504179483906,249.14094147015135,249.14094147015135,0.8075503033278219
733,2014-04-20,2014,10,29,FC Dallas,Toronto FC,1498.7161446629195,1407.8098087538965,210.90633590902303,210.90633590902303,0.7710190841792925
734,2014-04-20,2014,23,22,Real Salt Lake,Portland Timbers,1607.734090408832,1508.7372555013474,218.99683490748453,218.99683490748453,0.7791374855418007
735,2014-04-20,2014,27,2,Sporting Kansas City,CF Montreal,1591.1775767988838,1437.8811291938673,273.2964476050165,273.2964476050165,0.8282422763618694
736,2014-04-20,2014,30,14,Vancouver Whitecaps,Los Angeles Galaxy,1500.764567544857,1560.4530729717699,60.3114945730872,-60.3114945730872,0.5859337809212121
737,2014-04-24,2014,19,11,New York Red Bulls,Houston Dynamo,1548.1902951775805,1515.1835660233116,153.0067291542689,153.0067291542689,0.7069833193675605
738,2014-04-26,2014,2,21,CF Montreal,Philadelphia Union,1433.587186102914,1465.597185066065,87.99000103684898,87.99000103684898,0.6239882539036375
739,2014-04-26,2014,26,6,Seattle Sounders,Colorado Rapids,1539.9302575642625,1533.93053456733,125.99972299693263,125.99972299693263,0.6737758374014846
740,2014-04-27,2014,7,19,Columbus Crew,New York Red Bulls,1485.2026018353463,1555.5157121933914,49.68688964195485,49.68688964195485,0.5710216634963197
741,2014-04-27,2014,8,10,DC United,FC Dallas,1371.4391755315862,1504.4406675584373,-13.00149202685111,-13.00149202685111,0.4812980778748898
742,2014-04-27,2014,11,22,Houston Dynamo,Portland Timbers,1507.8581490075007,1503.2156926398925,124.64245636760825,124.64245636760825,0.6720561866058301
743,2014-04-27,2014,17,27,New England Revolution,Sporting Kansas City,1515.4296061412783,1595.471519889837,39.95808625144127,-39.95808625144127,0.5572521067038378
744,2014-04-27,2014,23,30,Real Salt Lake,Vancouver Whitecaps,1613.255653270287,1498.6162230218267,234.63943024846026,234.63943024846026,0.7942429243166894
745,2014-04-27,2014,25,5,San Jose Earthquakes,Chivas USA,1543.8206085118097,1358.9106752675614,304.90993324424835,304.90993324424835,0.8526078095296161
746,2014-05-03,2014,29,17,Toronto FC,New England Revolution,1402.0852858583787,1526.4983034736824,-4.4130176153037155,-4.4130176153037155,0.49364949865101676
747,2014-05-04,2014,4,23,Chicago Fire,Real Salt Lake,1509.0918484774954,1605.8995801623698,23.192268315125602,23.192268315125602,0.5333268710803826
748,2014-05-04,2014,5,11,Chivas USA,Houston Dynamo,1355.2258705058018,1503.556744342355,-28.33087383655311,28.33087383655311,0.45931872159121717
749,2014-05-04,2014,6,14,Colorado Rapids,Los Angeles Galaxy,1525.774930502367,1562.6014174948002,83.17351300756673,-83.17351300756673,0.6174609830402359
750,2014-05-04,2014,10,19,FC Dallas,New York Red Bulls,1491.4731195053096,1557.2912537807995,54.18186572451009,54.18186572451009,0.5773479589910776
751,2014-05-04,2014,22,8,Portland Timbers,DC United,1507.5170973050383,1384.406723584714,243.11037372032433,243.11037372032433,0.8020975190204158
752,2014-05-04,2014,26,21,Seattle Sounders,Philadelphia Union,1548.0858616292255,1456.196891413656,211.88897021556954,211.88897021556954,0.7720162000014986
753,2014-05-04,2014,27,7,Sporting Kansas City,Columbus Crew,1584.402822557433,1483.4270602479382,220.9757623094947,220.9757623094947,0.7810915469088225
754,2014-05-04,2014,30,25,Vancouver Whitecaps,San Jose Earthquakes,1505.9722961297439,1547.5054132735693,78.4668828561746,78.4668828561746,0.6110413723031636
755,2014-05-08,2014,11,7,Houston Dynamo,Columbus Crew,1515.0397123821353,1477.9543489206587,157.08536346147662,157.08536346147662,0.7118233344196028
756,2014-05-08,2014,25,6,San Jose Earthquakes,Colorado Rapids,1537.7814475811483,1535.338405926361,122.4430416547873,122.4430416547873,0.6692597233048753
757,2014-05-08,2014,26,10,Seattle Sounders,FC Dallas,1553.785456629188,1477.0394205305327,196.7460360986554,196.7460360986554,0.7563112542418051
758,2014-05-10,2014,2,27,CF Montreal,Sporting Kansas City,1442.9874797553232,1589.8755338847125,-26.888054129389275,26.888054129389275,0.4613820459683217
759,2014-05-10,2014,21,8,Philadelphia Union,DC United,1450.4972964136934,1379.4591615602244,191.03813485346905,191.03813485346905,0.7502046219687012
760,2014-05-11,2014,6,5,Colorado Rapids,Chivas USA,1539.569899008983,1343.7429024660214,315.8269965429615,315.8269965429615,0.860331537620133
761,2014-05-11,2014,7,30,Columbus Crew,Vancouver Whitecaps,1470.7499322811489,1515.6962618221648,75.05367045898402,75.05367045898402,0.6063615691003854
762,2014-05-11,2014,17,26,New England Revolution,Seattle Sounders,1538.839540939958,1559.8776752731428,98.96186566681513,98.96186566681513,0.6386870931871778
763,2014-05-11,2014,19,4,New York Red Bulls,Chicago Fire,1571.7249527555764,1495.758676700486,195.96627605509047,195.96627605509047,0.7554830224038878
764,2014-05-11,2014,22,14,Portland Timbers,Los Angeles Galaxy,1512.4646593295279,1553.0379420708061,79.42671725872174,-79.42671725872174,0.6123537491477391
765,2014-05-11,2014,25,10,San Jose Earthquakes,FC Dallas,1533.5499544985264,1470.947201886578,182.60275261194852,182.60275261194852,0.7409948904430661
766,2014-05-12,2014,11,23,Houston Dynamo,Real Salt Lake,1522.2441290216452,1619.2327519393793,23.01137708226588,23.01137708226588,0.5330676952438299
767,2014-05-15,2014,27,21,Sporting Kansas City,Philadelphia Union,1601.4100850339205,1431.7421808644758,289.6679041694447,289.6679041694447,0.8412372125813704
768,2014-05-17,2014,29,19,Toronto FC,New York Red Bulls,1389.7440483921032,1552.8378771954792,-43.09382880337603,-43.09382880337603,0.43829908234171056
769,2014-05-18,2014,4,27,Chicago Fire,Sporting Kansas City,1514.645752260583,1580.3791547193862,54.266597541196916,54.266597541196916,0.5774669752864596
770,2014-05-18,2014,8,2,DC United,CF Montreal,1398.214277109442,1431.4529286061152,86.76134850332687,86.76134850332687,0.6223273603265678
771,2014-05-18,2014,10,5,FC Dallas,Chivas USA,1464.4720741476544,1365.2511909065247,219.22088324112974,219.22088324112974,0.7793593445894682
772,2014-05-18,2014,11,14,Houston Dynamo,Los Angeles Galaxy,1508.9174366405496,1555.8467857994997,73.07065084104988,-73.07065084104988,0.6036336294419155
773,2014-05-18,2014,21,17,Philadelphia Union,New England Revolution,1452.7731111790101,1547.8723636102784,24.90074756873173,24.90074756873173,0.5357738253085498
774,2014-05-18,2014,22,7,Portland Timbers,Columbus Crew,1509.6558156008343,1455.5908930536393,174.064922547195,174.064922547195,0.7314512749530985
775,2014-05-18,2014,23,6,Real Salt Lake,Colorado Rapids,1632.559444320475,1518.0616105684796,234.49783375199536,234.49783375199536,0.7941096886540114
776,2014-05-18,2014,26,25,Seattle Sounders,San Jose Earthquakes,1550.8448526028224,1540.0250822374499,130.8197703653725,130.8197703653725,0.6798449032066085
777,2014-05-22,2014,8,11,DC United,Houston Dynamo,1395.1560931012777,1518.8265959045016,-3.670502803223826,-3.670502803223826,0.4947179183602572
778,2014-05-22,2014,14,10,Los Angeles Galaxy,FC Dallas,1545.9376265355477,1457.4880905329178,208.44953600262988,208.44953600262988,0.768512683894922
779,2014-05-24,2014,27,29,Sporting Kansas City,Toronto FC,1569.8158291015477,1403.7865713335605,286.02925776798725,286.02925776798725,0.8384197250662581
780,2014-05-25,2014,6,2,Colorado Rapids,CF Montreal,1512.9143527848298,1434.5111126142795,198.40324017055036,198.40324017055036,0.7580651502319898
781,2014-05-25,2014,7,4,Columbus Crew,Chicago Fire,1461.3771749274667,1525.2090778784216,56.16809704904517,56.16809704904517,0.5801354758003624
782,2014-05-25,2014,17,8,New England Revolution,DC United,1561.2667092429922,1407.7881451422713,273.47856410072086,273.47856410072086,0.8283913597289165
783,2014-05-25,2014,19,22,New York Red Bulls,Portland Timbers,1538.795354254022,1503.869533727007,154.92582052701505,154.92582052701505,0.7092665855219284
784,2014-05-25,2014,23,10,Real Salt Lake,FC Dallas,1637.7067021041248,1451.7009076302909,306.00579447383393,306.00579447383393,0.8533987952656504
785,2014-05-25,2014,30,26,Vancouver Whitecaps,Seattle Sounders,1530.8553010496744,1558.848730022657,92.00657102701734,92.00657102701734,0.6293973703844432
786,2014-05-26,2014,14,21,Los Angeles Galaxy,Philadelphia Union,1551.7248094381746,1439.3787655462963,232.34604389187825,232.34604389187825,0.7920770909503758
787,2014-05-26,2014,25,11,San Jose Earthquakes,Houston Dynamo,1532.0212048176152,1506.194543863508,145.82666095410718,145.82666095410718,0.6983484694294368
788,2014-05-28,2014,27,19,Sporting Kansas City,New York Red Bulls,1561.3553359748912,1521.0636896159738,160.29164635891743,160.29164635891743,0.7155945528229674
789,2014-05-29,2014,5,22,Chivas USA,Portland Timbers,1372.2351745212613,1521.601198365055,-29.366023843793755,-29.366023843793755,0.45783924561928324
790,2014-05-31,2014,26,23,Seattle Sounders,Real Salt Lake,1562.083664282268,1628.8717322224836,53.21193205978443,53.21193205978443,0.5759849309084398
791,2014-05-31,2014,29,7,Toronto FC,Columbus Crew,1412.247064460217,1471.8737880324577,60.373276427759265,60.373276427759265,0.5860200632184589
792,2014-06-01,2014,2,17,CF Montreal,New England Revolution,1428.4627413700791,1565.5569252497694,-17.094183879690263,-17.094183879690263,0.4754193231642356
793,2014-06-01,2014,4,14,Chicago Fire,Los Angeles Galaxy,1514.7124647734306,1556.9228821644151,77.7895826090155,-77.7895826090155,0.6101143323143213
794,2014-06-01,2014,5,21,Chivas USA,Philadelphia Union,1360.7891933807794,1434.1806928200558,46.60850056072354,-46.60850056072354,0.5666755336319094
795,2014-06-01,2014,8,27,DC United,Sporting Kansas City,1403.4979291354944,1555.965472154317,-32.46754301882265,32.46754301882265,0.45341098725305107
796,2014-06-01,2014,10,25,FC Dallas,San Jose Earthquakes,1460.535877511932,1539.5624930818792,40.973384430052874,40.973384430052874,0.5586935945846505
797,2014-06-02,2014,6,11,Colorado Rapids,Houston Dynamo,1518.9627240290301,1498.653255599244,140.3094684297862,140.3094684297862,0.691616234056676
798,2014-06-02,2014,22,30,Portland Timbers,Vancouver Whitecaps,1533.047179505537,1527.6203667900634,125.42681271547372,125.42681271547372,0.6730505294419774
799,2014-06-05,2014,6,4,Colorado Rapids,Chicago Fire,1526.6723181776133,1511.9596064655725,134.7127117120408,134.7127117120408,0.6847026953264288
800,2014-06-05,2014,7,23,Columbus Crew,Real Salt Lake,1461.5242896129191,1618.2713554951947,-36.74706588227559,-36.74706588227559,0.44731303686128754
801,2014-06-07,2014,8,7,DC United,Columbus Crew,1417.162654454168,1462.841463691387,74.32119076278104,74.32119076278104,0.6053546962802329
802,2014-06-07,2014,11,27,Houston Dynamo,Sporting Kansas City,1490.9436614506608,1542.3007468356434,68.64291461501739,-68.64291461501739,0.5975195262264298
803,2014-06-07,2014,29,25,Toronto FC,San Jose Earthquakes,1422.5965628797555,1553.5298329464954,-10.933270066739851,-10.933270066739851,0.48427095121342517
804,2014-06-08,2014,4,26,Chicago Fire,Seattle Sounders,1516.5771738487333,1572.684041009557,63.89313283917636,63.89313283917636,0.5909268965279509
805,2014-06-08,2014,10,6,FC Dallas,Colorado Rapids,1446.568537647316,1522.0547507944525,44.513786852863404,44.513786852863404,0.5637122577608163
806,2014-06-08,2014,17,19,New England Revolution,New York Red Bulls,1552.4424083288752,1526.453553436548,145.98885489232725,145.98885489232725,0.6985451165465191
807,2014-06-08,2014,21,30,Philadelphia Union,Vancouver Whitecaps,1448.3475811608535,1544.4466300261129,23.90095113474058,23.90095113474058,0.5343420771805777
808,2014-06-08,2014,23,22,Real Salt Lake,Portland Timbers,1616.954181416727,1516.2209162694876,220.7332651472393,220.7332651472393,0.7808527673196293
809,2014-06-09,2014,14,5,Los Angeles Galaxy,Chivas USA,1559.6757404722732,1346.6223050399817,333.0534354322915,333.0534354322915,0.8718269545358325
810,2014-06-12,2014,2,8,CF Montreal,DC United,1441.5772582909733,1414.5287870471623,147.04847124381104,147.04847124381104,0.6998280205270145
811,2014-06-12,2014,22,10,Portland Timbers,FC Dallas,1535.7422354524783,1457.4757312032955,198.26650424918284,198.26650424918284,0.7579207621041713
812,2014-06-26,2014,30,2,Vancouver Whitecaps,CF Montreal,1545.3051819556274,1424.081557777798,241.22362417782938,241.22362417782938,0.8003678166603265
813,2014-06-28,2014,19,29,New York Red Bulls,Toronto FC,1543.917181350211,1435.48978909942,228.42739225079094,228.42739225079094,0.7883375830812693
814,2014-06-28,2014,22,27,Portland Timbers,Sporting Kansas City,1529.2942163998741,1557.2387349913042,92.0554814085699,92.0554814085699,0.6294630414924864
815,2014-06-29,2014,5,23,Chivas USA,Real Salt Lake,1355.9179789033776,1597.4328622337362,-121.51488333035854,121.51488333035854,0.33192400335685995
816,2014-06-29,2014,6,30,Colorado Rapids,Vancouver Whitecaps,1511.147557238473,1537.7959865391192,93.35157069935372,93.35157069935372,0.6312015270553695
817,2014-06-29,2014,7,10,Columbus Crew,FC Dallas,1465.4753310983926,1463.9237502558997,121.55158084249297,121.55158084249297,0.6681228392899939
818,2014-06-29,2014,8,26,DC United,Seattle Sounders,1432.0244875603375,1587.4572134227558,-35.43272586241824,-35.43272586241824,0.4491842587494326
819,2014-06-29,2014,17,21,New England Revolution,Philadelphia Union,1534.9787804152122,1447.489029231339,207.4897511838733,207.4897511838733,0.7675283295309354
820,2014-06-29,2014,25,14,San Jose Earthquakes,Los Angeles Galaxy,1540.636606726831,1550.3800666088773,110.25654011795359,-110.25654011795359,0.6535516146262159
821,2014-06-30,2014,2,11,CF Montreal,Houston Dynamo,1431.5907531943062,1476.005673295,75.58507989930627,75.58507989930627,0.6070914844611487
822,2014-07-03,2014,4,29,Chicago Fire,Toronto FC,1501.8040014355345,1442.6982286764517,179.1057727590828,179.1057727590828,0.7371127642484399
823,2014-07-03,2014,25,5,San Jose Earthquakes,Chivas USA,1524.2978163611756,1372.619878819456,271.67793754171953,271.67793754171953,0.8269128269566118
824,2014-07-05,2014,6,7,Colorado Rapids,Columbus Crew,1520.3675190620886,1461.272260116143,179.09525894594572,179.09525894594572,0.7371010362036665
825,2014-07-05,2014,10,21,FC Dallas,Philadelphia Union,1468.1268212381494,1466.6772374696122,121.4495837685372,121.4495837685372,0.6679926366008021
826,2014-07-05,2014,11,19,Houston Dynamo,New York Red Bulls,1466.1829604065288,1536.7087417731793,49.47421863334944,-49.47421863334944,0.5707217543975358
827,2014-07-05,2014,14,22,Los Angeles Galaxy,Portland Timbers,1566.7188569745326,1513.5576403625619,173.16121661197076,173.16121661197076,0.7304281855832628
828,2014-07-05,2014,23,17,Real Salt Lake,New England Revolution,1580.7309623176577,1515.790572176939,184.94039014071882,184.94039014071882,0.7435690991986844
829,2014-07-06,2014,5,2,Chivas USA,CF Montreal,1393.2926994933714,1441.4134660827774,71.879233410594,71.879233410594,0.601991539437829
830,2014-07-06,2014,27,4,Sporting Kansas City,Chicago Fire,1572.9753110286165,1495.8761823293235,197.09912869929303,197.09912869929303,0.7566856699019826
831,2014-07-06,2014,29,8,Toronto FC,DC United,1448.6260477826627,1420.7948810916018,147.83116669106084,147.83116669106084,0.7007736443660105
832,2014-07-06,2014,30,26,Vancouver Whitecaps,Seattle Sounders,1528.5760247155035,1598.6868198914915,49.88920482401204,49.88920482401204,0.571306920389379
833,2014-07-12,2014,25,8,San Jose Earthquakes,DC United,1503.6249956872603,1438.314222200752,185.3107734865082,185.3107734865082,0.74397542387533
834,2014-07-13,2014,2,27,CF Montreal,Sporting Kansas City,1431.4632545687232,1566.558169281067,-15.09491471234378,15.09491471234378,0.4782903295949226
835,2014-07-13,2014,14,23,Los Angeles Galaxy,Real Salt Lake,1560.9581523349511,1587.1417348376906,93.81641749726055,93.81641749726055,0.6318242143325382
836,2014-07-13,2014,17,4,New England Revolution,Chicago Fire,1509.379799656906,1502.293324076873,127.08647558003304,127.08647558003304,0.6751493879581382
837,2014-07-13,2014,19,7,New York Red Bulls,Columbus Crew,1538.4767856331177,1467.1997860212346,191.27699961188318,191.27699961188318,0.7504622080875424
838,2014-07-13,2014,21,6,Philadelphia Union,Colorado Rapids,1458.3770533846323,1514.439993156997,63.93706022763536,63.93706022763536,0.5909880210924228
839,2014-07-13,2014,29,11,Toronto FC,Houston Dynamo,1431.1067066735125,1464.4149165465903,86.69179012692211,86.69179012692211,0.6222332448990515
840,2014-07-13,2014,30,5,Vancouver Whitecaps,Chivas USA,1539.293351705769,1403.2429110074256,256.05044069834344,256.05044069834344,0.8136562388297409
841,2014-07-14,2014,26,22,Seattle Sounders,Portland Timbers,1587.969492901226,1519.3183450021434,188.65114789908262,188.65114789908262,0.7476208232380851
842,2014-07-17,2014,7,27,Columbus Crew,Sporting Kansas City,1460.961341223423,1578.51542752094,2.4459137024830397,-2.4459137024830397,0.5035198946200208
843,2014-07-17,2014,14,17,Los Angeles Galaxy,New England Revolution,1570.1625469766377,1492.5010649579526,197.6614820186851,197.6614820186851,0.7572811771588691
844,2014-07-17,2014,21,19,Philadelphia Union,New York Red Bulls,1456.1023528573216,1544.7152304309293,31.387122426392352,-31.387122426392352,0.5450472201887666
845,2014-07-17,2014,29,30,Toronto FC,Vancouver Whitecaps,1440.5508755510361,1518.9519457350254,41.598929816010696,41.598929816010696,0.5595812332209472
846,2014-07-19,2014,22,6,Portland Timbers,Colorado Rapids,1513.0088655830955,1516.7146936843076,116.29417189878791,116.29417189878791,0.6613784412694151
847,2014-07-19,2014,27,14,Sporting Kansas City,Los Angeles Galaxy,1591.1034248864405,1576.230517547666,134.87290733877444,134.87290733877444,0.6849017418757393
848,2014-07-20,2014,4,21,Chicago Fire,Philadelphia Union,1519.1720587758264,1467.4761723526026,171.69588642322378,171.69588642322378,0.7287640620037674
849,2014-07-20,2014,7,2,Columbus Crew,CF Montreal,1448.3733438579225,1419.5059963288502,148.86734752907228,148.86734752907228,0.7020228898489371
850,2014-07-20,2014,10,17,FC Dallas,New England Revolution,1476.4270053231294,1486.4330943869243,109.99391093620511,109.99391093620511,0.6532092271597936
851,2014-07-20,2014,11,29,Houston Dynamo,Toronto FC,1454.9707476690667,1439.0613447205124,135.90940294855432,135.90940294855432,0.6861879678925554
852,2014-07-20,2014,19,25,New York Red Bulls,San Jose Earthquakes,1533.3414109356484,1485.025610090377,168.31580084527127,168.31580084527127,0.7249009150332701
853,2014-07-20,2014,23,30,Real Salt Lake,Vancouver Whitecaps,1577.937340196004,1520.4414765655492,177.49586363045478,177.49586363045478,0.7353130118876786
854,2014-07-21,2014,8,5,DC United,Chivas USA,1456.9136077976352,1423.5843169781692,153.329290819466,153.329290819466,0.70736782522166
855,2014-07-24,2014,25,4,San Jose Earthquakes,Chicago Fire,1490.6481329662088,1513.4529572257322,97.19517574047654,97.19517574047654,0.6363369362061767
856,2014-07-25,2014,23,2,Real Salt Lake,CF Montreal,1572.0545148988122,1412.0565685750737,279.99794632373846,279.99794632373846,0.8336608298401977
857,2014-07-26,2014,6,5,Colorado Rapids,Chivas USA,1508.249154716043,1416.2685126087108,211.9806421073322,211.9806421073322,0.7721090666872513
858,2014-07-27,2014,17,7,New England Revolution,Columbus Crew,1477.7633250659192,1455.822771611699,141.9405534542202,141.9405534542202,0.6936151988511364
859,2014-07-27,2014,29,27,Toronto FC,Sporting Kansas City,1443.7160439178263,1598.980881339547,-35.26483742172081,35.26483742172081,0.4494233857737297
860,2014-07-27,2014,30,10,Vancouver Whitecaps,FC Dallas,1526.324301862741,1485.0967746441345,161.2275272186066,161.2275272186066,0.7166897088947523
861,2014-07-28,2014,2,22,CF Montreal,Portland Timbers,1407.8980893210787,1521.47440455136,6.423684769718648,6.423684769718648,0.5092433722754326
862,2014-07-29,2014,26,14,Seattle Sounders,Los Angeles Galaxy,1594.2789723202739,1568.3530610945595,145.92591122571434,145.92591122571434,0.698468811061155
863,2014-07-31,2014,4,30,Chicago Fire,Vancouver Whitecaps,1504.3613806308867,1520.9070591403722,103.45432149051453,103.45432149051453,0.644633192852221
864,2014-07-31,2014,8,29,DC United,Toronto FC,1464.2294121670936,1432.4804592734831,151.74895289361052,151.74895289361052,0.7054811806603772
865,2014-07-31,2014,17,6,New England Revolution,Colorado Rapids,1460.4229450946407,1513.9464280488617,66.47651704577902,66.47651704577902,0.5945168145968113
866,2014-07-31,2014,23,19,Real Salt Lake,New York Red Bulls,1576.2129941528071,1527.7188880598167,168.49410609299048,168.49410609299048,0.7251055535301828
867,2014-08-02,2014,2,29,CF Montreal,Toronto FC,1395.167005014193,1425.1174887899926,90.04951622420026,90.04951622420026,0.6267657632108187
868,2014-08-02,2014,14,22,Los Angeles Galaxy,Portland Timbers,1585.8147813710884,1534.2054888582459,171.60929251284256,171.60929251284256,0.7286655187843494
869,2014-08-02,2014,27,21,Sporting Kansas City,Philadelphia Union,1610.2164659838902,1473.1952739026967,257.0211920811935,257.0211920811935,0.8145020197108895
870,2014-08-03,2014,4,7,Chicago Fire,Columbus Crew,1500.7455508095811,1473.1631515829774,147.58239922660368,147.58239922660368,0.7004732777312856
871,2014-08-03,2014,6,23,Colorado Rapids,Real Salt Lake,1503.809348413782,1570.5853553145525,53.22399309922935,53.22399309922935,0.5760018871875451
872,2014-08-03,2014,19,17,New York Red Bulls,New England Revolution,1533.3465268980713,1470.5600247297205,182.7865021683508,182.7865021683508,0.7411978431314956
873,2014-08-03,2014,25,26,San Jose Earthquakes,Seattle Sounders,1499.7397095610543,1576.817252043745,42.92245751730934,-42.92245751730934,0.5614580353687819
874,2014-08-04,2014,5,10,Chivas USA,FC Dallas,1410.5712392758921,1490.5140173665034,40.05722190938877,-40.05722190938877,0.5573928992335265
875,2014-08-04,2014,11,8,Houston Dynamo,DC United,1450.3160484717528,1471.592382650584,98.72366582116865,98.72366582116865,0.6383706095095434
876,2014-08-09,2014,14,25,Los Angeles Galaxy,San Jose Earthquakes,1592.5981434014798,1510.7032586768348,201.89488472464495,201.89488472464495,0.7617323053824425
877,2014-08-10,2014,7,29,Columbus Crew,Toronto FC,1478.1749835262597,1440.786632870263,157.38835065599665,157.38835065599665,0.712180978032882
878,2014-08-10,2014,10,6,FC Dallas,Colorado Rapids,1504.4488398473416,1489.4093012340932,135.0395386132484,135.0395386132484,0.6851087128452401
879,2014-08-10,2014,21,2,Philadelphia Union,CF Montreal,1481.057824395469,1379.4978609339225,221.55996346154643,221.55996346154643,0.7816660228248612
880,2014-08-10,2014,22,5,Portland Timbers,Chivas USA,1527.4221268278545,1396.636416795054,250.78571003280058,250.78571003280058,0.8090174762037967
881,2014-08-10,2014,23,8,Real Salt Lake,DC United,1584.9854024942413,1462.5516478883228,242.43375460591847,242.43375460591847,0.8014785211782284
882,2014-08-11,2014,4,19,Chicago Fire,New York Red Bulls,1495.733718866299,1539.816580819784,75.91713804651499,75.91713804651499,0.6075473391179094
883,2014-08-11,2014,26,11,Seattle Sounders,Houston Dynamo,1565.8537029279644,1459.356783234014,226.4969196939503,226.4969196939503,0.7864773616990816
884,2014-08-11,2014,30,27,Vancouver Whitecaps,Sporting Kansas City,1524.5228889616778,1602.353915491118,42.16897347055988,42.16897347055988,0.5603897843344184
885,2014-08-16,2014,2,4,CF Montreal,Chicago Fire,1374.0395115045442,1505.5450353883512,-11.505523883806973,-11.505523883806973,0.48344827012530667
886,2014-08-16,2014,11,21,Houston Dynamo,Philadelphia Union,1454.018717276491,1486.5161738248473,87.50254345164376,87.50254345164376,0.6233296547090424
887,2014-08-16,2014,23,26,Real Salt Lake,Seattle Sounders,1589.9484394647855,1571.1917688854874,138.7566705792981,138.7566705792981,0.6897065175613368
888,2014-08-17,2014,5,30,Chivas USA,Vancouver Whitecaps,1391.861853700149,1535.5131443533173,-23.651290653168417,23.651290653168417,0.466015535765629
889,2014-08-17,2014,7,14,Columbus Crew,Los Angeles Galaxy,1460.3704590754376,1586.0548357669188,-5.684376691481248,5.684376691481248,0.49182025419493103
890,2014-08-17,2014,17,22,New England Revolution,Portland Timbers,1464.0899708080078,1532.1966899227596,51.89328088524826,51.89328088524826,0.57413000521955
891,2014-08-17,2014,25,10,San Jose Earthquakes,FC Dallas,1517.2465663113958,1512.3211220262106,124.92544428518522,124.92544428518522,0.6724151141710697
892,2014-08-17,2014,27,29,Sporting Kansas City,Toronto FC,1591.3636600994785,1458.5911573210851,252.77250277839335,252.77250277839335,0.8107783283818666
893,2014-08-18,2014,8,6,DC United,Colorado Rapids,1457.5886109177786,1481.5370190552242,96.05159186255446,96.05159186255446,0.6348121869351556
894,2014-08-21,2014,6,14,Colorado Rapids,Los Angeles Galaxy,1472.4073237286032,1573.350342121792,19.056981606811178,-19.056981606811178,0.5273977306466393
895,2014-08-21,2014,26,25,Seattle Sounders,San Jose Earthquakes,1563.4344318245207,1500.436188457119,182.99824336740176,182.99824336740176,0.7414315843964238
896,2014-08-23,2014,10,23,FC Dallas,Real Salt Lake,1529.1314998804874,1597.705776525752,51.42572335473528,51.42572335473528,0.5734717952788059
897,2014-08-24,2014,7,11,Columbus Crew,Houston Dynamo,1473.0749527205644,1463.435475908765,129.63947681179934,129.63947681179934,0.6783642773654441
898,2014-08-24,2014,14,30,Los Angeles Galaxy,Vancouver Whitecaps,1586.5352853879579,1534.663532747458,171.87175264049984,171.87175264049984,0.728964127269057
899,2014-08-24,2014,17,5,New England Revolution,Chivas USA,1462.236720677519,1392.7114653060082,189.52525537151087,189.52525537151087,0.7485690533495263
900,2014-08-24,2014,19,2,New York Red Bulls,CF Montreal,1530.0052642977316,1386.9533047514115,263.0519595463202,263.0519595463202,0.8196900256614046
901,2014-08-24,2014,22,26,Portland Timbers,Seattle Sounders,1534.0499400532483,1557.3986422146102,96.65129783863813,96.65129783863813,0.6356121189939063
902,2014-08-24,2014,27,8,Sporting Kansas City,DC United,1596.0942018899318,1466.7183062443996,249.37589564553218,249.37589564553218,0.8077604124948424
903,2014-08-24,2014,29,4,Toronto FC,Chicago Fire,1453.8606155306318,1492.6312421414839,81.2293733891479,81.2293733891479,0.6148140976084641
904,2014-08-25,2014,21,25,Philadelphia Union,San Jose Earthquakes,1477.0994151925734,1506.4719780670296,90.62743712554379,90.62743712554379,0.6275436695773309
905,2014-08-28,2014,14,8,Los Angeles Galaxy,DC United,1593.3111822062315,1486.9123165567707,226.39886564946073,226.39886564946073,0.7863825588078507
906,2014-08-30,2014,26,6,Seattle Sounders,Colorado Rapids,1573.2889451894578,1459.2223804624373,234.06656472702048,234.06656472702048,0.7937034910447278
907,2014-08-30,2014,27,11,Sporting Kansas City,Houston Dynamo,1575.9001915775607,1455.3945828429012,240.50560873465952,240.50560873465952,0.7997065927585679
908,2014-08-30,2014,29,17,Toronto FC,New England Revolution,1450.9902630904203,1468.5224943437809,102.46776874663942,102.46776874663942,0.6433311621365538
909,2014-08-31,2014,2,7,CF Montreal,Columbus Crew,1382.4455553929465,1481.1158457864283,21.329709606518236,-21.329709606518236,0.5306574137843826
910,2014-08-31,2014,4,10,Chicago Fire,FC Dallas,1495.5015945816954,1539.7947049985173,75.70688958317805,75.70688958317805,0.6072587284308911
911,2014-08-31,2014,8,19,DC United,New York Red Bulls,1481.571880526967,1534.5130136561966,67.05886687077054,67.05886687077054,0.5953246793287335
912,2014-08-31,2014,25,23,San Jose Earthquakes,Real Salt Lake,1497.160569806463,1587.042571407722,30.117998398740838,-30.117998398740838,0.5432350406046849
913,2014-08-31,2014,30,22,Vancouver Whitecaps,Portland Timbers,1527.8876359291844,1518.1596370784007,129.7279988507837,129.7279988507837,0.6784754492258461
914,2014-09-01,2014,5,14,Chivas USA,Los Angeles Galaxy,1386.4256916397464,1598.6516182360351,-92.22592659628867,92.22592659628867,0.370308142179205
915,2014-09-04,2014,5,26,Chivas USA,Seattle Sounders,1377.1679880852664,1578.4463579133396,-81.27836982807321,81.27836982807321,0.38511911102200524
916,2014-09-04,2014,17,27,New England Revolution,Sporting Kansas City,1484.6057733971948,1555.9075267585965,48.69824663859822,48.69824663859822,0.5696270381923736
917,2014-09-04,2014,21,29,Philadelphia Union,Toronto FC,1486.41082345314,1434.9069840370064,171.5038394161336,171.5038394161336,0.7285454836132693
918,2014-09-06,2014,14,6,Los Angeles Galaxy,Colorado Rapids,1607.9093217905152,1454.0649677385554,273.8443540519597,273.8443540519597,0.8286904910000489
919,2014-09-06,2014,29,21,Toronto FC,Philadelphia Union,1428.1206211273382,1493.1971863628082,54.92343476452993,54.92343476452993,0.5783892781527346
920,2014-09-07,2014,7,5,Columbus Crew,Chivas USA,1469.3822811310379,1367.5400103097163,221.84227082132156,221.84227082132156,0.7819432409469932
921,2014-09-07,2014,11,2,Houston Dynamo,CF Montreal,1475.3872476618653,1394.179120048337,201.2081276135284,201.2081276135284,0.7610140557166782
922,2014-09-07,2014,19,27,New York Red Bulls,Sporting Kansas City,1524.3961306394149,1545.148202713406,99.24792792600897,99.24792792600897,0.6390670100824513
923,2014-09-07,2014,22,25,Portland Timbers,San Jose Earthquakes,1535.1215233090468,1496.0796937913458,159.041829517701,159.041829517701,0.7141280622113396
924,2014-09-07,2014,23,10,Real Salt Lake,FC Dallas,1588.1234474228393,1529.9761732092895,178.14727421354974,178.14727421354974,0.736042186933763
925,2014-09-07,2014,30,8,Vancouver Whitecaps,DC United,1510.9257496985383,1491.6887635437488,139.23698615478952,139.23698615478952,0.6902979312013381
926,2014-09-08,2014,17,4,New England Revolution,Chicago Fire,1495.3650974423854,1505.3201263709232,110.04497107146221,110.04497107146221,0.6532758062632693
927,2014-09-11,2014,2,14,CF Montreal,Los Angeles Galaxy,1388.2044714412539,1612.1920595155138,-103.98758807425997,103.98758807425997,0.3546639024049615
928,2014-09-11,2014,19,8,New York Red Bulls,DC United,1533.4194553873535,1496.4462118237823,156.97324356357126,156.97324356357126,0.7116909219802005
929,2014-09-11,2014,30,25,Vancouver Whitecaps,San Jose Earthquakes,1506.1683014185048,1501.4328953466293,124.73540607187556,124.73540607187556,0.6721741015217149
930,2014-09-13,2014,5,27,Chivas USA,Sporting Kansas City,1362.0885913333912,1536.1248779654672,-54.0362866320761,54.0362866320761,0.42285654577621296
931,2014-09-13,2014,21,19,Philadelphia Union,New York Red Bulls,1507.6569183166266,1540.6271823378486,87.02973597877804,87.02973597877804,0.6226904134728636
932,2014-09-13,2014,26,23,Seattle Sounders,Real Salt Lake,1588.0743356888897,1594.7223927494952,113.35194293939458,113.35194293939458,0.6575750145952151
933,2014-09-14,2014,4,29,Chicago Fire,Toronto FC,1496.652021527505,1413.6608891735198,202.99113235398522,202.99113235398522,0.7628757463449612
934,2014-09-14,2014,6,22,Colorado Rapids,Portland Timbers,1449.7822300135567,1529.7683217537633,40.013908259793425,40.013908259793425,0.55733138629168
935,2014-09-14,2014,10,30,FC Dallas,Vancouver Whitecaps,1523.3772278826336,1514.363948880462,129.01327900217166,129.01327900217166,0.67757727989421
936,2014-09-14,2014,11,7,Houston Dynamo,Columbus Crew,1481.3618962689484,1474.833700107363,126.52819616158536,126.52819616158536,0.6744441510495758
937,2014-09-14,2014,17,2,New England Revolution,CF Montreal,1504.0332022858036,1391.8378738811298,232.19532840467377,232.19532840467377,0.7919341708171257
938,2014-09-14,2014,25,14,San Jose Earthquakes,Los Angeles Galaxy,1493.2372478846721,1608.558657075638,4.678590809034176,-4.678590809034176,0.5067326264596013
939,2014-09-20,2014,22,30,Portland Timbers,Vancouver Whitecaps,1531.2016064110553,1506.3033808778173,144.89822553323802,144.89822553323802,0.6972214154652207
940,2014-09-20,2014,23,6,Real Salt Lake,Colorado Rapids,1586.1617681143755,1448.3489453562647,257.81282275811077,257.81282275811077,0.8151895422420701
941,2014-09-21,2014,2,25,CF Montreal,San Jose Earthquakes,1386.6362281515578,1493.0689322231822,13.567295928375643,13.567295928375643,0.5195149899637885
942,2014-09-21,2014,4,8,Chicago Fire,DC United,1490.080127868881,1489.2384848732872,120.8416429955937,120.8416429955937,0.6672160474568639
943,2014-09-21,2014,7,17,Columbus Crew,New England Revolution,1479.1948038836024,1509.2348480153755,89.95995586822687,89.95995586822687,0.6266451522928753
944,2014-09-21,2014,14,10,Los Angeles Galaxy,FC Dallas,1608.7269727371279,1531.4377958852783,197.28917685184956,197.28917685184956,0.7568870333150646
945,2014-09-21,2014,19,26,New York Red Bulls,Seattle Sounders,1543.6944426746702,1596.6349603240094,67.0594823506608,67.0594823506608,0.5953255328808127
946,2014-09-21,2014,21,11,Philadelphia Union,Houston Dynamo,1504.589657979805,1477.000792492709,147.58886548709597,147.58886548709597,0.7004810874033675
947,2014-09-21,2014,29,5,Toronto FC,Chivas USA,1420.2327828321438,1351.5171776889858,188.71560514315797,188.71560514315797,0.7476908271699289
948,2014-09-25,2014,10,26,FC Dallas,Seattle Sounders,1525.3599717181548,1586.5180986460298,58.841873072125054,58.841873072125054,0.5838798171426516
949,2014-09-27,2014,8,21,DC United,Philadelphia Union,1493.418886059709,1499.5776307947208,113.84125526498815,113.84125526498815,0.6582089713001466
950,2014-09-27,2014,26,5,Seattle Sounders,Chivas USA,1576.115094074596,1345.209448368234,350.90564570636207,350.90564570636207,0.8828784521852328
951,2014-09-27,2014,27,17,Sporting Kansas City,New England Revolution,1546.6962916098726,1499.9009768226974,166.79531478717513,166.79531478717513,0.7231520395293035
952,2014-09-27,2014,29,22,Toronto FC,Portland Timbers,1426.5405121528956,1538.7710710244248,7.769441128470817,7.769441128470817,0.5111792611674496
953,2014-09-28,2014,6,25,Colorado Rapids,San Jose Earthquakes,1443.7286839123165,1481.056806972277,82.67187694003951,82.67187694003951,0.6167786808910449
954,2014-09-28,2014,7,2,Columbus Crew,CF Montreal,1488.5286750762805,1398.648353402463,209.88032167381743,209.88032167381743,0.7699746815280882
955,2014-09-28,2014,11,4,Houston Dynamo,Chicago Fire,1482.0128196777932,1485.8997266824592,116.113092995334,116.113092995334,0.6611449550708248
956,2014-09-28,2014,30,23,Vancouver Whitecaps,Real Salt Lake,1498.7339162644478,1590.7820295583238,27.951886706124014,27.951886706124014,0.5401394347278398
957,2014-09-29,2014,14,19,Los Angeles Galaxy,New York Red Bulls,1614.8047969042514,1553.8113043526498,180.99349255160155,180.99349255160155,0.7392130327966038
958,2014-10-03,2014,21,4,Philadelphia Union,Chicago Fire,1491.0328550772244,1477.4283505592298,133.60450451799466,133.60450451799466,0.6833238691890682
959,2014-10-04,2014,8,27,DC United,Sporting Kansas City,1501.9636617772053,1528.61749062164,93.34617115556534,-93.34617115556534,0.6311942915030045
960,2014-10-04,2014,19,11,New York Red Bulls,Houston Dynamo,1547.291630172565,1490.4841958010227,176.80743437154229,176.80743437154229,0.7345409991399402
961,2014-10-05,2014,4,2,Chicago Fire,CF Montreal,1482.0114472889566,1392.8977204406654,209.1137268482912,209.1137268482912,0.7691921701300828
962,2014-10-05,2014,6,26,Colorado Rapids,Seattle Sounders,1440.8092168900403,1579.0431327699653,-18.233915879925007,18.233915879925007,0.4737833507827014
963,2014-10-05,2014,14,29,Los Angeles Galaxy,Toronto FC,1621.3244710843362,1438.7610306237093,302.5634404606269,302.5634404606269,0.850902255484057
964,2014-10-05,2014,17,7,New England Revolution,Columbus Crew,1517.97977781093,1494.2793080380782,143.70046977285187,143.70046977285187,0.6957639137487397
965,2014-10-05,2014,25,22,San Jose Earthquakes,Portland Timbers,1483.9762739945531,1526.5505525536112,77.42572144094197,77.42572144094197,0.6096159760482874
966,2014-10-05,2014,30,10,Vancouver Whitecaps,FC Dallas,1510.2304303962517,1535.7629762895886,94.46745410666313,94.46745410666313,0.6326955742635701
967,2014-10-06,2014,5,23,Chivas USA,Real Salt Lake,1342.2814096728648,1579.2855154265199,-117.00410575365504,117.00410575365504,0.3377069164076232
968,2014-10-09,2014,22,25,Portland Timbers,San Jose Earthquakes,1541.7909519548184,1468.735874593346,193.0550773614725,193.0550773614725,0.752374067216106
969,2014-10-09,2014,29,11,Toronto FC,Houston Dynamo,1435.0335870108108,1483.8477207795213,71.18586623128954,71.18586623128954,0.6010348347046316
970,2014-10-11,2014,2,17,CF Montreal,New England Revolution,1399.6275246939174,1525.5856799672115,-5.958155273294096,5.958155273294096,0.49142636575051685
971,2014-10-11,2014,26,30,Seattle Sounders,Vancouver Whitecaps,1590.887716539533,1519.4130410396624,191.4746754998705,191.4746754998705,0.7506752429820015
972,2014-10-11,2014,27,4,Sporting Kansas City,Chicago Fire,1531.8973479092151,1475.2816430357045,176.6157048735106,176.6157048735106,0.7343257355786152
973,2014-10-12,2014,5,6,Chivas USA,Colorado Rapids,1358.8387367626742,1428.9646331204726,49.87410364220159,-49.87410364220159,0.5712856299177053
974,2014-10-12,2014,11,8,Houston Dynamo,DC United,1498.8735916471371,1498.6838044896301,120.189787157507,120.189787157507,0.6663823505443991
975,2014-10-12,2014,19,29,New York Red Bulls,Toronto FC,1553.9281051940663,1420.007716143195,253.92038905087134,253.92038905087134,0.8117899894986454
976,2014-10-12,2014,21,7,Philadelphia Union,Columbus Crew,1486.4497583474977,1486.6734058817967,119.77635246570094,119.77635246570094,0.6658530444223356
977,2014-10-12,2014,23,25,Real Salt Lake,San Jose Earthquakes,1562.7281883367104,1462.5452262737485,220.1829620629619,220.1829620629619,0.7803102058075567
978,2014-10-13,2014,10,14,FC Dallas,Los Angeles Galaxy,1526.5803656461778,1625.0519146972347,21.528450948943146,-21.528450948943146,0.5309423402790886
979,2014-10-17,2014,11,17,Houston Dynamo,New England Revolution,1482.2140328835271,1525.3713391109743,76.84269377255282,76.84269377255282,0.6088169652781188
980,2014-10-18,2014,6,10,Colorado Rapids,FC Dallas,1418.2467738684152,1538.3068071392006,-0.060033270785424975,0.060033270785424975,0.4999136051793635
981,2014-10-18,2014,22,23,Portland Timbers,Real Salt Lake,1547.9816002744158,1568.2204331915216,99.76116708289419,99.76116708289419,0.6397482024020458
982,2014-10-18,2014,29,2,Toronto FC,CF Montreal,1415.3024658806612,1399.8418655501546,135.46060033050662,135.46060033050662,0.6856313816319898
983,2014-10-19,2014,8,4,DC United,Chicago Fire,1515.34336325324,1468.6397864251699,166.70357682807025,166.70357682807025,0.7230463025529857
984,2014-10-19,2014,19,7,New York Red Bulls,Columbus Crew,1558.6333554566002,1503.3197319923552,175.31362346424498,175.31362346424498,0.7328608844730473
985,2014-10-19,2014,21,27,Philadelphia Union,Sporting Kansas City,1469.8034322369392,1538.5392045197498,51.26422771718944,51.26422771718944,0.5732443871714645
986,2014-10-19,2014,25,30,San Jose Earthquakes,Vancouver Whitecaps,1457.0529814189374,1538.1799221142123,38.873059304725075,-38.873059304725075,0.5557105540635516
987,2014-10-20,2014,14,26,Los Angeles Galaxy,Seattle Sounders,1613.325473204212,1572.120835464983,161.20463773922893,161.20463773922893,0.7166629543521792
988,2014-10-23,2014,23,5,Real Salt Lake,Chivas USA,1571.7141382515726,1369.5565960147317,322.157542236841,322.157542236841,0.8646531716280811
989,2014-10-25,2014,2,8,CF Montreal,DC United,1404.4826500909544,1522.2672056894155,2.215444401538889,-2.215444401538889,0.5031882375716373
990,2014-10-25,2014,4,11,Chicago Fire,Houston Dynamo,1461.7159439889945,1466.9936087515741,114.72233523742034,114.72233523742034,0.6593490798593841
991,2014-10-25,2014,26,14,Seattle Sounders,Los Angeles Galaxy,1577.5374093237874,1607.9088993454075,89.62850997837995,89.62850997837995,0.6261986572566194
992,2014-10-26,2014,5,25,Chivas USA,San Jose Earthquakes,1366.1729253054336,1455.6602175673486,30.512707738085055,-30.512707738085055,0.5437987701635352
993,2014-10-26,2014,7,21,Columbus Crew,Philadelphia Union,1521.6412541041814,1480.4723225576527,161.1689315465287,161.1689315465287,0.7166212158463444
994,2014-10-26,2014,10,22,FC Dallas,Portland Timbers,1550.8046472686847,1544.4878952143647,126.31675205431998,126.31675205431998,0.6741768412084294
995,2014-10-26,2014,17,29,New England Revolution,Toronto FC,1540.5917632429273,1410.6616813398614,249.9300819030659,249.9300819030659,0.8082553043316189
996,2014-10-26,2014,30,6,Vancouver Whitecaps,Colorado Rapids,1539.5726859658012,1405.748933738931,253.82375222687006,253.82375222687006,0.8117049814440532
997,2014-10-27,2014,27,19,Sporting Kansas City,New York Red Bulls,1527.8703141990363,1540.311833344774,107.55848085426237,107.55848085426237,0.6500266575705634
998,2014-10-30,2014,10,30,FC Dallas,Vancouver Whitecaps,1533.950226238474,1544.2800614296998,109.67016480877419,109.67016480877419,0.652786943751391
999,2014-10-31,2014,19,27,New York Red Bulls,Sporting Kansas City,1556.562499784038,1511.6196477597723,164.94285202426568,164.94285202426568,0.7210120744498151
1000,2014-11-01,2014,7,17,Columbus Crew,New England Revolution,1528.7257237080228,1545.385380634637,103.34034307338584,103.34034307338584,0.644482875525978
1001,2014-11-02,2014,19,8,New York Red Bulls,DC United,1563.5371979227925,1522.3469116287065,161.19028629408604,161.19028629408604,0.7166461787768769
1002,2014-11-02,2014,23,14,Real Salt Lake,Los Angeles Galaxy,1575.0978089608707,1598.563865776823,96.53394318404776,-96.53394318404776,0.6354556414997408
1003,2014-11-03,2014,10,26,FC Dallas,Seattle Sounders,1542.6305526446893,1586.882442892372,75.7481097523173,75.7481097523173,0.6073153177827298
1004,2014-11-08,2014,8,19,DC United,New York Red Bulls,1515.2630660981283,1570.6210434533707,64.64202264475762,64.64202264475762,0.5919685839609946
1005,2014-11-09,2014,17,7,New England Revolution,Columbus Crew,1561.4974525227865,1512.6136518198732,168.88380070291328,168.88380070291328,0.7255524715450331
1006,2014-11-10,2014,14,23,Los Angeles Galaxy,Real Salt Lake,1601.9502568143164,1571.7114179233772,150.23883889093918,150.23883889093918,0.7036717680205077
1007,2014-11-11,2014,26,10,Seattle Sounders,FC Dallas,1589.5653258369402,1539.947669700121,169.61765613681928,169.61765613681928,0.7263928600553647
1008,2014-11-23,2014,14,26,Los Angeles Galaxy,Seattle Sounders,1609.3584626138038,1583.905504335556,145.4529582782477,145.4529582782477,0.6978951077544004
1009,2014-11-23,2014,19,17,New York Red Bulls,New England Revolution,1560.4202580523956,1568.3586407341606,112.061617318235,112.061617318235,0.6559005638626889
1010,2014-11-29,2014,17,19,New England Revolution,New York Red Bulls,1584.7561548307278,1544.0227439558284,160.7334108748994,160.7334108748994,0.7161118179363909
1011,2014-12-01,2014,26,14,Seattle Sounders,Los Angeles Galaxy,1576.3528820294162,1616.9110849199437,79.44179710947242,79.44179710947242,0.6123743548050954
1012,2014-12-07,2014,14,17,Los Angeles Galaxy,New England Revolution,1607.2204437900712,1579.353359382318,147.86708440775305,147.86708440775305,0.7008169978487434
1013,2015-03-07,2015,8,2,DC United,CF Montreal,1525.4638514991034,1404.4029441516634,241.06090734743998,241.06090734743998,0.8002181136548006
1014,2015-03-07,2015,14,4,Los Angeles Galaxy,Chicago Fire,1602.2000188438526,1470.2322169925098,251.96780185134276,251.96780185134276,0.810066642931312
1015,2015-03-07,2015,21,6,Philadelphia Union,Colorado Rapids,1473.3878529538113,1401.0415582750325,192.3462946787788,192.3462946787788,0.7516131357190591
1016,2015-03-07,2015,30,29,Vancouver Whitecaps,Toronto FC,1535.5997350234845,1405.8680639481518,249.73167107533277,249.73167107533277,0.8080782339712872
1017,2015-03-08,2015,10,25,FC Dallas,San Jose Earthquakes,1545.6074912015051,1444.255186821437,221.35230438006806,221.35230438006806,0.781461945202505
1018,2015-03-08,2015,11,7,Houston Dynamo,Columbus Crew,1458.4773357480587,1505.752463608499,72.7248721395597,72.7248721395597,0.6031572932120037
1019,2015-03-08,2015,20,18,Orlando City,New York City,1500.0,1500.0,120.0,120.0,0.6661394245831221
1020,2015-03-08,2015,22,23,Portland Timbers,Real Salt Lake,1561.3423162445754,1564.3032121238898,117.03910412068558,117.03910412068558,0.6623381423748405
1021,2015-03-08,2015,27,19,Sporting Kansas City,New York Red Bulls,1504.6449496210178,1549.4255394042382,75.21941021677958,75.21941021677958,0.6065892714204985
1022,2015-03-09,2015,26,17,Seattle Sounders,New England Revolution,1586.0435231592887,1584.3737843285367,121.66973883075207,121.66973883075207,0.6682736397939685
1023,2015-03-13,2015,11,20,Houston Dynamo,Orlando City,1468.3984034177586,1495.8465143854219,92.5518890323367,92.5518890323367,0.6301292880476596
1024,2015-03-14,2015,4,30,Chicago Fire,Vancouver Whitecaps,1465.4838830657927,1515.3977791742022,70.08610389159048,70.08610389159048,0.5995158073815876
1025,2015-03-14,2015,7,29,Columbus Crew,Toronto FC,1495.8313959387992,1426.070019797434,189.7613761413652,189.7613761413652,0.7488247904368408
1026,2015-03-15,2015,10,27,FC Dallas,Sporting Kansas City,1551.0709425714424,1501.9802178355053,169.0907247359371,169.0907247359371,0.7257895969389964
1027,2015-03-15,2015,18,17,New York City,New England Revolution,1504.1534856145781,1576.080625323386,48.07286029119223,48.07286029119223,0.5687442671633783
1028,2015-03-15,2015,22,14,Portland Timbers,Los Angeles Galaxy,1557.2838626852044,1606.9483527705697,70.33550991463471,-70.33550991463471,0.5998604639283543
1029,2015-03-15,2015,23,21,Real Salt Lake,Philadelphia Union,1568.3616656832608,1467.0975245608347,221.26414112242605,221.26414112242605,0.781375260938691
1030,2015-03-15,2015,26,25,Seattle Sounders,San Jose Earthquakes,1594.3366821644395,1438.7917354514998,275.5449467129397,275.5449467129397,0.8300757506632427
1031,2015-03-21,2015,6,18,Colorado Rapids,New York City,1407.331886668009,1514.9348789354938,12.397007732515249,12.397007732515249,0.5178331607006292
1032,2015-03-21,2015,17,2,New England Revolution,CF Montreal,1565.2992320024703,1399.4083969930334,285.89083500943684,285.89083500943684,0.8383117483458608
1033,2015-03-21,2015,20,30,Orlando City,Vancouver Whitecaps,1511.5997465866133,1530.3856743587419,101.21407222787138,101.21407222787138,0.6416735021566061
1034,2015-03-21,2015,21,10,Philadelphia Union,FC Dallas,1474.131906084302,1557.9262026479676,36.20570343633449,36.20570343633449,0.5519164047362383
1035,2015-03-22,2015,14,11,Los Angeles Galaxy,Houston Dynamo,1609.4448643687786,1452.6451712165672,276.7996931522114,276.7996931522114,0.8310921133237564
1036,2015-03-22,2015,19,8,New York Red Bulls,DC United,1552.0902711897506,1530.4583986577334,141.63187253201727,141.63187253201727,0.6932374521941258
1037,2015-03-22,2015,25,4,San Jose Earthquakes,Chicago Fire,1459.543629218081,1450.495987881253,129.04764133682784,129.04764133682784,0.6776204922135687
1038,2015-03-22,2015,27,22,Sporting Kansas City,Portland Timbers,1495.1249577589801,1554.7873510869956,60.33760667198453,60.33760667198453,0.585970248775147
1039,2015-03-28,2015,2,20,CF Montreal,Orlando City,1407.86619070168,1495.557909032698,32.30828166898186,32.30828166898186,0.5463617974602691
1040,2015-03-28,2015,7,19,Columbus Crew,New York Red Bulls,1502.1107761778783,1559.7593348848975,62.35144129298078,62.35144129298078,0.5887798788837446
1041,2015-03-28,2015,8,14,DC United,Los Angeles Galaxy,1522.7893349625865,1601.1675615356846,41.62177342690188,-41.62177342690188,0.559613640756463
1042,2015-03-28,2015,17,25,New England Revolution,San Jose Earthquakes,1556.8414382938238,1467.6031169127416,209.2383213810822,209.2383213810822,0.7693194782825148
1043,2015-03-28,2015,18,27,New York City,Sporting Kansas City,1515.3807079530095,1492.9757015396015,142.40500641340805,142.40500641340805,0.6941830810258832
1044,2015-03-29,2015,4,21,Chicago Fire,Philadelphia Union,1442.4365001865924,1460.333995965896,102.10250422069635,102.10250422069635,0.6428485550520588
1045,2015-03-29,2015,10,26,FC Dallas,Seattle Sounders,1571.7241127663735,1573.5847883978583,118.13932436851519,118.13932436851519,0.6637531193127795
1046,2015-03-29,2015,11,6,Houston Dynamo,Colorado Rapids,1460.922474049661,1406.8860576504933,174.03641639916782,174.03641639916782,0.7314190405803758
1047,2015-03-29,2015,30,22,Vancouver Whitecaps,Portland Timbers,1546.427511912657,1556.9366073063743,109.49090460628281,109.49090460628281,0.6525530193506329
1048,2015-03-30,2015,23,29,Real Salt Lake,Toronto FC,1561.3272841597934,1419.790639558355,261.5366446014384,261.5366446014384,0.8183972058046619
1049,2015-04-04,2015,4,29,Chicago Fire,Toronto FC,1451.365286310291,1415.2505697034715,156.11471660681946,156.11471660681946,0.7106758120276854
1050,2015-04-04,2015,20,8,Orlando City,DC United,1496.7169539692047,1533.798993943675,82.91796002552974,82.91796002552974,0.6171134493756087
1051,2015-04-05,2015,6,17,Colorado Rapids,New England Revolution,1412.6715336650027,1562.608451336761,-29.936917671758238,-29.936917671758238,0.4570236186464652
1052,2015-04-05,2015,22,10,Portland Timbers,FC Dallas,1548.2504327901402,1567.630284783554,100.62014800658608,100.62014800658608,0.6408870184121079
1053,2015-04-05,2015,25,23,San Jose Earthquakes,Real Salt Lake,1461.8361038698044,1565.867354014677,15.968749855127498,15.968749855127498,0.522964709779657
1054,2015-04-05,2015,26,11,Seattle Sounders,Houston Dynamo,1577.6786163806778,1455.1369980351517,242.5416183455261,242.5416183455261,0.8015772966829431
1055,2015-04-05,2015,30,14,Vancouver Whitecaps,Los Angeles Galaxy,1555.1136864288912,1590.1579025545961,84.9557838742951,-84.9557838742951,0.6198813867228277
1056,2015-04-06,2015,27,21,Sporting Kansas City,Philadelphia Union,1510.3302785652486,1451.4052098421976,178.92506872305103,178.92506872305103,0.736911144033336
1057,2015-04-09,2015,30,7,Vancouver Whitecaps,Columbus Crew,1564.6166517608206,1487.3912792057847,197.22537255503585,197.22537255503585,0.7568194427954
1058,2015-04-11,2015,10,6,FC Dallas,Colorado Rapids,1558.6524602438567,1401.2459431988411,277.40651704501556,277.40651704501556,0.831581909083951
1059,2015-04-11,2015,17,7,New England Revolution,Columbus Crew,1574.0340418029225,1493.8117652756698,200.2222765272527,200.2222765272527,0.7599804029627862
1060,2015-04-11,2015,21,18,Philadelphia Union,New York City,1444.827988443031,1498.0261309273624,66.80185751566864,66.80185751566864,0.5949682065192947
1061,2015-04-12,2015,8,19,DC United,New York Red Bulls,1549.2268301780653,1574.478831856991,94.74799832107419,94.74799832107419,0.6330707932622769
1062,2015-04-12,2015,11,2,Houston Dynamo,CF Montreal,1450.1764304522253,1406.7071457651732,163.4692846870521,163.4692846870521,0.7193025867714892
1063,2015-04-12,2015,22,20,Portland Timbers,Orlando City,1557.2282573298376,1481.2891177348145,195.9391395950231,195.9391395950231,0.7554541648210664
1064,2015-04-12,2015,25,30,San Jose Earthquakes,Vancouver Whitecaps,1448.7619861253131,1558.1961656909355,10.565820434377656,-10.565820434377656,0.5152007521875772
1065,2015-04-12,2015,27,23,Sporting Kansas City,Real Salt Lake,1516.9074999644151,1578.9414717591683,57.96602820524686,57.96602820524686,0.582654332387241
1066,2015-04-13,2015,14,26,Los Angeles Galaxy,Seattle Sounders,1580.6549372226668,1582.6391839636042,118.01575325906265,118.01575325906265,0.6635943421434877
1067,2015-04-17,2015,18,21,New York City,Philadelphia Union,1487.9003360903448,1454.9537832800486,152.94655281029623,152.94655281029623,0.7069115541273551
1068,2015-04-18,2015,19,25,New York Red Bulls,San Jose Earthquakes,1577.805601688548,1460.8819673206237,236.92363436792425,236.92363436792425,0.7963834255036194
1069,2015-04-19,2015,6,26,Colorado Rapids,Seattle Sounders,1422.03549092594,1574.2290425171914,-32.193551591251435,-32.193551591251435,0.4538018978409572
1070,2015-04-19,2015,7,20,Columbus Crew,Orlando City,1500.3112753497394,1500.1754718553411,120.13580349439826,120.13580349439826,0.6663132608925632
1071,2015-04-19,2015,8,11,DC United,Houston Dynamo,1545.9000603465083,1457.193865782938,208.7061945635703,208.7061945635703,0.7687754185475897
1072,2015-04-19,2015,10,29,FC Dallas,Toronto FC,1537.862912516758,1408.0174650041636,249.84544751259432,249.84544751259432,0.8081797882044589
1073,2015-04-19,2015,14,27,Los Angeles Galaxy,Sporting Kansas City,1589.0650786690796,1514.8411416547342,194.22393701434544,194.22393701434544,0.7536255057474417
1074,2015-04-19,2015,21,17,Philadelphia Union,New England Revolution,1460.1265721332325,1567.534531728853,12.592040404379532,12.592040404379532,0.5181134725934547
1075,2015-04-19,2015,23,30,Real Salt Lake,Vancouver Whitecaps,1581.0078300688492,1546.0761844956248,154.9316455732244,154.9316455732244,0.7092734999533531
1076,2015-04-20,2015,18,22,New York City,Portland Timbers,1482.727547237161,1538.3419032093109,64.38564402785005,64.38564402785005,0.5916120600750892
1077,2015-04-25,2015,4,18,Chicago Fire,New York City,1458.5983910095988,1467.9372457352838,110.661145274315,110.661145274315,0.654078783859793
1078,2015-04-25,2015,6,10,Colorado Rapids,FC Dallas,1410.690443479916,1542.6584178116464,-11.967974331730375,-11.967974331730375,0.48278350941876913
1079,2015-04-26,2015,7,21,Columbus Crew,Philadelphia Union,1508.6534438274252,1447.173735318396,181.47970850902925,181.47970850902925,0.739752232252699
1080,2015-04-26,2015,11,27,Houston Dynamo,Sporting Kansas City,1463.9132512466279,1508.6817792984202,75.23147194820763,75.23147194820763,0.606605840678528
1081,2015-04-26,2015,17,23,New England Revolution,Real Salt Lake,1580.4873685436894,1563.2759925700154,137.21137597367397,137.21137597367397,0.6877995882203471
1082,2015-04-26,2015,19,14,New York Red Bulls,Los Angeles Galaxy,1582.8960160509575,1595.2244410253936,107.67157502556393,107.67157502556393,0.6501747454866023
1083,2015-04-26,2015,30,8,Vancouver Whitecaps,DC United,1563.8080219944586,1539.1806748828185,144.62734711164012,144.62734711164012,0.6968921399256017
1084,2015-04-27,2015,20,29,Orlando City,Toronto FC,1491.8333033776553,1403.221959709275,208.6113436683802,208.6113436683802,0.7686783464644256
1085,2015-04-27,2015,26,22,Seattle Sounders,Portland Timbers,1585.5740899632153,1553.132204711188,152.4418852520273,152.4418852520273,0.7063092918113323
1086,2015-04-30,2015,19,6,New York Red Bulls,Colorado Rapids,1579.1416474137925,1411.1208557444468,288.0207916693457,288.0207916693457,0.8399667838541514
1087,2015-05-02,2015,11,10,Houston Dynamo,FC Dallas,1461.2481052296646,1542.2280055471156,39.02009968254902,39.02009968254902,0.5559195252672786
1088,2015-05-02,2015,21,29,Philadelphia Union,Toronto FC,1440.6675411247134,1422.4389183708856,138.22862275382772,138.22862275382772,0.6890556148024273
1089,2015-05-02,2015,23,25,Real Salt Lake,San Jose Earthquakes,1555.4709822755242,1455.7915529582142,219.67942931731,219.67942931731,0.7798129117291546
1090,2015-05-03,2015,8,7,DC United,Columbus Crew,1556.6029783809586,1515.1596380211079,161.4433403598507,-161.4433403598507,0.7169418886105114
1091,2015-05-03,2015,14,6,Los Angeles Galaxy,Colorado Rapids,1598.9788096625587,1419.6200253408006,299.3587843217581,299.3587843217581,0.8485466859575195
1092,2015-05-03,2015,17,19,New England Revolution,New York Red Bulls,1588.2923788381806,1570.6424778174387,137.64990102074194,137.64990102074194,0.6883413887377694
1093,2015-05-03,2015,22,30,Portland Timbers,Vancouver Whitecaps,1545.7899370064713,1546.3857184963185,119.40421851015276,119.40421851015276,0.6653762567091067
1094,2015-05-03,2015,27,4,Sporting Kansas City,Chicago Fire,1511.3469253153835,1467.246421413104,164.10050390227957,164.10050390227957,0.7200356467861211
1095,2015-05-04,2015,18,26,New York City,Seattle Sounders,1459.2892153317787,1592.916357667932,-13.627142336153383,13.627142336153383,0.48039901591016493
1096,2015-05-06,2015,11,25,Houston Dynamo,San Jose Earthquakes,1447.3501170979825,1462.786875751443,104.5632413465396,104.5632413465396,0.6460941690036579
1097,2015-05-07,2015,23,14,Real Salt Lake,Los Angeles Galaxy,1548.4756594822954,1590.2651425136207,78.21051696867471,-78.21051696867471,0.6106905711157271
1098,2015-05-09,2015,2,22,CF Montreal,Portland Timbers,1399.6897104344605,1541.6555305887437,-21.965820154283165,-21.965820154283165,0.468430694529258
1099,2015-05-09,2015,4,23,Chicago Fire,Real Salt Lake,1460.2473125827569,1545.7083952044022,34.538917378354654,34.538917378354654,0.5495424034058434
1100,2015-05-09,2015,6,25,Colorado Rapids,San Jose Earthquakes,1428.3336924897385,1478.9392299765343,69.39446251320419,69.39446251320419,0.5985595072494849
1101,2015-05-09,2015,20,17,Orlando City,New England Revolution,1472.6163447160448,1596.0838441197363,-3.4674994036915905,-3.4674994036915905,0.49501003290222284
1102,2015-05-10,2015,7,26,Columbus Crew,Seattle Sounders,1508.0831852363706,1604.926333065686,23.156852170684488,23.156852170684488,0.5332761292432023
1103,2015-05-10,2015,8,27,DC United,Sporting Kansas City,1563.6794311656959,1518.3460341457305,165.33339701996533,165.33339701996533,0.7214640748328834
1104,2015-05-10,2015,10,14,FC Dallas,Los Angeles Galaxy,1556.1259936787976,1593.032406791514,83.09358688728366,83.09358688728366,0.617352302159152
1105,2015-05-10,2015,29,11,Toronto FC,Houston Dynamo,1439.6653087409463,1431.1977628728912,128.46754586805514,128.46754586805514,0.6768905871200668
1106,2015-05-10,2015,30,21,Vancouver Whitecaps,Philadelphia Union,1550.5201249140462,1423.4411507546527,247.0789741593935,247.0789741593935,0.8056988725939248
1107,2015-05-11,2015,19,18,New York Red Bulls,New York City,1562.851012535883,1447.2792399340246,235.57177260185836,235.57177260185836,0.7951186193900209
1108,2015-05-14,2015,8,20,DC United,Orlando City,1558.1428292948738,1472.7410938934893,205.40173540138449,205.40173540138449,0.7653767993719649
1109,2015-05-16,2015,2,23,CF Montreal,Real Salt Lake,1387.978943071229,1559.4469552895482,-51.468012218319245,-51.468012218319245,0.42646866130331246
1110,2015-05-16,2015,10,19,FC Dallas,New York Red Bulls,1565.6921861248188,1567.9730470511324,117.71913907368639,117.71913907368639,0.6632130702398912
1111,2015-05-16,2015,18,4,New York City,Chicago Fire,1442.1572054187752,1446.5087524976109,115.64845292116433,115.64845292116433,0.6605454815939057
1112,2015-05-17,2015,11,22,Houston Dynamo,Portland Timbers,1448.120027550893,1553.3662979519752,14.753729598917744,14.753729598917744,0.5212195704796192
1113,2015-05-17,2015,17,29,New England Revolution,Toronto FC,1595.9590949422918,1422.7430440629446,293.2160508793472,293.2160508793472,0.8439461131503849
1114,2015-05-17,2015,20,14,Orlando City,Los Angeles Galaxy,1466.8755138777883,1583.4662143454927,3.409299532295563,-3.409299532295563,0.5049062189529273
1115,2015-05-17,2015,25,7,San Jose Earthquakes,Columbus Crew,1481.4032176577714,1519.7512820052905,81.65193565248092,-81.65193565248092,0.6153899870564759
1116,2015-05-17,2015,30,26,Vancouver Whitecaps,Seattle Sounders,1555.3776530991981,1593.2582362967662,82.11941680243194,82.11941680243194,0.6160267176473512
1117,2015-05-18,2015,21,8,Philadelphia Union,DC United,1418.5836225695007,1564.0084093105747,-25.42478674107406,-25.42478674107406,0.4634759637876115
1118,2015-05-21,2015,27,17,Sporting Kansas City,New England Revolution,1523.8826360165526,1587.3604421135321,56.52219390302048,56.52219390302048,0.5806318912469671
1119,2015-05-23,2015,7,4,Columbus Crew,Chicago Fire,1510.1360316817024,1450.5223895374586,179.61364214424384,179.61364214424384,0.7376788860790188
1120,2015-05-23,2015,14,11,Los Angeles Galaxy,Houston Dynamo,1571.088869819316,1460.0895382889025,230.99933153041343,230.99933153041343,0.7907974661936623
1121,2015-05-23,2015,29,22,Toronto FC,Portland Timbers,1431.3416968917043,1541.3967872139656,9.944909677738679,9.944909677738679,0.5143079681006041
1122,2015-05-24,2015,2,10,CF Montreal,FC Dallas,1402.317226538646,1561.6118593688216,-39.29463283017549,-39.29463283017549,0.4436903660423335
1123,2015-05-24,2015,6,30,Colorado Rapids,Vancouver Whitecaps,1425.8697048085014,1539.9769851580143,5.892719650487152,5.892719650487152,0.5084794922040748
1124,2015-05-24,2015,17,8,New England Revolution,DC United,1576.8762393947063,1550.595308405265,146.28093098944123,146.28093098944123,0.6988990514922951
1125,2015-05-24,2015,19,21,New York Red Bulls,Philadelphia Union,1572.0533738071297,1431.9967234748103,260.05665033231935,260.05665033231935,0.81712756922263
1126,2015-05-24,2015,23,18,Real Salt Lake,New York City,1545.108671822131,1438.1435683789275,226.9651034432036,226.9651034432036,0.7869295993768348
1127,2015-05-24,2015,26,27,Seattle Sounders,Sporting Kansas City,1608.65890423795,1534.3668387353785,194.29206550257163,194.29206550257163,0.7536983160075095
1128,2015-05-25,2015,25,20,San Jose Earthquakes,Orlando City,1491.0184679813594,1479.252858403965,131.76560957739434,131.76560957739434,0.6810288090212371
1129,2015-05-28,2015,14,23,Los Angeles Galaxy,Real Salt Lake,1576.3189331644744,1550.4354318377102,145.8835013267642,145.8835013267642,0.6984173921075506
1130,2015-05-28,2015,22,8,Portland Timbers,DC United,1529.2544864164806,1555.5677846925726,93.68670172390807,93.68670172390807,0.6316504971784421
1131,2015-05-28,2015,26,6,Seattle Sounders,Colorado Rapids,1602.3164463377623,1438.1577175033995,284.1587288343628,284.1587288343628,0.8369556909526236
1132,2015-05-30,2015,27,10,Sporting Kansas City,FC Dallas,1540.7092966355663,1547.70411851988,113.00517811568625,113.00517811568625,0.6571254025235691
1133,2015-05-30,2015,29,25,Toronto FC,San Jose Earthquakes,1443.4839976891892,1486.4927477558285,76.99124993336068,76.99124993336068,0.6090206097775293
1134,2015-05-30,2015,30,23,Vancouver Whitecaps,Real Salt Lake,1527.6889724631162,1542.895866640399,104.79310582271728,104.79310582271728,0.6463966701931617
1135,2015-05-31,2015,4,2,Chicago Fire,CF Montreal,1456.464361689434,1416.2249673875876,160.23939430184646,160.23939430184646,0.7155333329834473
1136,2015-05-31,2015,6,22,Colorado Rapids,Portland Timbers,1434.0816097772151,1538.4632239870195,15.618385790195589,15.618385790195589,0.5224615358704549
1137,2015-05-31,2015,8,21,DC United,Philadelphia Union,1546.3590471220336,1452.424912705376,213.93413441665757,213.93413441665757,0.7740816786455489
1138,2015-05-31,2015,18,11,New York City,Houston Dynamo,1432.8168083633484,1454.859474943744,97.95733341960431,97.95733341960431,0.637351610034802
1139,2015-05-31,2015,20,7,Orlando City,Columbus Crew,1483.778578629496,1504.194059529727,99.58451909976907,99.58451909976907,0.6395138112066258
1140,2015-05-31,2015,26,19,Seattle Sounders,New York Red Bulls,1606.3925540639466,1551.625184576564,174.76736948738267,174.76736948738267,0.7322448186782299
1141,2015-06-01,2015,17,14,New England Revolution,Los Angeles Galaxy,1571.9037631073988,1583.8584983617857,108.04526474561317,108.04526474561317,0.6506638567474046
1142,2015-06-04,2015,2,30,CF Montreal,Vancouver Whitecaps,1409.113300712174,1536.5290557082872,-7.4157549961132645,-7.4157549961132645,0.48932949104785417
1143,2015-06-04,2015,8,4,DC United,Chicago Fire,1552.0070051558948,1463.5760283648478,208.430976791047,208.430976791047,0.7684936772300207
1144,2015-06-04,2015,21,7,Philadelphia Union,Columbus Crew,1446.7769546715149,1507.6819048098926,59.09504986162233,59.09504986162233,0.5842338704576422
1145,2015-06-06,2015,11,19,Houston Dynamo,New York Red Bulls,1458.2932651946142,1544.9313050435196,33.361960151094536,33.361960151094536,0.5478646982566652
1146,2015-06-07,2015,4,20,Chicago Fire,Orlando City,1457.7883702955983,1480.2907333493304,97.4976369462679,97.4976369462679,0.6367397538764792
1147,2015-06-07,2015,7,2,Columbus Crew,CF Montreal,1497.2877515713335,1421.8800634359775,195.407688135356,195.407688135356,0.7548885420441429
1148,2015-06-07,2015,8,29,DC United,Toronto FC,1557.7946632251444,1453.258482444751,224.53618078039335,224.53618078039335,0.7845758126303837
1149,2015-06-07,2015,14,30,Los Angeles Galaxy,Vancouver Whitecaps,1587.6250947804708,1523.7622929844836,183.86280179598725,183.86280179598725,0.742384543343901
1150,2015-06-07,2015,21,18,Philadelphia Union,New York City,1457.171107910074,1429.3830181124783,147.7880897975956,147.7880897975956,0.7007216448505591
1151,2015-06-07,2015,22,17,Portland Timbers,New England Revolution,1551.5247623837809,1568.1371666887137,103.38759569506715,103.38759569506715,0.6445451968172293
1152,2015-06-07,2015,23,6,Real Salt Lake,Colorado Rapids,1534.055783395228,1421.0200713804538,233.03571201477416,233.03571201477416,0.7927301640222622
1153,2015-06-07,2015,27,26,Sporting Kansas City,Seattle Sounders,1549.281161572477,1613.086433596991,56.1947279754861,56.1947279754861,0.580172815880122
1154,2015-06-08,2015,25,10,San Jose Earthquakes,FC Dallas,1476.7182630002667,1539.1322535829693,57.58600941729742,57.58600941729742,0.5821222902678747
1155,2015-06-14,2015,7,14,Columbus Crew,Los Angeles Galaxy,1478.4155380202299,1569.0654811968734,29.350056823356454,29.350056823356454,0.5421379392818313
1156,2015-06-14,2015,17,4,New England Revolution,Chicago Fire,1559.2507966091443,1441.8698764486862,237.38092016045812,237.38092016045812,0.7968099458932237
1157,2015-06-14,2015,18,2,New York City,CF Montreal,1446.9010592337422,1440.7522769870811,126.14878224666109,126.14878224666109,0.6739644112249231
1158,2015-06-14,2015,26,10,Seattle Sounders,FC Dallas,1602.590753993994,1541.185310839666,181.40544315432794,181.40544315432794,0.7396699208953754
1159,2015-06-15,2015,20,8,Orlando City,DC United,1496.2092271962424,1538.1802679093848,78.02895928685757,78.02895928685757,0.6104420652362097
1160,2015-06-20,2015,6,10,Colorado Rapids,FC Dallas,1428.3383254810103,1534.6770588620504,13.661266618959871,13.661266618959871,0.5196500172213362
1161,2015-06-20,2015,26,25,Seattle Sounders,San Jose Earthquakes,1609.0990059716096,1474.66520574357,254.43380022803967,254.43380022803967,0.8122411251036973
1162,2015-06-21,2015,2,20,CF Montreal,Orlando City,1432.6013872677042,1505.9481755653371,46.653211702367116,46.653211702367116,0.5667387328455374
1163,2015-06-21,2015,8,17,DC United,New England Revolution,1528.4413195402901,1564.3305479618139,84.11077157847626,84.11077157847626,0.6187345570319046
1164,2015-06-21,2015,14,21,Los Angeles Galaxy,Philadelphia Union,1570.1189296789191,1439.65306678881,250.46586289010907,250.46586289010907,0.808732835668427
1165,2015-06-21,2015,19,30,New York Red Bulls,Vancouver Whitecaps,1533.6279224999362,1542.321906568081,111.3060159318552,111.3060159318552,0.6549182182267974
1166,2015-06-21,2015,22,11,Portland Timbers,Houston Dynamo,1560.4111324633502,1469.5966477381976,210.81448472515262,210.81448472515262,0.7709257228343596
1167,2015-06-21,2015,29,18,Toronto FC,New York City,1472.8728777605106,1455.051948953119,137.8209288073915,137.8209288073915,0.688552555144993
1168,2015-06-22,2015,23,27,Real Salt Lake,Sporting Kansas City,1526.7375292946715,1559.776841175474,86.96068811919758,-86.96068811919758,0.6225970241748919
1169,2015-06-25,2015,4,8,Chicago Fire,DC United,1436.7901250960167,1537.9729556144925,18.81716948152416,18.81716948152416,0.5270536365262045
1170,2015-06-25,2015,7,17,Columbus Crew,New England Revolution,1477.3620895381841,1554.7989118876114,42.5631776505727,42.5631776505727,0.5609487372310626
1171,2015-06-25,2015,14,22,Los Angeles Galaxy,Portland Timbers,1574.9006087872085,1566.1379893924911,128.76261939471738,128.76261939471738,0.6772619713475744
1172,2015-06-25,2015,19,23,New York Red Bulls,Real Salt Lake,1517.2549670442663,1536.1726036902992,101.08236335396714,101.08236335396714,0.6414991567959426
1173,2015-06-25,2015,20,6,Orlando City,Colorado Rapids,1495.1166438864755,1427.8470750504769,187.2695688359986,187.2695688359986,0.7461172652992604
1174,2015-06-25,2015,21,26,Philadelphia Union,Seattle Sounders,1434.8713876805207,1588.792977844017,-33.921590163496376,-33.921590163496376,0.4513374336600492
1175,2015-06-25,2015,29,2,Toronto FC,CF Montreal,1455.6590638818857,1443.432918946566,132.22614493531978,132.22614493531978,0.681604417245759
1176,2015-06-27,2015,10,11,FC Dallas,Houston Dynamo,1535.168309292584,1463.8697908090567,191.29851848352723,191.29851848352723,0.7504854048231558
1177,2015-06-27,2015,29,8,Toronto FC,DC United,1463.6189534507416,1551.1492965276477,32.46965692309391,32.46965692309391,0.5465920284856186
1178,2015-06-28,2015,17,30,New England Revolution,Vancouver Whitecaps,1543.822630318388,1558.6948620237508,105.12776829463724,105.12776829463724,0.6468368757980115
1179,2015-06-28,2015,18,19,New York City,New York Red Bulls,1472.265762831744,1526.2174881243677,66.04827470737632,-66.04827470737632,0.5939224084757706
1180,2015-06-28,2015,21,2,Philadelphia Union,CF Montreal,1448.5879518390195,1435.47302937771,133.11492246130956,133.11492246130956,0.682713704231909
1181,2015-06-28,2015,23,7,Real Salt Lake,Columbus Crew,1527.2100826101978,1488.3383711074075,158.87171150279028,158.87171150279028,0.7139281015009209
1182,2015-06-28,2015,25,14,San Jose Earthquakes,Los Angeles Galaxy,1494.9712338711624,1582.9690595035192,32.00217436764319,-32.00217436764319,0.5459250255498428
1183,2015-06-28,2015,27,6,Sporting Kansas City,Colorado Rapids,1550.3417667798462,1421.5000066829584,248.8417600968878,248.8417600968878,0.8072825054993766
1184,2015-06-29,2015,22,26,Portland Timbers,Seattle Sounders,1558.0695386761804,1575.0764136855182,102.99312499066218,102.99312499066218,0.6440247808651627
1185,2015-07-04,2015,11,4,Houston Dynamo,Chicago Fire,1457.6319259296356,1423.6137841828615,154.01814174677406,154.01814174677406,0.7081879704943047
1186,2015-07-04,2015,26,8,Seattle Sounders,DC United,1566.1770332071474,1552.3140972397882,133.86293596735914,133.86293596735914,0.6836456976708158
1187,2015-07-05,2015,2,18,CF Montreal,New York City,1440.0408719835077,1457.4177026198497,102.62316936365801,102.62316936365801,0.6435363976356072
1188,2015-07-05,2015,6,30,Colorado Rapids,Vancouver Whitecaps,1416.682069320443,1574.865783918701,-38.18371459825812,-38.18371459825812,0.4452693921385545
1189,2015-07-05,2015,7,19,Columbus Crew,New York Red Bulls,1493.6865736449306,1541.065548336262,72.62102530866855,72.62102530866855,0.6030141981322379
1190,2015-07-05,2015,10,17,FC Dallas,New England Revolution,1541.406174172005,1527.6517084234379,133.7544657485671,133.7544657485671,0.6835106395095871
1191,2015-07-05,2015,14,29,Los Angeles Galaxy,Toronto FC,1571.6171851422653,1462.4541527386011,229.16303240366415,229.16303240366415,0.7890433259513886
1192,2015-07-05,2015,23,20,Real Salt Lake,Orlando City,1521.8618800726747,1501.463712253994,140.3981678186808,140.3981678186808,0.6917251246874505
1193,2015-07-06,2015,22,25,Portland Timbers,San Jose Earthquakes,1566.9689191545513,1506.3231082324164,180.64581092213484,180.64581092213484,0.7388270208281131
1194,2015-07-11,2015,25,11,San Jose Earthquakes,Houston Dynamo,1499.7937837531192,1452.427226667278,167.36655708584112,167.36655708584112,0.7238098912884657
1195,2015-07-12,2015,2,7,CF Montreal,Columbus Crew,1423.9524620426175,1503.6112186916246,40.341243350992954,40.341243350992954,0.557796215545126
1196,2015-07-12,2015,4,26,Chicago Fire,Seattle Sounders,1428.818483445219,1574.085890765377,-25.267407320157872,-25.267407320157872,0.46370124987912303
1197,2015-07-12,2015,6,23,Colorado Rapids,Real Salt Lake,1430.550334516979,1517.0687519554883,33.48158256149077,33.48158256149077,0.548035265507665
1198,2015-07-12,2015,18,29,New York City,Toronto FC,1473.50611256074,1457.1802358873858,136.32587667335406,136.32587667335406,0.6867039824734613
1199,2015-07-12,2015,19,17,New York Red Bulls,New England Revolution,1531.140903289568,1519.7394744111775,131.40142887839056,131.40142887839056,0.6805732399242037
1200,2015-07-12,2015,20,10,Orlando City,FC Dallas,1506.2568403711803,1549.3184081842653,76.93843218691495,76.93843218691495,0.6089482102366829
1201,2015-07-12,2015,21,22,Philadelphia Union,Portland Timbers,1444.0201092332218,1573.4982436338485,-9.478134400626686,-9.478134400626686,0.4863632508505387
1202,2015-07-13,2015,30,27,Vancouver Whitecaps,Sporting Kansas City,1560.9975187221648,1555.1597041423618,125.83781457980308,125.83781457980308,0.6735709444608449
1203,2015-07-16,2015,4,7,Chicago Fire,Columbus Crew,1442.225952198241,1492.5561240802526,69.66982811798835,69.66982811798835,0.5989403327004816
1204,2015-07-18,2015,14,25,Los Angeles Galaxy,San Jose Earthquakes,1576.8911019934806,1481.6985364709076,215.19256552257298,215.19256552257298,0.7753460075308717
1205,2015-07-18,2015,29,21,Toronto FC,Philadelphia Union,1461.8478354492224,1456.8610279619584,124.98680748726406,124.98680748726406,0.6724929175718819
1206,2015-07-19,2015,7,4,Columbus Crew,Chicago Fire,1507.5296323977648,1427.2524438807288,200.27718851703594,200.27718851703594,0.7600380578705959
1207,2015-07-19,2015,10,8,FC Dallas,DC United,1564.5421134401824,1544.4052396815587,140.13687375862378,140.13687375862378,0.6914042894260912
1208,2015-07-19,2015,17,18,New England Revolution,New York City,1511.7538054092827,1468.8385129989033,162.91529241037938,162.91529241037938,0.718658250013102
1209,2015-07-19,2015,20,19,Orlando City,New York Red Bulls,1491.0331351152631,1539.126572291463,71.90656282380019,71.90656282380019,0.6020292325265552
1210,2015-07-19,2015,22,30,Portland Timbers,Vancouver Whitecaps,1560.6573249051119,1544.1582451106437,136.49907979446812,136.49907979446812,0.6869184467583793
1211,2015-07-19,2015,23,11,Real Salt Lake,Houston Dynamo,1505.76963359318,1470.5224739494897,155.24715964369034,155.24715964369034,0.7096478756285834
1212,2015-07-19,2015,26,6,Seattle Sounders,Colorado Rapids,1560.678422012355,1441.8494528792874,238.82896913306763,238.82896913306763,0.7981561796297787
1213,2015-07-19,2015,27,2,Sporting Kansas City,CF Montreal,1571.9989777538829,1435.0075566539895,256.9914210998934,256.9914210998934,0.8144761254448667
1214,2015-07-25,2015,23,27,Real Salt Lake,Sporting Kansas City,1513.0284367024656,1576.6370746177613,56.39136208470427,56.39136208470427,0.580448494463335
1215,2015-07-26,2015,2,26,CF Montreal,Seattle Sounders,1430.369459790111,1540.7245175216106,9.644942268500472,9.644942268500472,0.5138766232447559
1216,2015-07-26,2015,4,17,Chicago Fire,New England Revolution,1421.2533953274938,1518.787349158955,22.466046168538696,22.466046168538696,0.5322862531009539
1217,2015-07-26,2015,7,29,Columbus Crew,Toronto FC,1513.5286809509998,1470.0355125099254,163.49316844107443,163.49316844107443,0.7193303452223068
1218,2015-07-26,2015,8,21,DC United,Philadelphia Union,1536.690346917211,1448.6733509012554,208.01699601595556,208.01699601595556,0.768069432176422
1219,2015-07-26,2015,10,22,FC Dallas,Portland Timbers,1572.2570062045302,1555.9843637361523,136.27264246837785,136.27264246837785,0.6866380505485726
1220,2015-07-26,2015,11,14,Houston Dynamo,Los Angeles Galaxy,1463.2636708402042,1582.5074518052088,0.7562190349954108,-0.7562190349954108,0.5010882849545643
1221,2015-07-26,2015,18,20,New York City,Orlando City,1461.804969249231,1475.9824043020992,105.8225649471317,105.8225649471317,0.6477499960551059
1222,2015-07-27,2015,30,25,Vancouver Whitecaps,San Jose Earthquakes,1548.8312062796033,1476.0821866591793,192.74901962042395,192.74901962042395,0.75204568317621
1223,2015-08-01,2015,18,2,New York City,CF Montreal,1470.6112193478532,1442.522544208992,148.08867513886116,148.08867513886116,0.7010843831551018
1224,2015-08-02,2015,6,14,Colorado Rapids,Los Angeles Galaxy,1461.8033573700318,1570.034658929073,11.768698440958815,11.768698440958815,0.5169300439120821
1225,2015-08-02,2015,8,23,DC United,Real Salt Lake,1542.4886111128003,1523.5172243408822,138.9713867719181,138.9713867719181,0.6899709748874185
1226,2015-08-02,2015,17,29,New England Revolution,Toronto FC,1519.594505486479,1475.518771140483,164.0757343459959,164.0757343459959,0.7200069029793623
1227,2015-08-02,2015,20,7,Orlando City,Columbus Crew,1467.176154203477,1508.0454223204422,79.13073188303474,79.13073188303474,0.6119492226628983
1228,2015-08-02,2015,21,19,Philadelphia Union,New York Red Bulls,1442.875086705666,1554.1773031046268,8.697783601039191,-8.697783601039191,0.5125145025646802
1229,2015-08-02,2015,25,22,San Jose Earthquakes,Portland Timbers,1469.8833287385846,1548.1503149998666,41.733013738718,41.733013738718,0.5597714467348813
1230,2015-08-02,2015,26,30,Seattle Sounders,Vancouver Whitecaps,1528.5714331027295,1555.030064200198,93.54136890253153,93.54136890253153,0.6314558248862685
1231,2015-08-02,2015,27,11,Sporting Kansas City,Houston Dynamo,1566.1482869793447,1475.73646371634,210.41182326300464,210.41182326300464,0.770516125384044
1232,2015-08-03,2015,4,10,Chicago Fire,FC Dallas,1420.4462389999699,1580.0910549408159,-39.644815940846,-39.644815940846,0.4431928603748829
1233,2015-08-06,2015,2,19,CF Montreal,New York Red Bulls,1460.0496537878696,1566.9901656687439,13.059488119125717,-13.059488119125717,0.5187852679210765
1234,2015-08-06,2015,29,20,Toronto FC,Orlando City,1468.5189437149672,1476.8774236369045,111.64152007806274,111.64152007806274,0.6553545658730059
1235,2015-08-08,2015,22,4,Portland Timbers,Chicago Fire,1549.6446011682388,1434.3664174905978,235.27818367764098,235.27818367764098,0.794843167130024
1236,2015-08-08,2015,29,27,Toronto FC,Sporting Kansas City,1477.1350795681421,1559.3853838447435,37.749695723398645,37.749695723398645,0.5541134042629517
1237,2015-08-09,2015,2,8,CF Montreal,DC United,1459.5800220898427,1550.2393367406148,29.340685349227897,29.340685349227897,0.542124548403801
1238,2015-08-09,2015,6,7,Colorado Rapids,Columbus Crew,1448.8801062722298,1498.3441528870146,70.53595338521518,70.53595338521518,0.6001373870561215
1239,2015-08-09,2015,11,25,Houston Dynamo,San Jose Earthquakes,1482.4993668509412,1468.3890425702125,134.11032428072872,134.11032428072872,0.6839536092841034
1240,2015-08-09,2015,14,26,Los Angeles Galaxy,Seattle Sounders,1582.957910026875,1512.7850374805728,190.1728725463022,190.1728725463022,0.7492700596065793
1241,2015-08-09,2015,20,21,Orlando City,Philadelphia Union,1468.2612877837296,1430.062224141549,158.1990636421806,158.1990636421806,0.7131366350884613
1242,2015-08-09,2015,30,23,Vancouver Whitecaps,Real Salt Lake,1570.8164598223548,1515.7664987130677,175.0499611092871,175.0499611092871,0.7325636382906359
1243,2015-08-10,2015,19,18,New York Red Bulls,New York City,1567.4597973667708,1453.0841097689756,234.37568759779515,234.37568759779515,0.793994703518223
1244,2015-08-14,2015,18,8,New York City,DC United,1447.933977356931,1563.7924504507098,4.141526906221316,4.141526906221316,0.5059598540411713
1245,2015-08-15,2015,25,6,San Jose Earthquakes,Colorado Rapids,1460.487882802315,1433.8766715958268,146.61121120648818,146.61121120648818,0.6992989967048927
1246,2015-08-16,2015,10,14,FC Dallas,Los Angeles Galaxy,1566.170876450188,1589.2261585367105,96.94471791347746,96.94471791347746,0.6360032318074914
1247,2015-08-16,2015,17,11,New England Revolution,Houston Dynamo,1526.5943329119948,1490.4005266188387,156.19380629315606,156.19380629315606,0.7107694151135548
1248,2015-08-16,2015,19,29,New York Red Bulls,Toronto FC,1572.6099297788153,1463.2822444615683,229.32768531724696,229.32768531724696,0.7892010508446466
1249,2015-08-16,2015,23,22,Real Salt Lake,Portland Timbers,1509.0805896703337,1554.7735219899882,74.30706768034543,74.30706768034543,0.605335273751791
1250,2015-08-16,2015,26,20,Seattle Sounders,Orlando City,1506.5167889707373,1462.9328719065181,163.58391706421912,163.58391706421912,0.719435800863616
1251,2015-08-16,2015,27,30,Sporting Kansas City,Vancouver Whitecaps,1573.2382189513173,1577.5023688650888,115.73585008622854,115.73585008622854,0.6606582798218792
1252,2015-08-17,2015,21,4,Philadelphia Union,Chicago Fire,1435.3906400187605,1429.2374966688483,126.15314334991217,126.15314334991217,0.6739699275791009
1253,2015-08-20,2015,7,18,Columbus Crew,New York City,1513.3475875634176,1460.2849810059017,173.0626065575159,173.0626065575159,0.7303164000251506
1254,2015-08-20,2015,27,25,Sporting Kansas City,San Jose Earthquakes,1581.7217619557703,1468.0054078846927,233.7163540710776,233.7163540710776,0.7933732034235262
1255,2015-08-22,2015,22,11,Portland Timbers,Houston Dynamo,1569.906903833783,1483.1697619966776,206.73714183710536,206.73714183710536,0.7667544154860753
1256,2015-08-22,2015,29,20,Toronto FC,Orlando City,1458.0122707326846,1455.9187669281084,122.09350380457613,122.09350380457613,0.6688141907241477
1257,2015-08-23,2015,2,21,CF Montreal,Philadelphia Union,1446.0269083797477,1431.041391829283,134.9855165504648,134.9855165504648,0.6850416206514685
1258,2015-08-23,2015,4,6,Chicago Fire,Colorado Rapids,1433.5867448583258,1426.359146513449,127.2275983448767,127.2275983448767,0.6753275333234454
1259,2015-08-23,2015,7,27,Columbus Crew,Sporting Kansas City,1507.589677562789,1561.8874318701821,65.70224569260677,65.70224569260677,0.5934419143714771
1260,2015-08-23,2015,8,25,DC United,San Jose Earthquakes,1551.4414468017392,1487.8397379702808,183.60170883145838,183.60170883145838,0.7420969956665936
1261,2015-08-23,2015,14,18,Los Angeles Galaxy,New York City,1605.1262393318978,1466.0428910065305,259.0833483253673,259.0833483253673,0.8162888576839727
1262,2015-08-23,2015,23,26,Real Salt Lake,Seattle Sounders,1493.947207826539,1513.530893949147,100.41631387739199,100.41631387739199,0.6406169231728844
1263,2015-08-23,2015,30,10,Vancouver Whitecaps,FC Dallas,1569.0188258606358,1550.2707956550007,138.74803020563513,138.74803020563513,0.6896958729623947
1264,2015-08-27,2015,4,19,Chicago Fire,New York Red Bulls,1416.7035565252397,1577.879903507699,-41.176346982459336,41.176346982459336,0.4410183634890334
1265,2015-08-27,2015,6,11,Colorado Rapids,Houston Dynamo,1443.2423348465352,1489.8386223838295,73.4037124627057,73.4037124627057,0.6040922611756779
1266,2015-08-29,2015,18,7,New York City,Columbus Crew,1461.4501124486299,1517.753629703502,63.69648274512792,63.69648274512792,0.590653225264618
1267,2015-08-29,2015,25,14,San Jose Earthquakes,Los Angeles Galaxy,1506.3921628619457,1609.7190178897984,16.673144972147384,-16.673144972147384,0.523976181843034
1268,2015-08-29,2015,29,2,Toronto FC,CF Montreal,1466.2919159645808,1428.900867863461,157.39104810111985,157.39104810111985,0.7121841608871006
1269,2015-08-30,2015,6,27,Colorado Rapids,Sporting Kansas City,1453.1400283171433,1551.723479729469,21.416548587674242,21.416548587674242,0.5307819133827363
1270,2015-08-30,2015,10,23,FC Dallas,Real Salt Lake,1542.5131924790605,1502.9317847472169,159.58140773184368,159.58140773184368,0.7147617402100122
1271,2015-08-30,2015,11,30,Houston Dynamo,Vancouver Whitecaps,1479.9409289132213,1576.776429036576,23.164499876645323,23.164499876645323,0.5332870864132219
1272,2015-08-30,2015,20,4,Orlando City,Chicago Fire,1447.6391216962122,1430.678097438014,136.96102425819822,136.96102425819822,0.6874900465422787
1273,2015-08-30,2015,21,17,Philadelphia Union,New England Revolution,1448.1674323455698,1533.825097534156,34.34233481141382,34.34233481141382,0.5492622601798546
1274,2015-08-30,2015,26,22,Seattle Sounders,Portland Timbers,1504.546317028469,1563.238043446631,61.308273581837966,61.308273581837966,0.5873251989881944
1275,2015-08-31,2015,19,8,New York Red Bulls,DC United,1563.9053625949248,1532.8890219100742,151.01634068485055,151.01634068485055,0.7046041713638969
1276,2015-09-06,2015,2,4,CF Montreal,Chicago Fire,1421.7054718856384,1435.365348601571,106.34012328406743,106.34012328406743,0.648429484349604
1277,2015-09-06,2015,17,20,New England Revolution,Orlando City,1547.5566540386524,1442.9518705326552,224.60478350599715,224.60478350599715,0.7846425513141455
1278,2015-09-06,2015,25,21,San Jose Earthquakes,Philadelphia Union,1518.2927583158698,1434.4358758410733,203.85688247479652,203.85688247479652,0.7637760905132583
1279,2015-09-06,2015,26,29,Seattle Sounders,Toronto FC,1514.8631870537642,1473.4873119424033,161.37587511136098,161.37587511136098,0.7168630694203978
1280,2015-09-07,2015,7,10,Columbus Crew,FC Dallas,1532.5199603351173,1549.6441489738102,102.87581136130711,102.87581136130711,0.6438699460077492
1281,2015-09-10,2015,22,27,Portland Timbers,Sporting Kansas City,1552.9211734213359,1539.9930275640374,132.92814585729843,132.92814585729843,0.6824807592333672
1282,2015-09-10,2015,30,6,Vancouver Whitecaps,Colorado Rapids,1565.1086061969065,1464.870480482575,220.23812571433155,220.23812571433155,0.780364636920252
1283,2015-09-12,2015,19,4,New York Red Bulls,Chicago Fire,1571.2902583108273,1426.5760857103112,264.7141726005161,264.7141726005161,0.8210999052727354
1284,2015-09-13,2015,6,8,Colorado Rapids,DC United,1459.3795964055812,1525.5041261941717,53.87547021140949,53.87547021140949,0.5769175138170759
1285,2015-09-13,2015,10,18,FC Dallas,New York City,1565.740897624004,1446.6837818170145,239.0571158069895,239.0571158069895,0.7983676760835037
1286,2015-09-13,2015,11,23,Houston Dynamo,Real Salt Lake,1491.6087517528908,1495.8008282524672,115.80792350042361,115.80792350042361,0.6607512868952863
1287,2015-09-13,2015,14,2,Los Angeles Galaxy,CF Montreal,1597.8184224358743,1430.4947347768982,287.32368765897604,287.32368765897604,0.8394266295691709
1288,2015-09-13,2015,21,7,Philadelphia Union,Columbus Crew,1453.5302781039047,1516.4232116849234,57.107066418981276,57.107066418981276,0.5814514779529251
1289,2015-09-13,2015,25,26,San Jose Earthquakes,Seattle Sounders,1499.1983560530384,1521.9416103182543,97.25674573478409,97.25674573478409,0.636418950612776
1290,2015-09-13,2015,29,17,Toronto FC,New England Revolution,1466.4088886779132,1552.9405902557987,33.46829842211446,33.46829842211446,0.5480163244698495
1291,2015-09-14,2015,20,27,Orlando City,Sporting Kansas City,1437.5679343155089,1544.5550465448716,13.012887770637235,-13.012887770637235,0.5187182989545248
1292,2015-09-17,2015,17,19,New England Revolution,New York Red Bulls,1566.6409983675449,1575.762760679009,110.87823768853582,110.87823768853582,0.6543614826404612
1293,2015-09-17,2015,18,29,New York City,Toronto FC,1441.6429737191022,1452.708480566167,108.93449315293515,108.93449315293515,0.6518264651970505
1294,2015-09-17,2015,25,2,San Jose Earthquakes,CF Montreal,1495.787882287719,1438.9804005161275,176.80748177159148,176.80748177159148,0.7345410523443903
1295,2015-09-19,2015,27,10,Sporting Kansas City,FC Dallas,1532.5230040187348,1570.7817057219163,81.74129829681851,81.74129829681851,0.615511733682191
1296,2015-09-19,2015,29,6,Toronto FC,Colorado Rapids,1444.0041421960934,1457.4566585601542,106.54748363593922,106.54748363593922,0.648701553705172
1297,2015-09-20,2015,2,17,CF Montreal,New England Revolution,1444.8439268247373,1575.2819613015333,-10.43803447679602,-10.43803447679602,0.48498297866546775
1298,2015-09-20,2015,4,20,Chicago Fire,Orlando City,1422.1035833421295,1449.5999768416457,92.50360650048378,92.50360650048378,0.6300645080322368
1299,2015-09-20,2015,8,7,DC United,Columbus Crew,1527.4270640395987,1530.9594986337465,116.46756540585216,116.46756540585216,0.6616019441791737
1300,2015-09-20,2015,18,25,New York City,San Jose Earthquakes,1450.3473120891758,1489.9243559791091,80.4229561100667,80.4229561100667,0.6137141791892035
1301,2015-09-20,2015,22,19,Portland Timbers,New York Red Bulls,1548.3591544405017,1567.1217977450206,101.23735669548114,101.23735669548114,0.6417043203227873
1302,2015-09-20,2015,23,14,Real Salt Lake,Los Angeles Galaxy,1512.3196104248493,1589.332756696645,42.98685372820432,-42.98685372820432,0.5615493067393036
1303,2015-09-20,2015,30,26,Vancouver Whitecaps,Seattle Sounders,1570.5994902739003,1525.3520840835738,165.2474061903265,165.2474061903265,0.7213645912614316
1304,2015-09-21,2015,21,11,Philadelphia Union,Houston Dynamo,1438.9939911550816,1475.0899695805088,83.90402157457288,83.90402157457288,0.6184537588031898
1305,2015-09-24,2015,2,4,CF Montreal,Chicago Fire,1457.7193523581007,1406.3519706413235,171.36738171677712,171.36738171677712,0.7283901070769289
1306,2015-09-24,2015,11,27,Houston Dynamo,Sporting Kansas City,1465.5513135505885,1542.1352106766801,43.41610287390836,43.41610287390836,0.5621575923281257
1307,2015-09-26,2015,2,8,CF Montreal,DC United,1464.5095996811774,1510.8870154351193,73.62258424605807,73.62258424605807,0.6043935518755341
1308,2015-09-26,2015,19,20,New York Red Bulls,Orlando City,1583.1644057530903,1465.3515895424516,237.81281621063863,237.81281621063863,0.7972121731889101
1309,2015-09-26,2015,29,4,Toronto FC,Chicago Fire,1452.7866033534642,1399.5617233182468,173.22488003521744,173.22488003521744,0.7305003396829145
1310,2015-09-27,2015,7,22,Columbus Crew,Portland Timbers,1547.499547238226,1532.316546432432,135.18300080579388,135.18300080579388,0.6852868468723728
1311,2015-09-27,2015,11,6,Houston Dynamo,Colorado Rapids,1476.4973737423854,1448.6741974027834,147.823176339602,147.823176339602,0.7007639993446579
1312,2015-09-27,2015,17,21,New England Revolution,Philadelphia Union,1562.40653576817,1448.532647185002,233.87388858316808,233.87388858316808,0.7935218243706925
1313,2015-09-27,2015,27,26,Sporting Kansas City,Seattle Sounders,1531.1891504848832,1543.3861988651097,107.80295161977347,-107.80295161977347,0.6503467364424254
1314,2015-09-27,2015,30,18,Vancouver Whitecaps,New York City,1552.5653754923644,1460.0044576094458,212.5609178829186,212.5609178829186,0.7726962867262046
1315,2015-09-28,2015,14,10,Los Angeles Galaxy,FC Dallas,1578.3714893651277,1561.169499063971,137.20199030115668,137.20199030115668,0.6877879865403146
1316,2015-09-28,2015,25,23,San Jose Earthquakes,Real Salt Lake,1480.2672104588391,1523.2808777563666,76.98633270247251,76.98633270247251,0.6090138697217095
1317,2015-10-03,2015,8,18,DC United,New York City,1500.9968542320078,1479.321864777601,141.67498945440684,141.67498945440684,0.6932902319009882
1318,2015-10-03,2015,29,21,Toronto FC,Philadelphia Union,1459.5240948613914,1455.8706927942692,123.65340206712222,123.65340206712222,0.670800141240777
1319,2015-10-04,2015,4,17,Chicago Fire,New England Revolution,1392.8242318103196,1555.0684901589027,-42.24425834858312,42.24425834858312,0.43950345529775486
1320,2015-10-04,2015,10,11,FC Dallas,Houston Dynamo,1553.3641987274789,1483.978273758769,189.3859249687098,189.3859249687098,0.7484180666270261
1321,2015-10-04,2015,19,7,New York Red Bulls,Columbus Crew,1563.2341014233675,1530.3673760664165,152.86672535695106,152.86672535695106,0.7068163374467044
1322,2015-10-04,2015,20,2,Orlando City,CF Montreal,1485.2818938721744,1474.399760884289,130.88213298788537,130.88213298788537,0.6799230340101418
1323,2015-10-04,2015,22,27,Portland Timbers,Sporting Kansas City,1549.4487176042414,1527.4304820738225,142.0182355304189,142.0182355304189,0.6937102209750723
1324,2015-10-04,2015,25,30,San Jose Earthquakes,Vancouver Whitecaps,1490.0418637157964,1533.2479683242093,76.79389539158706,76.79389539158706,0.608750062963908
1325,2015-10-05,2015,6,23,Colorado Rapids,Real Salt Lake,1441.1932973863998,1513.5062244994094,47.687072886990336,47.687072886990336,0.5681994863760078
1326,2015-10-05,2015,26,14,Seattle Sounders,Los Angeles Galaxy,1547.1448672761703,1586.1767897016198,80.96807757455053,80.96807757455053,0.6144578292297518
1327,2015-10-08,2015,19,2,New York Red Bulls,CF Montreal,1570.5636929871998,1466.3978367345426,224.16585625265725,224.16585625265725,0.7842152913269118
1328,2015-10-08,2015,30,10,Vancouver Whitecaps,FC Dallas,1535.966719898307,1559.6537470618032,96.31297283650383,96.31297283650383,0.635160927956005
1329,2015-10-10,2015,6,2,Colorado Rapids,CF Montreal,1426.9883102269996,1461.0032190177153,85.98509120928429,-85.98509120928429,0.6212765301263037
1330,2015-10-15,2015,10,30,FC Dallas,Vancouver Whitecaps,1563.0327702607033,1532.587696699407,150.44507356129634,150.44507356129634,0.7039192567820299
1331,2015-10-15,2015,23,22,Real Salt Lake,Portland Timbers,1527.7112116588096,1532.1059620798646,115.60524957894495,115.60524957894495,0.6604897149253494
1332,2015-10-15,2015,29,19,Toronto FC,New York Red Bulls,1467.754091330372,1575.958310704027,11.795780626344822,-11.795780626344822,0.5169689735226133
1333,2015-10-17,2015,20,18,Orlando City,New York City,1493.2838180219208,1471.6541205751257,141.62969744679503,141.62969744679503,0.6932347895239153
1334,2015-10-17,2015,25,27,San Jose Earthquakes,Sporting Kansas City,1487.3231121416986,1544.7732375981993,62.5498745434993,62.5498745434993,0.5890564159641092
1335,2015-10-17,2015,29,7,Toronto FC,Columbus Crew,1479.8298669923065,1523.0377845025841,76.79208248972236,76.79208248972236,0.608747577406572
1336,2015-10-18,2015,8,4,DC United,Chicago Fire,1508.664598434483,1406.8366454278757,221.82795300660723,221.82795300660723,0.7819291873559936
1337,2015-10-18,2015,11,26,Houston Dynamo,Seattle Sounders,1477.6887254244448,1544.2834215454266,53.40530387901822,-53.40530387901822,0.57625676537209
1338,2015-10-18,2015,17,2,New England Revolution,CF Montreal,1541.0560765413466,1476.535132270873,184.5209442704736,184.5209442704736,0.7431084412327371
1339,2015-10-18,2015,19,21,New York Red Bulls,Philadelphia Union,1563.8825350420925,1447.6406963252887,236.24183871680384,236.24183871680384,0.7957462630410869
1340,2015-10-18,2015,23,10,Real Salt Lake,FC Dallas,1511.1989687856758,1570.4347888411526,60.76417994452322,-60.76417994452322,0.586565862318008
1341,2015-10-19,2015,14,22,Los Angeles Galaxy,Portland Timbers,1589.0382354323635,1548.6182049529984,160.4200304793651,160.4200304793651,0.7157449372038042
1342,2015-10-22,2015,27,6,Sporting Kansas City,Colorado Rapids,1534.499647997302,1411.456396973842,243.04325102346002,243.04325102346002,0.8020361775477775
1343,2015-10-25,2015,2,29,CF Montreal,Toronto FC,1495.1128433016913,1464.6111775571421,150.5016657445492,150.5016657445492,0.7039871484222481
1344,2015-10-25,2015,4,19,Chicago Fire,New York Red Bulls,1401.3848751117755,1568.9888784660654,-47.604003354289944,47.604003354289944,0.43191783998785016
1345,2015-10-25,2015,7,8,Columbus Crew,DC United,1538.2564739377485,1514.1163687505832,144.14010518716532,144.14010518716532,0.6962993473869975
1346,2015-10-25,2015,10,25,FC Dallas,San Jose Earthquakes,1585.0989353991029,1497.596701742596,207.50223365650686,207.50223365650686,0.7675411502511267
1347,2015-10-25,2015,18,17,New York City,New England Revolution,1463.9849903132235,1522.4783655105282,61.50662480269534,-61.50662480269534,0.5876019146960214
1348,2015-10-25,2015,21,20,Philadelphia Union,Orlando City,1442.5343529013157,1500.952948283823,61.58140461749281,61.58140461749281,0.5877062241186689
1349,2015-10-25,2015,22,6,Portland Timbers,Colorado Rapids,1566.5118283830936,1431.5073014125364,255.0045269705572,255.0045269705572,0.8127416477087662
1350,2015-10-25,2015,26,23,Seattle Sounders,Real Salt Lake,1546.1898406797288,1496.5348222277255,169.65501845200333,169.65501845200333,0.7264356032838934
1351,2015-10-25,2015,27,14,Sporting Kansas City,Los Angeles Galaxy,1514.4487435586075,1571.1446120022683,63.304131556339144,63.304131556339144,0.5901070357393209
1352,2015-10-25,2015,30,11,Vancouver Whitecaps,Houston Dynamo,1525.1856781189576,1475.7823062901425,169.40337182881512,169.40337182881512,0.7261476341750065
1353,2015-10-28,2015,8,17,DC United,New England Revolution,1506.523852435258,1537.1684133779288,89.35543905732925,-89.35543905732925,0.6258306382796485
1354,2015-10-29,2015,2,29,CF Montreal,Toronto FC,1502.5131645911351,1457.2108562676983,165.30230832343682,165.30230832343682,0.7214281105544881
1355,2015-10-29,2015,26,14,Seattle Sounders,Los Angeles Galaxy,1553.0289505976316,1560.8972878957513,112.13166270188026,112.13166270188026,0.6559915614495571
1356,2015-10-30,2015,22,27,Portland Timbers,Sporting Kansas City,1571.1932871903746,1524.6960676651245,166.4972195252501,166.4972195252501,0.7228083645295389
1357,2015-11-01,2015,8,19,DC United,New York Red Bulls,1515.8780864782668,1579.7868244657616,56.09126201250524,-56.09126201250524,0.5800277377801627
1358,2015-11-01,2015,22,30,Portland Timbers,Vancouver Whitecaps,1565.6230780771361,1532.0319872645825,153.5910908125536,153.5910908125536,0.7076796832449312
1359,2015-11-02,2015,2,7,CF Montreal,Columbus Crew,1509.477461827273,1545.8489902530737,83.62847157419924,83.62847157419924,0.618079396558548
1360,2015-11-02,2015,26,10,Seattle Sounders,FC Dallas,1561.6291615613927,1590.9104066428247,90.71875491856804,90.71875491856804,0.6276665269690012
1361,2015-11-08,2015,7,2,Columbus Crew,CF Montreal,1536.3009751670374,1519.0254769133091,137.2754982537283,137.2754982537283,0.6878788438147994
1362,2015-11-08,2015,19,8,New York Red Bulls,DC United,1594.2875179102657,1501.3773930337627,212.910124876503,212.910124876503,0.7730491576190022
1363,2015-11-09,2015,10,26,FC Dallas,Seattle Sounders,1581.6020698170498,1570.9374983871676,130.66457142988224,130.66457142988224,0.6796504189471243
1364,2015-11-09,2015,30,22,Vancouver Whitecaps,Portland Timbers,1537.2239793457059,1560.4310859960128,96.79289334969303,96.79289334969303,0.6358008804200251
1365,2015-11-22,2015,7,19,Columbus Crew,New York Red Bulls,1544.1040040716675,1599.9612889697908,64.14271510187677,64.14271510187677,0.5912741505567167
1366,2015-11-23,2015,22,10,Portland Timbers,FC Dallas,1576.3261080065136,1589.6108093433718,106.71529866314177,106.71529866314177,0.6489216665044679
1367,2015-11-29,2015,10,22,FC Dallas,Portland Timbers,1580.8338510059834,1585.103066343902,115.73078466208153,115.73078466208153,0.6606517426833621
1368,2015-11-30,2015,19,7,New York Red Bulls,Columbus Crew,1589.7431427337087,1554.3221503077496,155.42099242595918,155.42099242595918,0.7098540165237984
1369,2015-12-06,2015,7,22,Columbus Crew,Portland Timbers,1547.0685007208444,1589.1193599109858,77.94914080985859,77.94914080985859,0.6103327960589289
1370,2016-03-06,2016,4,18,Chicago Fire,New York City,1390.5869291120794,1449.294942445823,61.291986666256435,61.291986666256435,0.5873024749932961
1371,2016-03-06,2016,10,21,FC Dallas,Philadelphia Union,1576.8175574388995,1452.8416972983491,243.97586014055037,243.97586014055037,0.80288717932738
1372,2016-03-06,2016,11,17,Houston Dynamo,New England Revolution,1468.9359971445176,1527.81417933492,61.12181780959759,61.12181780959759,0.5870650280512261
1373,2016-03-06,2016,19,29,New York Red Bulls,Toronto FC,1596.9967923206138,1450.2465590315605,266.7502332890533,266.7502332890533,0.8228151127309903
1374,2016-03-06,2016,20,23,Orlando City,Real Salt Lake,1490.6456038867896,1489.6957123098227,120.94989157696682,120.94989157696682,0.6673543918318752
1375,2016-03-06,2016,22,7,Portland Timbers,Columbus Crew,1604.377679812459,1531.8101808193712,192.56749899308784,192.56749899308784,0.7518507831346178
1376,2016-03-06,2016,25,6,San Jose Earthquakes,Colorado Rapids,1491.7852304988742,1426.8258426052555,184.95938789361867,184.95938789361867,0.7435899507348099
1377,2016-03-06,2016,30,2,Vancouver Whitecaps,CF Montreal,1521.3289573352051,1511.222448008679,130.10650932652607,130.10650932652607,0.6789505796628817
1378,2016-03-07,2016,14,8,Los Angeles Galaxy,DC United,1552.2970769319902,1495.7036219742376,176.59345495775256,176.59345495775256,0.7343007473576242
1379,2016-03-07,2016,26,27,Seattle Sounders,Sporting Kansas City,1562.9287588608456,1530.266276778363,152.6624820824827,152.6624820824827,0.7065726375348935
1380,2016-03-12,2016,2,19,CF Montreal,New York Red Bulls,1528.196212500251,1576.4264145023392,71.76979799791184,71.76979799791184,0.6018405925514029
1381,2016-03-12,2016,17,8,New England Revolution,DC United,1529.9908050362008,1489.0611406581781,160.9296643780226,160.9296643780226,0.7163414302658818
1382,2016-03-12,2016,20,4,Orlando City,Chicago Fire,1486.4617440909926,1375.904367237247,230.5573768537456,230.5573768537456,0.7903762676863821
1383,2016-03-12,2016,23,26,Real Salt Lake,Seattle Sounders,1493.8795721056197,1545.2644429224733,68.61512918314634,68.61512918314634,0.5974810602696213
1384,2016-03-13,2016,6,14,Colorado Rapids,Los Angeles Galaxy,1420.4155913736258,1558.9395582480497,-18.523966874423877,18.523966874423877,0.4733670997487467
1385,2016-03-13,2016,7,21,Columbus Crew,Philadelphia Union,1525.6064503977366,1447.9138767815336,197.69257361620294,197.69257361620294,0.7573140728757308
1386,2016-03-13,2016,11,10,Houston Dynamo,FC Dallas,1466.759371443237,1581.745377955715,5.01399348752193,-5.01399348752193,0.5072152157745616
1387,2016-03-13,2016,25,22,San Jose Earthquakes,Portland Timbers,1498.1954817305038,1610.5814102340937,7.6140714964101335,7.6140714964101335,0.5109557758495142
1388,2016-03-13,2016,27,30,Sporting Kansas City,Vancouver Whitecaps,1547.9305927167352,1504.3551928436332,163.57539987310201,163.57539987310201,0.7194259043765662
1389,2016-03-18,2016,18,20,New York City,Orlando City,1463.9775043206553,1479.2023373988332,104.77516692182212,104.77516692182212,0.6463730668484134
1390,2016-03-19,2016,4,7,Chicago Fire,Columbus Crew,1383.1637739294065,1506.6735985758432,-3.509824646436755,3.509824646436755,0.4949491281226161
1391,2016-03-19,2016,19,11,New York Red Bulls,Houston Dynamo,1566.4724293161244,1479.078991048873,207.39343826725144,207.39343826725144,0.7674293901719226
1392,2016-03-20,2016,8,6,DC United,Colorado Rapids,1494.4696764148252,1433.5814138799071,180.8882625349181,180.8882625349181,0.7390962406185017
1393,2016-03-20,2016,10,2,FC Dallas,CF Montreal,1569.425758350079,1538.1501976864658,151.27556066361308,151.27556066361308,0.7049146566917612
1394,2016-03-20,2016,14,25,Los Angeles Galaxy,San Jose Earthquakes,1545.7737357417684,1510.421587334266,155.35214840750245,155.35214840750245,0.7097723876827498
1395,2016-03-20,2016,21,17,Philadelphia Union,New England Revolution,1466.846728603427,1524.5822692795537,62.264459323873325,62.264459323873325,0.5886586428985655
1396,2016-03-20,2016,22,23,Portland Timbers,Real Salt Lake,1598.3553046303316,1503.9425455988792,214.41275903145242,214.41275903145242,0.7745631393664325
1397,2016-03-20,2016,26,30,Seattle Sounders,Vancouver Whitecaps,1535.2014694292138,1497.3408404530473,157.86062897616648,157.86062897616648,0.7127379237309296
1398,2016-03-20,2016,27,29,Sporting Kansas City,Toronto FC,1554.944945107321,1470.8169368498352,204.12800825748582,204.12800825748582,0.7640575640598354
1399,2016-03-26,2016,8,10,DC United,FC Dallas,1488.4922703993627,1576.8028919327849,31.689378466577864,-31.689378466577864,0.545478636926099
1400,2016-03-26,2016,18,17,New York City,New England Revolution,1447.818177649445,1514.2987353520177,53.519442297427304,53.519442297427304,0.5764171950042116
1401,2016-03-27,2016,30,11,Vancouver Whitecaps,Houston Dynamo,1515.1592885463206,1473.264725803171,161.89456274314966,161.89456274314966,0.7174687070832555
1402,2016-04-02,2016,4,21,Chicago Fire,Philadelphia Union,1383.290045726341,1477.130262530963,26.159783195378168,26.159783195378168,0.5375759728602123
1403,2016-04-02,2016,17,19,New England Revolution,New York Red Bulls,1516.209165227123,1572.2866945618264,63.922470665296714,63.922470665296714,0.5909677201600008
1404,2016-04-03,2016,6,29,Colorado Rapids,Toronto FC,1439.5588198953697,1464.9183759513312,94.64044394403845,94.64044394403845,0.632926961727472
1405,2016-04-03,2016,10,7,FC Dallas,Columbus Crew,1590.4398578559374,1506.5473267789087,203.8925310770287,203.8925310770287,0.763813112916443
1406,2016-04-03,2016,25,8,San Jose Earthquakes,DC United,1503.1658970263347,1474.8553044762102,148.3105925501245,148.3105925501245,0.7013520252178955
1407,2016-04-03,2016,26,2,Seattle Sounders,CF Montreal,1517.3830213359406,1530.77306410376,106.6099572321807,106.6099572321807,0.6487835039286283
1408,2016-04-03,2016,27,23,Sporting Kansas City,Real Salt Lake,1560.843506005825,1510.8066240830399,170.03688192278514,170.03688192278514,0.7268722238812815
1409,2016-04-03,2016,30,14,Vancouver Whitecaps,Los Angeles Galaxy,1522.2225708692392,1553.0294260496996,89.19314481953961,89.19314481953961,0.6256118445521874
1410,2016-04-04,2016,20,22,Orlando City,Portland Timbers,1495.3616640700434,1591.491226146171,23.870437923872487,23.870437923872487,0.5342983720323763
1411,2016-04-09,2016,2,7,CF Montreal,Columbus Crew,1521.9926517019755,1513.1426546018197,128.84999710015586,128.84999710015586,0.6773719034252972
1412,2016-04-09,2016,8,30,DC United,Vancouver Whitecaps,1479.8891051066576,1519.0822747554346,80.80683035122297,80.80683035122297,0.6142379126239202
1413,2016-04-09,2016,17,29,New England Revolution,Toronto FC,1526.4349722231232,1455.741549994518,190.6934222286052,190.6934222286052,0.7498325794692811
1414,2016-04-09,2016,21,20,Philadelphia Union,Orlando City,1465.5696618524682,1507.004204769234,78.56545708323415,78.56545708323415,0.6111762268916315
1415,2016-04-10,2016,10,25,FC Dallas,San Jose Earthquakes,1583.8445300330263,1498.1320963958874,205.71243363713893,205.71243363713893,0.765697821179622
1416,2016-04-10,2016,11,26,Houston Dynamo,Seattle Sounders,1466.2014434802522,1526.163433737725,60.038009742527265,60.038009742527265,0.5855517786493812
1417,2016-04-10,2016,19,27,New York Red Bulls,Sporting Kansas City,1562.0608875658263,1542.671700408793,139.38918715703335,139.38918715703335,0.6904852069135302
1418,2016-04-10,2016,23,6,Real Salt Lake,Colorado Rapids,1528.978429680072,1448.7356458521829,200.24278382788907,200.24278382788907,0.7600019357358045
1419,2016-04-11,2016,14,22,Los Angeles Galaxy,Portland Timbers,1556.1697221635043,1579.8486854469802,96.32103671652408,96.32103671652408,0.6351716847325491
1420,2016-04-11,2016,18,4,New York City,Chicago Fire,1445.9077477743397,1394.8506464048357,171.05710136950393,171.05710136950393,0.7280366011723273
1421,2016-04-14,2016,22,10,Portland Timbers,FC Dallas,1583.227977565294,1577.2020845035358,126.0258930617581,126.0258930617581,0.6738089490408479
1422,2016-04-14,2016,25,19,San Jose Earthquakes,New York Red Bulls,1504.774541925378,1544.7987573929881,79.97578453238975,79.97578453238975,0.6131037550257609
1423,2016-04-14,2016,27,6,Sporting Kansas City,Colorado Rapids,1559.9338305816311,1442.735694245578,237.19813633605304,237.19813633605304,0.7966395393522885
1424,2016-04-16,2016,4,2,Chicago Fire,CF Montreal,1400.5515614341439,1530.058354116343,-9.506792682199148,9.506792682199148,0.48632203903891785
1425,2016-04-16,2016,8,29,DC United,Toronto FC,1489.5331572910595,1461.98736448125,147.54579280980943,147.54579280980943,0.700429063873602
1426,2016-04-16,2016,11,14,Houston Dynamo,Los Angeles Galaxy,1464.0626490140178,1552.7904300451905,31.272218968827246,31.272218968827246,0.5448831981630752
1427,2016-04-17,2016,6,19,Colorado Rapids,New York Red Bulls,1462.6516827293854,1535.126351268632,47.52533146075325,47.52533146075325,0.5679710377747136
1428,2016-04-17,2016,7,18,Columbus Crew,New York City,1505.0769521874522,1440.2068327450315,184.87011944242067,184.87011944242067,0.7434919618968833
1429,2016-04-17,2016,20,17,Orlando City,New England Revolution,1497.2836104415248,1520.189157736391,97.09445270513379,97.09445270513379,0.6362027508423357
1430,2016-04-17,2016,22,25,Portland Timbers,San Jose Earthquakes,1566.3827538392727,1514.446948049734,171.9358057895388,171.9358057895388,0.729036971044592
1431,2016-04-17,2016,23,30,Real Salt Lake,Vancouver Whitecaps,1534.9783812866767,1509.4382225710326,145.5401587156441,145.5401587156441,0.6980009305242055
1432,2016-04-17,2016,26,21,Seattle Sounders,Philadelphia Union,1528.3022282039594,1475.2902561801775,173.01197202378194,173.01197202378194,0.7302589887417353
1433,2016-04-18,2016,10,27,FC Dallas,Sporting Kansas City,1594.047308229557,1540.0178420978239,174.02946613173322,174.02946613173322,0.7314111809392404
1434,2016-04-23,2016,2,29,CF Montreal,Toronto FC,1542.2164050923159,1479.49809107809,182.71831401422583,182.71831401422583,0.7411225409109174
1435,2016-04-23,2016,8,17,DC United,New England Revolution,1472.0224306942196,1523.5942265074495,68.42820418677002,-68.42820418677002,0.5972222514595934
1436,2016-04-23,2016,21,18,Philadelphia Union,New York City,1468.5467308987209,1433.7941317924535,154.75259910626733,154.75259910626733,0.7090609243341152
1437,2016-04-24,2016,6,26,Colorado Rapids,Seattle Sounders,1473.4524067850175,1535.045753485416,58.40665329960143,58.40665329960143,0.5832709849519445
1438,2016-04-24,2016,7,11,Columbus Crew,Houston Dynamo,1511.4896531400302,1450.4405690599408,181.04908408008941,181.04908408008941,0.739274718790061
1439,2016-04-24,2016,14,23,Los Angeles Galaxy,Real Salt Lake,1566.4125099992675,1542.5283580235716,143.8841519756959,143.8841519756959,0.695987685610454
1440,2016-04-24,2016,25,27,San Jose Earthquakes,Sporting Kansas City,1507.6728723258486,1533.3031216213049,94.36975070454378,94.36975070454378,0.6325648612752405
1441,2016-04-24,2016,30,10,Vancouver Whitecaps,FC Dallas,1501.8882458341377,1600.762028706076,21.126217128061626,21.126217128061626,0.5303656550919605
1442,2016-04-25,2016,19,20,New York Red Bulls,Orlando City,1524.325627213,1493.8785416704663,150.4470855425336,150.4470855425336,0.7039216706394085
1443,2016-04-28,2016,17,22,New England Revolution,Portland Timbers,1513.5247827939395,1573.156829563158,60.367953230781495,60.367953230781495,0.5860126292424039
1444,2016-04-28,2016,18,2,New York City,CF Montreal,1426.5206549008064,1523.688341569543,22.83231333126355,22.83231333126355,0.5328111201915422
1445,2016-04-28,2016,30,27,Vancouver Whitecaps,Sporting Kansas City,1513.6291044568386,1524.1172431531859,109.51186130365272,109.51186130365272,0.652580370456577
1446,2016-04-30,2016,2,6,CF Montreal,Colorado Rapids,1524.5086195743315,1483.870632161219,160.63798741311257,160.63798741311257,0.7160001340373416
1447,2016-04-30,2016,4,8,Chicago Fire,DC United,1388.393510458171,1482.0918744077296,26.301636050441402,26.301636050441402,0.5377789563291062
1448,2016-04-30,2016,18,30,New York City,Vancouver Whitecaps,1425.7003768960178,1509.814595195424,35.885781700593725,35.885781700593725,0.5514609206646595
1449,2016-04-30,2016,19,10,New York Red Bulls,FC Dallas,1531.7275854470147,1589.0211700833752,62.70641536363951,62.70641536363951,0.5892745319601592
1450,2016-04-30,2016,21,25,Philadelphia Union,San Jose Earthquakes,1475.820207790368,1516.8587507939676,78.96145699640033,78.96145699640033,0.6117178033936498
1451,2016-04-30,2016,26,7,Seattle Sounders,Columbus Crew,1524.6275281092146,1518.0077851702788,126.61974293893581,126.61974293893581,0.6745598502400947
1452,2016-05-01,2016,17,20,New England Revolution,Orlando City,1511.3744670628794,1486.4765834364516,144.89788362642776,144.89788362642776,0.6972209999762594
1453,2016-05-01,2016,22,29,Portland Timbers,Toronto FC,1575.3071452942181,1498.026154600863,197.28099069335508,197.28099069335508,0.7568783620933337
1454,2016-05-01,2016,23,11,Real Salt Lake,Houston Dynamo,1534.928050163833,1443.9224370296922,211.00561313414073,211.00561313414073,0.7711199635748236
1455,2016-05-02,2016,27,14,Sporting Kansas City,Los Angeles Galaxy,1527.9317524146004,1574.0128178590062,73.9189345555942,73.9189345555942,0.6048013702840475
1456,2016-05-07,2016,20,19,Orlando City,New York Red Bulls,1491.4071084358582,1541.9957221480106,69.41138628784756,69.41138628784756,0.5985829159481487
1457,2016-05-07,2016,30,22,Vancouver Whitecaps,Portland Timbers,1498.6011182120405,1581.3851862418849,37.21593197015568,37.21593197015568,0.5533541281757033
1458,2016-05-08,2016,6,23,Colorado Rapids,Real Salt Lake,1489.2706355121525,1540.6500510744625,68.62058443769001,68.62058443769001,0.5974886125803599
1459,2016-05-08,2016,7,2,Columbus Crew,CF Montreal,1509.8717814262811,1519.108616223398,110.7631652028831,110.7631652028831,0.6542116482704299
1460,2016-05-08,2016,11,27,Houston Dynamo,Sporting Kansas City,1438.2004361190627,1525.3117181574992,32.88871796156354,32.88871796156354,0.5471898016398236
1461,2016-05-08,2016,14,17,Los Angeles Galaxy,New England Revolution,1576.6328521161074,1506.4439420634728,190.18891005263458,190.18891005263458,0.7492874027222274
1462,2016-05-08,2016,26,25,Seattle Sounders,San Jose Earthquakes,1532.7635318532123,1519.6516958788088,133.11183597440345,133.11183597440345,0.682709855554761
1463,2016-05-08,2016,29,10,Toronto FC,FC Dallas,1491.9481136531963,1578.7530333823793,33.195080270817016,33.195080270817016,0.5476267287294805
1464,2016-05-09,2016,8,18,DC United,New York City,1483.0363483159572,1436.9138538794014,166.12249443655583,166.12249443655583,0.7223759698211945
1465,2016-05-12,2016,6,27,Colorado Rapids,Sporting Kansas City,1499.3334201976434,1513.9914631984948,105.34195699914858,105.34195699914858,0.6471184829675422
1466,2016-05-12,2016,10,22,FC Dallas,Portland Timbers,1567.4437016006164,1570.2190394462775,117.22466215433883,117.22466215433883,0.6625769905279729
1467,2016-05-12,2016,21,14,Philadelphia Union,Los Angeles Galaxy,1473.0272627055267,1582.9006670480517,10.126595657475036,10.126595657475036,0.5145692172021631
1468,2016-05-12,2016,25,11,San Jose Earthquakes,Houston Dynamo,1511.7194422676778,1449.520691078067,182.19875118961068,182.19875118961068,0.7405483041239397
1469,2016-05-12,2016,30,4,Vancouver Whitecaps,Chicago Fire,1509.767265007648,1387.4490365499435,242.31822845770444,242.31822845770444,0.8013726878521226
1470,2016-05-14,2016,2,21,CF Montreal,Philadelphia Union,1522.9639074301588,1472.6630322754727,170.30087515468608,170.30087515468608,0.7271738178432958
1471,2016-05-14,2016,8,19,DC United,New York Red Bulls,1464.9769490704273,1544.4602950467142,40.516654023713045,-40.516654023713045,0.5580452642849636
1472,2016-05-15,2016,7,6,Columbus Crew,Colorado Rapids,1506.0164902195204,1508.1554581234548,117.86103209606563,117.86103209606563,0.6633954880025358
1473,2016-05-15,2016,10,26,FC Dallas,Seattle Sounders,1575.8792768374171,1540.6957854643433,155.18349137307382,155.18349137307382,0.7095723524896479
1474,2016-05-15,2016,11,23,Houston Dynamo,Real Salt Lake,1443.0343986811656,1530.5872663889716,32.447132292194055,32.447132292194055,0.5465598942148685
1475,2016-05-15,2016,17,4,New England Revolution,Chicago Fire,1500.1761271315286,1382.4833537462466,237.69277338528195,237.69277338528195,0.7971004362174527
1476,2016-05-15,2016,27,20,Sporting Kansas City,Orlando City,1505.1694252726834,1488.9425355371545,136.22688973552886,136.22688973552886,0.6865813785915488
1477,2016-05-15,2016,29,30,Toronto FC,Vancouver Whitecaps,1503.2574454349592,1514.7329478113447,108.52449762361448,108.52449762361448,0.6512906463181924
1478,2016-05-16,2016,22,18,Portland Timbers,New York City,1561.7834642094767,1454.9732531249313,226.81021108454547,226.81021108454547,0.7867800599239186
1479,2016-05-19,2016,19,4,New York Red Bulls,Chicago Fire,1533.4114266538384,1377.410864651683,276.00056200215545,276.00056200215545,0.830445366881021
1480,2016-05-19,2016,29,18,Toronto FC,New York City,1486.9751792770044,1474.6427546230293,132.33242465397507,132.33242465397507,0.6817371741940488
1481,2016-05-21,2016,4,11,Chicago Fire,Houston Dynamo,1373.1719988237085,1454.3704013257939,38.8015974979146,38.8015974979146,0.5556089866767985
1482,2016-05-21,2016,18,19,New York City,New York Red Bulls,1479.1861839778805,1537.6502924818128,61.535891496067734,-61.535891496067734,0.5876427393757956
1483,2016-05-21,2016,21,8,Philadelphia Union,DC United,1478.342377721555,1476.0258174633032,122.31656025825191,122.31656025825191,0.6690985409007969
1484,2016-05-21,2016,29,7,Toronto FC,Columbus Crew,1482.4317499221531,1501.931603019457,100.50014690269609,100.50014690269609,0.6407280189082021
1485,2016-05-22,2016,17,10,New England Revolution,FC Dallas,1505.2486162260923,1583.139968025176,42.10864820091638,42.10864820091638,0.5603042339317192
1486,2016-05-22,2016,20,2,Orlando City,CF Montreal,1481.1070700019432,1517.2845619840764,83.82250801786677,83.82250801786677,0.6183430291129117
1487,2016-05-22,2016,22,30,Portland Timbers,Vancouver Whitecaps,1542.1139627113787,1531.0152139692996,131.09874874207912,131.09874874207912,0.6801943419050418
1488,2016-05-22,2016,26,6,Seattle Sounders,Colorado Rapids,1533.4350942765846,1512.240345323518,141.19474895306644,141.19474895306644,0.6927020806572247
1489,2016-05-22,2016,27,23,Sporting Kansas City,Real Salt Lake,1513.0048908078948,1519.2512637443433,113.75362706355145,113.75362706355145,0.6580954810108761
1490,2016-05-23,2016,14,25,Los Angeles Galaxy,San Jose Earthquakes,1583.2648974781057,1518.2057346645793,185.05916281352643,185.05916281352643,0.7436994433606454
1491,2016-05-26,2016,20,21,Orlando City,Philadelphia Union,1490.6484942741204,1486.6149141990352,124.03358007508518,124.03358007508518,0.671283236743617
1492,2016-05-28,2016,27,8,Sporting Kansas City,DC United,1496.5525037826228,1467.753280985823,148.79922279679977,148.79922279679977,0.7019408492003105
1493,2016-05-28,2016,30,11,Vancouver Whitecaps,Houston Dynamo,1523.0200725169257,1443.2606259927138,199.75944652421185,199.75944652421185,0.7594940775527234
1494,2016-05-29,2016,2,14,CF Montreal,Los Angeles Galaxy,1507.7431377118992,1577.1724113940895,50.57072631780966,50.57072631780966,0.5722674907440392
1495,2016-05-29,2016,4,22,Chicago Fire,Portland Timbers,1384.2817741567885,1550.1091041637526,-45.827330006964075,-45.827330006964075,0.43442899946679914
1496,2016-05-29,2016,6,21,Colorado Rapids,Philadelphia Union,1529.5578973399488,1490.8969951176257,158.6609022223231,158.6609022223231,0.713680195063234
1497,2016-05-29,2016,7,23,Columbus Crew,Real Salt Lake,1505.4498034921621,1535.7036507696153,89.74615272254687,89.74615272254687,0.6263571599702877
1498,2016-05-29,2016,17,26,New England Revolution,Seattle Sounders,1491.2410103777993,1516.1175422601539,95.12346811764542,95.12346811764542,0.6335727198521367
1499,2016-05-29,2016,18,20,New York City,Orlando City,1464.4951154934856,1486.3664133555299,98.12870213795577,98.12870213795577,0.6375795881775669
1500,2016-05-29,2016,19,29,New York Red Bulls,Toronto FC,1552.3413609662077,1478.913549449448,193.42781151675968,193.42781151675968,0.7527735973646231
1501,2016-05-29,2016,25,10,San Jose Earthquakes,FC Dallas,1524.2982207485954,1597.147573873469,47.15064687512654,47.15064687512654,0.5674417107320846
1502,2016-06-02,2016,8,26,DC United,Seattle Sounders,1485.3018022158308,1506.9568602564573,98.3449419593735,98.3449419593735,0.6378671717012021
1503,2016-06-02,2016,21,7,Philadelphia Union,Columbus Crew,1496.2389999942066,1514.790874492905,101.44812550130155,101.44812550130155,0.6419832301733567
1504,2016-06-02,2016,22,25,Portland Timbers,San Jose Earthquakes,1548.4698291504226,1522.6121779802934,145.8576511701292,145.8576511701292,0.6983860482072937
1505,2016-06-03,2016,10,11,FC Dallas,Houston Dynamo,1598.833616641771,1449.747977931532,269.085638710239,269.085638710239,0.8247665730410569
1506,2016-06-03,2016,14,27,Los Angeles Galaxy,Sporting Kansas City,1566.4790986626906,1479.003982552615,207.47511611007553,207.47511611007553,0.7675132972510665
1507,2016-06-03,2016,18,23,New York City,Real Salt Lake,1461.0556257890464,1526.3625797688724,54.69304602017405,54.69304602017405,0.5780658380067886
1508,2016-06-18,2016,18,21,New York City,Philadelphia Union,1446.6039798388767,1505.1894192398727,61.41456059900406,61.41456059900406,0.5874734846927004
1509,2016-06-19,2016,6,4,Colorado Rapids,Chicago Fire,1524.215892463368,1385.9210491701185,258.2948432932494,258.2948432932494,0.8156072056697212
1510,2016-06-19,2016,7,2,Columbus Crew,CF Montreal,1505.8404552472389,1518.436450443298,107.40400480394078,107.40400480394078,0.6498243365994545
1511,2016-06-19,2016,11,8,Houston Dynamo,DC United,1457.8671422575585,1469.3551229233008,108.51201933425773,108.51201933425773,0.6512743325642765
1512,2016-06-19,2016,20,25,Orlando City,San Jose Earthquakes,1489.805903059969,1515.0718291854757,94.73407387449333,94.73407387449333,0.6330521735557028
1513,2016-06-19,2016,23,22,Real Salt Lake,Portland Timbers,1540.814225719042,1556.0101779452402,104.80404777380181,104.80404777380181,0.6464110668587941
1514,2016-06-19,2016,27,10,Sporting Kansas City,FC Dallas,1485.6918149838918,1590.7144523157444,14.977362668147407,14.977362668147407,0.5215408158683378
1515,2016-06-19,2016,29,14,Toronto FC,Los Angeles Galaxy,1472.7328893835636,1559.7912662314138,32.94162315214976,32.94162315214976,0.5472652590560091
1516,2016-06-19,2016,30,17,Vancouver Whitecaps,New England Revolution,1516.5327205781075,1500.4016923814959,136.13102819661162,136.13102819661162,0.6864626209356626
1517,2016-06-20,2016,19,26,New York Red Bulls,Seattle Sounders,1558.5220210320922,1522.9035395489873,155.61848148310492,155.61848148310492,0.7100881053568554
1518,2016-06-23,2016,14,6,Los Angeles Galaxy,Colorado Rapids,1548.4728977078141,1528.825712321625,139.64718538618922,139.64718538618922,0.6908025180300462
1519,2016-06-23,2016,21,4,Philadelphia Union,Chicago Fire,1494.8762563571902,1381.3112293118616,233.56502704532863,233.56502704532863,0.7932303642465324
1520,2016-06-23,2016,23,19,Real Salt Lake,New York Red Bulls,1537.1539490475723,1565.7698183981709,91.38413064940141,91.38413064940141,0.6285612134174239
1521,2016-06-25,2016,26,18,Seattle Sounders,New York City,1515.6557421829086,1456.9171427215592,178.7385994613494,178.7385994613494,0.7367029870720717
1522,2016-06-26,2016,2,27,CF Montreal,Sporting Kansas City,1522.1820588582846,1497.6532945871834,144.52876427110118,144.52876427110118,0.6967722539708572
1523,2016-06-26,2016,7,19,Columbus Crew,New York Red Bulls,1502.0948468322524,1556.4838487336065,65.61099809864595,65.61099809864595,0.5933151785905648
1524,2016-06-26,2016,8,17,DC United,New England Revolution,1473.1369812374078,1517.5632579048875,75.57372333252033,-75.57372333252033,0.6070758906819845
1525,2016-06-26,2016,10,23,FC Dallas,Real Salt Lake,1578.752972712453,1546.4399187121367,152.31305400031624,152.31305400031624,0.706155430835424
1526,2016-06-26,2016,20,29,Orlando City,Toronto FC,1486.4795987210764,1484.0512579071633,122.42834081391311,122.42834081391311,0.6692409912306746
1527,2016-06-26,2016,21,30,Philadelphia Union,Vancouver Whitecaps,1500.045497251027,1499.371155054716,120.67434219631104,120.67434219631104,0.6670021761700613
1528,2016-06-26,2016,22,11,Portland Timbers,Houston Dynamo,1559.67045461671,1454.0852839434515,225.58517067325852,225.58517067325852,0.7855946606602667
1529,2016-06-26,2016,25,14,San Jose Earthquakes,Los Angeles Galaxy,1518.3981335243684,1543.7028347570629,94.69529876730553,94.69529876730553,0.633000321566205
1530,2016-07-02,2016,2,17,CF Montreal,New England Revolution,1517.2627525090131,1507.740155171937,129.52259733707615,129.52259733707615,0.6782174613947464
1531,2016-07-02,2016,4,25,Chicago Fire,San Jose Earthquakes,1376.1419884180248,1515.0731254852133,-18.9311370671885,-18.9311370671885,0.47278283400479276
1532,2016-07-02,2016,23,8,Real Salt Lake,DC United,1539.0938044830223,1482.9600839703583,176.133720512664,176.133720512664,0.7337840976777492
1533,2016-07-03,2016,11,21,Houston Dynamo,Philadelphia Union,1448.725150459958,1483.3704428467754,85.35470761318265,85.35470761318265,0.6204223323035218
1534,2016-07-03,2016,18,19,New York City,New York Red Bulls,1475.3347173983611,1558.8167281983706,36.51798919999055,-36.51798919999055,0.5523609332094366
1535,2016-07-03,2016,29,26,Toronto FC,Seattle Sounders,1475.78228268793,1497.238167506107,98.54411518182314,98.54411518182314,0.6381319705572145
1536,2016-07-04,2016,27,7,Sporting Kansas City,Columbus Crew,1502.5726009364548,1499.7619673674883,122.81063356896652,122.81063356896652,0.6697279409125595
1537,2016-07-05,2016,6,22,Colorado Rapids,Portland Timbers,1533.5957752723762,1565.0305881002034,88.56518717217273,88.56518717217273,0.6247647929211828
1538,2016-07-05,2016,10,20,FC Dallas,Orlando City,1586.0990869415673,1494.7485739403096,211.3505130012577,211.3505130012577,0.7714701866300037
1539,2016-07-05,2016,14,30,Los Angeles Galaxy,Vancouver Whitecaps,1547.027842796218,1516.0462094589675,150.9816333372505,150.9816333372505,0.7045625856230339
1540,2016-07-07,2016,17,18,New England Revolution,New York City,1499.6955917068055,1486.5256940681252,133.16989763868037,133.16989763868037,0.6827822510274476
1541,2016-07-09,2016,20,11,Orlando City,Houston Dynamo,1489.0353286060597,1458.21459215237,150.82073645368973,150.82073645368973,0.704369757372535
1542,2016-07-09,2016,25,10,San Jose Earthquakes,FC Dallas,1501.892696335333,1591.8123322758172,30.080364059515887,30.080364059515887,0.543181284893225
1543,2016-07-09,2016,26,14,Seattle Sounders,Los Angeles Galaxy,1500.6914667700373,1554.4137781556421,66.27768861439517,66.27768861439517,0.5942408724034043
1544,2016-07-10,2016,17,7,New England Revolution,Columbus Crew,1482.6260354311194,1491.5051658903024,111.12086954081701,111.12086954081701,0.6546773099490131
1545,2016-07-10,2016,19,22,New York Red Bulls,Portland Timbers,1547.6257515286065,1568.149707923233,99.47604360537343,99.47604360537343,0.6393698439542644
1546,2016-07-10,2016,21,8,Philadelphia Union,DC United,1473.8810011543635,1488.804686412302,105.07631474206141,105.07631474206141,0.6467692114238351
1547,2016-07-10,2016,23,2,Real Salt Lake,CF Montreal,1533.2492020410784,1525.3073159741446,127.94188606693388,127.94188606693388,0.6762284304775494
1548,2016-07-10,2016,29,4,Toronto FC,Chicago Fire,1472.3289834239997,1389.322417567905,203.00656585609477,203.00656585609477,0.7628918172311283
1549,2016-07-10,2016,30,6,Vancouver Whitecaps,Colorado Rapids,1508.6602740995434,1530.4766554493465,98.18361865019688,98.18361865019688,0.6376526325576084
1550,2016-07-11,2016,27,18,Sporting Kansas City,New York City,1510.8294024136408,1503.5952503438114,127.2341520698294,127.2341520698294,0.6753358051411076
1551,2016-07-14,2016,4,27,Chicago Fire,Sporting Kansas City,1383.3947129986832,1518.9460072851132,-15.551294286429993,-15.551294286429993,0.4776348225487489
1552,2016-07-14,2016,7,29,Columbus Crew,Toronto FC,1482.8720986390276,1478.2566879932215,124.61541064580615,124.61541064580615,0.6720218726385865
1553,2016-07-14,2016,19,20,New York Red Bulls,Orlando City,1544.14150542975,1483.9260846717464,180.21542075800357,180.21542075800357,0.7383486707224844
1554,2016-07-14,2016,22,2,Portland Timbers,CF Montreal,1571.6339540220897,1529.7130267360833,161.92092728600642,161.92092728600642,0.7174994702563497
1555,2016-07-14,2016,26,10,Seattle Sounders,FC Dallas,1485.8354449599522,1605.3918643981478,0.4435805618043105,0.4435805618043105,0.5006383633963692
1556,2016-07-14,2016,30,23,Vancouver Whitecaps,Real Salt Lake,1505.218958285603,1528.8434912791397,96.3754670064634,96.3754670064634,0.6352442882422857
1557,2016-07-16,2016,14,11,Los Angeles Galaxy,Houston Dynamo,1569.2697999657273,1463.3238360866833,225.94596387904403,225.94596387904403,0.7859442760054546
1558,2016-07-17,2016,2,18,CF Montreal,New York City,1535.150513492492,1495.478645472339,159.67186802015317,159.67186802015317,0.7148678936726466
1559,2016-07-17,2016,6,27,Colorado Rapids,Sporting Kansas City,1533.9179712632867,1505.886877848832,148.03109341445474,148.03109341445474,0.7010149146095139
1560,2016-07-17,2016,7,8,Columbus Crew,DC United,1478.571551823063,1479.973916697898,118.59763512516497,118.59763512516497,0.6643416820341472
1561,2016-07-17,2016,10,4,FC Dallas,Chicago Fire,1592.907823483057,1396.4538424349644,316.4539810480926,316.4539810480926,0.8607646611633282
1562,2016-07-17,2016,22,26,Portland Timbers,Seattle Sounders,1566.196467265681,1498.319485875043,187.87698139063787,187.87698139063787,0.746779033204626
1563,2016-07-17,2016,23,17,Real Salt Lake,New England Revolution,1519.7245984851968,1491.259102682394,148.4654958028027,148.4654958028027,0.7015387637183533
1564,2016-07-17,2016,25,29,San Jose Earthquakes,Toronto FC,1488.3131642130024,1482.5572348091862,125.75592940381625,125.75592940381625,0.6734672946143742
1565,2016-07-17,2016,30,20,Vancouver Whitecaps,Orlando City,1514.337851079546,1477.3848014398084,156.95304963973763,156.95304963973763,0.7116670693188917
1566,2016-07-18,2016,21,19,Philadelphia Union,New York Red Bulls,1482.7117708687676,1550.682788661688,52.02898220707971,52.02898220707971,0.5743209913775043
1567,2016-07-23,2016,22,14,Portland Timbers,Los Angeles Galaxy,1572.5269914355652,1574.621193065591,117.90579836997426,117.90579836997426,0.6634530294527323
1568,2016-07-23,2016,23,25,Real Salt Lake,San Jose Earthquakes,1514.686129392238,1496.476481847643,138.20964754459487,138.20964754459487,0.6890322109024241
1569,2016-07-24,2016,2,21,CF Montreal,Philadelphia Union,1517.278816150676,1480.85374608433,156.42507006634605,156.42507006634605,0.7110430140132503
1570,2016-07-24,2016,6,10,Colorado Rapids,FC Dallas,1541.392598398049,1596.3887069539737,65.00389144407518,65.00389144407518,0.5924716392830954
1571,2016-07-24,2016,7,20,Columbus Crew,Orlando City,1474.4630097722093,1482.6764781727807,111.7865315994286,111.7865315994286,0.6555430829611788
1572,2016-07-24,2016,11,30,Houston Dynamo,Vancouver Whitecaps,1457.9724429868197,1509.0461743465737,68.92626864024601,68.92626864024601,0.5979117309585308
1573,2016-07-24,2016,17,4,New England Revolution,Chicago Fire,1496.297571775353,1392.9729589640476,223.32461281130531,223.32461281130531,0.7833946929414609
1574,2016-07-24,2016,19,18,New York Red Bulls,New York City,1552.5408134461256,1513.350342814155,159.19047063197058,159.19047063197058,0.7143027098366016
1575,2016-07-24,2016,27,26,Sporting Kansas City,Seattle Sounders,1498.4122507140698,1491.9889617051588,126.42328900891107,126.42328900891107,0.6743115405129377
1576,2016-07-24,2016,29,8,Toronto FC,DC United,1474.3939171745455,1484.0824587487516,110.31145842579394,110.31145842579394,0.6536231910825225
1577,2016-07-30,2016,18,6,New York City,Colorado Rapids,1506.20791056007,1539.0808074159715,87.12710314409856,87.12710314409856,0.6228220900012016
1578,2016-07-31,2016,8,2,DC United,CF Montreal,1475.4230385258147,1524.5027408003448,70.92029772546994,70.92029772546994,0.6006681997323876
1579,2016-07-31,2016,10,30,FC Dallas,Vancouver Whitecaps,1598.700497936051,1511.493967620537,207.2065303155141,207.2065303155141,0.7672373015360759
1580,2016-07-31,2016,26,14,Seattle Sounders,Los Angeles Galaxy,1483.8467502179822,1591.2075188019091,12.639231416073017,12.639231416073017,0.5181812964554606
1581,2016-07-31,2016,27,22,Sporting Kansas City,Portland Timbers,1506.5544622012465,1555.940665699247,70.61379650199956,70.61379650199956,0.6002449141484693
1582,2016-08-01,2016,4,19,Chicago Fire,New York Red Bulls,1387.5578262875842,1559.6832457002106,-52.12541941262634,52.12541941262634,0.4255432962914526
1583,2016-08-01,2016,11,25,Houston Dynamo,San Jose Earthquakes,1455.5246497128564,1501.2022871202037,74.32236259265278,74.32236259265278,0.6053563078043468
1584,2016-08-01,2016,20,17,Orlando City,New England Revolution,1486.56505524681,1501.7127044518163,104.85235079499375,104.85235079499375,0.6464746174736639
1585,2016-08-01,2016,21,23,Philadelphia Union,Real Salt Lake,1473.6298214346612,1509.9603241196774,83.6694973149838,83.6694973149838,0.6181351430284296
1586,2016-08-01,2016,29,7,Toronto FC,Columbus Crew,1483.0533373974824,1470.5744326981799,132.47890469930257,132.47890469930257,0.6819200981061616
1587,2016-08-04,2016,29,23,Toronto FC,Real Salt Lake,1491.0053349448283,1525.413702695388,85.59163224944018,85.59163224944018,0.6207434635802019
1588,2016-08-06,2016,25,18,San Jose Earthquakes,New York City,1503.8361948153124,1515.63735831004,108.19883650527231,108.19883650527231,0.6508647703742592
1589,2016-08-07,2016,2,11,CF Montreal,Houston Dynamo,1527.0194457936545,1452.8907420177477,194.12870377590684,194.12870377590684,0.7535237038291482
1590,2016-08-07,2016,6,30,Colorado Rapids,Vancouver Whitecaps,1529.6513596660016,1505.674900158939,143.9764595070626,143.9764595070626,0.6961001047687496
1591,2016-08-07,2016,8,21,DC United,Philadelphia Union,1472.906333532505,1458.1764428589504,134.72989067355456,134.72989067355456,0.6847240438068241
1592,2016-08-07,2016,22,27,Portland Timbers,Sporting Kansas City,1545.9467885529587,1516.5483393475347,149.39844920542396,149.39844920542396,0.7026620343463654
1593,2016-08-07,2016,23,4,Real Salt Lake,Chicago Fire,1515.9322892848932,1389.419243880298,246.51304540459523,246.51304540459523,0.805188370091478
1594,2016-08-07,2016,29,17,Toronto FC,New England Revolution,1500.4867483553232,1492.874569888658,127.61217846666523,127.61217846666523,0.6758127477820384
1595,2016-08-08,2016,14,19,Los Angeles Galaxy,New York Red Bulls,1591.6620512132956,1557.821828107497,153.8402231057987,153.8402231057987,0.7079762702010479
1596,2016-08-08,2016,20,26,Orlando City,Seattle Sounders,1495.4031898099684,1483.3922178065957,132.01097200337267,132.01097200337267,0.6813355484441046
1597,2016-08-13,2016,30,25,Vancouver Whitecaps,San Jose Earthquakes,1498.0774027781576,1500.064575555956,118.01282722220162,118.01282722220162,0.6635905820152823
1598,2016-08-14,2016,4,20,Chicago Fire,Orlando City,1384.548953132585,1478.3698010988658,26.17915203371922,26.17915203371922,0.5376036893158957
1599,2016-08-14,2016,7,18,Columbus Crew,New York City,1462.622435150834,1519.4089775693965,63.213457581437524,63.213457581437524,0.5899807774139324
1600,2016-08-14,2016,8,22,DC United,Portland Timbers,1468.2882324373343,1553.3802376942995,34.907994743034806,34.907994743034806,0.5500682782048772
1601,2016-08-14,2016,10,27,FC Dallas,Sporting Kansas City,1604.519565397649,1509.1148902061939,215.40467519145523,215.40467519145523,0.775558615638106
1602,2016-08-14,2016,14,6,Los Angeles Galaxy,Colorado Rapids,1586.4626444582693,1537.2488570467829,169.21378741148646,169.21378741148646,0.7259305606220116
1603,2016-08-14,2016,17,21,New England Revolution,Philadelphia Union,1484.769888583209,1462.794543954121,141.97534462908789,141.97534462908789,0.6936577580818517
1604,2016-08-14,2016,19,2,New York Red Bulls,CF Montreal,1563.0212348625232,1533.1813531979258,149.83988166459744,149.83988166459744,0.7031926657957697
1605,2016-08-15,2016,11,29,Houston Dynamo,Toronto FC,1446.7288346134765,1508.5914296607723,58.13740495270417,-58.13740495270417,0.582894204100327
1606,2016-08-15,2016,26,23,Seattle Sounders,Real Salt Lake,1500.4256065176983,1520.802580032606,99.62302648509217,99.62302648509217,0.6395649116718779
1607,2016-08-20,2016,18,14,New York City,Los Angeles Galaxy,1521.6584970047447,1580.814380442719,60.84411656202565,60.84411656202565,0.5866774476925607
1608,2016-08-20,2016,25,11,San Jose Earthquakes,Houston Dynamo,1516.6543401063382,1444.6564795109682,191.99786059536996,191.99786059536996,0.7512384920479195
1609,2016-08-21,2016,2,4,CF Montreal,Chicago Fire,1525.76116984282,1383.6088608996877,262.1523089431323,262.1523089431323,0.8189233395045619
1610,2016-08-21,2016,6,20,Colorado Rapids,Orlando City,1542.897121062333,1479.309893331763,183.58722773057002,183.58722773057002,0.7420810411696295
1611,2016-08-21,2016,8,19,DC United,New York Red Bulls,1479.5365254822123,1570.441418217629,29.09510726458325,-29.09510726458325,0.5417736208014307
1612,2016-08-21,2016,17,7,New England Revolution,Columbus Crew,1467.4284446311626,1460.3729157154858,127.05552891567686,127.05552891567686,0.6751103158666266
1613,2016-08-21,2016,21,29,Philadelphia Union,Toronto FC,1480.1359879061674,1510.6637847632805,89.47220314288688,89.47220314288688,0.6259880196337453
1614,2016-08-21,2016,23,10,Real Salt Lake,FC Dallas,1511.791702824403,1597.6306000066963,34.161102817706706,34.161102817706706,0.5490039648650095
1615,2016-08-21,2016,27,30,Sporting Kansas City,Vancouver Whitecaps,1516.0038555971466,1481.4876382277755,154.51621736937113,154.51621736937113,0.70878013621996
1616,2016-08-22,2016,26,22,Seattle Sounders,Portland Timbers,1509.4364837259013,1542.1319446494215,87.30453907647984,87.30453907647984,0.62306200257539
1617,2016-08-25,2016,2,8,CF Montreal,DC United,1505.288086355206,1478.4921849621765,146.79590139302945,146.79590139302945,0.6995225109706039
1618,2016-08-25,2016,4,14,Chicago Fire,Los Angeles Galaxy,1404.0819443873017,1570.4813166350332,-46.399372247731435,-46.399372247731435,0.43362009807634516
1619,2016-08-25,2016,7,21,Columbus Crew,Philadelphia Union,1477.2506736121513,1464.4862874153239,132.76438619682745,132.76438619682745,0.6822764454020374
1620,2016-08-25,2016,11,26,Houston Dynamo,Seattle Sounders,1463.4374418121663,1518.8599336615166,64.57750815064969,64.57750815064969,0.5918788782518719
1621,2016-08-25,2016,20,29,Orlando City,Toronto FC,1485.3619193610039,1526.313485254124,79.04843410687977,79.04843410687977,0.6118367179364869
1622,2016-08-25,2016,25,17,San Jose Earthquakes,New England Revolution,1497.87337780514,1450.550686734497,167.32269107064303,167.32269107064303,0.7237594087645929
1623,2016-08-27,2016,23,6,Real Salt Lake,Colorado Rapids,1523.066603702778,1536.8450950330923,106.22150866968559,106.22150866968559,0.6482738114198394
1624,2016-08-28,2016,7,25,Columbus Crew,San Jose Earthquakes,1460.1937624771003,1492.2793925860253,87.91436989107501,87.91436989107501,0.6238860993711028
1625,2016-08-28,2016,8,4,DC United,Chicago Fire,1483.4802477364415,1405.7414419353931,197.73880580104833,197.73880580104833,0.7573629821246545
1626,2016-08-28,2016,11,10,Houston Dynamo,FC Dallas,1461.1404698558695,1586.3556991283215,-5.215229272452007,5.215229272452007,0.49249524540959305
1627,2016-08-28,2016,14,30,Los Angeles Galaxy,Vancouver Whitecaps,1568.8218190869418,1474.2071416332744,214.61467745366735,214.61467745366735,0.7747660359665344
1628,2016-08-28,2016,19,17,New York Red Bulls,New England Revolution,1571.4857587376648,1456.1446719536118,235.341086784053,235.341086784053,0.794902207470467
1629,2016-08-28,2016,21,27,Philadelphia Union,Sporting Kansas City,1481.5431985503749,1523.2843521916477,78.25884635872717,78.25884635872717,0.6107567119657092
1630,2016-08-28,2016,22,26,Portland Timbers,Seattle Sounders,1532.7084947138062,1521.1569056178134,131.55158909599277,131.55158909599277,0.6807611235542422
1631,2016-08-28,2016,29,2,Toronto FC,CF Montreal,1541.6094032025362,1500.300023580941,161.30937962159533,161.30937962159533,0.7167853702000807
1632,2016-08-29,2016,20,18,Orlando City,New York City,1470.0660014125917,1531.9915608124306,58.0744406001611,58.0744406001611,0.5828060790364457
1633,2016-09-02,2016,18,8,New York City,DC United,1521.5617127883418,1489.5461731833252,152.01553960501656,152.01553960501656,0.705799934678824
1634,2016-09-04,2016,4,21,Chicago Fire,Philadelphia Union,1399.6755164885094,1491.2742807512323,28.401235737277148,28.401235737277148,0.5407818653444136
1635,2016-09-04,2016,10,22,FC Dallas,Portland Timbers,1598.6680802635613,1540.6894666249502,177.97861363861102,177.97861363861102,0.735853515561956
1636,2016-09-04,2016,14,7,Los Angeles Galaxy,Columbus Crew,1561.9526681877785,1469.5966099928228,212.35605819495572,212.35605819495572,0.7724890974881646
1637,2016-09-04,2016,17,6,New England Revolution,Colorado Rapids,1451.0172271403735,1528.0519403185883,42.965286821785185,42.965286821785185,0.5615187395486455
1638,2016-09-08,2016,2,20,CF Montreal,Orlando City,1518.2196578359428,1480.4958494366806,157.72380839926223,157.72380839926223,0.7125766409406568
1639,2016-09-08,2016,23,14,Real Salt Lake,Los Angeles Galaxy,1531.859758417282,1567.6404407505743,84.21931766670764,84.21931766670764,0.6188819475200389
1640,2016-09-10,2016,7,30,Columbus Crew,Vancouver Whitecaps,1463.908837430027,1481.0762925324377,102.83254489758929,102.83254489758929,0.6438128337357392
1641,2016-09-10,2016,27,11,Sporting Kansas City,Houston Dynamo,1513.5532699907903,1448.8280887206297,184.72518127016065,184.72518127016065,0.7433328128850915
1642,2016-09-11,2016,4,29,Chicago Fire,Toronto FC,1411.155969854899,1523.6897689475343,7.466200907364737,7.466200907364737,0.510743073165082
1643,2016-09-11,2016,10,6,FC Dallas,Colorado Rapids,1605.2717423745123,1517.0899088073045,208.18183356720783,208.18183356720783,0.768238421721116
1644,2016-09-11,2016,17,18,New England Revolution,New York City,1461.9792586516573,1528.9167144213711,53.06254423028622,53.06254423028622,0.5757748959043311
1645,2016-09-11,2016,19,8,New York Red Bulls,DC United,1576.613203550903,1482.1911715502958,214.42203200060726,214.42203200060726,0.774572460095859
1646,2016-09-11,2016,21,2,Philadelphia Union,CF Montreal,1479.7938273848426,1500.4052418124263,99.38858557241633,99.38858557241633,0.6392537525523687
1647,2016-09-11,2016,22,23,Portland Timbers,Real Salt Lake,1534.0858045139992,1528.887709729281,125.19809478471825,125.19809478471825,0.6727607396272686
1648,2016-09-11,2016,25,26,San Jose Earthquakes,Seattle Sounders,1482.8765450703029,1513.1759337066694,89.70061136363347,89.70061136363347,0.6262958042897584
1649,2016-09-12,2016,14,20,Los Angeles Galaxy,Orlando City,1570.6124894385753,1498.3102654601971,192.30222397837815,192.30222397837815,0.7515657708482727
1650,2016-09-17,2016,4,8,Chicago Fire,DC United,1398.3873930257719,1489.0554830526924,29.33190997307952,29.33190997307952,0.5421120092336388
1651,2016-09-17,2016,22,21,Portland Timbers,Philadelphia Union,1542.2667860233175,1476.3124835710335,185.95430245228408,185.95430245228408,0.7446803948075088
1652,2016-09-17,2016,26,30,Seattle Sounders,Vancouver Whitecaps,1516.3333288139133,1497.1716133758312,139.16171543808218,139.16171543808218,0.6902052912685579
1653,2016-09-18,2016,2,17,CF Montreal,New England Revolution,1503.8865856262355,1472.584886254049,151.30169937218648,151.30169937218648,0.7049459542612588
1654,2016-09-18,2016,6,25,Colorado Rapids,San Jose Earthquakes,1536.2958693503324,1479.719149963059,176.57671938727344,176.57671938727344,0.7342819511460803
1655,2016-09-18,2016,18,10,New York City,FC Dallas,1518.3110868189794,1586.0657818314844,52.24530498749505,52.24530498749505,0.5746253983743875
1656,2016-09-18,2016,20,7,Orlando City,Columbus Crew,1492.099409731404,1447.8135165866336,164.2858931447704,164.2858931447704,0.7202507242727983
1657,2016-09-18,2016,23,11,Real Salt Lake,Houston Dynamo,1520.7067282199625,1454.911409042757,185.79531917720556,185.79531917720556,0.7445063510495741
1658,2016-09-18,2016,27,14,Sporting Kansas City,Los Angeles Galaxy,1507.469949668663,1576.8233451673684,50.64660450129463,50.64660450129463,0.5723744036765721
1659,2016-09-18,2016,29,19,Toronto FC,New York Red Bulls,1536.4583457766614,1569.7488920485066,86.70945372815481,86.70945372815481,0.622257145372154
1660,2016-09-24,2016,18,4,New York City,Chicago Fire,1516.4454518596197,1397.3345927949308,239.11085906468884,239.11085906468884,0.7984174730280994
1661,2016-09-24,2016,29,21,Toronto FC,Philadelphia Union,1533.4019171423577,1469.9294934412212,183.47242370113645,183.47242370113645,0.7419545334866976
1662,2016-09-25,2016,8,20,DC United,Orlando City,1490.1082832835334,1474.093141624584,136.01514165894946,136.01514165894946,0.6863190227636791
1663,2016-09-25,2016,11,22,Houston Dynamo,Portland Timbers,1473.5240678189964,1548.6497761531298,44.87429166586662,44.87429166586662,0.5642225743436731
1664,2016-09-25,2016,14,26,Los Angeles Galaxy,Seattle Sounders,1578.6327052592828,1524.0781965321994,174.55450872708343,174.55450872708343,0.7320045102238807
1665,2016-09-25,2016,19,2,New York Red Bulls,CF Montreal,1572.8053206828104,1486.262936769704,206.54238391310628,206.54238391310628,0.7665538526760017
1666,2016-09-25,2016,23,10,Real Salt Lake,FC Dallas,1502.0940694437231,1587.9314167908442,34.16265265287893,34.16265265287893,0.5490061738319939
1667,2016-09-25,2016,25,27,San Jose Earthquakes,Sporting Kansas City,1485.5761987417109,1505.6605895767486,99.91560916496223,99.91560916496223,0.6399530743954922
1668,2016-09-25,2016,30,6,Vancouver Whitecaps,Colorado Rapids,1489.426745657545,1530.4388205716805,78.98792508586462,78.98792508586462,0.6117539918031749
1669,2016-09-26,2016,7,17,Columbus Crew,New England Revolution,1465.8197846934536,1490.2085351105804,95.61124958287314,95.61124958287314,0.6342243514258207
1670,2016-09-29,2016,2,25,CF Montreal,San Jose Earthquakes,1480.426783086604,1469.5773718818236,130.84941120478038,130.84941120478038,0.6798820398916255
1671,2016-09-29,2016,8,7,DC United,Columbus Crew,1497.9503077144414,1474.964175907808,142.98613180663324,142.98613180663324,0.6948927873230429
1672,2016-09-29,2016,26,4,Seattle Sounders,Chicago Fire,1542.3783092877964,1392.2950296206334,270.08327966716297,270.08327966716297,0.8255950253926456
1673,2016-09-29,2016,29,20,Toronto FC,Orlando City,1527.3530538051903,1466.251117193676,181.10193661151425,181.10193661151425,0.739333356752625
1674,2016-10-01,2016,11,18,Houston Dynamo,New York City,1484.4185034604045,1521.485015033917,82.93348842648743,82.93348842648743,0.6171345703042888
1675,2016-10-02,2016,6,22,Colorado Rapids,Portland Timbers,1533.2326703667597,1537.7553405117217,115.47732985503808,115.47732985503808,0.6603245706539995
1676,2016-10-02,2016,7,4,Columbus Crew,Chicago Fire,1467.3364955908842,1387.9349052554496,199.40159033543455,199.40159033543455,0.7591175936091658
1677,2016-10-02,2016,10,14,FC Dallas,Los Angeles Galaxy,1589.156571136644,1560.3325925036859,148.8239786329582,148.8239786329582,0.7019706634425008
1678,2016-10-02,2016,17,27,New England Revolution,Sporting Kansas City,1481.064143896226,1521.6594164366359,79.40472745959005,79.40472745959005,0.6123237007648299
1679,2016-10-02,2016,19,21,New York Red Bulls,Philadelphia Union,1578.6414743659104,1475.9783567783886,222.6631175875218,222.6631175875218,0.7827478475077406
1680,2016-10-02,2016,20,2,Orlando City,CF Montreal,1472.2344511124916,1488.4297320893133,103.80471902317822,103.80471902317822,0.6450951263263219
1681,2016-10-02,2016,25,23,San Jose Earthquakes,Real Salt Lake,1461.5744228791143,1500.8689150979233,80.70550778119105,80.70550778119105,0.6140997002322435
1682,2016-10-02,2016,29,8,Toronto FC,DC United,1521.3697198863747,1505.5779880313653,135.7917318550094,135.7917318550094,0.6860420888394074
1683,2016-10-03,2016,30,26,Vancouver Whitecaps,Seattle Sounders,1486.6328958624658,1546.7384336529801,59.89446220948571,59.89446220948571,0.5853512309457161
1684,2016-10-09,2016,11,6,Houston Dynamo,Colorado Rapids,1468.9901392027973,1541.7245561004097,47.26558310238761,47.26558310238761,0.5676041006775006
1685,2016-10-13,2016,26,11,Seattle Sounders,Houston Dynamo,1561.372214426623,1454.8000366858598,226.5721777407632,226.5721777407632,0.7865501036409694
1686,2016-10-14,2016,4,7,Chicago Fire,Columbus Crew,1381.9128450956787,1473.3585557506551,28.554289345023562,-28.554289345023562,0.5410006539930332
1687,2016-10-14,2016,6,25,Colorado Rapids,San Jose Earthquakes,1555.9146586173472,1471.2219303733082,204.69272824403902,204.69272824403902,0.7646430924747677
1688,2016-10-16,2016,2,29,CF Montreal,Toronto FC,1504.5571102474714,1504.2186676653896,120.33844258208183,120.33844258208183,0.6665725665716665
1689,2016-10-16,2016,4,17,Chicago Fire,New England Revolution,1380.8878287458529,1490.7560513771052,10.131777368747635,-10.131777368747635,0.5145766679494593
1690,2016-10-16,2016,8,18,DC United,New York City,1522.7290402523504,1536.9133792915243,105.81566096082611,105.81566096082611,0.6477409279489742
1691,2016-10-16,2016,10,26,FC Dallas,Seattle Sounders,1596.6073045505816,1554.2084618355989,162.39884271498272,162.39884271498272,0.7180567683253073
1692,2016-10-16,2016,11,14,Houston Dynamo,Los Angeles Galaxy,1461.963789276884,1552.8818590897483,29.08193018713564,29.08193018713564,0.5417547897697476
1693,2016-10-16,2016,19,7,New York Red Bulls,Columbus Crew,1584.0727781782168,1474.383572100481,229.6892060777359,229.6892060777359,0.7895470568027105
1694,2016-10-16,2016,21,20,Philadelphia Union,Orlando City,1470.5470529660822,1456.1070729543335,134.43998001174873,134.43998001174873,0.6843636642740135
1695,2016-10-16,2016,22,6,Portland Timbers,Colorado Rapids,1529.2634547780717,1561.798581305478,87.46487347259381,87.46487347259381,0.6232787401592345
1696,2016-10-16,2016,23,27,Real Salt Lake,Sporting Kansas City,1491.2214076037294,1511.9675089557566,99.25389864797285,99.25389864797285,0.639074937896367
1697,2016-10-16,2016,25,30,San Jose Earthquakes,Vancouver Whitecaps,1465.3380076851774,1471.999115088823,113.33889259635453,113.33889259635453,0.6575580987573038
1698,2016-10-23,2016,6,11,Colorado Rapids,Houston Dynamo,1552.3805498094587,1448.4199195326403,223.9606302768184,223.9606302768184,0.7840153098397878
1699,2016-10-23,2016,14,10,Los Angeles Galaxy,FC Dallas,1566.425728833992,1603.655885342449,82.76984349154304,-82.76984349154304,0.61691196670297
1700,2016-10-23,2016,17,2,New England Revolution,CF Montreal,1478.6204680758417,1500.3927960831797,98.22767199266195,98.22767199266195,0.6377112232550683
1701,2016-10-23,2016,18,7,New York City,Columbus Crew,1528.1069024902486,1469.1222485205487,178.98465396969982,178.98465396969982,0.7369776371548926
1702,2016-10-23,2016,20,8,Orlando City,DC United,1473.2161645611839,1531.535517053626,61.68064750755775,61.68064750755775,0.5878446446134348
1703,2016-10-23,2016,21,19,Philadelphia Union,New York Red Bulls,1453.4379613592318,1589.334101758149,-15.896140398917169,15.896140398917169,0.4771395641968361
1704,2016-10-23,2016,26,23,Seattle Sounders,Real Salt Lake,1547.1598810437315,1487.7445341563202,179.41534688741126,179.41534688741126,0.7374579399384218
1705,2016-10-23,2016,27,25,Sporting Kansas City,San Jose Earthquakes,1515.4443824031657,1461.399055216245,174.04532718692076,174.04532718692076,0.7314291170435956
1706,2016-10-23,2016,29,4,Toronto FC,Chicago Fire,1508.3829818296813,1393.0234120471164,235.3595697825649,235.3595697825649,0.7949195530649179
1707,2016-10-23,2016,30,22,Vancouver Whitecaps,Portland Timbers,1475.9380675577554,1538.681486274091,57.256581283664445,-57.256581283664445,0.5816609224188807
1708,2016-10-27,2016,14,23,Los Angeles Galaxy,Real Salt Lake,1563.5029296664177,1481.1809826547808,202.3219470116369,202.3219470116369,0.7621782027285094
1709,2016-10-27,2016,29,21,Toronto FC,Philadelphia Union,1513.5099930030583,1441.509472254311,192.00052074874725,192.00052074874725,0.7512413537321952
1710,2016-10-28,2016,8,2,DC United,CF Montreal,1521.231633168962,1491.3355766645564,149.89605650440558,149.89605650440558,0.7032601524600005
1711,2016-10-28,2016,26,27,Seattle Sounders,Sporting Kansas City,1553.723432545271,1522.1586544770757,151.5647780681952,151.5647780681952,0.7052608479236234
1712,2016-10-30,2016,2,19,CF Montreal,New York Red Bulls,1508.9170804760563,1601.2625908630698,27.65448961298648,-27.65448961298648,0.5397141750465376
1713,2016-10-30,2016,14,6,Los Angeles Galaxy,Colorado Rapids,1569.448474598205,1545.280167063464,144.16830753474096,144.16830753474096,0.69633367699389
1714,2016-10-30,2016,29,18,Toronto FC,New York City,1519.7289591597535,1534.6824615613762,105.0464975983773,105.0464975983773,0.646729997476273
1715,2016-10-31,2016,26,10,Seattle Sounders,FC Dallas,1561.0919113471803,1606.5786845100233,74.51322683715694,74.51322683715694,0.6056187575764888
1716,2016-11-06,2016,6,14,Colorado Rapids,Los Angeles Galaxy,1537.6885089883112,1577.0401326733577,80.64837631495357,80.64837631495357,0.6140217600598891
1717,2016-11-06,2016,18,29,New York City,Toronto FC,1525.850711498283,1528.5607092228465,117.29000227543656,117.29000227543656,0.662661075835259
1718,2016-11-06,2016,19,2,New York Red Bulls,CF Montreal,1589.7554452392333,1520.4242260998928,189.33121913934042,189.33121913934042,0.7483587676789325
1719,2016-11-07,2016,10,26,FC Dallas,Seattle Sounders,1596.7191534494355,1570.9514424077681,145.76771104166733,145.76771104166733,0.6982769793451656
1720,2016-11-23,2016,2,29,CF Montreal,Toronto FC,1539.133195291866,1545.127236118728,114.00595917313808,-114.00595917313808,0.6584222359561953
1721,2016-11-23,2016,26,6,Seattle Sounders,Colorado Rapids,1563.4083668913972,1547.337964986814,136.07040190458315,136.07040190458315,0.6863875016965776
1722,2016-11-27,2016,6,26,Colorado Rapids,Seattle Sounders,1539.4976525292286,1571.2486793489827,88.24897318024591,88.24897318024591,0.6243379624357732
1723,2016-12-01,2016,29,2,Toronto FC,CF Montreal,1536.5877920176329,1547.6726393929612,108.91515262467169,108.91515262467169,0.6518011978807863
1724,2016-12-11,2016,29,26,Toronto FC,Seattle Sounders,1545.2927620706132,1586.857128409877,78.43563366073613,78.43563366073613,0.6109986182555059
1725,2017-03-04,2017,6,17,Colorado Rapids,New England Revolution,1523.8892034683342,1487.677687494465,156.21151597386915,156.21151597386915,0.7107903721584715
1726,2017-03-04,2017,7,4,Columbus Crew,Chicago Fire,1462.5466894494211,1387.8964008737394,194.65028857568177,194.65028857568177,0.7540809176964822
1727,2017-03-04,2017,14,10,Los Angeles Galaxy,FC Dallas,1567.3906766748548,1604.2622289658063,83.12844770904849,83.12844770904849,0.6173997061893088
1728,2017-03-04,2017,22,15,Portland Timbers,Minnesota United,1528.223009334563,1500.0,148.2230093345629,148.2230093345629,0.7012464124819272
1729,2017-03-04,2017,23,29,Real Salt Lake,Toronto FC,1475.2354377229935,1542.5177966142255,52.71764110876802,52.71764110876802,0.5752898675671981
1730,2017-03-05,2017,8,27,DC United,Sporting Kansas City,1503.650129357462,1514.7901756751664,108.85995368229555,108.85995368229555,0.6517290788592264
1731,2017-03-05,2017,11,26,Houston Dynamo,Seattle Sounders,1455.520302278635,1589.6320938662648,-14.111791587629796,-14.111791587629796,0.4797026599651199
1732,2017-03-05,2017,20,18,Orlando City,New York City,1483.520048445848,1509.2841846024016,94.2358638434464,94.2358638434464,0.6323857084094302
1733,2017-03-05,2017,25,2,San Jose Earthquakes,CF Montreal,1454.684783142335,1538.9676693399808,35.717113802354106,35.717113802354106,0.5512207473093368
1734,2017-03-06,2017,0,19,Atlanta Utd,New York Red Bulls,1500.0,1571.04647604726,48.95352395273994,48.95352395273994,0.569987250860604
1735,2017-03-06,2017,30,21,Vancouver Whitecaps,Philadelphia Union,1486.3965444972835,1435.290506097616,171.10603839966757,171.10603839966757,0.7280923748240256
1736,2017-03-11,2017,4,23,Chicago Fire,Real Salt Lake,1394.2484238161514,1473.3531910338136,40.89523278233787,40.89523278233787,0.5585826721942949
1737,2017-03-11,2017,19,6,New York Red Bulls,Colorado Rapids,1585.2961573187752,1531.1194441643725,174.1767131544027,174.1767131544027,0.7315776626538492
1738,2017-03-11,2017,21,29,Philadelphia Union,Toronto FC,1440.9928154682166,1544.4000433034055,16.592772164811095,-16.592772164811095,0.5238607807626677
1739,2017-03-12,2017,2,26,CF Montreal,Seattle Sounders,1527.7481880227142,1576.6246603653929,71.12352765732135,71.12352765732135,0.6009487823172357
1740,2017-03-12,2017,11,7,Houston Dynamo,Columbus Crew,1468.5277357795069,1456.194666507009,132.33306927249782,132.33306927249782,0.6817379793149028
1741,2017-03-12,2017,14,22,Los Angeles Galaxy,Portland Timbers,1551.9556840201221,1535.6918490225148,136.26383499760732,136.26383499760732,0.6866271415434871
1742,2017-03-12,2017,15,0,Minnesota United,Atlanta Utd,1492.531160312048,1485.750318728485,126.78084158356319,126.78084158356319,0.6747633991939582
1743,2017-03-12,2017,18,8,New York City,DC United,1500.0938273126374,1499.8569023859814,120.236924926656,120.236924926656,0.6664426728062189
1744,2017-03-12,2017,25,30,San Jose Earthquakes,Vancouver Whitecaps,1465.9042644596016,1480.6942351266828,105.2100293329188,105.2100293329188,0.6469450415566451
1745,2017-03-12,2017,27,10,Sporting Kansas City,FC Dallas,1518.583402646647,1619.697221620539,18.886181026108034,18.886181026108034,0.5271526603007409
1746,2017-03-18,2017,0,4,Atlanta Utd,Chicago Fire,1502.619403708334,1405.283857011294,217.33554669703994,217.33554669703994,0.7774874460334011
1747,2017-03-18,2017,8,7,DC United,Columbus Crew,1491.5179692061367,1448.2381159898816,163.2798532162551,163.2798532162551,0.7190823642719696
1748,2017-03-18,2017,18,2,New York City,CF Montreal,1508.432760492482,1525.2244684647833,103.20829202769869,103.20829202769869,0.6443086879689075
1749,2017-03-18,2017,20,21,Orlando City,Philadelphia Union,1492.7104057356123,1440.3962959491498,172.3141097864625,172.3141097864625,0.7294669423633561
1750,2017-03-18,2017,30,29,Vancouver Whitecaps,Toronto FC,1471.867861165599,1544.9965628224722,46.87129834312668,46.87129834312668,0.5670469672259123
1751,2017-03-19,2017,6,15,Colorado Rapids,Minnesota United,1524.4088857307188,1475.662075332199,168.74681039851976,168.74681039851976,0.7253954168555141
1752,2017-03-19,2017,10,17,FC Dallas,New England Revolution,1620.3760381280576,1480.4474467984269,259.92859132963076,259.92859132963076,0.8170173885463837
1753,2017-03-19,2017,22,11,Portland Timbers,Houston Dynamo,1552.857527561102,1476.4842862966343,196.37324126446765,196.37324126446765,0.7559155229466317
1754,2017-03-19,2017,23,14,Real Salt Lake,Los Angeles Galaxy,1462.317757838671,1534.790005481535,47.52775235713602,47.52775235713602,0.5679744573371672
1755,2017-03-19,2017,26,19,Seattle Sounders,New York Red Bulls,1579.1483799233238,1592.0067157524288,107.14166417089496,107.14166417089496,0.6494806193064108
1756,2017-03-19,2017,27,25,Sporting Kansas City,San Jose Earthquakes,1517.9045861391285,1474.7306384206854,163.17394771844306,163.17394771844306,0.7189591985544787
1757,2017-03-25,2017,7,22,Columbus Crew,Portland Timbers,1466.215175096681,1558.959639487436,27.255535609244816,27.255535609244816,0.5391436044707119
1758,2017-03-25,2017,17,15,New England Revolution,Minnesota United,1475.8728815120865,1481.296960753587,114.57592075849948,114.57592075849948,0.6591597483051193
1759,2017-03-25,2017,19,23,New York Red Bulls,Real Salt Lake,1583.2437312350892,1448.1183964052418,255.12533482984736,255.12533482984736,0.8128474634156401
1760,2017-04-01,2017,4,2,Chicago Fire,CF Montreal,1399.721043162129,1528.832185664006,-9.111142501876884,-9.111142501876884,0.4868910167991116
1761,2017-04-01,2017,7,20,Columbus Crew,Orlando City,1477.7365849849132,1499.4737321765283,98.26285280838488,98.26285280838488,0.6377580106031292
1762,2017-04-01,2017,18,25,New York City,San Jose Earthquakes,1504.8250432932593,1467.7046183845473,157.12042490871204,157.12042490871204,0.7118647341964596
1763,2017-04-01,2017,26,0,Seattle Sounders,Atlanta Utd,1587.9113644406634,1508.182217557499,199.7291468831645,199.7291468831645,0.7594622162885379
1764,2017-04-01,2017,29,27,Toronto FC,Sporting Kansas City,1559.1727370031201,1524.9306061752666,154.24213082785354,154.24213082785354,0.7084543603348035
1765,2017-04-02,2017,8,21,DC United,Philadelphia Union,1473.5409100993375,1433.6329695082338,159.90794059110362,159.90794059110362,0.7151448085458156
1766,2017-04-02,2017,11,19,Houston Dynamo,New York Red Bulls,1470.3821743703002,1575.4225446496982,14.959629720601924,14.959629720601924,0.5215153434147975
1767,2017-04-02,2017,15,23,Minnesota United,Real Salt Lake,1472.775954461215,1455.9395829906327,136.8363714705822,-136.8363714705822,0.6873358600335658
1768,2017-04-02,2017,30,14,Vancouver Whitecaps,Los Angeles Galaxy,1457.691686984951,1548.9893669149642,28.702320069986854,28.702320069986854,0.5412122474435889
1769,2017-04-03,2017,22,17,Portland Timbers,New England Revolution,1547.4382295992039,1484.3938878044585,183.04434179474538,183.04434179474538,0.7414824542559358
1770,2017-04-08,2017,4,7,Chicago Fire,Columbus Crew,1400.0487677421513,1486.792634719835,33.25613302231636,33.25613302231636,0.5477137920523667
1771,2017-04-08,2017,8,18,DC United,New York City,1480.662289885692,1512.0284249383478,88.63386494734414,88.63386494734414,0.624857469632985
1772,2017-04-08,2017,14,2,Los Angeles Galaxy,CF Montreal,1537.519673101054,1528.5044610839836,129.01521201707033,129.01521201707033,0.6775797108357405
1773,2017-04-08,2017,17,11,New England Revolution,Houston Dynamo,1490.430949160857,1482.3442907849303,128.08665837592662,128.08665837592662,0.6764108660533806
1774,2017-04-09,2017,10,15,FC Dallas,Minnesota United,1624.950603414398,1480.5925579603759,264.3580454540222,264.3580454540222,0.8207985677783979
1775,2017-04-09,2017,20,19,Orlando City,New York Red Bulls,1490.4176824416065,1563.460428235068,46.95725420653844,46.95725420653844,0.5671684393445735
1776,2017-04-09,2017,21,22,Philadelphia Union,Portland Timbers,1426.5115897218793,1541.4011682428054,5.110421479073921,5.110421479073921,0.5073539573529531
1777,2017-04-09,2017,23,30,Real Salt Lake,Vancouver Whitecaps,1448.1229794914718,1469.1613807988613,98.96159869261055,98.96159869261055,0.6386867385398377
1778,2017-04-09,2017,25,26,San Jose Earthquakes,Seattle Sounders,1460.5012367394588,1581.42480903345,-0.9235722939911284,-0.9235722939911284,0.4986708757578913
1779,2017-04-09,2017,29,0,Toronto FC,Atlanta Utd,1553.9613779947501,1514.6687729647124,159.29260503003775,159.29260503003775,0.7144226767324642
1780,2017-04-10,2017,27,6,Sporting Kansas City,Colorado Rapids,1530.1419651836366,1518.7740003093309,131.3679648743057,131.3679648743057,0.6805313610621093
1781,2017-04-15,2017,2,0,CF Montreal,Atlanta Utd,1520.4439538548772,1520.029339883024,120.41461397185321,120.41461397185321,0.6666700127061828
1782,2017-04-15,2017,4,17,Chicago Fire,New England Revolution,1411.3559229408422,1498.5206775095223,32.83524543131989,32.83524543131989,0.5471135328366618
1783,2017-04-15,2017,20,14,Orlando City,Los Angeles Galaxy,1501.238471457992,1545.5801803301604,75.65829112783172,75.65829112783172,0.6071920060554092
1784,2017-04-15,2017,21,18,Philadelphia Union,New York City,1413.8277407880555,1502.6498616791725,31.177879108882962,31.177879108882962,0.544748522914766
1785,2017-04-15,2017,25,10,San Jose Earthquakes,FC Dallas,1460.5344648455116,1629.430639219938,-48.89617437442644,-48.89617437442644,0.4300936666345359
1786,2017-04-15,2017,30,26,Vancouver Whitecaps,Seattle Sounders,1460.1285492623572,1581.3915809273972,-1.263031665039989,1.263031665039989,0.49818235932949667
1787,2017-04-16,2017,6,23,Colorado Rapids,Real Salt Lake,1510.7872843358837,1457.155811027976,173.63147330790775,173.63147330790775,0.7309608719833032
1788,2017-04-16,2017,7,29,Columbus Crew,Toronto FC,1475.485479521144,1548.6008110764385,46.88466844470554,46.88466844470554,0.5670658622731107
1789,2017-04-16,2017,11,15,Houston Dynamo,Minnesota United,1474.254562436265,1476.112522154836,118.14204028142899,118.14204028142899,0.6637566085883099
1790,2017-04-16,2017,19,8,New York Red Bulls,DC United,1552.6396392186825,1490.0408531448672,182.5987860738153,182.5987860738153,0.7409905082322541
1791,2017-04-16,2017,22,27,Portland Timbers,Sporting Kansas City,1554.0850171766292,1538.1286811570837,135.95633601954546,135.95633601954546,0.6862461414351192
1792,2017-04-20,2017,17,25,New England Revolution,San Jose Earthquakes,1487.198515830439,1462.2821231796481,144.91639265079084,144.91639265079084,0.6972434918847513
1793,2017-04-22,2017,11,25,Houston Dynamo,San Jose Earthquakes,1470.1606472215572,1467.213210476767,122.94743674479014,122.94743674479014,0.6699021071869967
1794,2017-04-22,2017,21,2,Philadelphia Union,CF Montreal,1400.2090277151863,1528.7772035372227,-8.568175822036437,-8.568175822036437,0.48767190290850354
1795,2017-04-22,2017,22,30,Portland Timbers,Vancouver Whitecaps,1536.9288636407512,1472.6739902791198,184.25487336163133,184.25487336163133,0.7428159473588678
1796,2017-04-22,2017,29,4,Toronto FC,Chicago Fire,1537.7774576332663,1422.6780846199256,235.0993730133407,235.0993730133407,0.7946752680449494
1797,2017-04-23,2017,10,27,FC Dallas,Sporting Kansas City,1627.6829808858015,1555.2848346929618,192.3981461928397,192.3981461928397,0.7516688552571756
1798,2017-04-23,2017,14,26,Los Angeles Galaxy,Seattle Sounders,1535.7599804815457,1568.8461399106345,86.91384057091113,86.91384057091113,0.6225336562797371
1799,2017-04-23,2017,15,6,Minnesota United,Colorado Rapids,1480.2064373695437,1492.513262536301,107.69317483324267,107.69317483324267,0.650203025442439
1800,2017-04-23,2017,17,8,New England Revolution,DC United,1482.26742853332,1483.5656158506736,118.7018126826465,118.7018126826465,0.6644753957541145
1801,2017-04-23,2017,18,20,New York City,Orlando City,1516.2685747520418,1511.0586713066068,125.20990344543497,125.20990344543497,0.6727757046466472
1802,2017-04-23,2017,19,7,New York Red Bulls,Columbus Crew,1559.1148765128762,1486.3088329643163,192.80604354855996,192.80604354855996,0.7521068890060327
1803,2017-04-23,2017,23,0,Real Salt Lake,Atlanta Utd,1475.4298328275586,1511.6960902006786,83.73374262688003,83.73374262688003,0.6182224343941021
1804,2017-04-29,2017,2,30,CF Montreal,Vancouver Whitecaps,1528.4690011099353,1466.2443889630915,182.2246121468438,182.2246121468438,0.7405769060082977
1805,2017-04-29,2017,20,6,Orlando City,Colorado Rapids,1527.878063922773,1483.768338172362,164.10972575041092,164.10972575041092,0.7200463478098152
1806,2017-04-29,2017,29,11,Toronto FC,Houston Dynamo,1542.9105759321426,1478.4130945418822,184.49748139026042,184.49748139026042,0.7430826570536485
1807,2017-04-30,2017,0,8,Atlanta Utd,DC United,1527.151651060531,1487.6775007445265,159.47415031600462,159.47415031600462,0.7146358448629677
1808,2017-04-30,2017,7,18,Columbus Crew,New York City,1480.1115051894672,1499.4491821358756,100.66232305359154,100.66232305359154,0.6409428923133044
1809,2017-04-30,2017,10,22,FC Dallas,Portland Timbers,1633.891259504372,1543.3584649567795,210.53279454759263,210.53279454759263,0.7706392344607623
1810,2017-04-30,2017,14,21,Los Angeles Galaxy,Philadelphia Union,1520.1966390745522,1400.5172301424736,239.67940893207856,239.67940893207856,0.7989437117900846
1811,2017-04-30,2017,15,25,Minnesota United,San Jose Earthquakes,1488.9513617334826,1458.960763156442,149.9905985770406,149.9905985770406,0.7033737122671901
1812,2017-04-30,2017,19,4,New York Red Bulls,Chicago Fire,1565.3122042877253,1417.5449663210493,267.767237966676,267.767237966676,0.8236670083004477
1813,2017-04-30,2017,26,17,Seattle Sounders,New England Revolution,1584.409481317628,1478.1555436394672,226.2539376781608,226.2539376781608,0.786242380039133
1814,2017-04-30,2017,27,23,Sporting Kansas City,Real Salt Lake,1549.0765560743912,1459.974271967706,209.10228410668515,209.10228410668515,0.769180475704854
1815,2017-05-04,2017,27,19,Sporting Kansas City,New York Red Bulls,1554.84704418177,1569.7205290802142,105.1265151015557,105.1265151015557,0.6468352278471153
1816,2017-05-04,2017,29,20,Toronto FC,Orlando City,1549.3335095058014,1534.8769052275277,134.45660427827374,134.45660427827374,0.6843843354156985
1817,2017-05-06,2017,6,30,Colorado Rapids,Vancouver Whitecaps,1476.7694968676074,1484.758811613299,112.01068525430833,112.01068525430833,0.6558343896494951
1818,2017-05-06,2017,8,2,DC United,CF Montreal,1505.5433968661007,1509.9545784597278,115.58881840637287,115.58881840637287,0.6604685044773748
1819,2017-05-06,2017,26,29,Seattle Sounders,Toronto FC,1577.2534218166497,1557.223901120409,140.02952069624075,140.02952069624075,0.69127242020267
1820,2017-05-07,2017,7,17,Columbus Crew,New England Revolution,1464.0879328816345,1485.3116031404454,98.7763297411891,98.7763297411891,0.6384405916565873
1821,2017-05-07,2017,11,20,Houston Dynamo,Orlando City,1471.9901609682233,1526.9865136129201,65.0036473553032,65.0036473553032,0.592471300025984
1822,2017-05-07,2017,14,4,Los Angeles Galaxy,Chicago Fire,1512.7230462798,1413.1366415285604,219.58640475123957,219.58640475123957,0.7797209513636855
1823,2017-05-07,2017,15,27,Minnesota United,Sporting Kansas City,1471.3670189268028,1563.676163485592,27.690855441210715,-27.690855441210715,0.5397661790757048
1824,2017-05-07,2017,18,0,New York City,Atlanta Utd,1515.4727544437083,1509.2857549389569,126.18699950475138,126.18699950475138,0.6740127505489286
1825,2017-05-07,2017,21,19,Philadelphia Union,New York Red Bulls,1407.9908229372259,1560.891409776392,-32.90058683916618,32.90058683916618,0.45279326987325375
1826,2017-05-07,2017,23,10,Real Salt Lake,FC Dallas,1454.2037838603273,1627.1252786428531,-52.92149478252577,52.92149478252577,0.424423440700619
1827,2017-05-07,2017,25,22,San Jose Earthquakes,Portland Timbers,1476.5451059631218,1550.1244458182985,46.42066014482339,46.42066014482339,0.56640999746527
1828,2017-05-11,2017,7,29,Columbus Crew,Toronto FC,1473.1269180902198,1574.5057116254757,18.62120646474409,18.62120646474409,0.5267724401454557
1829,2017-05-13,2017,2,7,CF Montreal,Columbus Crew,1526.4662910716622,1459.9576070865833,186.50868398507896,186.50868398507896,0.7452866831042924
1830,2017-05-13,2017,6,25,Colorado Rapids,San Jose Earthquakes,1460.3736371263699,1487.38485602649,92.98878109987982,92.98878109987982,0.6307152469128505
1831,2017-05-13,2017,11,30,Houston Dynamo,Vancouver Whitecaps,1482.1783784675738,1501.1546713545365,101.02370711303729,101.02370711303729,0.6414215004517099
1832,2017-05-13,2017,29,15,Toronto FC,Minnesota United,1587.6750226291122,1482.8728644499101,224.80215817920202,224.80215817920202,0.784834479340822
1833,2017-05-14,2017,4,26,Chicago Fire,Seattle Sounders,1420.1296653126526,1559.971611311583,-19.84194599893044,-19.84194599893044,0.47147614795169546
1834,2017-05-14,2017,8,21,DC United,Philadelphia Union,1489.0316842541663,1421.6709911903945,187.3606930637718,187.3606930637718,0.7462166166420676
1835,2017-05-14,2017,17,23,New England Revolution,Real Salt Lake,1476.2726179318602,1443.5931978428118,152.67942008904834,152.67942008904834,0.7065928522056242
1836,2017-05-14,2017,19,14,New York Red Bulls,Los Angeles Galaxy,1547.2112415232234,1505.7300224957078,161.48121902751564,161.48121902751564,0.7169861361787309
1837,2017-05-14,2017,20,27,Orlando City,Sporting Kansas City,1516.7982961135697,1552.1703179624847,84.62797815108502,84.62797815108502,0.6194366550214302
1838,2017-05-14,2017,22,0,Portland Timbers,Atlanta Utd,1539.2846957549302,1501.13607370268,158.14862205225018,158.14862205225018,0.7130772306116105
1839,2017-05-15,2017,10,18,FC Dallas,New York City,1637.7358646603686,1523.622435679985,234.11342898038356,234.11342898038356,0.7937476595962519
1840,2017-05-18,2017,4,6,Chicago Fire,Colorado Rapids,1433.3427616138601,1469.6057559535486,83.73700566031152,83.73700566031152,0.6182268677380047
1841,2017-05-18,2017,21,11,Philadelphia Union,Houston Dynamo,1440.3264066064462,1491.1428409562811,69.18356565016506,69.18356565016506,0.5982677603548027
1842,2017-05-18,2017,23,18,Real Salt Lake,New York City,1436.2580191479524,1530.9661271698915,25.291891978060903,25.291891978060903,0.5363338004876258
1843,2017-05-18,2017,25,20,San Jose Earthquakes,Orlando City,1478.1527371993113,1513.812379738034,84.34035746127734,84.34035746127734,0.6190462769016212
1844,2017-05-18,2017,27,26,Sporting Kansas City,Seattle Sounders,1555.1562343380203,1546.7585150103755,128.39771932764484,128.39771932764484,0.6768026696500543
1845,2017-05-20,2017,2,22,CF Montreal,Portland Timbers,1507.8341239940548,1533.95776498964,93.87635900441478,93.87635900441478,0.6319044772766449
1846,2017-05-20,2017,8,4,DC United,Chicago Fire,1470.3762688381146,1442.88708992041,147.48917891770452,147.48917891770452,0.7003606772896911
1847,2017-05-20,2017,19,29,New York Red Bulls,Toronto FC,1529.2865881187552,1593.0541606455915,56.232427473163625,56.232427473163625,0.5802256739906962
1848,2017-05-20,2017,26,23,Seattle Sounders,Real Salt Lake,1538.6785817516268,1447.8496741357617,210.8289076158651,210.8289076158651,0.7709403846279981
1849,2017-05-21,2017,0,11,Atlanta Utd,Houston Dynamo,1506.4630044679702,1481.0995349651512,145.36346950281904,145.36346950281904,0.6977864860930747
1850,2017-05-21,2017,10,25,FC Dallas,San Jose Earthquakes,1630.3921731704622,1475.176580276771,275.21559289369134,275.21559289369134,0.8298081647650156
1851,2017-05-21,2017,15,14,Minnesota United,Los Angeles Galaxy,1477.4937264334308,1523.654675900176,73.83905053325475,73.83905053325475,0.6046914533157951
1852,2017-05-21,2017,17,7,New England Revolution,Columbus Crew,1483.6077966267196,1478.5897741641907,125.01802246252896,125.01802246252896,0.6725324919083299
1853,2017-05-21,2017,21,6,Philadelphia Union,Colorado Rapids,1450.3697125975762,1460.0614276469987,110.30828495057744,110.30828495057744,0.6536190551991183
1854,2017-05-21,2017,30,27,Vancouver Whitecaps,Sporting Kansas City,1492.1902088658292,1563.236167596769,48.9540412690601,48.9540412690601,0.5699879807520266
1855,2017-05-22,2017,20,18,Orlando City,New York City,1516.7885366605744,1519.3744721820822,117.41406447849226,117.41406447849226,0.662820701470054
1856,2017-05-26,2017,4,10,Chicago Fire,FC Dallas,1460.3961068526523,1609.6469690513368,-29.250862198684445,-29.250862198684445,0.4580038027758223
1857,2017-05-27,2017,26,22,Seattle Sounders,Portland Timbers,1544.4050721359267,1524.7553769215563,139.64969521437047,139.64969521437047,0.6908056039762577
1858,2017-05-27,2017,29,7,Toronto FC,Columbus Crew,1595.059802495359,1470.403086461899,244.65671603346004,244.65671603346004,0.8035067123895938
1859,2017-05-28,2017,0,18,Atlanta Utd,New York City,1514.0183423156434,1535.9449897188335,98.07335259680985,98.07335259680985,0.6375059613969932
1860,2017-05-28,2017,6,27,Colorado Rapids,Sporting Kansas City,1451.4019040269766,1552.4858671155698,18.916036911406763,18.916036911406763,0.5271954994636266
1861,2017-05-28,2017,15,20,Minnesota United,Orlando City,1462.376440100536,1500.218019123823,82.15842097671293,82.15842097671293,0.6160798251677798
1862,2017-05-28,2017,19,17,New York Red Bulls,New England Revolution,1527.2809462689877,1491.7944843290113,155.48646193997638,155.48646193997638,0.709931631596766
1863,2017-05-28,2017,23,21,Real Salt Lake,Philadelphia Union,1442.1231837514617,1459.0292362175983,103.09394753386346,103.09394753386346,0.6441578261161091
1864,2017-05-28,2017,25,14,San Jose Earthquakes,Los Angeles Galaxy,1495.9217843958963,1538.771962233071,77.14982216282533,77.14982216282533,0.609237942658588
1865,2017-05-28,2017,30,8,Vancouver Whitecaps,DC United,1502.9405093470284,1452.8672519058723,170.0732574411561,170.0732574411561,0.7269137927492562
1866,2017-05-29,2017,10,11,FC Dallas,Houston Dynamo,1596.0970641207323,1473.544197117478,242.55286700325428,242.55286700325428,0.8015875954370495
1867,2017-06-01,2017,7,26,Columbus Crew,Seattle Sounders,1465.4907542716387,1552.1349320365202,33.35582223511847,33.35582223511847,0.5478559460189384
1868,2017-06-01,2017,11,23,Houston Dynamo,Real Salt Lake,1481.0838870034042,1451.019238098559,150.06464890484517,150.06464890484517,0.7034626407325527
1869,2017-06-01,2017,18,17,New York City,New England Revolution,1526.8826387537583,1484.5427751189304,162.3398636348279,162.3398636348279,0.7179880288370131
1870,2017-06-01,2017,20,8,Orlando City,DC United,1490.6200147530176,1471.0400967246037,139.57991802841389,139.57991802841389,0.6907198034613229
1871,2017-06-03,2017,18,21,New York City,Philadelphia Union,1521.432938032833,1450.133181870501,191.29975616233196,191.29975616233196,0.7504867389621598
1872,2017-06-03,2017,22,25,Portland Timbers,San Jose Earthquakes,1517.0255170209628,1480.6908358294315,156.33468119153122,156.33468119153122,0.710936096848687
1873,2017-06-03,2017,27,15,Sporting Kansas City,Minnesota United,1540.6657546021604,1471.9744444713415,188.69131013081892,188.69131013081892,0.7476644430290345
1874,2017-06-03,2017,30,0,Vancouver Whitecaps,Atlanta Utd,1484.767664528297,1523.0806932807186,81.68697124757841,81.68697124757841,0.6154377208664441
1875,2017-06-04,2017,2,19,CF Montreal,New York Red Bulls,1517.0365120621386,1534.5326554790686,102.50385658307005,102.50385658307005,0.6433788275501361
1876,2017-06-04,2017,6,7,Colorado Rapids,Columbus Crew,1463.222016540386,1476.7943556211653,106.42766091922067,106.42766091922067,0.648544350804177
1877,2017-06-04,2017,8,14,DC United,Los Angeles Galaxy,1463.3080918111368,1554.0029107995358,29.305181011601007,29.305181011601007,0.5420738157847593
1878,2017-06-04,2017,10,23,FC Dallas,Real Salt Lake,1588.557374234806,1443.6058041168728,264.9515701179332,264.9515701179332,0.8213005592841195
1879,2017-06-04,2017,17,29,New England Revolution,Toronto FC,1489.9924758398558,1599.9721346856193,10.020341154236576,10.020341154236576,0.5144164331535408
1880,2017-06-05,2017,20,4,Orlando City,Chicago Fire,1498.3520196664845,1473.9460117832568,144.40600788322763,144.40600788322763,0.696622933291211
1881,2017-06-05,2017,26,11,Seattle Sounders,Houston Dynamo,1540.8313306869936,1488.4973209850905,172.33400970190314,172.33400970190314,0.7294895482460009
1882,2017-06-10,2017,4,0,Chicago Fire,Atlanta Utd,1478.861585115537,1513.4666363023798,85.39494881315727,85.39494881315727,0.620476883286208
1883,2017-06-11,2017,22,10,Portland Timbers,FC Dallas,1524.2521145997455,1593.024860252703,51.22725434704239,51.22725434704239,0.5731923192120657
1884,2017-06-11,2017,27,2,Sporting Kansas City,CF Montreal,1546.9741435264345,1525.9520413733853,141.02210215304922,141.02210215304922,0.6924904865892514
1885,2017-06-17,2017,18,26,New York City,Seattle Sounders,1527.6707695587788,1547.5940919808436,100.07667757793524,100.07667757793524,0.6401666821089106
1886,2017-06-18,2017,0,7,Atlanta Utd,Columbus Crew,1503.978558384535,1468.0079643912698,155.9705939932653,155.9705939932653,0.7105051959344038
1887,2017-06-18,2017,6,22,Colorado Rapids,Portland Timbers,1472.0084077702816,1534.9223066194438,57.08610115083775,57.08610115083775,0.5814221068889786
1888,2017-06-18,2017,14,11,Los Angeles Galaxy,Houston Dynamo,1555.0547561941548,1481.7345596912405,193.3201965029143,-193.3201965029143,0.7526582903340585
1889,2017-06-18,2017,17,4,New England Revolution,Chicago Fire,1502.1320650110174,1488.3496630333818,133.78240197763557,133.78240197763557,0.6835454263557988
1890,2017-06-18,2017,20,2,Orlando City,CF Montreal,1493.4364463342042,1530.7643035381166,82.67214279608766,82.67214279608766,0.6167790426182559
1891,2017-06-18,2017,21,19,Philadelphia Union,New York Red Bulls,1443.895350344555,1525.6171261678219,38.27822417673315,38.27822417673315,0.5548649844320985
1892,2017-06-18,2017,23,15,Real Salt Lake,Minnesota United,1439.1383180989758,1465.6660555470673,93.47226255190844,93.47226255190844,0.6313632423896663
1893,2017-06-18,2017,25,27,San Jose Earthquakes,Sporting Kansas City,1473.4642382506488,1542.1618813617033,51.302356888945496,51.302356888945496,0.573298081094794
1894,2017-06-18,2017,29,8,Toronto FC,DC United,1587.8325455144577,1462.2562464165178,245.5762990979399,245.5762990979399,0.8043411342789439
1895,2017-06-18,2017,30,10,Vancouver Whitecaps,FC Dallas,1494.3817215066358,1582.3546682330048,32.027053273631054,32.027053273631054,0.5459605268852378
1896,2017-06-22,2017,6,14,Colorado Rapids,Los Angeles Galaxy,1482.4728550980572,1548.7382989358034,53.73455616225374,53.73455616225374,0.5767195089631125
1897,2017-06-22,2017,8,0,DC United,Atlanta Utd,1457.3647747734915,1511.215928486175,66.14884628731647,-66.14884628731647,0.594062027976222
1898,2017-06-22,2017,15,22,Minnesota United,Portland Timbers,1456.450136606809,1524.4578592916682,51.99227731514088,-51.99227731514088,0.5742693350662832
1899,2017-06-22,2017,26,20,Seattle Sounders,Orlando City,1538.5982590335664,1490.5169702687479,168.0812887648185,168.0812887648185,0.7246316248513753
1900,2017-06-24,2017,11,10,Houston Dynamo,FC Dallas,1488.051016949592,1583.5036814051357,24.547335544456246,24.547335544456246,0.5352677914291668
1901,2017-06-24,2017,19,18,New York Red Bulls,New York City,1539.4887507786243,1536.666602506056,122.82214827256826,122.82214827256826,0.6697426022580102
1902,2017-06-24,2017,29,17,Toronto FC,New England Revolution,1592.724017157484,1485.0434293521225,227.68058780536148,227.68058780536148,0.7876193646136156
1903,2017-06-25,2017,0,6,Atlanta Utd,Colorado Rapids,1501.0674791855806,1468.0548673739793,153.01261181160135,153.01261181160135,0.7069903343682162
1904,2017-06-25,2017,4,20,Chicago Fire,Orlando City,1505.4382986922767,1496.1327608900322,129.30553780224454,129.30553780224454,0.6779447127071023
1905,2017-06-25,2017,7,2,Columbus Crew,CF Montreal,1460.7705942896298,1533.683779603573,47.08681468605687,47.08681468605687,0.5673515178866173
1906,2017-06-25,2017,14,27,Los Angeles Galaxy,Sporting Kansas City,1563.1562866598813,1543.994333389073,139.16195327080823,-139.16195327080823,0.6902055840068119
1907,2017-06-25,2017,15,30,Minnesota United,Vancouver Whitecaps,1467.093403230152,1493.2327083345049,93.86069489564716,93.86069489564716,0.6318835034091418
1908,2017-06-25,2017,21,8,Philadelphia Union,DC United,1430.0237257337526,1467.5132240740859,82.51050165966672,82.51050165966672,0.6165590877318597
1909,2017-06-25,2017,25,23,San Jose Earthquakes,Real Salt Lake,1471.631786223279,1448.354237039234,143.27754918404503,143.27754918404503,0.6952483362356056
1910,2017-06-26,2017,22,26,Portland Timbers,Seattle Sounders,1513.8145926683253,1532.982468412282,100.83212425604324,100.83212425604324,0.6411678078525956
1911,2017-06-30,2017,18,15,New York City,Minnesota United,1553.4101675625063,1463.7963156449234,209.6138519175829,209.6138519175829,0.769702890253827
1912,2017-07-01,2017,23,20,Real Salt Lake,Orlando City,1440.7354454451242,1488.0813787077097,72.6540667374145,72.6540667374145,0.603059729271545
1913,2017-07-02,2017,2,8,CF Montreal,DC United,1522.8675675507384,1457.9272012673823,184.94036628335607,184.94036628335607,0.7435690730126437
1914,2017-07-02,2017,4,30,Chicago Fire,Vancouver Whitecaps,1513.4896808745991,1496.5297959197335,136.95988495486563,136.95988495486563,0.6874886374940182
1915,2017-07-02,2017,6,11,Colorado Rapids,Houston Dynamo,1460.7296257331848,1487.1693221638627,93.56030356932206,93.56030356932206,0.6314811901666031
1916,2017-07-02,2017,7,0,Columbus Crew,Atlanta Utd,1471.5868063424643,1508.3927208263751,83.19408551608922,83.19408551608922,0.6174889549529365
1917,2017-07-02,2017,10,29,FC Dallas,Toronto FC,1584.385376190865,1598.0335330421435,106.3518431487214,106.3518431487214,0.6484448640949547
1918,2017-07-02,2017,21,17,Philadelphia Union,New England Revolution,1439.6097485404562,1479.733913467463,79.87583507299314,79.87583507299314,0.6129672675228895
1919,2017-07-02,2017,25,14,San Jose Earthquakes,Los Angeles Galaxy,1479.2505778173888,1545.901147059711,53.34943075767774,53.34943075767774,0.5761782258790039
1920,2017-07-02,2017,27,22,Sporting Kansas City,Portland Timbers,1561.2494729892433,1510.2853974720103,170.9640755172329,170.9640755172329,0.7279305596253867
1921,2017-07-05,2017,0,25,Atlanta Utd,San Jose Earthquakes,1523.8299447001984,1489.8461221704138,153.98382252978467,153.98382252978467,0.7081471420656678
1922,2017-07-05,2017,6,26,Colorado Rapids,Seattle Sounders,1469.9425959790196,1536.511663608597,53.430932370422624,53.430932370422624,0.5762927894329731
1923,2017-07-05,2017,10,8,FC Dallas,DC United,1593.174254588491,1451.5164280926983,261.65782649579273,261.65782649579273,0.8185008592237313
1924,2017-07-05,2017,14,23,Los Angeles Galaxy,Real Salt Lake,1535.3056027066862,1425.6589522133356,229.64665049335053,229.64665049335053,0.7895063491479748
1925,2017-07-05,2017,15,7,Minnesota United,Columbus Crew,1458.0388879012692,1456.149582468641,121.88930543262813,-121.88930543262813,0.6685537725383388
1926,2017-07-06,2017,11,2,Houston Dynamo,CF Montreal,1477.9563519180278,1529.2783407254224,68.67801119260548,68.67801119260548,0.5975681119668782
1927,2017-07-06,2017,17,19,New England Revolution,New York Red Bulls,1470.0580951555353,1522.745185722174,67.31290943336126,67.31290943336126,0.5956769383905196
1928,2017-07-06,2017,20,29,Orlando City,Toronto FC,1503.1578719394984,1589.2446546445174,33.913217294980996,-33.913217294980996,0.5486506309208665
1929,2017-07-06,2017,22,4,Portland Timbers,Chicago Fire,1515.983661462645,1521.3024649372487,114.68119652539622,114.68119652539622,0.6592958876847668
1930,2017-07-06,2017,30,18,Vancouver Whitecaps,New York City,1488.717011857084,1559.1675953061606,49.5494165509233,49.5494165509233,0.5708278046036519
1931,2017-07-07,2017,27,21,Sporting Kansas City,Philadelphia Union,1555.5512089986087,1449.285566852384,226.26564214622476,226.26564214622476,0.7862537034445597
1932,2017-07-20,2017,2,21,CF Montreal,Philadelphia Union,1519.2175435245942,1456.441909438498,182.77563408609626,182.77563408609626,0.7411858421378533
1933,2017-07-20,2017,14,30,Los Angeles Galaxy,Vancouver Whitecaps,1515.5679439779867,1499.4463167419926,136.12162723599408,136.12162723599408,0.6864509732797978
1934,2017-07-20,2017,15,11,Minnesota United,Houston Dynamo,1441.3250435878108,1488.017149118856,73.30789446895483,-73.30789446895483,0.6039603368271136
1935,2017-07-20,2017,18,29,New York City,Toronto FC,1548.4382904212518,1602.960920417539,65.47737000371285,65.47737000371285,0.5931295571877941
1936,2017-07-20,2017,19,25,New York Red Bulls,San Jose Earthquakes,1537.637109181937,1482.5498007220554,175.08730845988157,175.08730845988157,0.7326057555006352
1937,2017-07-20,2017,22,23,Portland Timbers,Real Salt Lake,1512.0012642705258,1445.396610942035,186.6046533284907,186.6046533284907,0.7453915417818875
1938,2017-07-20,2017,26,8,Seattle Sounders,DC United,1550.9189833444213,1446.9789495732916,223.94003377112972,223.94003377112972,0.7839952322591538
1939,2017-07-22,2017,15,19,Minnesota United,New York Red Bulls,1438.726035167133,1544.321965294421,14.404069872711943,-14.404069872711943,0.5207172547043857
1940,2017-07-22,2017,18,4,New York City,Chicago Fire,1546.110051491557,1525.2848621293679,140.82518936218912,140.82518936218912,0.6922490535420198
1941,2017-07-22,2017,20,0,Orlando City,Atlanta Utd,1489.4416061664767,1531.1262661485569,78.31534001791988,-78.31534001791988,0.6108340208023089
1942,2017-07-23,2017,2,10,CF Montreal,FC Dallas,1525.6878974711478,1597.7117331078978,47.976164363250064,-47.976164363250064,0.5686077358073687
1943,2017-07-23,2017,7,21,Columbus Crew,Philadelphia Union,1472.8634267820994,1449.9715554919444,142.891871290155,142.891871290155,0.6947777333264403
1944,2017-07-23,2017,8,11,DC United,Houston Dynamo,1441.5788303797706,1490.6161575395338,70.96267284023679,70.96267284023679,0.6007267089720784
1945,2017-07-23,2017,17,14,New England Revolution,Los Angeles Galaxy,1455.1661716957724,1498.4066696459918,76.75950204978062,76.75950204978062,0.6087029074239255
1946,2017-07-23,2017,23,27,Real Salt Lake,Sporting Kansas City,1464.0313994865824,1548.3948664124946,35.636533074087765,-35.636533074087765,0.5511059965619298
1947,2017-07-23,2017,29,6,Toronto FC,Colorado Rapids,1605.2891593472339,1455.5352762431953,269.75388310403855,269.75388310403855,0.8253218328917004
1948,2017-07-23,2017,30,22,Vancouver Whitecaps,Portland Timbers,1516.6075910739876,1493.3664757259785,143.2411153480091,143.2411153480091,0.6952038972206898
1949,2017-07-24,2017,26,25,Seattle Sounders,San Jose Earthquakes,1556.3191025379424,1475.8649446095712,200.45415792837116,200.45415792837116,0.7602238026183252
1950,2017-07-27,2017,21,7,Philadelphia Union,Columbus Crew,1442.3409988251053,1480.4939834489385,81.84701537616684,81.84701537616684,0.6156557427169912
1951,2017-07-29,2017,0,20,Atlanta Utd,Orlando City,1546.3971166686147,1474.170755646419,192.22636102219576,192.22636102219576,0.7514842231717724
1952,2017-07-30,2017,10,30,FC Dallas,Vancouver Whitecaps,1611.926926503082,1499.2274936434703,232.69943285961176,232.69943285961176,0.7924119178680424
1953,2017-07-30,2017,11,22,Houston Dynamo,Portland Timbers,1505.6343252638358,1510.7465731564957,114.88775210734002,114.88775210734002,0.6595629226146614
1954,2017-07-30,2017,14,26,Los Angeles Galaxy,Seattle Sounders,1488.6242423315898,1562.3135074724842,46.31073485910565,46.31073485910565,0.5662545864824421
1955,2017-07-30,2017,15,8,Minnesota United,DC United,1425.7081037995233,1426.5606626554686,119.14744114405471,119.14744114405471,0.6650470697775033
1956,2017-07-30,2017,17,21,New England Revolution,Philadelphia Union,1464.9485990101743,1451.9496052571806,132.99899375299378,132.99899375299378,0.6825691304403386
1957,2017-07-30,2017,19,2,New York Red Bulls,CF Montreal,1557.3398966620307,1511.4727040759635,165.86719258606718,165.86719258606718,0.7220811396785712
1958,2017-07-30,2017,23,7,Real Salt Lake,Columbus Crew,1462.7537495725342,1470.8853770168632,111.86837255567093,111.86837255567093,0.6556494557904442
1959,2017-07-30,2017,25,6,San Jose Earthquakes,Colorado Rapids,1469.8705396750295,1463.668322065488,126.20221760954155,126.20221760954155,0.674031998228184
1960,2017-07-30,2017,27,4,Sporting Kansas City,Chicago Fire,1549.6725163265428,1517.5910884679183,152.08142785862447,152.08142785862447,0.7058786853328328
1961,2017-07-30,2017,29,18,Toronto FC,New York City,1597.1561135249412,1553.8038251530065,163.35228837193472,163.35228837193472,0.7191665857890098
1962,2017-08-06,2017,2,20,CF Montreal,Orlando City,1504.524732567928,1480.4578612257133,144.06687134221465,144.06687134221465,0.6962101924943644
1963,2017-08-06,2017,4,17,Chicago Fire,New England Revolution,1510.2380556012392,1472.8843707491658,157.35368485207346,157.35368485207346,0.7121400722014902
1964,2017-08-06,2017,6,30,Colorado Rapids,Vancouver Whitecaps,1455.5191220211925,1519.0377915901713,56.481330431021206,56.481330431021206,0.5805746122395377
1965,2017-08-06,2017,8,29,DC United,Toronto FC,1418.1868393999061,1604.176948880216,-65.99010948030991,65.99010948030991,0.4061583469134865
1966,2017-08-06,2017,15,26,Minnesota United,Seattle Sounders,1434.0819270550858,1563.9698721345453,-9.887945079459541,9.887945079459541,0.4857739437997392
1967,2017-08-06,2017,18,19,New York City,New York Red Bulls,1546.7829897977317,1564.2878681700663,102.49512162766541,102.49512162766541,0.6433672905364233
1968,2017-08-06,2017,21,10,Philadelphia Union,FC Dallas,1444.0138335181891,1592.116628556381,-28.10279503819197,-28.10279503819197,0.4596447978860693
1969,2017-08-06,2017,22,14,Portland Timbers,Los Angeles Galaxy,1514.7356462218622,1486.9678776695287,147.76776855233356,147.76776855233356,0.7006971126191407
1970,2017-08-06,2017,23,11,Real Salt Lake,Houston Dynamo,1458.862513177773,1501.6452521984693,77.21726097930377,77.21726097930377,0.6093303585262844
1971,2017-08-06,2017,25,7,San Jose Earthquakes,Columbus Crew,1478.019739719325,1474.7766134116243,123.24312630770055,123.24312630770055,0.6702783949595646
1972,2017-08-07,2017,27,0,Sporting Kansas City,Atlanta Utd,1557.0255491932219,1540.1100110893203,136.91553810390155,136.91553810390155,0.6874337882551589
1973,2017-08-12,2017,26,27,Seattle Sounders,Sporting Kansas City,1576.1142207295388,1552.339704486843,143.77451624269588,143.77451624269588,0.6958541324222348
1974,2017-08-12,2017,29,22,Toronto FC,Portland Timbers,1601.8309075530533,1522.2182184063838,199.61268914666948,199.61268914666948,0.7593397295556306
1975,2017-08-13,2017,7,4,Columbus Crew,Chicago Fire,1466.5335732856136,1517.434553796202,69.0990194894116,69.0990194894116,0.5981507827736701
1976,2017-08-13,2017,10,6,FC Dallas,Colorado Rapids,1578.6077485035328,1453.5047567152042,245.1029917883286,245.1029917883286,0.8039119945550486
1977,2017-08-13,2017,11,25,Houston Dynamo,San Jose Earthquakes,1504.3785111616264,1486.2627798453357,138.11573131629075,138.11573131629075,0.6889163610071144
1978,2017-08-13,2017,14,18,Los Angeles Galaxy,New York City,1479.485305485007,1555.698807534321,43.786497950686,43.786497950686,0.5626823261875874
1979,2017-08-13,2017,17,30,New England Revolution,Vancouver Whitecaps,1465.687872554203,1521.0521568961597,64.63571565804341,64.63571565804341,0.5919598145318135
1980,2017-08-13,2017,19,20,New York Red Bulls,Orlando City,1555.372050433477,1472.8631160380723,202.5089343954046,202.5089343954046,0.7623732561618328
1981,2017-08-13,2017,21,2,Philadelphia Union,CF Montreal,1457.5227135710375,1512.1194777555688,65.40323581546863,65.40323581546863,0.593026566680817
1982,2017-08-14,2017,8,23,DC United,Real Salt Lake,1420.532880727069,1456.129254214616,84.403626512453,84.403626512453,0.6191321631283175
1983,2017-08-17,2017,2,4,CF Montreal,Chicago Fire,1526.9451419225893,1507.3883233655438,139.55681855704552,139.55681855704552,0.6906913966313223
1984,2017-08-19,2017,22,19,Portland Timbers,New York Red Bulls,1516.2017116452746,1561.312719029431,74.88899261584356,74.88899261584356,0.6061352799218658
1985,2017-08-20,2017,2,23,CF Montreal,Real Salt Lake,1534.6778570068063,1471.6075582928238,183.07029871398254,183.07029871398254,0.7415110949854213
1986,2017-08-20,2017,4,29,Chicago Fire,Toronto FC,1499.6556082813267,1607.8474143141625,11.808193967164243,-11.808193967164243,0.5169868171586799
1987,2017-08-20,2017,6,8,Colorado Rapids,DC United,1461.1025565790803,1405.054576648861,176.0479799302193,176.0479799302193,0.733687671595306
1988,2017-08-20,2017,18,17,New York City,New England Revolution,1569.7658656890108,1475.8888771909078,213.87698849810295,213.87698849810295,0.7740241454746317
1989,2017-08-20,2017,20,7,Orlando City,Columbus Crew,1466.9224474421183,1476.5798037162717,110.34264372584653,110.34264372584653,0.6536638325991468
1990,2017-08-20,2017,25,21,San Jose Earthquakes,Philadelphia Union,1478.4856888705135,1442.697049404017,155.78863946649653,155.78863946649653,0.7102897083164462
1991,2017-08-20,2017,27,10,Sporting Kansas City,FC Dallas,1544.7360577973989,1571.0099486396566,93.72610915774226,93.72610915774226,0.6317032757717649
1992,2017-08-20,2017,30,11,Vancouver Whitecaps,Houston Dynamo,1510.851152259455,1512.1556021364486,118.69555012300634,118.69555012300634,0.6644673583940529
1993,2017-08-21,2017,26,15,Seattle Sounders,Minnesota United,1583.717867418983,1421.9375784600923,281.78028895889065,281.78028895889065,0.835078720748086
1994,2017-08-24,2017,7,14,Columbus Crew,Los Angeles Galaxy,1480.4213995312505,1465.4182473303174,135.00315220093307,135.00315220093307,0.6850635239310646
1995,2017-08-24,2017,8,0,DC United,Atlanta Utd,1423.3967684387437,1544.7958557956993,-1.3990873569555333,1.3990873569555333,0.49798656232577165
1996,2017-08-24,2017,10,11,FC Dallas,Houston Dynamo,1561.8025305339506,1503.7672860962998,178.03524443765082,178.03524443765082,0.7359168749825129
1997,2017-08-24,2017,22,6,Portland Timbers,Colorado Rapids,1526.048329647228,1442.7603647891976,203.28796485803036,203.28796485803036,0.7631847060209268
1998,2017-08-24,2017,23,25,Real Salt Lake,San Jose Earthquakes,1465.1453356674592,1473.2284461626023,111.91688950485695,111.91688950485695,0.6557125083583626
1999,2017-08-24,2017,29,21,Toronto FC,Philadelphia Union,1620.7720847431294,1447.9542921119282,292.8177926312012,292.8177926312012,0.8436439425711556
2000,2017-08-24,2017,30,26,Vancouver Whitecaps,Seattle Sounders,1519.2394682996037,1587.8408994002807,51.39856889932298,51.39856889932298,0.5734335602343538
2001,2017-08-26,2017,19,18,New York Red Bulls,New York City,1551.4661010274776,1575.415262052145,96.05083897533268,96.05083897533268,0.6348111822096923
2002,2017-08-27,2017,2,29,CF Montreal,Toronto FC,1541.140079632171,1624.6809861788506,36.45909345332029,-36.45909345332029,0.5522771034400757
2003,2017-08-27,2017,4,15,Chicago Fire,Minnesota United,1486.7309378523598,1417.8145464787945,188.91639137356538,188.91639137356538,0.7479088090295753
2004,2017-08-27,2017,7,10,Columbus Crew,FC Dallas,1488.2948114329738,1555.9046086593878,52.390202773586,52.390202773586,0.5748292652952394
2005,2017-08-27,2017,8,17,DC United,New England Revolution,1435.9471043805995,1470.2394808277736,85.70762355282591,85.70762355282591,0.62090064142443
2006,2017-08-27,2017,20,30,Orlando City,Vancouver Whitecaps,1463.0808516271395,1517.4036292937449,65.67722233339464,65.67722233339464,0.5934071601173638
2007,2017-08-27,2017,21,0,Philadelphia Union,Atlanta Utd,1444.045390676207,1532.2455198538435,31.799870822363573,31.799870822363573,0.5456363281051904
2008,2017-08-27,2017,23,6,Real Salt Lake,Colorado Rapids,1473.7525229585,1436.8399824397209,156.91254051877922,156.91254051877922,0.7116192172115984
2009,2017-08-28,2017,14,25,Los Angeles Galaxy,San Jose Earthquakes,1457.544835428594,1464.6212588715614,112.92357655703267,112.92357655703267,0.6570195576652837
2010,2017-08-28,2017,26,22,Seattle Sounders,Portland Timbers,1589.6767384061395,1531.9687119967048,177.70802640943475,177.70802640943475,0.7355506438685671
2011,2017-09-03,2017,2,4,CF Montreal,Chicago Fire,1527.333152046169,1468.0332176266204,179.29993441954866,179.29993441954866,0.737329288966071
2012,2017-09-03,2017,10,19,FC Dallas,New York Red Bulls,1545.2753402917688,1548.0958214722352,117.17951881953354,117.17951881953354,0.6625188901810092
2013,2017-09-03,2017,14,6,Los Angeles Galaxy,Colorado Rapids,1441.119346486962,1429.630462870011,131.48888361695117,131.48888361695117,0.6806826722730603
2014,2017-09-03,2017,17,20,New England Revolution,Orlando City,1460.7619968633844,1448.2456726242053,132.51632423917908,132.51632423917908,0.6819668185370893
2015,2017-09-07,2017,18,27,New York City,Sporting Kansas City,1578.7855416073874,1553.9434759031049,144.8420657042825,144.8420657042825,0.6971531650915899
2016,2017-09-09,2017,4,19,Chicago Fire,New York Red Bulls,1486.4664498507723,1552.1587937267605,54.30765612401183,54.30765612401183,0.5775246438999408
2017,2017-09-09,2017,18,22,New York City,Portland Timbers,1586.3567124800977,1537.8574780934189,168.49923438667884,168.49923438667884,0.7251114378043181
2018,2017-09-09,2017,29,25,Toronto FC,San Jose Earthquakes,1638.4879137648525,1481.0467478131934,277.44116595165906,277.44116595165906,0.8316098416144923
2019,2017-09-10,2017,0,10,Atlanta Utd,FC Dallas,1533.3864280564733,1541.2123680372436,112.17406001922973,112.17406001922973,0.6560466352298954
2020,2017-09-10,2017,7,27,Columbus Crew,Sporting Kansas City,1498.9240798005928,1546.3723050303945,72.55177477019834,72.55177477019834,0.6029187649966178
2021,2017-09-10,2017,8,20,DC United,Orlando City,1445.4245883449887,1440.2948430876327,125.12974525735603,125.12974525735603,0.6726741139245717
2022,2017-09-10,2017,11,6,Houston Dynamo,Colorado Rapids,1509.6652079708626,1421.6475296768374,208.01767829402525,208.01767829402525,0.7680701318172172
2023,2017-09-10,2017,15,21,Minnesota United,Philadelphia Union,1436.5122667045339,1442.9044824735772,113.60778423095667,-113.60778423095667,0.6579065548242397
2024,2017-09-10,2017,17,2,New England Revolution,CF Montreal,1468.712826399957,1508.8999198220172,79.81290657793988,79.81290657793988,0.6128813254566903
2025,2017-09-10,2017,30,23,Vancouver Whitecaps,Real Salt Lake,1532.238808296679,1480.96204252821,171.27676576846898,171.27676576846898,0.7282868970971951
2026,2017-09-11,2017,26,14,Seattle Sounders,Los Angeles Galaxy,1583.7879723094254,1449.1022796801356,254.68569262928986,254.68569262928986,0.8124621593430249
2027,2017-09-14,2017,0,17,Atlanta Utd,New England Revolution,1541.985262175726,1478.3907932635398,183.59446891218613,183.59446891218613,0.7420890191939953
2028,2017-09-14,2017,30,15,Vancouver Whitecaps,Minnesota United,1539.0316358692492,1432.564602833928,226.46703303532126,226.46703303532126,0.7864484692326297
2029,2017-09-16,2017,0,20,Atlanta Utd,Orlando City,1548.433036695876,1457.1116959357469,211.32134076012903,211.32134076012903,0.7714405787506541
2030,2017-09-17,2017,2,15,CF Montreal,Minnesota United,1499.2219529584345,1427.2258145647436,191.9961383936909,191.9961383936909,0.7512366393620019
2031,2017-09-17,2017,4,8,Chicago Fire,DC United,1484.5283337532737,1428.6077354968745,175.92059825639922,175.92059825639922,0.7335443737871319
2032,2017-09-17,2017,6,18,Colorado Rapids,New York City,1440.849282972268,1568.2289265349898,-7.379643562721867,7.379643562721867,0.48938143602452333
2033,2017-09-17,2017,10,26,FC Dallas,Seattle Sounders,1532.613533917991,1575.9764183258499,76.63711559214107,76.63711559214107,0.6085350910619516
2034,2017-09-17,2017,14,29,Los Angeles Galaxy,Toronto FC,1456.913833663711,1642.6976677244902,-65.7838340607791,65.7838340607791,0.4064447762918648
2035,2017-09-17,2017,19,21,New York Red Bulls,Philadelphia Union,1554.096909824259,1446.8521463441832,227.2447634800758,227.2447634800758,0.7871994009372894
2036,2017-09-17,2017,23,22,Real Salt Lake,Portland Timbers,1474.16921495564,1555.9852640385268,38.18395091711318,38.18395091711318,0.554730943876713
2037,2017-09-17,2017,25,11,San Jose Earthquakes,Houston Dynamo,1476.8369938535557,1490.463454675432,106.37353917812356,106.37353917812356,0.6484733345499482
2038,2017-09-17,2017,27,17,Sporting Kansas City,New England Revolution,1548.94527415531,1471.9430187433898,197.00225541192026,197.00225541192026,0.7565829853552919
2039,2017-09-17,2017,30,7,Vancouver Whitecaps,Columbus Crew,1544.3704241384335,1496.3511106756773,168.01931346275614,168.01931346275614,0.7245604313264518
2040,2017-09-21,2017,0,14,Atlanta Utd,Los Angeles Galaxy,1541.6470222271096,1446.7527142564145,214.89430797069508,214.89430797069508,0.775046807183017
2041,2017-09-21,2017,29,2,Toronto FC,CF Montreal,1652.8587871317868,1480.4410369743844,292.41775015740245,292.41775015740245,0.843339938549005
2042,2017-09-23,2017,17,29,New England Revolution,Toronto FC,1465.857593377272,1631.7752886680616,-45.91769529078965,-45.91769529078965,0.43430119429379305
2043,2017-09-23,2017,18,11,New York City,Houston Dynamo,1567.9634624356029,1481.6752880391807,206.28817439642216,206.28817439642216,0.76629188588461
2044,2017-09-24,2017,0,2,Atlanta Utd,CF Montreal,1547.2708520475342,1501.5245354381095,165.74631660942464,165.74631660942464,0.7219414813585238
2045,2017-09-24,2017,7,19,Columbus Crew,New York Red Bulls,1501.9651214588387,1546.9169248008268,75.04819665801188,75.04819665801188,0.6063540481051193
2046,2017-09-24,2017,8,25,DC United,San Jose Earthquakes,1421.946344841553,1485.625160489807,56.32118435174584,56.32118435174584,0.5803501119046214
2047,2017-09-24,2017,15,10,Minnesota United,FC Dallas,1446.0067305487937,1529.9001566414422,36.1065739073515,-36.1065739073515,0.5517752797405358
2048,2017-09-24,2017,21,4,Philadelphia Union,Chicago Fire,1454.0321313676154,1491.1897244085953,82.84240695902008,82.84240695902008,0.6170106796893352
2049,2017-09-24,2017,23,26,Real Salt Lake,Seattle Sounders,1485.3009413587222,1578.6897956023986,26.611145756323594,26.611145756323594,0.5382218037721731
2050,2017-09-24,2017,27,14,Sporting Kansas City,Los Angeles Galaxy,1555.0306995214278,1441.12888443599,233.90181508543787,233.90181508543787,0.7935481624911179
2051,2017-09-24,2017,30,6,Vancouver Whitecaps,Colorado Rapids,1538.7564133552721,1441.1147470716548,217.64166628361727,217.64166628361727,0.7777921529398671
2052,2017-09-25,2017,22,20,Portland Timbers,Orlando City,1544.8535376354446,1463.8977104045132,200.9558272309314,200.9558272309314,0.7607498128736004
2053,2017-09-28,2017,0,21,Atlanta Utd,Philadelphia Union,1554.222315013571,1463.606864375382,210.61545063818903,210.61545063818903,0.7707233245616799
2054,2017-09-28,2017,2,18,CF Montreal,New York City,1494.5730724720727,1561.3061652884876,53.26690718358509,53.26690718358509,0.5760622174509993
2055,2017-09-28,2017,10,6,FC Dallas,Colorado Rapids,1518.6945386349555,1435.5595508951515,203.13498773980405,203.13498773980405,0.7630255136632897
2056,2017-09-28,2017,11,14,Houston Dynamo,Los Angeles Galaxy,1488.332585186296,1435.9675884982678,172.3649966880282,172.3649966880282,0.7295247464399398
2057,2017-09-28,2017,19,8,New York Red Bulls,DC United,1537.0757760034548,1432.4375920439375,224.6381839595174,224.6381839595174,0.784675038795733
2058,2017-09-28,2017,20,17,Orlando City,New England Revolution,1457.9164557263532,1480.0000635199272,97.91639220642605,97.91639220642605,0.6372971352776958
2059,2017-09-28,2017,25,4,San Jose Earthquakes,Chicago Fire,1475.1339132874225,1481.6149914008288,113.51892188659372,113.51892188659372,0.6577914171369063
2060,2017-09-28,2017,26,30,Seattle Sounders,Vancouver Whitecaps,1567.145340696703,1544.3116095317755,142.83373116492749,142.83373116492749,0.694706755601817
2061,2017-09-30,2017,20,10,Orlando City,FC Dallas,1466.9840273444108,1524.6189007933733,62.36512655103752,62.36512655103752,0.5887989524967776
2062,2017-10-01,2017,4,18,Chicago Fire,New York City,1498.0597768292514,1575.7077207247626,42.35205610448884,42.35205610448884,0.5606494013509287
2063,2017-10-01,2017,6,2,Colorado Rapids,CF Montreal,1429.6351887367337,1480.1715170357977,69.46367170093595,69.46367170093595,0.5986552334676095
2064,2017-10-01,2017,7,8,Columbus Crew,DC United,1511.8062702562106,1439.5544680138307,192.25180224237988,192.25180224237988,0.7515115728027262
2065,2017-10-01,2017,11,15,Houston Dynamo,Minnesota United,1482.5944665252975,1457.2123485552804,145.38211797001713,145.38211797001713,0.697809123467376
2066,2017-10-01,2017,14,23,Los Angeles Galaxy,Real Salt Lake,1441.7057071592662,1496.8453962644178,64.86031089484845,-64.86031089484845,0.5922720625631368
2067,2017-10-01,2017,17,0,New England Revolution,Atlanta Utd,1470.9324919018695,1559.954231899529,30.97826000234045,30.97826000234045,0.5444635342975408
2068,2017-10-01,2017,21,26,Philadelphia Union,Seattle Sounders,1457.874947489424,1574.7776718066575,3.0972756827663943,3.0972756827663943,0.5044572199367365
2069,2017-10-01,2017,25,22,San Jose Earthquakes,Portland Timbers,1458.6891278589999,1550.8347923136046,27.854335545395315,-27.854335545395315,0.5399999489364176
2070,2017-10-01,2017,27,30,Sporting Kansas City,Vancouver Whitecaps,1560.19199545915,1536.679278421821,143.5127170373289,143.5127170373289,0.6955350871782162
2071,2017-10-01,2017,29,19,Toronto FC,New York Red Bulls,1617.6328185254065,1529.9589000335616,207.67391849184492,207.67391849184492,0.767717437351632
2072,2017-10-04,2017,0,15,Atlanta Utd,Minnesota United,1561.0658202569675,1449.6575766419649,231.40824361500268,231.40824361500268,0.7911866192781154
2073,2017-10-07,2017,19,30,New York Red Bulls,Vancouver Whitecaps,1524.1518359673523,1554.0676556012763,90.084180366076,90.084180366076,0.6268124411747518
2074,2017-10-08,2017,6,10,Colorado Rapids,FC Dallas,1439.6688079000435,1526.8388746057929,32.82993329425062,-32.82993329425062,0.5471059559219903
2075,2017-10-08,2017,15,27,Minnesota United,Sporting Kansas City,1469.4372421239177,1542.8036182796945,46.633623844223166,-46.633623844223166,0.5667110456686301
2076,2017-10-12,2017,11,27,Houston Dynamo,Sporting Kansas City,1490.149238438613,1544.4713944214102,65.67784401720291,65.67784401720291,0.5934080235682057
2077,2017-10-15,2017,4,21,Chicago Fire,Philadelphia Union,1496.5435417954782,1470.2635169910054,146.28002480447276,146.28002480447276,0.6988979537520751
2078,2017-10-15,2017,17,18,New England Revolution,New York City,1469.820903544431,1577.2239557585358,12.596947785895281,-12.596947785895281,0.5181205256110583
2079,2017-10-15,2017,19,0,New York Red Bulls,Atlanta Utd,1533.4815249379835,1541.2861547750147,112.19537016296886,112.19537016296886,0.6560743153542766
2080,2017-10-15,2017,20,7,Orlando City,Columbus Crew,1464.7640535319913,1518.0184809361424,66.7455725958489,-66.7455725958489,0.5948901257681554
2081,2017-10-15,2017,29,2,Toronto FC,CF Montreal,1623.4398825916157,1470.1378978724879,273.30198471912786,273.30198471912786,0.8282468106414775
2082,2017-10-16,2017,6,23,Colorado Rapids,Real Salt Lake,1438.4911590019938,1499.1521978284961,59.33896117349764,-59.33896117349764,0.5845748843288862
2083,2017-10-16,2017,14,15,Los Angeles Galaxy,Minnesota United,1439.398905595188,1467.769465982202,91.62943961298583,91.62943961298583,0.6288908421323719
2084,2017-10-16,2017,22,8,Portland Timbers,DC United,1539.334791037015,1433.342257333899,225.99253370311612,225.99253370311612,0.7859893727927143
2085,2017-10-16,2017,26,10,Seattle Sounders,FC Dallas,1562.389102305076,1528.0165235038426,154.37257880123343,154.37257880123343,0.7086094359331926
2086,2017-10-16,2017,27,11,Sporting Kansas City,Houston Dynamo,1534.3065950106154,1500.314037849408,153.99255716120751,153.99255716120751,0.7081575336841335
2087,2017-10-16,2017,30,25,Vancouver Whitecaps,San Jose Earthquakes,1544.7379666306451,1470.1891291355894,194.54883749505575,194.54883749505575,0.7539726030991387
2088,2017-10-22,2017,0,29,Atlanta Utd,Toronto FC,1545.1880126588717,1627.7337123255788,37.45430033329285,37.45430033329285,0.5536932368728842
2089,2017-10-22,2017,2,17,CF Montreal,New England Revolution,1465.8440681385248,1481.8678904041547,103.97617773437014,103.97617773437014,0.6453210640510987
2090,2017-10-22,2017,8,19,DC United,New York Red Bulls,1427.9919916537167,1529.5796670541265,18.412324599590193,18.412324599590193,0.5264726872152529
2091,2017-10-22,2017,10,14,FC Dallas,Los Angeles Galaxy,1520.7317594021724,1448.6766345418787,192.05512486029374,192.05512486029374,0.7513000897386173
2092,2017-10-22,2017,11,4,Houston Dynamo,Chicago Fire,1505.5179761915113,1504.0710929516763,121.44688323983496,121.44688323983496,0.6679891889361198
2093,2017-10-22,2017,18,7,New York City,Columbus Crew,1565.1769688988122,1532.8907340803462,152.28623481846603,152.28623481846603,0.7061233952240856
2094,2017-10-22,2017,21,20,Philadelphia Union,Orlando City,1462.7359658348073,1449.8918003877875,132.8441654470198,132.8441654470198,0.6823759903164764
2095,2017-10-22,2017,22,30,Portland Timbers,Vancouver Whitecaps,1544.6850567171973,1538.3886515531667,126.2964051640306,126.2964051640306,0.6741511124766263
2096,2017-10-22,2017,23,27,Real Salt Lake,Sporting Kansas City,1488.7665699367183,1529.102656668512,79.66391326820622,79.66391326820622,0.6126778158113009
2097,2017-10-22,2017,25,15,San Jose Earthquakes,Minnesota United,1476.5384442130678,1458.4917370355113,138.04670717755653,138.04670717755653,0.6888312015354902
2098,2017-10-22,2017,26,6,Seattle Sounders,Colorado Rapids,1569.6738664067461,1448.8767868937716,240.7970795129745,240.7970795129745,0.7999752073576356
2099,2017-10-26,2017,4,19,Chicago Fire,New York Red Bulls,1495.7708226750792,1542.7414842345079,73.02933844057134,73.02933844057134,0.6035767288143317
2100,2017-10-26,2017,30,25,Vancouver Whitecaps,San Jose Earthquakes,1530.2424293650824,1484.3176641746807,165.92476519040179,165.92476519040179,0.7221476430445969
2101,2017-10-27,2017,0,7,Atlanta Utd,Columbus Crew,1543.8456817370495,1538.0438189609483,125.80186277610119,125.80186277610119,0.6735254389353659
2102,2017-10-27,2017,11,27,Houston Dynamo,Sporting Kansas City,1513.8182464681083,1519.4196020637946,114.3986444043137,114.3986444043137,0.6589304406402821
2103,2017-10-30,2017,19,29,New York Red Bulls,Toronto FC,1557.8309024548662,1629.076043247401,48.75485920746519,48.75485920746519,0.569706928533528
2104,2017-10-30,2017,30,26,Vancouver Whitecaps,Seattle Sounders,1537.1887382889674,1574.6744862228052,82.51425206616227,-82.51425206616227,0.6165641916781939
2105,2017-10-31,2017,11,22,Houston Dynamo,Portland Timbers,1509.8449854521014,1552.8312789052816,77.01370654681978,77.01370654681978,0.609051390562754
2106,2017-11-01,2017,7,18,Columbus Crew,New York City,1542.3819549343325,1560.02388401821,102.35807091612241,102.35807091612241,0.6431862539950668
2107,2017-11-03,2017,26,30,Seattle Sounders,Vancouver Whitecaps,1577.58859101476,1534.2746334970127,163.3139575177472,163.3139575177472,0.7191220198074354
2108,2017-11-05,2017,18,7,New York City,Columbus Crew,1551.1035403680867,1551.302298584456,119.80124178363076,119.80124178363076,0.6658849211895191
2109,2017-11-05,2017,29,19,Toronto FC,New York Red Bulls,1643.318716460739,1543.588229241528,219.730487219211,219.730487219211,0.7798633738168274
2110,2017-11-06,2017,22,11,Portland Timbers,Houston Dynamo,1555.5575636693504,1507.1187006880325,168.43886298131793,168.43886298131793,0.7250421618716897
2111,2017-11-22,2017,7,29,Columbus Crew,Toronto FC,1542.9494216141939,1623.8221321153185,39.12728949887537,39.12728949887537,0.5560718490906116
2112,2017-11-22,2017,11,26,Houston Dynamo,Seattle Sounders,1525.2447547348247,1584.610540519574,60.63421421525072,60.63421421525072,0.5863844211761816
2113,2017-11-30,2017,29,7,Toronto FC,Columbus Crew,1625.2239283425838,1541.5476253869285,203.67630295565527,203.67630295565527,0.7635884903724846
2114,2017-12-01,2017,26,11,Seattle Sounders,Houston Dynamo,1599.2701510489785,1510.5851442054202,208.6850068435583,208.6850068435583,0.7687537371312275
2115,2017-12-09,2017,29,26,Toronto FC,Seattle Sounders,1631.1342160832717,1605.0513076206978,146.08290846257387,146.08290846257387,0.6986591155552628
2116,2018-03-03,2018,11,0,Houston Dynamo,Atlanta Utd,1504.803987633701,1539.5075457636653,85.29644187003555,85.29644187003555,0.6203433418513575
2117,2018-03-03,2018,29,7,Toronto FC,Columbus Crew,1638.66773819439,1535.6373376462407,223.03040054814937,223.03040054814937,0.7831071686261097
2118,2018-03-04,2018,10,23,FC Dallas,Real Salt Lake,1526.949257158707,1498.4496245414357,148.49963261727135,148.49963261727135,0.7015799072052323
2119,2018-03-04,2018,20,8,Orlando City,DC United,1441.9512001456994,1414.8301744733353,147.1210256723641,147.1210256723641,0.6999157498643476
2120,2018-03-04,2018,21,17,Philadelphia Union,New England Revolution,1470.6765660768954,1498.000917005432,92.67564907146334,92.67564907146334,0.6302953138034584
2121,2018-03-04,2018,25,15,San Jose Earthquakes,Minnesota United,1477.3713552507957,1450.7125170738984,146.65883817689723,146.65883817689723,0.6993566445003879
2122,2018-03-04,2018,26,13,Seattle Sounders,Los Angeles FC,1597.5177855095794,1500.0,217.51778550957943,217.51778550957943,0.7776688797655327
2123,2018-03-04,2018,30,2,Vancouver Whitecaps,CF Montreal,1527.2526839921986,1449.7110415372474,197.54164245495122,197.54164245495122,0.7571543554482335
2124,2018-03-05,2018,14,22,Los Angeles Galaxy,Portland Timbers,1442.459136785344,1537.4315096225582,25.027627162785848,25.027627162785848,0.5359554802548809
2125,2018-03-05,2018,27,18,Sporting Kansas City,New York City,1523.3928630798016,1559.4564173383487,83.93644574145287,83.93644574145287,0.6184978010364888
2126,2018-03-10,2018,4,27,Chicago Fire,Sporting Kansas City,1480.681404454721,1507.9304180538893,92.75098640083161,92.75098640083161,0.6303963647545741
2127,2018-03-10,2018,7,2,Columbus Crew,CF Montreal,1555.2150168618934,1443.6399004234534,231.5751164384401,231.5751164384401,0.791345275488182
2128,2018-03-10,2018,11,30,Houston Dynamo,Vancouver Whitecaps,1514.295404087417,1533.3238251059927,100.97157898142427,100.97157898142427,0.6413524805966841
2129,2018-03-10,2018,17,6,New England Revolution,Colorado Rapids,1488.7582998505186,1443.8761670777126,164.88213277280602,164.88213277280602,0.7209417601594948
2130,2018-03-10,2018,23,13,Real Salt Lake,Los Angeles FC,1503.4891222215665,1519.4417219941383,104.04740022742817,104.04740022742817,0.6454148976181989
2131,2018-03-11,2018,0,8,Atlanta Utd,DC United,1530.0161293099493,1419.828068219944,230.18806109000525,230.18806109000525,0.790023818993886
2132,2018-03-11,2018,18,14,New York City,Los Angeles Galaxy,1574.918862364261,1454.060249778972,240.85861258528894,240.85861258528894,0.8000318806581381
2133,2018-03-11,2018,19,22,New York Red Bulls,Portland Timbers,1563.0848135869487,1525.8303966289302,157.2544169580185,157.2544169580185,0.7120229164051506
2134,2018-03-11,2018,20,15,Orlando City,Minnesota United,1436.9533063990907,1443.196433186408,113.75687321268265,113.75687321268265,0.6580996855329004
2135,2018-03-17,2018,0,30,Atlanta Utd,Vancouver Whitecaps,1535.2655338351021,1549.3576371209099,105.90789671419225,105.90789671419225,0.6478620670778265
2136,2018-03-17,2018,2,29,CF Montreal,Toronto FC,1438.423532310658,1619.0900589787373,-60.666526668079314,60.666526668079314,0.41357046621360394
2137,2018-03-17,2018,8,11,DC United,Houston Dynamo,1414.5786636947912,1498.2615920724998,36.31707162229145,36.31707162229145,0.5520749432275252
2138,2018-03-17,2018,15,4,Minnesota United,Chicago Fire,1459.6489253247305,1464.9214953358567,114.72742998887384,114.72742998887384,0.6593556670713783
2139,2018-03-17,2018,18,20,New York City,Orlando City,1579.9180653478077,1420.5008142607683,279.4172510870394,279.4172510870394,0.8331967719710803
2140,2018-03-17,2018,21,7,Philadelphia Union,Columbus Crew,1479.9191832318088,1560.4313849746889,39.48779825711995,39.48779825711995,0.5565840783990249
2141,2018-03-18,2018,10,26,FC Dallas,Seattle Sounders,1521.9097594785762,1578.076063515441,63.83369596313514,63.83369596313514,0.5908441861771461
2142,2018-03-18,2018,23,19,Real Salt Lake,New York Red Bulls,1487.3537497811114,1570.28424067682,37.069509104291456,37.069509104291456,0.553145798765578
2143,2018-03-18,2018,27,25,Sporting Kansas City,San Jose Earthquakes,1523.6903271727535,1484.887439138286,158.80288803446751,158.80288803446751,0.7138471809685356
2144,2018-03-24,2018,7,8,Columbus Crew,DC United,1561.8459869346646,1413.276790114103,268.5691968205615,268.5691968205615,0.8243364978861722
2145,2018-03-24,2018,10,22,FC Dallas,Portland Timbers,1532.1386548241476,1518.630969539059,133.50768528508866,133.50768528508866,0.6832032535505168
2146,2018-03-24,2018,17,18,New England Revolution,New York City,1495.7347558465312,1584.0881460485307,31.646609798000554,31.646609798000554,0.5454175963905378
2147,2018-03-24,2018,19,15,New York Red Bulls,Minnesota United,1559.1128856459595,1468.165033647946,210.94785199801345,210.94785199801345,0.7710612740716271
2148,2018-03-25,2018,6,27,Colorado Rapids,Sporting Kansas City,1436.8997110817,1530.8441476485402,26.055563433159705,-26.055563433159705,0.5374268322918158
2149,2018-03-25,2018,30,14,Vancouver Whitecaps,Los Angeles Galaxy,1540.5541887978557,1449.0610467954255,211.4931420024302,211.4931420024302,0.771614906691453
2150,2018-03-31,2018,4,22,Chicago Fire,Portland Timbers,1456.405387012641,1523.211050877822,53.194336134819196,53.194336134819196,0.5759601929671991
2151,2018-03-31,2018,7,30,Columbus Crew,Vancouver Whitecaps,1566.2375744875103,1533.7638161305692,152.47375835694106,152.47375835694106,0.7063473500561567
2152,2018-03-31,2018,14,13,Los Angeles Galaxy,Los Angeles FC,1455.8514194627119,1535.5770944345934,40.27432502811848,40.27432502811848,0.557701196988804
2153,2018-03-31,2018,20,19,Orlando City,New York Red Bulls,1416.3307335600452,1564.8363537941689,-28.505620234123626,-28.505620234123626,0.45906891631921587
2154,2018-03-31,2018,29,23,Toronto FC,Real Salt Lake,1604.4293206340774,1498.525104811972,225.90421582210547,225.90421582210547,0.785903842591838
2155,2018-04-01,2018,6,21,Colorado Rapids,Philadelphia Union,1435.9640402744046,1478.504581271833,77.45945900257152,77.45945900257152,0.6096621937683557
2156,2018-04-01,2018,11,17,Houston Dynamo,New England Revolution,1499.563465653188,1494.5993159367679,124.96414971642002,124.96414971642002,0.6724641905199967
2157,2018-04-01,2018,15,0,Minnesota United,Atlanta Utd,1462.4415654997367,1544.0689821581564,38.372583341580366,-38.372583341580366,0.5549991391375493
2158,2018-04-01,2018,25,18,San Jose Earthquakes,New York City,1477.7336186624993,1585.223585958294,12.510032704205287,12.510032704205287,0.517995607906908
2159,2018-04-01,2018,26,2,Seattle Sounders,CF Montreal,1567.8471681698697,1453.0842706553178,234.76289751455192,234.76289751455192,0.7943590490769311
2160,2018-04-01,2018,27,8,Sporting Kansas City,DC United,1531.7798184558355,1408.8852025612573,242.89461589457824,242.89461589457824,0.8019002932820841
2161,2018-04-07,2018,0,13,Atlanta Utd,Los Angeles FC,1557.9439606365952,1524.5196243593134,153.42433627728178,153.42433627728178,0.7074810666033562
2162,2018-04-07,2018,17,2,New England Revolution,CF Montreal,1511.4109206997678,1472.943246882241,158.4676738175267,158.4676738175267,0.7134528503336207
2163,2018-04-08,2018,4,7,Chicago Fire,Columbus Crew,1454.5063821884612,1548.5788907361064,25.927491452354843,25.927491452354843,0.5372435495509764
2164,2018-04-08,2018,10,6,FC Dallas,Colorado Rapids,1527.5585734853846,1445.7224854301958,201.83608805518884,201.83608805518884,0.7616708705849728
2165,2018-04-08,2018,20,22,Orlando City,Portland Timbers,1429.8540106520647,1525.1100557020018,24.74395495006297,24.74395495006297,0.535549330438711
2166,2018-04-08,2018,21,25,Philadelphia Union,San Jose Earthquakes,1468.746136116042,1464.7837284648267,123.96240765121524,123.96240765121524,0.671192824847032
2167,2018-04-08,2018,23,30,Real Salt Lake,Vancouver Whitecaps,1493.172700876768,1551.4224998819732,61.750200994794795,61.750200994794795,0.587941647093874
2168,2018-04-09,2018,14,27,Los Angeles Galaxy,Sporting Kansas City,1466.9088895379919,1536.7323111237833,50.17657841420851,50.17657841420851,0.5717120249974622
2169,2018-04-12,2018,18,23,New York City,Real Salt Lake,1598.1734761559667,1503.474159699421,214.6993164565456,214.6993164565456,0.7748510464616298
2170,2018-04-14,2018,4,14,Chicago Fire,Los Angeles Galaxy,1466.0752934496868,1452.6160889130554,133.45920453663143,133.45920453663143,0.6831428478598679
2171,2018-04-14,2018,6,29,Colorado Rapids,Toronto FC,1452.2642571948202,1609.7817245692813,-37.51746737446115,-37.51746737446115,0.4462169085023745
2172,2018-04-14,2018,19,2,New York Red Bulls,CF Montreal,1551.3130767021494,1465.7795681405817,205.53350856156771,205.53350856156771,0.7655129881964303
2173,2018-04-14,2018,21,20,Philadelphia Union,Orlando City,1464.4663154948662,1441.465277391097,143.00103810376913,143.00103810376913,0.6949109796598033
2174,2018-04-14,2018,30,13,Vancouver Whitecaps,Los Angeles FC,1541.12104105932,1517.2066510243974,143.9143900349227,143.9143900349227,0.6960245144067987
2175,2018-04-15,2018,0,18,Atlanta Utd,New York City,1565.2569339715112,1603.802199994426,81.4547339770852,81.4547339770852,0.6151212706676173
2176,2018-04-15,2018,8,7,DC United,Columbus Crew,1403.9327098933095,1537.0099794748808,-13.077269581571272,13.077269581571272,0.48118917866745636
2177,2018-04-15,2018,17,10,New England Revolution,FC Dallas,1518.5745994414272,1521.0168017207602,117.55779772066694,117.55779772066694,0.663005590591388
2178,2018-04-15,2018,22,15,Portland Timbers,Minnesota United,1513.4987889629695,1448.566587021298,184.93220194167156,184.93220194167156,0.7435601116601387
2179,2018-04-15,2018,25,11,San Jose Earthquakes,Houston Dynamo,1469.0635490860025,1482.751860890188,106.31168819581444,106.31168819581444,0.6483921682684697
2180,2018-04-15,2018,27,26,Sporting Kansas City,Seattle Sounders,1551.0251117487198,1547.9881919429465,123.03691980577332,123.03691980577332,0.6700160042718601
2181,2018-04-21,2018,2,13,CF Montreal,Los Angeles FC,1459.9173928454925,1534.6072638845674,45.31012896092511,45.31012896092511,0.5648393469498851
2182,2018-04-21,2018,11,29,Houston Dynamo,Toronto FC,1486.4616650968999,1595.9371472818407,10.524517815059198,10.524517815059198,0.5151413676628326
2183,2018-04-21,2018,19,4,New York Red Bulls,Chicago Fire,1557.1752519972385,1448.99672225319,228.17852974404855,228.17852974404855,0.7880984440283224
2184,2018-04-21,2018,27,30,Sporting Kansas City,Vancouver Whitecaps,1546.7747116419234,1523.72042819915,143.05428344277334,143.05428344277334,0.6949759577732384
2185,2018-04-22,2018,7,17,Columbus Crew,New England Revolution,1524.0397089415671,1501.9994596766423,142.0402492649248,142.0402492649248,0.6937371455811776
2186,2018-04-22,2018,10,21,FC Dallas,Philadelphia Union,1537.591941485545,1447.093541003371,210.49840048217402,210.49840048217402,0.7706042373069814
2187,2018-04-22,2018,14,0,Los Angeles Galaxy,Atlanta Utd,1469.6946601095522,1562.3789022048209,27.3157579047313,27.3157579047313,0.5392297389795913
2188,2018-04-22,2018,20,25,Orlando City,San Jose Earthquakes,1458.8380518825923,1465.3537448792906,113.48430700330164,113.48430700330164,0.6577465620891955
2189,2018-04-22,2018,22,18,Portland Timbers,New York City,1519.909786171466,1606.6802317611164,33.22955441034969,33.22955441034969,0.5476758903963902
2190,2018-04-22,2018,23,6,Real Salt Lake,Colorado Rapids,1497.8454358609617,1466.1088344822608,151.73660137870093,151.73660137870093,0.7054664072502995
2191,2018-04-22,2018,26,15,Seattle Sounders,Minnesota United,1552.238592049743,1442.1555898128013,230.08300223694164,230.08300223694164,0.7899234788457257
2192,2018-04-28,2018,0,2,Atlanta Utd,CF Montreal,1575.8596456793107,1445.7964091717454,250.0632365075653,250.0632365075653,0.8083740673386692
2193,2018-04-28,2018,21,8,Philadelphia Union,DC United,1441.3586469360455,1416.9029804266231,144.45566650942237,144.45566650942237,0.6966833429664817
2194,2018-04-28,2018,29,4,Toronto FC,Chicago Fire,1583.8156814734116,1468.699183353898,235.1164981195136,235.1164981195136,0.7946913525357142
2195,2018-04-28,2018,30,23,Vancouver Whitecaps,Real Salt Lake,1516.094827143481,1505.2087756797043,130.88605146377677,130.88605146377677,0.6799279429226281
2196,2018-04-29,2018,6,20,Colorado Rapids,Orlando City,1458.7454946635182,1467.3943878303623,111.35110683315588,111.35110683315588,0.6549768774424296
2197,2018-04-29,2018,7,25,Columbus Crew,San Jose Earthquakes,1519.1962803020376,1456.7974089315205,182.3988713705171,182.3988713705171,0.7407695810409473
2198,2018-04-29,2018,14,19,Los Angeles Galaxy,New York Red Bulls,1456.2139166350623,1537.4727908965306,38.741125738531764,38.741125738531764,0.555523035617451
2199,2018-04-29,2018,15,11,Minnesota United,Houston Dynamo,1436.9036767839443,1498.583130905329,58.32054587861535,-58.32054587861535,0.5831504984741704
2200,2018-04-29,2018,17,27,New England Revolution,Sporting Kansas City,1506.8428883161719,1554.4003126975924,72.44257561857944,72.44257561857944,0.6027682633644851
2201,2018-04-29,2018,18,10,New York City,FC Dallas,1595.3721290210262,1543.3268355528705,172.0452934681557,172.0452934681557,0.7291614562771195
2202,2018-04-30,2018,13,26,Los Angeles FC,Seattle Sounders,1548.7282475583145,1557.4905050785999,111.2377424797146,111.2377424797146,0.6548293916141584
2203,2018-05-05,2018,2,17,CF Montreal,New England Revolution,1441.0057608552122,1516.7736817320597,44.232079123152516,44.232079123152516,0.5633133892711725
2204,2018-05-05,2018,13,10,Los Angeles FC,FC Dallas,1557.3575127679605,1536.5558719597984,140.80164080816212,140.80164080816212,0.6922201738187387
2205,2018-05-05,2018,15,30,Minnesota United,Vancouver Whitecaps,1447.32491432209,1524.0966285704153,43.228285751674775,43.228285751674775,0.5618914610452852
2206,2018-05-05,2018,19,18,New York Red Bulls,New York City,1551.3608667869669,1602.1430926140984,69.21777417286853,69.21777417286853,0.5983150878911446
2207,2018-05-05,2018,26,7,Seattle Sounders,Columbus Crew,1548.8612398689538,1525.6770407760139,143.18419909293993,143.18419909293993,0.695134468143203
2208,2018-05-05,2018,29,21,Toronto FC,Philadelphia Union,1576.4483976600188,1448.9415633618835,247.50683429813535,247.50683429813535,0.8060841544117041
2209,2018-05-06,2018,4,0,Chicago Fire,Atlanta Utd,1476.0664671672907,1580.6502939958439,15.416173171446871,-15.416173171446871,0.5221711082355993
2210,2018-05-06,2018,11,14,Houston Dynamo,Los Angeles Galaxy,1488.1618933671832,1442.325840744626,165.8360526225572,165.8360526225572,0.7220451651503936
2211,2018-05-06,2018,20,23,Orlando City,Real Salt Lake,1483.7688097664231,1497.2069742527701,106.56183551365302,106.56183551365302,0.6487203806675259
2212,2018-05-06,2018,25,22,San Jose Earthquakes,Portland Timbers,1450.3166484575443,1531.2178889115562,39.09875954598806,39.09875954598806,0.5560313071674889
2213,2018-05-06,2018,27,6,Sporting Kansas City,Colorado Rapids,1544.4695192817046,1442.3710727274574,222.09844655424718,222.09844655424718,0.7821945787757656
2214,2018-05-10,2018,0,27,Atlanta Utd,Sporting Kansas City,1593.7045717017338,1549.9146548123106,163.78991688942324,163.78991688942324,0.7196750959616534
2215,2018-05-10,2018,4,2,Chicago Fire,CF Montreal,1463.0121894614008,1451.922926123433,131.08926333796785,131.08926333796785,0.6801824641335333
2216,2018-05-10,2018,7,21,Columbus Crew,Philadelphia Union,1530.555402479594,1444.093667222176,206.461735257418,206.461735257418,0.7664707651265529
2217,2018-05-10,2018,13,15,Los Angeles FC,Minnesota United,1552.552008422492,1458.2776277959579,214.27438062653414,214.27438062653414,0.7744240157871145
2218,2018-05-10,2018,29,26,Toronto FC,Seattle Sounders,1581.2962937997263,1543.9828781653737,157.31341563435262,157.31341563435262,0.7120925499638077
2219,2018-05-12,2018,2,21,CF Montreal,Philadelphia Union,1443.9274877267712,1438.2554363503398,125.67205137643145,125.67205137643145,0.6733611046510931
2220,2018-05-12,2018,10,14,FC Dallas,Los Angeles Galaxy,1541.361376305267,1435.3769698733859,225.9844064318811,225.9844064318811,0.7859815030909219
2221,2018-05-12,2018,15,25,Minnesota United,San Jose Earthquakes,1452.6382281906358,1436.415865778357,136.2223624122787,136.2223624122787,0.6865757704866344
2222,2018-05-12,2018,30,11,Vancouver Whitecaps,Houston Dynamo,1513.1439150965475,1495.1107642384234,138.03315085812415,138.03315085812415,0.6888144747401056
2223,2018-05-13,2018,6,19,Colorado Rapids,New York Red Bulls,1436.9259371968515,1561.4029895896883,-4.4770523928368675,4.4770523928368675,0.4935573602809096
2224,2018-05-13,2018,7,4,Columbus Crew,Chicago Fire,1536.3936333514303,1471.0076278580625,185.38600549336775,185.38600549336775,0.7440579046437721
2225,2018-05-13,2018,17,29,New England Revolution,Toronto FC,1505.856516463839,1563.493980050631,62.36253641320786,62.36253641320786,0.588795342553414
2226,2018-05-13,2018,20,0,Orlando City,Atlanta Utd,1492.550800249735,1575.7126943026924,36.83810594704255,-36.83810594704255,0.5528165219725754
2227,2018-05-13,2018,22,26,Portland Timbers,Seattle Sounders,1545.1186715907434,1561.785191914469,103.33347967627446,103.33347967627446,0.6444738230118588
2228,2018-05-13,2018,23,8,Real Salt Lake,DC United,1488.4249837694583,1409.3200640007851,199.1049197686732,199.1049197686732,0.7588051753450422
2229,2018-05-14,2018,13,18,Los Angeles FC,New York City,1558.191408027814,1592.100969811377,86.09043821643718,86.09043821643718,0.6214192068454817
2230,2018-05-17,2018,30,25,Vancouver Whitecaps,San Jose Earthquakes,1508.423553228045,1453.580260040523,174.84329318752202,174.84329318752202,0.7323304994099349
2231,2018-05-19,2018,10,30,FC Dallas,Vancouver Whitecaps,1546.7118387279938,1502.6152907427966,164.09654798519728,164.09654798519728,0.7200310562671252
2232,2018-05-19,2018,18,6,New York City,Colorado Rapids,1595.136449982514,1424.5870031898287,290.54944679268533,290.54944679268533,0.84191378437196
2233,2018-05-19,2018,22,13,Portland Timbers,Los Angeles FC,1554.006826015447,1555.155927856677,118.85089815876995,118.85089815876995,0.6646667036903517
2234,2018-05-19,2018,29,20,Toronto FC,Orlando City,1553.2138636144664,1478.7303872004206,194.48347641404575,194.48347641404575,0.7539028030935604
2235,2018-05-20,2018,4,11,Chicago Fire,Houston Dynamo,1464.6090754741567,1499.831126106926,84.7779493672308,84.7779493672308,0.619640144829687
2236,2018-05-20,2018,15,27,Minnesota United,Sporting Kansas City,1435.47383392847,1567.906532211352,-12.43269828288203,12.43269828288203,0.4821155419946872
2237,2018-05-20,2018,17,7,New England Revolution,Columbus Crew,1516.1366329000036,1542.792185735336,93.3444471646676,93.3444471646676,0.6311919812905099
2238,2018-05-20,2018,21,23,Philadelphia Union,Real Salt Lake,1455.0894639666171,1494.4548543858323,80.63460958078485,80.63460958078485,0.614002978263356
2239,2018-05-20,2018,25,8,San Jose Earthquakes,DC United,1459.3885225257714,1403.2901933844112,176.09832914136018,176.09832914136018,0.7337442983201943
2240,2018-05-21,2018,0,19,Atlanta Utd,New York Red Bulls,1589.5331073520067,1573.741923596711,135.7911837552956,135.7911837552956,0.6860414092638983
2241,2018-05-21,2018,2,14,CF Montreal,Los Angeles Galaxy,1427.0934601104939,1430.026507450659,117.0669526598349,117.0669526598349,0.6623739939782639
2242,2018-05-26,2018,11,18,Houston Dynamo,New York City,1515.3221297276682,1599.088605373215,36.233524354453266,36.233524354453266,0.5519560102718393
2243,2018-05-26,2018,14,25,Los Angeles Galaxy,San Jose Earthquakes,1446.5858573001155,1441.0449150677664,125.54094223234915,125.54094223234915,0.673195084268423
2244,2018-05-26,2018,26,23,Seattle Sounders,Real Salt Lake,1552.8970374897654,1484.804928842416,188.09210864734928,188.09210864734928,0.747013137918018
2245,2018-05-26,2018,29,10,Toronto FC,FC Dallas,1559.3662935371274,1541.2110623213157,138.15523121581168,138.15523121581168,0.6889650887955426
2246,2018-05-26,2018,30,17,Vancouver Whitecaps,New England Revolution,1508.1160671494747,1500.3568333677408,127.75923378173388,127.75923378173388,0.6759981837944398
2247,2018-05-27,2018,6,22,Colorado Rapids,Portland Timbers,1420.6348477991278,1562.390158423188,-21.755310624060257,-21.755310624060257,0.4687324459066516
2248,2018-05-27,2018,13,8,Los Angeles FC,DC United,1546.7725954489358,1421.6338008424161,245.1387946065197,245.1387946065197,0.8039444812286525
2249,2018-05-27,2018,15,2,Minnesota United,CF Montreal,1435.9209453786027,1410.5341102610373,145.3868351175654,145.3868351175654,0.6978148494604335
2250,2018-05-27,2018,19,21,New York Red Bulls,Philadelphia Union,1590.8929588283086,1464.7393895100333,246.15356931827523,246.15356931827523,0.8048635728912712
2251,2018-05-27,2018,20,4,Orlando City,Chicago Fire,1472.5779572777597,1449.1180718534144,143.4598854243452,143.4598854243452,0.6954706803836712
2252,2018-05-27,2018,27,7,Sporting Kansas City,Columbus Crew,1567.4594207612192,1558.5719852675988,128.8874354936204,128.8874354936204,0.6774189996032252
2253,2018-05-31,2018,14,10,Los Angeles Galaxy,FC Dallas,1454.7559801934049,1558.4351895412042,16.320790652200685,16.320790652200685,0.523470244775687
2254,2018-05-31,2018,17,0,New England Revolution,Atlanta Utd,1504.7567879626017,1572.3820721204092,52.37471584219247,52.37471584219247,0.5748074768519328
2255,2018-05-31,2018,21,4,Philadelphia Union,Chicago Fire,1472.3609788323151,1466.5048388630062,125.85613996930897,125.85613996930897,0.6735941383251965
2256,2018-05-31,2018,23,11,Real Salt Lake,Houston Dynamo,1503.4802572903666,1526.5232294708721,96.95702781949444,96.95702781949444,0.6360196363113173
2257,2018-06-02,2018,6,30,Colorado Rapids,Vancouver Whitecaps,1408.9165366514615,1503.7161125546138,25.200424096847655,25.200424096847655,0.5362028602211821
2258,2018-06-02,2018,22,14,Portland Timbers,Los Angeles Galaxy,1574.1084695708544,1441.6692240740126,252.43924549684175,252.43924549684175,0.810483840642571
2259,2018-06-03,2018,0,21,Atlanta Utd,Philadelphia Union,1574.2522590417075,1480.5211253741852,213.73113366752227,213.73113366752227,0.7738772552260478
2260,2018-06-03,2018,2,11,CF Montreal,Houston Dynamo,1402.9794814975482,1517.4237203786552,5.555761118893088,5.555761118893088,0.507994701542185
2261,2018-06-03,2018,4,25,Chicago Fire,San Jose Earthquakes,1458.344692321136,1432.874792174477,145.46990014665903,145.46990014665903,0.6979156693366685
2262,2018-06-03,2018,7,29,Columbus Crew,Toronto FC,1563.0074602576794,1542.142166317239,140.86529394044055,140.86529394044055,0.6922982339516985
2263,2018-06-03,2018,10,13,FC Dallas,Los Angeles FC,1571.5219456605964,1539.1739834182194,152.34796224237698,152.34796224237698,0.7061971258044696
2264,2018-06-03,2018,17,19,New England Revolution,New York Red Bulls,1502.8866010413035,1583.2713695060268,39.615231535276735,-39.615231535276735,0.5567651134083479
2265,2018-06-03,2018,18,20,New York City,Orlando City,1587.887505630011,1455.191190268168,252.69631536184306,252.69631536184306,0.8107110351879231
2266,2018-06-03,2018,23,26,Real Salt Lake,Seattle Sounders,1512.5797663825836,1534.2217090418148,98.35805734076871,98.35805734076871,0.6378846110494054
2267,2018-06-04,2018,27,15,Sporting Kansas City,Minnesota United,1563.0239457711386,1443.4755741420918,239.54837162904687,239.54837162904687,0.7988225174301826
2268,2018-06-09,2018,7,19,Columbus Crew,New York Red Bulls,1558.200004408887,1572.1904973412354,106.00950706765161,106.00950706765161,0.6479954964525452
2269,2018-06-09,2018,18,0,New York City,Atlanta Utd,1592.619729750313,1579.9053276610564,132.7144020892565,132.7144020892565,0.6822140690164863
2270,2018-06-09,2018,21,29,Philadelphia Union,Toronto FC,1474.8680567548363,1546.9496221660313,47.918434588804985,47.918434588804985,0.5685262183597988
2271,2018-06-10,2018,4,17,Chicago Fire,New England Revolution,1465.8968005877193,1513.9674732060948,71.92932738162449,71.92932738162449,0.6020606287825461
2272,2018-06-10,2018,10,2,FC Dallas,CF Montreal,1578.8670175154848,1415.2796139589937,283.58740355649115,283.58740355649115,0.8365063992466185
2273,2018-06-10,2018,11,6,Houston Dynamo,Colorado Rapids,1505.1235879172098,1395.5114651459319,229.61212277127788,229.61212277127788,0.7894733165112335
2274,2018-06-10,2018,14,23,Los Angeles Galaxy,Real Salt Lake,1449.431320090077,1521.6326511063485,47.798668983728476,47.798668983728476,0.5683570912528507
2275,2018-06-10,2018,22,27,Portland Timbers,Sporting Kansas City,1566.34637355479,1568.0533828353841,118.2929907194059,118.2929907194059,0.663950514419524
2276,2018-06-10,2018,26,8,Seattle Sounders,DC United,1525.16882431805,1429.2324128731325,215.93641144491744,215.93641144491744,0.7760909727233044
2277,2018-06-10,2018,30,20,Vancouver Whitecaps,Orlando City,1517.1211840601434,1450.458966147866,186.66221791227736,186.66221791227736,0.7454544247505791
2278,2018-06-14,2018,2,20,CF Montreal,Orlando City,1411.192273940159,1444.0953267666305,87.09694717352863,87.09694717352863,0.622781309878895
2279,2018-06-14,2018,6,4,Colorado Rapids,Chicago Fire,1390.2482980587126,1463.3452848681557,46.903013190556976,46.903013190556976,0.5670917873262976
2280,2018-06-14,2018,7,0,Columbus Crew,Atlanta Utd,1554.5001169975733,1584.4606793864687,90.03943761110463,90.03943761110463,0.6267521911310059
2281,2018-06-14,2018,19,26,New York Red Bulls,Seattle Sounders,1575.8903847525492,1530.7665499999673,165.12383475258184,165.12383475258184,0.7212215921640582
2282,2018-06-14,2018,25,17,San Jose Earthquakes,New England Revolution,1425.3226839078939,1516.5189889256585,28.803694982235356,28.803694982235356,0.5413571430322182
2283,2018-06-14,2018,29,8,Toronto FC,DC United,1561.1627776250264,1423.634687191215,257.52809043381126,257.52809043381126,0.814942482527471
2284,2018-06-23,2018,19,10,New York Red Bulls,FC Dallas,1582.8598449484477,1582.9543575343193,119.9054874141284,119.9054874141284,0.6660184163652789
2285,2018-06-23,2018,21,30,Philadelphia Union,Vancouver Whitecaps,1460.6549012958412,1523.484823441379,57.170077854462306,57.170077854462306,0.5815397496602878
2286,2018-06-24,2018,0,22,Atlanta Utd,Portland Timbers,1600.1294841647439,1562.247610694302,157.88187347044186,157.88187347044186,0.7127629616918993
2287,2018-06-24,2018,6,15,Colorado Rapids,Minnesota United,1388.5710033755552,1438.4461370778463,70.12486629770888,70.12486629770888,0.5995693799905509
2288,2018-06-24,2018,13,7,Los Angeles FC,Columbus Crew,1531.828911563331,1538.831312219298,112.997599344033,112.997599344033,0.6571155728054674
2289,2018-06-24,2018,18,29,New York City,Toronto FC,1588.0643780249006,1553.2892155618397,154.77516246306095,154.77516246306095,0.7090877180669278
2290,2018-06-24,2018,20,2,Orlando City,CF Montreal,1434.6648595136028,1420.6227411931868,134.04211832041597,134.04211832041597,0.6838687329002054
2291,2018-06-24,2018,23,25,Real Salt Lake,San Jose Earthquakes,1510.8415783876696,1424.2887553320884,206.55282305558126,206.55282305558126,0.7665646060053513
2292,2018-06-24,2018,26,4,Seattle Sounders,Chicago Fire,1523.7970898040687,1465.0225795513131,178.7745102527556,178.7745102527556,0.7367430827706983
2293,2018-06-24,2018,27,11,Sporting Kansas City,Houston Dynamo,1572.1521456958722,1510.386755004429,181.76539069144314,181.76539069144314,0.740068708305484
2294,2018-06-30,2018,15,10,Minnesota United,FC Dallas,1428.43537157761,1574.6048179434513,-26.169446365841168,26.169446365841168,0.4624101992894197
2295,2018-06-30,2018,26,22,Seattle Sounders,Portland Timbers,1517.8785127348012,1567.5666847365994,70.3118279982018,70.3118279982018,0.5998277419045257
2296,2018-07-01,2018,0,20,Atlanta Utd,Orlando City,1594.8104101224465,1417.5681411910975,297.2422689313489,297.2422689313489,0.8469742446516296
2297,2018-07-01,2018,2,27,CF Montreal,Sporting Kansas City,1437.719459515692,1578.6504279882352,-20.9309684725431,20.9309684725431,0.46991430347938007
2298,2018-07-01,2018,4,18,Chicago Fire,New York City,1470.9411566205806,1595.3371850732274,-4.39602845264676,-4.39602845264676,0.49367394409254056
2299,2018-07-01,2018,7,23,Columbus Crew,Real Salt Lake,1530.2592015394348,1504.177463237536,146.0817383018989,146.0817383018989,0.698657697395478
2300,2018-07-01,2018,13,21,Los Angeles FC,Philadelphia Union,1540.4010222431943,1471.116407554334,189.2846146888603,189.2846146888603,0.7483082429865182
2301,2018-07-01,2018,17,8,New England Revolution,DC United,1517.552917501464,1431.5082492544018,206.0446682470622,206.0446682470622,0.7660407575499104
2302,2018-07-01,2018,25,14,San Jose Earthquakes,Los Angeles Galaxy,1430.9528704822221,1460.2223928087558,90.73047767346634,90.73047767346634,0.6276822973683314
2303,2018-07-01,2018,29,19,Toronto FC,New York Red Bulls,1546.016408513513,1591.2093845393158,74.80702397419714,74.80702397419714,0.6060226271657752
2304,2018-07-02,2018,30,6,Vancouver Whitecaps,Colorado Rapids,1513.023317182886,1398.5817688757913,234.44154830709476,234.44154830709476,0.7940567089425002
2305,2018-07-04,2018,11,13,Houston Dynamo,Los Angeles FC,1503.888472712066,1546.6933161685313,77.19515654353472,77.19515654353472,0.6093000682208463
2306,2018-07-05,2018,6,26,Colorado Rapids,Seattle Sounders,1418.4331865993538,1502.882819187188,35.55036741216577,35.55036741216577,0.5509832865872036
2307,2018-07-05,2018,10,0,FC Dallas,Atlanta Utd,1586.1650729256867,1598.6360540061557,107.52901891953093,107.52901891953093,0.6499880747349664
2308,2018-07-05,2018,14,8,Los Angeles Galaxy,DC United,1463.414450242964,1425.6592681931495,157.7551820498145,157.7551820498145,0.7126136286742035
2309,2018-07-05,2018,15,29,Minnesota United,Toronto FC,1416.8751165953747,1530.8658428343686,6.00927376100617,-6.00927376100617,0.5086471778504211
2310,2018-07-05,2018,23,27,Real Salt Lake,Sporting Kansas City,1496.6439056724228,1565.3982855752197,51.24562009720307,51.24562009720307,0.5732181830873256
2311,2018-07-08,2018,2,6,CF Montreal,Colorado Rapids,1450.9716019287075,1404.6586044346736,166.31299749403388,166.31299749403388,0.7225958428979943
2312,2018-07-08,2018,11,15,Houston Dynamo,Minnesota United,1501.1559710065449,1429.158937149114,191.99703385743078,191.99703385743078,0.7512376026725505
2313,2018-07-08,2018,13,20,Los Angeles FC,Orlando City,1549.4258178740524,1413.7424973073882,255.68332056666418,255.68332056666418,0.8133356063445554
2314,2018-07-08,2018,14,7,Los Angeles Galaxy,Columbus Crew,1458.0991095261088,1537.792759104548,40.306350421560865,40.306350421560865,0.557746670960901
2315,2018-07-08,2018,17,26,New England Revolution,Seattle Sounders,1523.4018985627163,1516.6574013518682,126.74449721084807,126.74449721084807,0.6747174836553028
2316,2018-07-08,2018,21,0,Philadelphia Union,Atlanta Utd,1464.824113628997,1589.8857558745299,-5.0616422455327665,-5.0616422455327665,0.49271622656588
2317,2018-07-08,2018,22,25,Portland Timbers,San Jose Earthquakes,1582.5623782842126,1427.760813048014,274.8015652361987,274.8015652361987,0.8294713099351578
2318,2018-07-08,2018,23,10,Real Salt Lake,FC Dallas,1507.3134510952395,1594.9153710573125,32.398080037927,32.398080037927,0.5464899135498049
2319,2018-07-08,2018,27,29,Sporting Kansas City,Toronto FC,1554.728740152403,1518.5820222806292,156.14671787177372,156.14671787177372,0.7107136878669282
2320,2018-07-08,2018,30,4,Vancouver Whitecaps,Chicago Fire,1493.1718994593236,1483.599308018267,129.5725914410566,129.5725914410566,0.6782802648662132
2321,2018-07-09,2018,18,19,New York City,New York Red Bulls,1582.679033675541,1606.3599502184602,96.31908345708075,96.31908345708075,0.6351690792032736
2322,2018-07-12,2018,4,21,Chicago Fire,Philadelphia Union,1475.5563146399224,1452.50620796485,143.05010667507236,143.05010667507236,0.6949708609225881
2323,2018-07-12,2018,18,2,New York City,CF Montreal,1591.7998066954592,1457.9067058562578,253.89310083920145,253.89310083920145,0.81176598799484
2324,2018-07-15,2018,0,26,Atlanta Utd,Seattle Sounders,1602.203661538677,1521.0253384432508,201.1783230954261,201.1783230954261,0.7609828508532076
2325,2018-07-15,2018,2,25,CF Montreal,San Jose Earthquakes,1453.2008555561288,1423.497595796393,149.70325975973583,149.70325975973583,0.7030284955762397
2326,2018-07-15,2018,6,11,Colorado Rapids,Houston Dynamo,1397.7235005071234,1507.375030939731,10.348469567392385,-10.348469567392385,0.5148882423428052
2327,2018-07-15,2018,8,30,DC United,Vancouver Whitecaps,1430.9746089100047,1501.2148928376682,49.75971607233646,49.75971607233646,0.5711243515043959
2328,2018-07-15,2018,10,4,FC Dallas,Chicago Fire,1583.5776188960576,1458.1820431168578,245.39557577919982,245.39557577919982,0.8041773594374576
2329,2018-07-15,2018,13,22,Los Angeles FC,Portland Timbers,1554.0924277154386,1586.8255955358336,87.26683217960499,87.26683217960499,0.6230110238144815
2330,2018-07-15,2018,15,23,Minnesota United,Real Salt Lake,1422.939877215928,1518.6512032564945,24.28867395943348,24.28867395943348,0.5348973801161553
2331,2018-07-15,2018,17,14,New England Revolution,Los Angeles Galaxy,1519.0339614713337,1469.1554427520862,169.8785187192475,169.8785187192475,0.7266912050662557
2332,2018-07-15,2018,18,7,New York City,Columbus Crew,1596.5056569955882,1526.7364258785706,189.76923111701763,189.76923111701763,0.7488332950123446
2333,2018-07-15,2018,19,27,New York Red Bulls,Sporting Kansas City,1597.239177198542,1549.4608979557297,167.77827924281223,167.77827924281223,0.7242834371663908
2334,2018-07-15,2018,20,29,Orlando City,Toronto FC,1409.075887466002,1523.8498644773024,5.226022988699697,5.226022988699697,0.5075202844900425
2335,2018-07-19,2018,15,17,Minnesota United,New England Revolution,1434.567442713024,1500.8666813446773,53.700761368346775,53.700761368346775,0.5766720186672493
2336,2018-07-21,2018,0,8,Atlanta Utd,DC United,1595.6790902673467,1441.6965001223948,273.9825901449519,273.9825901449519,0.82880342829297
2337,2018-07-21,2018,26,30,Seattle Sounders,Vancouver Whitecaps,1527.549909714581,1490.493001625278,157.05690808930285,157.05690808930285,0.7117897323468192
2338,2018-07-22,2018,4,29,Chicago Fire,Toronto FC,1453.2864771027942,1511.5378715895536,61.74860551324059,-61.74860551324059,0.5879394220387096
2339,2018-07-22,2018,7,20,Columbus Crew,Orlando City,1520.4572582538792,1421.387880353751,219.0693779001283,219.0693779001283,0.7792093371759153
2340,2018-07-22,2018,11,10,Houston Dynamo,FC Dallas,1507.747236998301,1588.4731849101213,39.274052088179815,39.274052088179815,0.556280391342954
2341,2018-07-22,2018,19,17,New York Red Bulls,New England Revolution,1604.1320912693823,1490.2834818113586,233.8486094580237,233.8486094580237,0.7934979809085329
2342,2018-07-22,2018,21,14,Philadelphia Union,Los Angeles Galaxy,1469.8804794879147,1487.3227228787425,102.5577566091722,102.5577566091722,0.6434500143119509
2343,2018-07-22,2018,22,2,Portland Timbers,CF Montreal,1589.9008711311956,1460.6251431667229,249.2757279644727,249.2757279644727,0.8076708583333349
2344,2018-07-22,2018,23,6,Real Salt Lake,Colorado Rapids,1507.0236377593983,1397.3512944485533,229.672343310845,229.672343310845,0.7895309269737294
2345,2018-07-23,2018,15,13,Minnesota United,Los Angeles FC,1445.1506422463428,1551.0171521200766,14.133490126266224,-14.133490126266224,0.5203285152036876
2346,2018-07-26,2018,8,19,DC United,New York Red Bulls,1437.416585829719,1609.294641746669,-51.87805591694996,51.87805591694996,0.42589142379514383
2347,2018-07-26,2018,11,21,Houston Dynamo,Philadelphia Union,1506.3402272147273,1453.794229130116,172.54599808461126,172.54599808461126,0.7297302887818653
2348,2018-07-26,2018,25,26,San Jose Earthquakes,Seattle Sounders,1416.0733081857989,1534.7551664059106,1.3181417798882649,1.3181417798882649,0.5018969494065826
2349,2018-07-27,2018,13,14,Los Angeles FC,Los Angeles Galaxy,1539.025365000169,1503.4089732365412,155.6163917636277,155.6163917636277,0.7100856289439561
2350,2018-07-27,2018,20,18,Orlando City,New York City,1415.8681137831488,1602.7848246202796,-66.91671083713072,66.91671083713072,0.4048724791487113
2351,2018-07-29,2018,2,0,CF Montreal,Atlanta Utd,1468.3169146250561,1599.9590045600225,-11.642089934966407,11.642089934966407,0.4832519537138783
2352,2018-07-29,2018,8,6,DC United,Colorado Rapids,1426.7693002348403,1404.5895676228965,142.1797326119438,142.1797326119438,0.6939077144449979
2353,2018-07-29,2018,19,7,New York Red Bulls,Columbus Crew,1619.9419273415476,1525.9770248244813,213.96490251706632,213.96490251706632,0.77411265095141
2354,2018-07-29,2018,22,11,Portland Timbers,Houston Dynamo,1582.2090996728623,1488.0969699951806,214.11212967768165,214.11212967768165,0.7742608136232745
2355,2018-07-29,2018,25,23,San Jose Earthquakes,Real Salt Lake,1403.5258844506343,1499.785364585055,23.740519865579245,23.740519865579245,0.5341122799286987
2356,2018-07-29,2018,26,18,Seattle Sounders,New York City,1547.3025901410751,1612.9066365989972,54.395953542077905,54.395953542077905,0.5776486544064675
2357,2018-07-29,2018,27,10,Sporting Kansas City,FC Dallas,1542.5679838848894,1589.880194693695,72.68778919119427,72.68778919119427,0.6031061970238387
2358,2018-07-29,2018,29,4,Toronto FC,Chicago Fire,1526.2363571405212,1438.5879915518265,207.6483655886948,207.6483655886948,0.7676912053722743
2359,2018-07-29,2018,30,15,Vancouver Whitecaps,Minnesota United,1483.2877449339485,1457.1424293662506,146.14531556769793,146.14531556769793,0.6987347434698887
2360,2018-07-30,2018,14,20,Los Angeles Galaxy,Orlando City,1508.66111396014,1405.7463018044311,222.9148121557089,222.9148121557089,0.7829941322774548
2361,2018-08-04,2018,0,29,Atlanta Utd,Toronto FC,1612.0403034028695,1532.0440770062144,199.99622639665517,199.99622639665517,0.7597429615648013
2362,2018-08-05,2018,2,8,CF Montreal,DC United,1456.2356157822092,1434.4216073737155,141.8140084084937,141.8140084084937,0.6934603714226667
2363,2018-08-05,2018,6,14,Colorado Rapids,Los Angeles Galaxy,1396.9372604840214,1514.0862606532037,2.8509998308177273,2.8509998308177273,0.5041028264805353
2364,2018-08-05,2018,10,25,FC Dallas,San Jose Earthquakes,1604.957849619291,1402.673077452417,322.28477216687406,322.28477216687406,0.8647388594328703
2365,2018-08-05,2018,11,27,Houston Dynamo,Sporting Kansas City,1482.4534903357626,1527.4903289592935,74.96316137646909,74.96316137646909,0.6062372032689809
2366,2018-08-05,2018,15,26,Minnesota United,Seattle Sounders,1449.6107979529977,1557.8613737809135,11.749424172084218,11.749424172084218,0.516902337759108
2367,2018-08-05,2018,18,30,New York City,Vancouver Whitecaps,1602.347852959159,1490.8193763472013,231.52847661195756,231.52847661195756,0.7913009410887776
2368,2018-08-05,2018,19,13,New York Red Bulls,Los Angeles FC,1600.5891110677624,1533.77322427657,186.81588679119227,186.81588679119227,0.7456222409782781
2369,2018-08-05,2018,20,17,Orlando City,New England Revolution,1400.3211551113675,1485.1209313340719,35.200223777295605,35.200223777295605,0.5504845774226141
2370,2018-08-05,2018,22,21,Portland Timbers,Philadelphia Union,1587.8525793322804,1472.0374863496627,235.81509298261767,235.81509298261767,0.7953467003569479
2371,2018-08-05,2018,23,4,Real Salt Lake,Chicago Fire,1500.6381715832724,1432.7802716861333,187.85789989713908,187.85789989713908,0.7467582615251844
2372,2018-08-12,2018,4,19,Chicago Fire,New York Red Bulls,1426.449228224263,1606.9485550433053,-60.49932681904238,60.49932681904238,0.4138039157551817
2373,2018-08-12,2018,6,25,Colorado Rapids,San Jose Earthquakes,1409.334689822008,1424.2915489382387,105.04314088376918,105.04314088376918,0.6467255827771106
2374,2018-08-12,2018,7,11,Columbus Crew,Houston Dynamo,1545.3298410982666,1467.297560254038,198.03228084422858,198.03228084422858,0.7576732945174409
2375,2018-08-12,2018,13,27,Los Angeles FC,Sporting Kansas City,1527.4137803010271,1542.646259041018,104.76752126000906,104.76752126000906,0.6463630067514701
2376,2018-08-12,2018,14,15,Los Angeles Galaxy,Minnesota United,1501.6888313152172,1436.68823950902,185.00059180619724,185.00059180619724,0.7436351714696058
2377,2018-08-12,2018,17,21,New England Revolution,Philadelphia Union,1486.3830457696372,1466.9211538585864,139.46189191105077,139.46189191105077,0.6905746444170534
2378,2018-08-12,2018,22,30,Portland Timbers,Vancouver Whitecaps,1592.9689118233566,1498.1018998744207,214.8670119489359,214.8670119489359,0.7750194107567483
2379,2018-08-12,2018,23,2,Real Salt Lake,CF Montreal,1506.9692150451428,1451.3991064966424,175.57010854850046,175.57010854850046,0.733149837648135
2380,2018-08-12,2018,29,18,Toronto FC,New York City,1538.5376510453343,1595.0653294319395,63.4723216133948,63.4723216133948,0.5903411993206903
2381,2018-08-13,2018,8,20,DC United,Orlando City,1439.2581166592822,1399.0590406758022,160.19907598348004,160.19907598348004,0.7154860895899897
2382,2018-08-13,2018,26,10,Seattle Sounders,FC Dallas,1570.7839322248913,1583.3393781334692,107.4445540914221,107.4445540914221,0.6498774501907021
2383,2018-08-15,2018,14,6,Los Angeles Galaxy,Colorado Rapids,1495.597952028477,1418.1665502525802,197.4314017758968,197.4314017758968,0.7570376521354726
2384,2018-08-16,2018,8,22,DC United,Portland Timbers,1446.3709644195326,1573.5934265544379,-7.2224621349052995,-7.2224621349052995,0.48960753841855664
2385,2018-08-16,2018,13,23,Los Angeles FC,Real Salt Lake,1511.2547051322404,1501.1404691039395,130.11423602830087,130.11423602830087,0.6789602748555573
2386,2018-08-18,2018,26,14,Seattle Sounders,Los Angeles Galaxy,1579.5369959701236,1489.1720107250903,210.36498524503327,210.36498524503327,0.7704684471910912
2387,2018-08-19,2018,0,7,Atlanta Utd,Columbus Crew,1605.5467293637496,1551.3880087353305,174.15872062841913,174.15872062841913,0.7315573232910645
2388,2018-08-19,2018,2,4,CF Montreal,Chicago Fire,1457.2278524378457,1416.1041303303834,161.1237221074623,161.1237221074623,0.7165683632542561
2389,2018-08-19,2018,10,15,FC Dallas,Minnesota United,1574.5863143882368,1442.77911879576,251.80719559247677,251.80719559247677,0.8099243561221476
2390,2018-08-19,2018,11,23,Houston Dynamo,Real Salt Lake,1461.239392616974,1493.1144759753283,88.12491664164577,88.12491664164577,0.6241704562093976
2391,2018-08-19,2018,21,18,Philadelphia Union,New York City,1484.1855199690128,1609.8238594149568,-5.638339445943984,-5.638339445943984,0.491886489528718
2392,2018-08-19,2018,25,29,San Jose Earthquakes,Toronto FC,1415.4596885076664,1523.779121062317,11.680567445349425,11.680567445349425,0.5168033575408387
2393,2018-08-19,2018,27,22,Sporting Kansas City,Portland Timbers,1558.8053342098049,1560.8336150149019,117.97171919490302,117.97171919490302,0.6635377536096939
2394,2018-08-19,2018,30,19,Vancouver Whitecaps,New York Red Bulls,1517.4773851433395,1617.2936529371848,20.183732206154673,-20.183732206154673,0.5290140935075397
2395,2018-08-20,2018,8,17,DC United,New England Revolution,1459.1307759590686,1469.1186796592108,110.01209629985783,110.01209629985783,0.65323294038174
2396,2018-08-20,2018,13,6,Los Angeles FC,Colorado Rapids,1519.2806982608515,1424.592491555967,214.68820670488458,214.68820670488458,0.7748398892456819
2397,2018-08-23,2018,18,19,New York City,New York Red Bulls,1597.1210216531747,1618.0190052748733,99.10201637830141,99.10201637830141,0.6388732478874035
2398,2018-08-24,2018,4,7,Chicago Fire,Columbus Crew,1409.0183394117398,1544.676941817607,-15.658602405867214,15.658602405867214,0.47748070486708105
2399,2018-08-24,2018,11,10,Houston Dynamo,FC Dallas,1445.6351312117392,1579.3382054851832,-13.703074273443917,-13.703074273443917,0.4802899099378265
2400,2018-08-25,2018,14,13,Los Angeles Galaxy,Los Angeles FC,1483.4337219048675,1524.9097010297094,78.52402087515816,-78.52402087515816,0.6111195421096205
2401,2018-08-25,2018,20,0,Orlando City,Atlanta Utd,1391.9461929155518,1612.257796281473,-100.3116033659212,100.3116033659212,0.35952186063736624
2402,2018-08-26,2018,6,23,Colorado Rapids,Real Salt Lake,1418.963488787109,1508.7187373805632,30.2447514065459,30.2447514065459,0.5434160832168249
2403,2018-08-26,2018,21,17,Philadelphia Union,New England Revolution,1496.888357730795,1460.4495031687543,156.43885456204066,156.43885456204066,0.7110593170451756
2404,2018-08-26,2018,25,30,San Jose Earthquakes,Vancouver Whitecaps,1415.0396045691455,1516.752032805651,18.287571763494498,18.287571763494498,0.5262936533277207
2405,2018-08-26,2018,27,15,Sporting Kansas City,Minnesota United,1567.2168903695624,1438.0272276988137,249.1896626707487,249.1896626707487,0.8075938869210754
2406,2018-08-26,2018,29,2,Toronto FC,CF Montreal,1524.199205000838,1464.3136433564894,179.88556164434863,179.88556164434863,0.7379816715411448
2407,2018-08-27,2018,19,8,New York Red Bulls,DC United,1621.4908364720584,1467.799952449525,273.6908840225333,273.6908840225333,0.8285650385348106
2408,2018-08-27,2018,22,26,Portland Timbers,Seattle Sounders,1552.4220588551443,1585.2752847903464,87.14677406479791,87.14677406479791,0.6228486901828103
2409,2018-08-30,2018,8,21,DC United,Philadelphia Union,1463.5140784128953,1504.1118748046656,79.40220360822968,79.40220360822968,0.6123202519450489
2410,2018-08-30,2018,19,11,New York Red Bulls,Houston Dynamo,1625.7767105086882,1446.1278834632935,299.6488270453947,299.6488270453947,0.8487611326901795
2411,2018-08-30,2018,22,29,Portland Timbers,Toronto FC,1536.850841600574,1530.7496632123093,126.10117838826477,126.10117838826477,0.6739041940293194
2412,2018-08-30,2018,25,10,San Jose Earthquakes,FC Dallas,1401.8822632359525,1578.8454532336289,-56.96318999767641,56.96318999767641,0.418750095757134
2413,2018-09-01,2018,26,27,Seattle Sounders,Sporting Kansas City,1600.8465020449166,1572.0270431965355,148.81945884838115,148.81945884838115,0.701965220249995
2414,2018-09-02,2018,2,19,CF Montreal,New York Red Bulls,1457.763185145018,1629.5576821914337,-51.7944970464157,51.7944970464157,0.42600903715608057
2415,2018-09-02,2018,7,18,Columbus Crew,New York City,1544.1139594392841,1593.6491904559896,70.46476898329456,70.46476898329456,0.6000390494039094
2416,2018-09-02,2018,10,11,FC Dallas,Houston Dynamo,1564.3142056275572,1442.346911780548,241.96729384700916,241.96729384700916,0.801050936974434
2417,2018-09-02,2018,17,22,New England Revolution,Portland Timbers,1453.2259860948836,1545.003236749841,28.22274934504253,28.22274934504253,0.5405267009235802
2418,2018-09-02,2018,20,21,Orlando City,Philadelphia Union,1382.9581463996176,1519.4198811032918,-16.46173470367421,-16.46173470367421,0.4763273712224856
2419,2018-09-02,2018,23,14,Real Salt Lake,Los Angeles Galaxy,1522.3041394609838,1480.655733352127,161.64840610885676,161.64840610885676,0.7171813839858859
2420,2018-09-02,2018,29,13,Toronto FC,Los Angeles FC,1522.5972680630423,1527.6876895824498,114.90957848059247,114.90957848059247,0.6595911338208587
2421,2018-09-02,2018,30,25,Vancouver Whitecaps,San Jose Earthquakes,1529.909374138844,1416.4135108420242,233.49586329681983,233.49586329681983,0.7931650555504695
2422,2018-09-03,2018,8,0,DC United,Atlanta Utd,1448.206072114269,1621.2458427974072,-53.03977068313816,53.03977068313816,0.4242571254563026
2423,2018-09-06,2018,18,17,New York City,New England Revolution,1583.6501666910874,1452.212818571794,251.43734811929335,251.43734811929335,0.8095963848720423
2424,2018-09-08,2018,18,8,New York City,DC United,1563.4102570692864,1462.5996439778614,220.810613091425,220.810613091425,0.7809289498344736
2425,2018-09-09,2018,22,6,Portland Timbers,Colorado Rapids,1546.0164042729307,1405.3780867066885,260.6383175662422,260.6383175662422,0.8176273816855989
2426,2018-09-09,2018,27,20,Sporting Kansas City,Orlando City,1564.5761737027854,1383.5499621190554,301.02621158372995,301.02621158372995,0.8497761144642175
2427,2018-09-13,2018,8,15,DC United,Minnesota United,1469.6228677237232,1433.2170748718406,156.40579285188255,156.40579285188255,0.7110202137837033
2428,2018-09-15,2018,6,0,Colorado Rapids,Atlanta Utd,1400.8187712488284,1606.852270933815,-86.03349968498651,86.03349968498651,0.3786579052470137
2429,2018-09-16,2018,4,20,Chicago Fire,Orlando City,1409.5813217900627,1379.794364980661,149.78695680940177,149.78695680940177,0.703129075445248
2430,2018-09-16,2018,8,19,DC United,New York Red Bulls,1476.8473623791306,1615.2079081203358,-18.360545741205215,18.360545741205215,0.47360162025413544
2431,2018-09-16,2018,10,7,FC Dallas,Columbus Crew,1569.2879322031963,1554.1129832041863,135.17494899900998,135.17494899900998,0.6852768505543984
2432,2018-09-16,2018,11,22,Houston Dynamo,Portland Timbers,1437.3731852049089,1550.5757197307908,6.797465474118098,6.797465474118098,0.5097810912100531
2433,2018-09-16,2018,13,17,Los Angeles FC,New England Revolution,1544.1774679279713,1472.452728193595,191.72473973437627,191.72473973437627,0.7509445626169814
2434,2018-09-16,2018,21,2,Philadelphia Union,CF Montreal,1518.828065383854,1472.112959216116,166.71510616773799,166.71510616773799,0.7230595926141489
2435,2018-09-16,2018,23,15,Real Salt Lake,Minnesota United,1529.3746048613366,1425.9925802164332,223.38202464490337,223.38202464490337,0.7834507675377363
2436,2018-09-16,2018,25,27,San Jose Earthquakes,Sporting Kansas City,1411.242637230786,1568.3317708411798,-37.0891336103939,37.0891336103939,0.44682627854224377
2437,2018-09-16,2018,29,14,Toronto FC,Los Angeles Galaxy,1506.1074897175208,1473.5852679517743,152.5222217657465,152.5222217657465,0.7064052125166396
2438,2018-09-16,2018,30,26,Vancouver Whitecaps,Seattle Sounders,1535.0802477500822,1608.2973715386668,46.78287621141544,46.78287621141544,0.5669220013871952
2439,2018-09-20,2018,22,7,Portland Timbers,Columbus Crew,1538.320247011042,1558.7449044680463,99.57534254299571,99.57534254299571,0.6395016331717841
2440,2018-09-20,2018,25,0,San Jose Earthquakes,Atlanta Utd,1400.07198026723,1616.3187185649901,-96.2467382977602,96.2467382977602,0.36492743041625847
2441,2018-09-20,2018,26,21,Seattle Sounders,Philadelphia Union,1622.4704215733466,1500.7515755685004,241.71884600484623,241.71884600484623,0.8008229133144442
2442,2018-09-22,2018,13,25,Los Angeles FC,San Jose Earthquakes,1537.9038538625468,1390.9487945068236,266.9550593557233,266.9550593557233,0.8229869449259689
2443,2018-09-22,2018,19,29,New York Red Bulls,Toronto FC,1614.5479486266893,1513.4473594046049,221.1005892220844,221.1005892220844,0.7812143871518462
2444,2018-09-23,2018,0,23,Atlanta Utd,Real Salt Lake,1625.4419043253965,1522.2883356728933,223.15356865250328,223.15356865250328,0.7832275704784941
2445,2018-09-23,2018,2,18,CF Montreal,New York City,1490.1894490314696,1556.3870333234247,53.80241570804492,53.80241570804492,0.5768148646327138
2446,2018-09-23,2018,7,6,Columbus Crew,Colorado Rapids,1549.732445297341,1391.3523236176532,278.3801216796878,278.3801216796878,0.8323653831818095
2447,2018-09-23,2018,15,22,Minnesota United,Portland Timbers,1433.0788494048766,1547.3327061817474,5.746143223129138,5.746143223129138,0.508268610940391
2448,2018-09-23,2018,17,4,New England Revolution,Chicago Fire,1478.7263422590195,1417.0030949039315,181.723247355088,181.723247355088,0.7400220380143316
2449,2018-09-23,2018,20,11,Orlando City,Houston Dynamo,1372.3725918667922,1449.6286579246575,42.74393394213462,42.74393394213462,0.561204984912686
2450,2018-09-23,2018,21,27,Philadelphia Union,Sporting Kansas City,1520.7721484013614,1579.5024278047358,61.269720596625575,-61.269720596625575,0.5872714081007857
2451,2018-09-24,2018,14,26,Los Angeles Galaxy,Seattle Sounders,1466.2453982646903,1602.4498487404855,-16.204450475795284,-16.204450475795284,0.476696815906214
2452,2018-09-24,2018,30,10,Vancouver Whitecaps,FC Dallas,1520.9071977154024,1564.6560109393363,76.2511867760661,76.2511867760661,0.6080057374019656
2453,2018-09-27,2018,18,4,New York City,Chicago Fire,1558.3074049392426,1423.0036458542897,255.30375908495284,255.30375908495284,0.8130036611742284
2454,2018-09-29,2018,4,13,Chicago Fire,Los Angeles FC,1418.3287373836454,1542.3291802393976,-4.000442855752226,4.000442855752226,0.4942431543526738
2455,2018-09-29,2018,26,6,Seattle Sounders,Colorado Rapids,1589.367269138141,1387.1614581971985,322.20581094094246,322.20581094094246,0.8646856853999936
2456,2018-09-30,2018,7,21,Columbus Crew,Philadelphia Union,1553.9233107177956,1531.0903631988417,142.83294751895392,142.83294751895392,0.6947057988601205
2457,2018-09-30,2018,8,2,DC United,CF Montreal,1477.507321872777,1488.2690774156517,109.23824445712535,109.23824445712535,0.6522231871250013
2458,2018-09-30,2018,11,25,Houston Dynamo,San Jose Earthquakes,1451.1587825474746,1386.5234681299728,184.63531441750183,184.63531441750183,0.7432341023406401
2459,2018-09-30,2018,14,30,Los Angeles Galaxy,Vancouver Whitecaps,1479.3279778670349,1505.7070542803533,93.62092358668156,93.62092358668156,0.6315623931344901
2460,2018-09-30,2018,15,18,Minnesota United,New York City,1445.3721341313667,1562.982313409887,2.3898207214797367,2.3898207214797367,0.5034391742408888
2461,2018-09-30,2018,19,0,New York Red Bulls,Atlanta Utd,1620.017588947893,1630.8612150634342,109.15637388445884,109.15637388445884,0.652116278798185
2462,2018-09-30,2018,22,10,Portland Timbers,FC Dallas,1535.0394214552573,1579.8561543743854,75.18326708087193,75.18326708087193,0.6065396199538107
2463,2018-09-30,2018,27,23,Sporting Kansas City,Real Salt Lake,1569.1842130072555,1516.8690249348556,172.3151880723999,172.3151880723999,0.7294681673038077
2464,2018-09-30,2018,29,17,Toronto FC,New England Revolution,1507.977719083401,1472.7257913086612,155.2519277747399,155.2519277747399,0.709653531106312
2465,2018-10-06,2018,0,17,Atlanta Utd,New England Revolution,1622.1641220333888,1465.467129586319,276.69699244706976,276.69699244706976,0.831009106610798
2466,2018-10-06,2018,2,7,CF Montreal,Columbus Crew,1479.5746570937768,1549.0556657462926,50.51899134748419,50.51899134748419,0.5721945919103187
2467,2018-10-06,2018,29,30,Toronto FC,Vancouver Whitecaps,1515.2363808057432,1496.4961141087156,138.74026669702766,138.74026669702766,0.6896863084552284
2468,2018-10-07,2018,6,13,Colorado Rapids,Los Angeles FC,1383.7786003321983,1529.6852590982144,-25.906658766016108,25.906658766016108,0.46278626488532737
2469,2018-10-07,2018,8,4,DC United,Chicago Fire,1486.201742194652,1430.9726585248286,175.22908366982347,175.22908366982347,0.7327655993453922
2470,2018-10-07,2018,10,20,FC Dallas,Orlando City,1582.5196448732306,1370.842467243975,331.67717762925554,331.67717762925554,0.8709390599219823
2471,2018-10-07,2018,21,15,Philadelphia Union,Minnesota United,1535.9580081703448,1457.7861547753446,198.1718533950002,198.1718533950002,0.7578207799229504
2472,2018-10-07,2018,23,22,Real Salt Lake,Portland Timbers,1522.605729117451,1532.375930956412,110.22979816103884,110.22979816103884,0.6535167586235098
2473,2018-10-07,2018,25,19,San Jose Earthquakes,New York Red Bulls,1380.1043206884888,1628.7146819779384,-128.61036128944966,128.61036128944966,0.3229296352248828
2474,2018-10-07,2018,27,14,Sporting Kansas City,Los Angeles Galaxy,1563.4475088246602,1488.5389180386726,194.9085907859876,194.9085907859876,0.7543565498492816
2475,2018-10-09,2018,26,11,Seattle Sounders,Houston Dynamo,1592.7501270031412,1457.5779299889587,255.17219701418253,255.17219701418253,0.8128884976509948
2476,2018-10-13,2018,8,10,DC United,FC Dallas,1492.8826022110172,1585.746168375181,27.136433835836215,27.136433835836215,0.5389732491743364
2477,2018-10-13,2018,13,11,Los Angeles FC,Houston Dynamo,1541.2549157203475,1452.9001424302335,208.35477329011405,208.35477329011405,0.7684156250705241
2478,2018-10-13,2018,15,6,Minnesota United,Colorado Rapids,1451.7316742734183,1372.2089437100651,199.5227305633532,199.5227305633532,0.7592450846707496
2479,2018-10-14,2018,17,20,New England Revolution,Orlando City,1461.242357251589,1367.6159437420247,213.62641350956437,213.62641350956437,0.7737717499905898
2480,2018-10-18,2018,8,29,DC United,Toronto FC,1504.408270981659,1497.9942230943625,126.41404788729642,126.41404788729642,0.6742998577013574
2481,2018-10-18,2018,20,26,Orlando City,Seattle Sounders,1361.9602374917895,1597.4279145618664,-115.46767707007689,115.46767707007689,0.3396878926672181
2482,2018-10-18,2018,30,27,Vancouver Whitecaps,Sporting Kansas City,1513.7382718200963,1557.0885950784282,76.64967674166815,-76.64967674166815,0.6085523160979796
2483,2018-10-19,2018,23,17,Real Salt Lake,New England Revolution,1506.2678101518632,1466.8980635018243,159.3697466500389,159.3697466500389,0.714513267104806
2484,2018-10-21,2018,0,4,Atlanta Utd,Chicago Fire,1626.3888943681188,1424.2917985084634,322.0970958596554,322.0970958596554,0.8646124456896547
2485,2018-10-21,2018,2,29,CF Montreal,Toronto FC,1490.2697922960187,1489.8517195368963,120.41807275912242,120.41807275912242,0.666674437198185
2486,2018-10-21,2018,8,18,DC United,New York City,1512.550774539125,1550.568292765909,81.98248177321602,81.98248177321602,0.615840246986295
2487,2018-10-21,2018,10,27,FC Dallas,Sporting Kansas City,1574.2204996045393,1572.3024029808776,121.91809662366177,121.91809662366177,0.6685904967616482
2488,2018-10-21,2018,11,26,Houston Dynamo,Seattle Sounders,1447.1105330569965,1605.9201118785468,-38.8095788215503,38.8095788215503,0.44437966938012424
2489,2018-10-21,2018,13,30,Los Angeles FC,Vancouver Whitecaps,1547.0445250935845,1498.524463917647,168.5200611759376,168.5200611759376,0.725135333942671
2490,2018-10-21,2018,15,14,Minnesota United,Los Angeles Galaxy,1432.7505471566496,1494.8978317849046,57.852715371745035,-57.852715371745035,0.5824957097791479
2491,2018-10-21,2018,20,7,Orlando City,Columbus Crew,1353.468040175109,1538.3605305440506,-64.89249036894148,64.89249036894148,0.4076832053733436
2492,2018-10-21,2018,21,19,Philadelphia Union,New York Red Bulls,1542.012488672271,1636.7879228585605,25.22456581371057,25.22456581371057,0.5362374206288063
2493,2018-10-21,2018,22,23,Portland Timbers,Real Salt Lake,1548.7138499219998,1513.404978474243,155.3088714477567,155.3088714477567,0.7097210669363686
2494,2018-10-21,2018,25,6,San Jose Earthquakes,Colorado Rapids,1372.0310798078667,1391.1900708268338,100.84100898103293,100.84100898103293,0.6411795746874549
2495,2018-10-28,2018,4,8,Chicago Fire,DC United,1420.9071096507048,1522.1547683644676,18.752341286237197,-18.752341286237197,0.5269606134465457
2496,2018-10-28,2018,6,10,Colorado Rapids,FC Dallas,1394.7195601940202,1557.5057371854982,-42.78617699147799,42.78617699147799,0.43873513427305916
2497,2018-10-28,2018,7,15,Columbus Crew,Minnesota United,1523.552610678384,1418.188154412171,225.3644562662132,225.3644562662132,0.7853805796938385
2498,2018-10-28,2018,14,11,Los Angeles Galaxy,Houston Dynamo,1509.4602245293834,1436.0010413224934,193.45918320688997,193.45918320688997,0.7528072046176939
2499,2018-10-28,2018,17,2,New England Revolution,CF Montreal,1459.7608951794443,1498.602931366064,81.15796381338032,-81.15796381338032,0.6147167451680391
2500,2018-10-28,2018,18,21,New York City,Philadelphia Union,1540.9642989405666,1528.606553156551,132.3577457840156,132.3577457840156,0.6817687991672763
2501,2018-10-28,2018,19,20,New York Red Bulls,Orlando City,1650.1938583742806,1368.2759600407755,401.91789833350504,401.91789833350504,0.9099992198253278
2502,2018-10-28,2018,26,25,Seattle Sounders,San Jose Earthquakes,1617.0296036130499,1368.5015904406803,368.5280131723696,368.5280131723696,0.8929675109269565
2503,2018-10-28,2018,27,13,Sporting Kansas City,Los Angeles FC,1589.0171653999187,1541.4161417450177,167.60102365490093,167.60102365490093,0.7240796267367279
2504,2018-10-28,2018,29,0,Toronto FC,Atlanta Utd,1481.518580466851,1629.7735832258775,-28.25500275902641,28.25500275902641,0.45942718796925835
2505,2018-10-28,2018,30,22,Vancouver Whitecaps,Portland Timbers,1504.1528472662137,1555.9708232485905,68.18202401762323,68.18202401762323,0.5968813177213863
2506,2018-10-31,2018,18,21,New York City,Philadelphia Union,1548.9200789613847,1520.6507731357328,148.26930582565183,148.26930582565183,0.7013022420490631
2507,2018-11-01,2018,10,22,FC Dallas,Portland Timbers,1543.4741155423246,1545.8928561916252,117.58125935069938,117.58125935069938,0.6630357653777954
2508,2018-11-02,2018,8,7,DC United,Columbus Crew,1522.8287837006312,1528.9180961860382,113.91068751459306,113.91068751459306,0.6582988825269862
2509,2018-11-02,2018,13,23,Los Angeles FC,Real Salt Lake,1534.518132413436,1506.1480051476524,148.3701272657836,148.3701272657836,0.7014238032650999
2510,2018-11-04,2018,7,19,Columbus Crew,New York Red Bulls,1532.8755682492128,1652.4438778786473,0.4316903705655477,0.4316903705655477,0.5006212520628333
2511,2018-11-04,2018,22,26,Portland Timbers,Seattle Sounders,1562.4687503260702,1619.705415839876,62.76333448619425,62.76333448619425,0.5893538314679013
2512,2018-11-05,2018,18,0,New York City,Atlanta Utd,1556.3875229101582,1616.259262925109,60.128259985049226,60.128259985049226,0.5856778511443681
2513,2018-11-05,2018,23,27,Real Salt Lake,Sporting Kansas City,1523.6836002292798,1595.9151747315004,47.76842549777939,-47.76842549777939,0.568314380364365
2514,2018-11-09,2018,26,22,Seattle Sounders,Portland Timbers,1609.4392616265734,1572.7349045393728,156.7043570872006,156.7043570872006,0.7113732224011063
2515,2018-11-11,2018,0,18,Atlanta Utd,New York City,1630.901209203718,1541.745576631549,209.155632572169,209.155632572169,0.7692349940318229
2516,2018-11-11,2018,27,23,Sporting Kansas City,Real Salt Lake,1597.6230342406095,1521.9757407201707,195.64729352043878,195.64729352043878,0.7551436629186874
2517,2018-11-12,2018,19,7,New York Red Bulls,Columbus Crew,1639.9594091802182,1545.3600369476421,214.59937223257612,214.59937223257612,0.7747506611383053
2518,2018-11-25,2018,0,19,Atlanta Utd,New York Red Bulls,1636.6703343529225,1645.5906426517606,111.07969170116189,111.07969170116189,0.6546237194770769
2519,2018-11-26,2018,22,27,Portland Timbers,Sporting Kansas City,1565.5192350994005,1603.7444426676423,81.77479243175821,81.77479243175821,0.6155573619746454
2520,2018-11-30,2018,19,0,New York Red Bulls,Atlanta Utd,1636.9562356386875,1645.3047413659956,111.65149427269193,111.65149427269193,0.6553675340378008
2521,2018-11-30,2018,27,22,Sporting Kansas City,Portland Timbers,1606.6333767170083,1562.6303010500344,164.00307566697393,164.00307566697393,0.7199225758844964
2522,2018-12-09,2018,0,22,Atlanta Utd,Portland Timbers,1636.6889297169407,1580.6283654471467,176.06056426979399,176.06056426979399,0.7337018256629629
2523,2019-03-02,2019,6,22,Colorado Rapids,Portland Timbers,1408.7511818371938,1573.9709110887209,-45.21972925152704,-45.21972925152704,0.43528856524108855
2524,2019-03-02,2019,7,19,Columbus Crew,New York Red Bulls,1539.7288034760998,1645.5720472877424,14.156756188357349,14.156756188357349,0.5203619423210023
2525,2019-03-02,2019,10,17,FC Dallas,New England Revolution,1526.8982214078796,1469.3929765502432,177.5052448576364,177.5052448576364,0.7353235221770924
2526,2019-03-02,2019,11,23,Houston Dynamo,Real Salt Lake,1454.8212214379357,1515.854332293138,58.96688914479773,58.96688914479773,0.5840546558388447
2527,2019-03-02,2019,20,18,Orlando City,New York City,1366.0259405364088,1535.9764514823446,-49.950510945935775,49.950510945935775,0.4286066496000183
2528,2019-03-02,2019,21,29,Philadelphia Union,Toronto FC,1513.1833291869593,1495.0329007676196,138.15042841933973,138.15042841933973,0.6889591642027899
2529,2019-03-02,2019,30,15,Vancouver Whitecaps,Minnesota United,1514.230814323179,1412.8226689045168,221.40814541866212,221.40814541866212,0.7815168366643596
2530,2019-03-03,2019,8,0,DC United,Atlanta Utd,1518.8713116374565,1643.3463840753666,-4.4750724379100575,-4.4750724379100575,0.49356020919222127
2531,2019-03-03,2019,14,4,Los Angeles Galaxy,Chicago Fire,1490.640044413941,1420.2330943145412,190.40695009939986,190.40695009939986,0.7495231141446758
2532,2019-03-03,2019,25,2,San Jose Earthquakes,CF Montreal,1365.8257782138542,1488.970849995265,-3.145071781410934,-3.145071781410934,0.49547400149897586
2533,2019-03-03,2019,26,9,Seattle Sounders,FC Cincinnati,1616.6549310665457,1500.0,236.6549310665457,236.6549310665457,0.7961324894310668
2534,2019-03-04,2019,13,27,Los Angeles FC,Sporting Kansas City,1516.9825373318085,1588.635312319896,48.34722501191254,48.34722501191254,0.5691316038536997
2535,2019-03-09,2019,4,20,Chicago Fire,Orlando City,1413.971172168158,1367.8107742964085,166.16039787174964,166.16039787174964,0.7224197254108706
2536,2019-03-09,2019,10,14,FC Dallas,Los Angeles Galaxy,1521.0151333534523,1496.9019665603241,144.11316679312813,144.11316679312813,0.6962665542977351
2537,2019-03-09,2019,11,2,Houston Dynamo,CF Montreal,1452.7198550419646,1501.3577000327396,71.36215500922503,71.36215500922503,0.6012781505670881
2538,2019-03-09,2019,17,7,New England Revolution,Columbus Crew,1475.2760646046706,1539.2197549180746,56.05630968659602,56.05630968659602,0.5799787251351334
2539,2019-03-09,2019,23,30,Real Salt Lake,Vancouver Whitecaps,1517.955698689109,1494.69289340657,143.26280528253915,143.26280528253915,0.6952303532681425
2540,2019-03-10,2019,0,9,Atlanta Utd,FC Cincinnati,1630.685389305172,1494.9033122357766,255.78207706939543,255.78207706939543,0.8134218992921427
2541,2019-03-10,2019,13,22,Los Angeles FC,Portland Timbers,1527.754247235466,1572.353125219748,75.40112201571787,75.40112201571787,0.6068388637825691
2542,2019-03-10,2019,18,8,New York City,DC United,1534.191617722345,1531.532306407651,122.65931131469392,122.65931131469392,0.6695352359325281
2543,2019-03-10,2019,25,15,San Jose Earthquakes,Minnesota United,1353.4389281763797,1432.3605898211258,41.07833835525389,41.07833835525389,0.5588425488325455
2544,2019-03-10,2019,26,6,Seattle Sounders,Colorado Rapids,1621.751618830769,1410.3689677061666,331.3826511246025,331.3826511246025,0.8707483664687213
2545,2019-03-10,2019,27,21,Sporting Kansas City,Philadelphia Union,1577.8636024162386,1495.9593500818896,201.90425233434894,201.90425233434894,0.761742092299167
2546,2019-03-16,2019,4,26,Chicago Fire,Seattle Sounders,1408.4106790328863,1624.982909669051,-96.5722306361647,-96.5722306361647,0.36449330390728013
2547,2019-03-16,2019,7,10,Columbus Crew,FC Dallas,1553.719223046453,1528.6084694960089,145.1107535504441,145.1107535504441,0.6974796194445687
2548,2019-03-16,2019,11,30,Houston Dynamo,Vancouver Whitecaps,1462.6879012777874,1487.0736522382736,95.61424903951388,95.61424903951388,0.6342283569096355
2549,2019-03-16,2019,19,25,New York Red Bulls,San Jose Earthquakes,1646.0810958457675,1339.467864455566,426.61323139020146,426.61323139020146,0.9209833354105202
2550,2019-03-16,2019,20,2,Orlando City,CF Montreal,1373.3712674316803,1491.3896537969167,1.981613634763562,1.981613634763562,0.5028517403369935
2551,2019-03-17,2019,0,21,Atlanta Utd,Philadelphia Union,1622.8498418228685,1490.0029023893687,252.84693943349976,252.84693943349976,0.8108440574866419
2552,2019-03-17,2019,8,23,DC United,Real Salt Lake,1535.7706873059642,1525.5749398574055,130.19574744855868,130.19574744855868,0.6790625431052034
2553,2019-03-17,2019,9,22,FC Cincinnati,Portland Timbers,1502.7388597180802,1562.5240968143123,60.214762903767905,60.214762903767905,0.5857986783891971
2554,2019-03-17,2019,14,15,Los Angeles Galaxy,Minnesota United,1489.3086304177675,1446.3316535419394,162.9769768758281,162.9769768758281,0.7187300384306472
2555,2019-03-17,2019,18,13,New York City,Los Angeles FC,1529.9532368240318,1537.5832756409018,112.36996118313004,112.36996118313004,0.6563010548060595
2556,2019-03-17,2019,29,17,Toronto FC,New England Revolution,1512.2568798726893,1460.7765964762923,171.480283396397,171.480283396397,0.7285186657107708
2557,2019-03-18,2019,6,27,Colorado Rapids,Sporting Kansas City,1407.1376768678847,1583.8200501087595,-56.68237324087477,56.68237324087477,0.41914360367958087
2558,2019-03-23,2019,10,6,FC Dallas,Colorado Rapids,1521.045459982123,1409.1590867758953,231.88637320622774,231.88637320622774,0.7916409691205715
2559,2019-03-23,2019,19,20,New York Red Bulls,Orlando City,1648.0565124605046,1360.7999739232555,407.25653853724907,407.25653853724907,0.9124846523799142
2560,2019-03-23,2019,21,7,Philadelphia Union,Columbus Crew,1497.7740038265347,1561.2822325603388,56.49177126619588,56.49177126619588,0.5805892475381952
2561,2019-03-24,2019,13,23,Los Angeles FC,Real Salt Lake,1541.4908020110533,1517.5515034350356,143.9392985760178,143.9392985760178,0.696054850166706
2562,2019-03-24,2019,17,9,New England Revolution,FC Cincinnati,1453.9895631190616,1513.0938927583502,60.89567036071139,60.89567036071139,0.5867494081127734
2563,2019-03-30,2019,4,19,Chicago Fire,New York Red Bulls,1399.2983464352042,1625.2443961510066,-105.94604971580247,105.94604971580247,0.35208782969888863
2564,2019-03-30,2019,7,0,Columbus Crew,Atlanta Utd,1550.7969637487936,1615.0787403857025,55.718223363091056,55.718223363091056,0.5795045550849348
2565,2019-03-30,2019,9,21,FC Cincinnati,Philadelphia Union,1527.7626279611695,1508.25927263808,139.50335532308964,139.50335532308964,0.6906256441034658
2566,2019-03-30,2019,17,15,New England Revolution,Minnesota United,1439.3208279162423,1439.2999045027057,120.0209234135366,120.0209234135366,0.666166210703745
2567,2019-03-30,2019,25,13,San Jose Earthquakes,Los Angeles FC,1337.492447840829,1549.0894307568858,-91.59698291605673,91.59698291605673,0.3711527639847635
2568,2019-03-30,2019,27,2,Sporting Kansas City,CF Montreal,1581.7986402007489,1503.9609473053415,197.83769289540737,197.83769289540737,0.757467572763436
2569,2019-03-30,2019,29,18,Toronto FC,New York City,1519.04391322992,1526.0457104538802,112.99820277603976,112.99820277603976,0.6571163554657999
2570,2019-03-31,2019,6,11,Colorado Rapids,Houston Dynamo,1403.9501110039096,1471.8321923550466,52.117918648863,52.117918648863,0.5744461485773392
2571,2019-03-31,2019,20,8,Orlando City,DC United,1383.6120902327534,1543.7941237283342,-40.182033495580754,-40.182033495580754,0.44242985638295956
2572,2019-03-31,2019,23,10,Real Salt Lake,FC Dallas,1509.952874689203,1526.2544357541087,103.69843893509437,103.69843893509437,0.6449550444768185
2573,2019-03-31,2019,30,26,Vancouver Whitecaps,Seattle Sounders,1477.9293611610144,1634.095242266733,-36.165881105718654,36.165881105718654,0.44814028701658704
2574,2019-04-01,2019,14,22,Los Angeles Galaxy,Portland Timbers,1496.3403794570013,1552.1690637740423,64.17131568295895,64.17131568295895,0.5913139379076924
2575,2019-04-06,2019,8,13,DC United,Los Angeles FC,1554.8548701379082,1558.368249856505,116.48662028140325,116.48662028140325,0.6616265013735311
2576,2019-04-06,2019,18,2,New York City,CF Montreal,1517.4736193405251,1497.8976366244274,139.57598271609777,139.57598271609777,0.6907149640693602
2577,2019-04-06,2019,29,4,Toronto FC,Chicago Fire,1527.616004343275,1415.496150692732,232.11985365054306,232.11985365054306,0.7918625725800249
2578,2019-04-06,2019,30,14,Vancouver Whitecaps,Los Angeles Galaxy,1479.2258539855998,1506.557531009309,92.66832297629071,-92.66832297629071,0.6302854866061988
2579,2019-04-07,2019,7,17,Columbus Crew,New England Revolution,1561.3093498716703,1447.6666726486487,233.64267722302156,233.64267722302156,0.7933036681863999
2580,2019-04-07,2019,9,27,FC Cincinnati,Sporting Kansas City,1510.4969868585829,1587.861950881663,42.63503597691988,42.63503597691988,0.5610506105007282
2581,2019-04-07,2019,19,15,New York Red Bulls,Minnesota United,1609.0465918934788,1430.9540597702992,298.0925321231796,298.0925321231796,0.8476075395998479
2582,2019-04-07,2019,20,6,Orlando City,Colorado Rapids,1372.5513438231794,1389.5889572894762,102.96238653370324,102.96238653370324,0.6439842140259032
2583,2019-04-07,2019,21,10,Philadelphia Union,FC Dallas,1525.5249137406665,1542.3783118660292,103.14660187463733,103.14660187463733,0.64422729984415
2584,2019-04-07,2019,25,22,San Jose Earthquakes,Portland Timbers,1328.21362874121,1541.9519122217346,-93.73828348052461,93.73828348052461,0.3682804197282025
2585,2019-04-07,2019,26,23,Seattle Sounders,Real Salt Lake,1632.7987494421477,1493.8289985772826,258.9697508648651,258.9697508648651,0.8161907747374666
2586,2019-04-10,2019,8,2,DC United,CF Montreal,1538.31420760357,1502.6655107261613,155.6486968774086,155.6486968774086,0.7101239105783715
2587,2019-04-13,2019,2,7,CF Montreal,Columbus Crew,1507.9186084906205,1566.4767581670103,61.4418503236102,61.4418503236102,0.5875115552311846
2588,2019-04-13,2019,4,30,Chicago Fire,Vancouver Whitecaps,1422.7927150072326,1463.4687168204448,79.32399818678778,79.32399818678778,0.6122133793759212
2589,2019-04-13,2019,11,25,Houston Dynamo,San Jose Earthquakes,1486.19334606948,1344.006618248005,262.18672782147496,262.18672782147496,0.8189527180772745
2590,2019-04-13,2019,15,18,Minnesota United,New York City,1452.1442482602954,1512.7057452387912,59.438503021504175,59.438503021504175,0.5847140311343443
2591,2019-04-13,2019,26,29,Seattle Sounders,Toronto FC,1637.393980073711,1520.3194400287746,237.07454004493638,237.07454004493638,0.7965242521338521
2592,2019-04-14,2019,6,8,Colorado Rapids,DC United,1380.6885626401238,1533.0611098391107,-32.37254719898692,-32.37254719898692,0.4535465137408609
2593,2019-04-14,2019,10,22,FC Dallas,Portland Timbers,1533.483994362133,1526.1589227149395,127.32507164719345,127.32507164719345,0.6754505484621143
2594,2019-04-14,2019,13,9,Los Angeles FC,FC Cincinnati,1574.9089123908432,1508.9707215960648,185.9381907947784,185.9381907947784,0.7446627604411764
2595,2019-04-14,2019,14,21,Los Angeles Galaxy,Philadelphia Union,1522.314668174464,1534.4192312445628,107.89543692990128,107.89543692990128,0.6504677896314369
2596,2019-04-14,2019,17,0,New England Revolution,Atlanta Utd,1442.4992643533087,1604.5663542628258,-42.06708990951711,-42.06708990951711,0.4397547041277428
2597,2019-04-14,2019,23,20,Real Salt Lake,Orlando City,1489.2337679457194,1381.4517384725318,227.78202947318755,227.78202947318755,0.7877170276970221
2598,2019-04-15,2019,27,19,Sporting Kansas City,New York Red Bulls,1589.3882161441811,1587.8564034034825,121.53181274069857,121.53181274069857,0.6680976066519199
2599,2019-04-18,2019,30,13,Vancouver Whitecaps,Los Angeles FC,1466.274051304843,1581.2923433798137,4.981707925029241,-4.981707925029241,0.5071687627283437
2600,2019-04-20,2019,0,10,Atlanta Utd,FC Dallas,1615.5602218660194,1541.5977306505802,193.9624912154393,193.9624912154393,0.7533459590138103
2601,2019-04-20,2019,4,6,Chicago Fire,Colorado Rapids,1419.9873805228344,1369.3498997966024,170.63748072623207,170.63748072623207,0.727558064425416
2602,2019-04-20,2019,9,23,FC Cincinnati,Real Salt Lake,1502.5872906070942,1494.5408422532937,128.04644835380054,128.04644835380054,0.6763602005634185
2603,2019-04-20,2019,14,11,Los Angeles Galaxy,Houston Dynamo,1531.052973433678,1490.7195281175482,160.33344531612988,160.33344531612988,0.715643519828913
2604,2019-04-20,2019,20,30,Orlando City,Vancouver Whitecaps,1376.1446641649575,1478.5948322366344,17.5498319283231,17.5498319283231,0.5252347797471933
2605,2019-04-20,2019,21,2,Philadelphia Union,CF Montreal,1525.6809259853487,1518.2308196098409,127.45010637550786,127.45010637550786,0.6756083117437808
2606,2019-04-20,2019,29,15,Toronto FC,Minnesota United,1515.2325463321208,1450.0263974819368,185.20614885018404,185.20614885018404,0.7438606894591164
2607,2019-04-21,2019,7,22,Columbus Crew,Portland Timbers,1556.16454704779,1518.0451864264924,158.11936062129757,158.11936062129757,0.7130427663937098
2608,2019-04-21,2019,8,18,DC United,New York City,1544.3997726826321,1514.8235960171498,149.5761766654823,149.5761766654823,0.7028757404917875
2609,2019-04-21,2019,17,19,New England Revolution,New York Red Bulls,1431.505396750115,1592.0588435697805,-40.553446819665396,-40.553446819665396,0.4419025008631691
2610,2019-04-21,2019,25,27,San Jose Earthquakes,Sporting Kansas City,1339.4804361999368,1585.1857759778832,-125.70533977794639,125.70533977794639,0.3265967499532831
2611,2019-04-22,2019,13,26,Los Angeles FC,Seattle Sounders,1568.9715624480223,1642.4808737703647,46.490688677657545,46.490688677657545,0.5665089961131243
2612,2019-04-25,2019,7,8,Columbus Crew,DC United,1538.3384778879472,1526.8278791703374,131.5105987176098,131.5105987176098,0.6807098413520362
2613,2019-04-25,2019,15,14,Minnesota United,Los Angeles Galaxy,1443.6229147184147,1538.1618854379553,25.461029280459343,25.461029280459343,0.5365759147117685
2614,2019-04-25,2019,17,2,New England Revolution,CF Montreal,1445.4578342285358,1510.1210274034354,55.33680682510044,55.33680682510044,0.5789694377625483
2615,2019-04-25,2019,18,4,New York City,Chicago Fire,1532.3954895294446,1426.798428912199,225.5970606172457,225.5970606172457,0.7856061888505473
2616,2019-04-25,2019,26,25,Seattle Sounders,San Jose Earthquakes,1631.6435986731929,1356.3155174511046,395.32808122208826,395.32808122208826,0.9068436987629013
2617,2019-04-27,2019,0,6,Atlanta Utd,Colorado Rapids,1596.726572890674,1362.5388514072379,354.18772148343623,354.18772148343623,0.8848179929612425
2618,2019-04-27,2019,10,25,FC Dallas,San Jose Earthquakes,1560.4313796259255,1366.4866099201772,313.9447697057483,313.9447697057483,0.8590245048647243
2619,2019-04-27,2019,18,20,New York City,Orlando City,1537.755334808181,1388.0137946712775,269.7415401369035,269.7415401369035,0.8253115894177168
2620,2019-04-27,2019,29,22,Toronto FC,Portland Timbers,1521.636029095643,1535.871255586335,105.76477350930782,105.76477350930782,0.6476740860595668
2621,2019-04-27,2019,30,21,Vancouver Whitecaps,Philadelphia Union,1466.7257017303143,1533.7907181917542,52.93498353856012,52.93498353856012,0.5755955275600345
2622,2019-04-28,2019,2,4,CF Montreal,Chicago Fire,1524.595263347499,1421.4385836334625,223.1566797140365,223.1566797140365,0.7832306110422013
2623,2019-04-28,2019,11,7,Houston Dynamo,Columbus Crew,1483.610616113271,1521.3207318541463,82.28988425912462,82.28988425912462,0.6162588032792606
2624,2019-04-28,2019,15,8,Minnesota United,DC United,1442.7085168506205,1543.8456252041383,18.86289164648224,18.86289164648224,0.5271192429089618
2625,2019-04-28,2019,19,9,New York Red Bulls,FC Cincinnati,1578.1064060913598,1485.6782855930087,212.42812049835106,212.42812049835106,0.772561994431001
2626,2019-04-28,2019,26,13,Seattle Sounders,Los Angeles FC,1621.4725062041202,1579.8088375451941,161.6636686589261,-161.6636686589261,0.7171992041423403
2627,2019-04-28,2019,27,17,Sporting Kansas City,New England Revolution,1568.3506947267153,1430.983598284472,257.36709644224334,257.36709644224334,0.8148026765300357
2628,2019-04-29,2019,14,23,Los Angeles Galaxy,Real Salt Lake,1539.0762833057495,1511.4498472673793,147.62643603837023,147.62643603837023,0.7005264611976384
2629,2019-05-02,2019,21,9,Philadelphia Union,FC Cincinnati,1535.680606380755,1479.9923354537837,175.68827092697143,175.68827092697143,0.7332828911319993
2630,2019-05-04,2019,2,18,CF Montreal,New York City,1530.014498071444,1529.6225450727381,120.39195299870585,120.39195299870585,0.666641023988701
2631,2019-05-04,2019,6,30,Colorado Rapids,Vancouver Whitecaps,1359.659301231269,1464.8358135413134,14.823487689955527,14.823487689955527,0.521319778776819
2632,2019-05-04,2019,11,10,Houston Dynamo,FC Dallas,1493.2041460312894,1551.4557670043073,61.74837902698209,61.74837902698209,0.5879391061811664
2633,2019-05-04,2019,19,14,New York Red Bulls,Los Angeles Galaxy,1583.7923562305848,1546.5631217758084,157.22923445477636,157.22923445477636,0.7119931915433373
2634,2019-05-04,2019,20,29,Orlando City,Toronto FC,1396.1465844067204,1505.4441769441537,10.702407462566725,10.702407462566725,0.5153971326896949
2635,2019-05-05,2019,8,7,DC United,Columbus Crew,1532.0236062768624,1511.7272019361278,140.29640434073463,140.29640434073463,0.6916001943000639
2636,2019-05-05,2019,13,4,Los Angeles FC,Chicago Fire,1585.2388176487527,1416.0193489095175,289.21946873923525,289.21946873923525,0.8408921441013013
2637,2019-05-05,2019,15,26,Minnesota United,Seattle Sounders,1454.5305357778964,1616.0425261005616,-41.51199032266527,-41.51199032266527,0.4405421098340345
2638,2019-05-05,2019,21,17,Philadelphia Union,New England Revolution,1542.348534102455,1438.8536651977229,223.49486890473213,223.49486890473213,0.7835609528118334
2639,2019-05-05,2019,23,22,Real Salt Lake,Portland Timbers,1503.9630087973203,1552.0631077378243,71.89990105949596,71.89990105949596,0.6020200446444912
2640,2019-05-05,2019,25,9,San Jose Earthquakes,FC Cincinnati,1375.4622225417954,1473.3244077320837,22.1378148097117,22.1378148097117,0.5318158312158063
2641,2019-05-06,2019,27,0,Sporting Kansas City,Atlanta Utd,1560.4806278134645,1599.606123066643,80.87450474682146,80.87450474682146,0.6143302158568615
2642,2019-05-09,2019,0,29,Atlanta Utd,Toronto FC,1614.9643784630646,1518.329105261396,216.6352732016685,216.6352732016685,0.7767892831346533
2643,2019-05-09,2019,4,17,Chicago Fire,New England Revolution,1424.54165251205,1433.4426890180187,111.0989634940313,111.0989634940313,0.6546488010409596
2644,2019-05-09,2019,7,14,Columbus Crew,Los Angeles Galaxy,1504.0172067936294,1539.3629515643918,84.6542552292376,84.6542552292376,0.6194723123481154
2645,2019-05-09,2019,19,2,New York Red Bulls,CF Montreal,1590.9925264420015,1513.3484724717264,197.64405397027508,197.64405397027508,0.7572627365063714
2646,2019-05-11,2019,9,2,FC Cincinnati,CF Montreal,1461.619803512479,1532.2800408843857,49.33976262809324,49.33976262809324,0.5705321174482103
2647,2019-05-11,2019,10,19,FC Dallas,New York Red Bulls,1541.1542446588364,1572.0609580293421,89.09328662949429,89.09328662949429,0.6254771972060348
2648,2019-05-11,2019,14,18,Los Angeles Galaxy,New York City,1529.8497593730947,1546.2885706724558,103.56118870063892,103.56118870063892,0.6447741058454769
2649,2019-05-11,2019,29,21,Toronto FC,Philadelphia Union,1512.7488373397623,1547.7595102821592,84.98932705760308,84.98932705760308,0.6199268831874948
2650,2019-05-11,2019,30,22,Vancouver Whitecaps,Portland Timbers,1477.8688080107338,1567.1136088539365,30.75519915679729,30.75519915679729,0.5441450443541246
2651,2019-05-12,2019,0,20,Atlanta Utd,Orlando City,1620.5446463846984,1383.261656089478,357.2829902952203,357.2829902952203,0.8866214824673236
2652,2019-05-12,2019,4,15,Chicago Fire,Minnesota United,1433.175432486026,1456.0169830320456,97.15844945398044,97.15844945398044,0.6362880111247158
2653,2019-05-12,2019,6,23,Colorado Rapids,Real Salt Lake,1346.6263067618486,1488.9125076812081,-22.286200919359544,-22.286200919359544,0.4679714944396409
2654,2019-05-12,2019,7,13,Columbus Crew,Los Angeles FC,1513.5303989849265,1576.7165140462203,56.813884938706224,-56.813884938706224,0.5810406962194409
2655,2019-05-12,2019,17,25,New England Revolution,San Jose Earthquakes,1424.8089090440426,1387.1668267614002,157.64208228264238,157.64208228264238,0.7124802772045995
2656,2019-05-12,2019,26,11,Seattle Sounders,Houston Dynamo,1614.5560788464124,1503.5056683767602,231.0504104696522,231.0504104696522,0.7908461060900143
2657,2019-05-13,2019,8,27,DC United,Sporting Kansas City,1539.7336014193609,1545.122372417043,114.61122900231794,114.61122900231794,0.6592054107667686
2658,2019-05-16,2019,11,22,Houston Dynamo,Portland Timbers,1498.2768210290105,1555.7172349627897,62.559586066220845,62.559586066220845,0.5890699485240879
2659,2019-05-16,2019,26,20,Seattle Sounders,Orlando City,1619.7849261941622,1380.4271931511612,359.35773304300096,359.35773304300096,0.8878165242869631
2660,2019-05-16,2019,29,8,Toronto FC,DC United,1497.250665260075,1548.2534661501916,68.99719910988347,68.99719910988347,0.598009889849231
2661,2019-05-16,2019,30,0,Vancouver Whitecaps,Atlanta Utd,1489.2651819018806,1623.3791093230152,-14.113927421134576,14.113927421134576,0.47969959131964796
2662,2019-05-17,2019,13,10,Los Angeles FC,FC Dallas,1591.2425314517063,1525.5173147286855,185.72521672302082,185.72521672302082,0.7444295830395693
2663,2019-05-18,2019,2,17,CF Montreal,New England Revolution,1521.543343820591,1431.9969021139277,209.54644170666324,209.54644170666324,0.7696340981744547
2664,2019-05-18,2019,23,29,Real Salt Lake,Toronto FC,1500.6117950421992,1494.8004180138444,125.81137702835485,125.81137702835485,0.6735374817938202
2665,2019-05-18,2019,25,4,San Jose Earthquakes,Chicago Fire,1379.978833691515,1442.268232207908,57.71060148360698,57.71060148360698,0.58229674546974
2666,2019-05-19,2019,11,8,Houston Dynamo,DC United,1496.0500723159084,1550.7037133964222,65.34635891948619,65.34635891948619,0.5929475452265545
2667,2019-05-19,2019,15,7,Minnesota United,Columbus Crew,1446.9241833101635,1499.0043815794404,67.91980173072307,67.91980173072307,0.5965180643591455
2668,2019-05-19,2019,20,9,Orlando City,FC Cincinnati,1377.6226062583353,1472.3565005762737,25.266105682061607,25.266105682061607,0.5362968867851209
2669,2019-05-19,2019,21,26,Philadelphia Union,Seattle Sounders,1563.2576823618465,1622.589513086988,60.66816927485843,60.66816927485843,0.5864318270517236
2670,2019-05-19,2019,27,30,Sporting Kansas City,Vancouver Whitecaps,1536.6025076862122,1477.2726921188894,179.32981556732284,179.32981556732284,0.7373626015544228
2671,2019-05-20,2019,10,13,FC Dallas,Los Angeles FC,1519.1280543046748,1597.631791875717,41.496262428957834,-41.496262428957834,0.5594355758575705
2672,2019-05-20,2019,14,6,Los Angeles Galaxy,Colorado Rapids,1513.7304067269577,1334.9270194008575,298.80338732610016,298.80338732610016,0.8481353491245319
2673,2019-05-23,2019,19,30,New York Red Bulls,Vancouver Whitecaps,1587.697887959493,1483.20675715775,224.4911308017431,224.4911308017431,0.7845319785686813
2674,2019-05-25,2019,4,18,Chicago Fire,New York City,1431.8256508446516,1562.4079233185928,-10.582272473941202,-10.582272473941202,0.4847755933412746
2675,2019-05-25,2019,13,2,Los Angeles FC,CF Montreal,1599.1176812721562,1514.8024913662296,204.31518990592667,204.31518990592667,0.764251754350669
2676,2019-05-25,2019,20,14,Orlando City,Los Angeles Galaxy,1389.2151840887072,1492.5270229988444,16.688161089862888,16.688161089862888,0.5239977420383364
2677,2019-05-25,2019,23,0,Real Salt Lake,Atlanta Utd,1508.7733579973537,1635.3715991060064,-6.598241108652701,-6.598241108652701,0.49050550916548974
2678,2019-05-26,2019,6,7,Colorado Rapids,Columbus Crew,1356.1304031289708,1488.917333188419,-12.786930059448196,-12.786930059448196,0.4816064324534912
2679,2019-05-26,2019,9,19,FC Cincinnati,New York Red Bulls,1460.7639227459017,1580.584588495276,0.17933425062574315,0.17933425062574315,0.5002580827096763
2680,2019-05-26,2019,15,11,Minnesota United,Houston Dynamo,1457.011231701185,1506.2263836852446,70.78484801594027,70.78484801594027,0.6004811589201228
2681,2019-05-26,2019,17,8,New England Revolution,DC United,1438.7377545682891,1540.527402027086,18.210352541203065,18.210352541203065,0.5261828319549047
2682,2019-05-26,2019,21,22,Philadelphia Union,Portland Timbers,1561.0968866855535,1557.9439836758918,123.15290300966171,123.15290300966171,0.6701636019554023
2683,2019-05-26,2019,27,26,Sporting Kansas City,Seattle Sounders,1530.6684426473516,1624.750308763281,25.918133884070585,25.918133884070585,0.5372301576180813
2684,2019-05-26,2019,30,10,Vancouver Whitecaps,FC Dallas,1490.320056621967,1517.6421649082356,92.67789171373147,92.67789171373147,0.6302983220540017
2685,2019-05-27,2019,29,25,Toronto FC,San Jose Earthquakes,1486.6388550586898,1390.4214150547716,216.21744000391823,216.21744000391823,0.7763719662816617
2686,2019-05-30,2019,0,15,Atlanta Utd,Minnesota United,1622.6342368351436,1466.999202728182,275.6350341069617,275.6350341069617,0.8301488845181603
2687,2019-05-30,2019,2,23,CF Montreal,Real Salt Lake,1508.9087852249963,1521.5107202682166,107.39806495677976,107.39806495677976,0.649816555962983
2688,2019-05-30,2019,8,4,DC United,Chicago Fire,1541.1819728259586,1432.2062610111198,228.97571181483886,228.97571181483886,0.788863782044782
2689,2019-05-30,2019,21,6,Philadelphia Union,Colorado Rapids,1544.3427966366685,1369.0902423176335,295.25255431903497,295.25255431903497,0.8454838343485822
2690,2019-05-30,2019,27,14,Sporting Kansas City,Los Angeles Galaxy,1542.2376887068997,1505.6269665498028,156.61072215709692,156.61072215709692,0.7112625403511508
2691,2019-06-01,2019,0,4,Atlanta Utd,Chicago Fire,1626.8805147221897,1439.4278555622393,307.4526591599504,307.4526591599504,0.8544377443214807
2692,2019-06-01,2019,2,20,CF Montreal,Orlando City,1517.6633713259218,1376.1152405377488,261.548130788173,261.548130788173,0.8184070325361937
2693,2019-06-01,2019,30,29,Vancouver Whitecaps,Toronto FC,1499.562598570617,1467.2295559016484,152.33304266896857,-152.33304266896857,0.7061793060473869
2694,2019-06-02,2019,6,9,Colorado Rapids,FC Cincinnati,1377.727338176348,1448.2574706781597,49.46986749818825,49.46986749818825,0.5707156178747907
2695,2019-06-02,2019,7,18,Columbus Crew,New York City,1475.9574939997563,1562.0273131521246,33.93018084763162,33.93018084763162,0.5486748121942788
2696,2019-06-02,2019,8,25,DC United,San Jose Earthquakes,1533.960378274839,1409.830714211813,244.12966406302598,244.12966406302598,0.8030272592937364
2697,2019-06-02,2019,10,26,FC Dallas,Seattle Sounders,1508.3996229595857,1613.181062703733,15.218560255852708,15.218560255852708,0.5218872724341582
2698,2019-06-02,2019,11,27,Houston Dynamo,Sporting Kansas City,1496.2384126582476,1524.4561251981208,91.78228746012678,91.78228746012678,0.6290961675376316
2699,2019-06-02,2019,15,21,Minnesota United,Philadelphia Union,1462.7529248411358,1535.705700777954,47.04722406318183,47.04722406318183,0.5672955753568314
2700,2019-06-02,2019,19,23,New York Red Bulls,Real Salt Lake,1593.091040563018,1512.756134167291,200.33490639572688,200.33490639572688,0.7600986486085181
2701,2019-06-02,2019,22,13,Portland Timbers,Los Angeles FC,1574.6980737247768,1605.0113874133895,89.68668631138735,-89.68668631138735,0.6262770429260288
2702,2019-06-03,2019,14,17,Los Angeles Galaxy,New England Revolution,1523.4085300585816,1438.0831837694166,205.32534628916505,205.32534628916505,0.7652978253812677
2703,2019-06-06,2019,2,26,CF Montreal,Seattle Sounders,1497.203195512517,1601.228244514587,15.97495099792991,15.97495099792991,0.5229736151085933
2704,2019-06-07,2019,18,9,New York City,FC Cincinnati,1563.2441834569815,1437.5253611250296,245.71882233195197,245.71882233195197,0.8044702183716264
2705,2019-06-08,2019,25,10,San Jose Earthquakes,FC Dallas,1417.4063956941566,1520.3524411487317,17.05395454542486,17.05395454542486,0.5245229217634657
2706,2019-06-08,2019,29,27,Toronto FC,Sporting Kansas City,1472.384038552833,1527.6835293865615,64.70050916627156,64.70050916627156,0.5920499026372347
2707,2019-06-09,2019,6,15,Colorado Rapids,Minnesota United,1388.4594477294781,1448.570535457215,59.88891227226304,59.88891227226304,0.585343476658757
2708,2019-06-09,2019,21,19,Philadelphia Union,New York Red Bulls,1549.8880901618747,1599.088574347805,70.79951581406976,70.79951581406976,0.6005014149154059
2709,2019-06-23,2019,4,23,Chicago Fire,Real Salt Lake,1435.7887991702762,1506.758600382504,49.03019878777218,49.03019878777218,0.570095429520893
2710,2019-06-23,2019,7,27,Columbus Crew,Sporting Kansas City,1474.7406236948993,1529.9847769524924,64.7558467424069,64.7558467424069,0.5921268384324394
2711,2019-06-23,2019,9,14,FC Cincinnati,Los Angeles Galaxy,1432.6371165843202,1504.27608442405,48.36103216027027,-48.36103216027027,0.5691510939796196
2712,2019-06-23,2019,10,29,FC Dallas,Toronto FC,1520.9655141928183,1470.0827909869022,170.88272320591614,170.88272320591614,0.7278378037004835
2713,2019-06-23,2019,22,11,Portland Timbers,Houston Dynamo,1559.041147651626,1493.011008469807,186.0301391818191,186.0301391818191,0.7447633880980246
2714,2019-06-23,2019,30,6,Vancouver Whitecaps,Colorado Rapids,1494.4081159194322,1398.8258608130093,215.58225510642296,215.58225510642296,0.7757365028596511
2715,2019-06-27,2019,2,22,CF Montreal,Portland Timbers,1509.128855134802,1565.4220629491754,63.70679218562668,63.70679218562668,0.5906675739598064
2716,2019-06-27,2019,8,20,DC United,Orlando City,1526.3846967924956,1396.5754163511538,249.8092804413418,249.8092804413418,0.8081475107516757
2717,2019-06-27,2019,10,30,FC Dallas,Vancouver Whitecaps,1527.7695691003062,1487.514703347941,160.25486575236528,160.25486575236528,0.715551460555823
2718,2019-06-27,2019,17,21,New England Revolution,Philadelphia Union,1457.2156294039482,1559.8755547889896,17.340074614958667,17.340074614958667,0.5249336744733043
2719,2019-06-27,2019,25,11,San Jose Earthquakes,Houston Dynamo,1416.79332265007,1486.6300931722576,50.163229477812365,50.163229477812365,0.5716932094022201
2720,2019-06-27,2019,29,0,Toronto FC,Atlanta Utd,1463.2787360794143,1630.5195711141528,-47.24083503473844,-47.24083503473844,0.43243086389839597
2721,2019-06-29,2019,0,2,Atlanta Utd,CF Montreal,1616.3303427116127,1519.3621657858068,216.9681769258059,216.9681769258059,0.777121378019404
2722,2019-06-29,2019,6,13,Colorado Rapids,Los Angeles FC,1405.7192733845006,1620.6683134865402,-94.94904010203959,94.94904010203959,0.3666604188745327
2723,2019-06-29,2019,15,9,Minnesota United,FC Cincinnati,1438.204122373684,1418.4083392348298,139.79578313885418,139.79578313885418,0.6909851963026944
2724,2019-06-29,2019,19,4,New York Red Bulls,Chicago Fire,1589.1011097206901,1434.036413432254,275.06469628843615,275.06469628843615,0.8296854558828541
2725,2019-06-30,2019,7,20,Columbus Crew,Orlando City,1459.9374527340883,1391.7791041199457,188.1583486141426,188.1583486141426,0.7470851924170427
2726,2019-06-30,2019,8,29,DC United,Toronto FC,1531.1810090237036,1477.4679644819544,173.71304454174924,173.71304454174924,0.7310532046121423
2727,2019-06-30,2019,17,11,New England Revolution,Houston Dynamo,1456.5922875421156,1475.922423407313,100.66986413480254,100.66986413480254,0.6409528824060923
2728,2019-06-30,2019,18,21,New York City,Philadelphia Union,1568.132427997691,1560.4988966508222,127.63353134686872,127.63353134686872,0.6758396770835043
2729,2019-06-30,2019,23,27,Real Salt Lake,Sporting Kansas City,1508.5109861205262,1544.7879479133035,83.72303820722277,83.72303820722277,0.6182078906189005
2730,2019-06-30,2019,25,14,San Jose Earthquakes,Los Angeles Galaxy,1427.5009924150145,1518.5048617735404,28.99613064147411,28.99613064147411,0.5416321728711773
2731,2019-06-30,2019,26,30,Seattle Sounders,Vancouver Whitecaps,1589.3025848923019,1492.9034898618365,216.39909503046533,216.39909503046533,0.7765534650470397
2732,2019-07-01,2019,22,10,Portland Timbers,FC Dallas,1555.1887522981706,1522.3807825864105,152.80796971176005,152.80796971176005,0.7067462432572402
2733,2019-07-04,2019,4,0,Chicago Fire,Atlanta Utd,1429.7785498293254,1621.9023082611277,-72.12375843180234,-72.12375843180234,0.3976712514681615
2734,2019-07-04,2019,11,19,Houston Dynamo,New York Red Bulls,1466.9462454674654,1593.3589733236188,-6.412727856153424,-6.412727856153424,0.4907723906109441
2735,2019-07-04,2019,15,25,Minnesota United,San Jose Earthquakes,1445.9294924661167,1438.960188093235,126.96930437288165,126.96930437288165,0.6750014391530292
2736,2019-07-04,2019,18,26,New York City,Seattle Sounders,1576.2364360706033,1594.888748266126,101.34768780447735,101.34768780447735,0.6418503331858347
2737,2019-07-04,2019,20,21,Orlando City,Philadelphia Union,1410.4562339303718,1552.3948885779098,-21.938654647537987,-21.938654647537987,0.4684696331793688
2738,2019-07-04,2019,23,7,Real Salt Lake,Columbus Crew,1518.0557888550538,1441.2603229236622,196.79546593139162,196.79546593139162,0.756363692613612
2739,2019-07-04,2019,27,13,Sporting Kansas City,Los Angeles FC,1535.2431451787759,1604.8348239584036,50.40832122037227,-50.40832122037227,0.5720386380657213
2740,2019-07-05,2019,6,17,Colorado Rapids,New England Revolution,1421.5527629126373,1465.5684654819634,75.9842974306739,75.9842974306739,0.6076395138197591
2741,2019-07-05,2019,10,8,FC Dallas,DC United,1515.0494386678415,1525.4046789084,109.64475975944151,109.64475975944151,0.6527537960856824
2742,2019-07-05,2019,14,29,Los Angeles Galaxy,Toronto FC,1507.0456660953198,1483.244294597258,143.80137149806183,143.80137149806183,0.6958868493085295
2743,2019-07-07,2019,0,19,Atlanta Utd,New York Red Bulls,1606.8440895478318,1580.6282830888924,146.21580645893937,146.21580645893937,0.6988201547163314
2744,2019-07-07,2019,2,15,CF Montreal,Minnesota United,1513.7902002362919,1454.054456487291,179.7357437490009,179.7357437490009,0.737814875494171
2745,2019-07-07,2019,7,26,Columbus Crew,Seattle Sounders,1435.1694152390025,1585.935006595772,-30.76559135676939,-30.76559135676939,0.45584011668792596
2746,2019-07-07,2019,9,11,FC Cincinnati,Houston Dynamo,1410.682969142397,1479.6769357021917,51.00603344020533,-51.00603344020533,0.5728807497556763
2747,2019-07-07,2019,13,30,Los Angeles FC,Vancouver Whitecaps,1619.1357899100467,1487.3173264880124,251.81846342203426,251.81846342203426,0.8099343413542779
2748,2019-07-07,2019,18,22,New York City,Portland Timbers,1585.1901777409573,1562.5200962167396,142.67008152421772,142.67008152421772,0.6945069217293898
2749,2019-07-07,2019,21,20,Philadelphia Union,Orlando City,1564.106629407394,1398.7444931008877,285.3621363065063,285.3621363065063,0.8378988006786218
2750,2019-07-07,2019,25,23,San Jose Earthquakes,Real Salt Lake,1430.8352240720608,1524.1466965397135,26.68852753234728,26.68852753234728,0.5383325124590583
2751,2019-07-07,2019,27,4,Sporting Kansas City,Chicago Fire,1520.9421792271328,1444.8367685426213,196.10541068451153,196.10541068451153,0.7556309454292689
2752,2019-07-13,2019,8,17,DC United,New England Revolution,1516.723523810542,1480.7594533274573,155.9640704830847,155.9640704830847,0.7104974718233993
2753,2019-07-13,2019,11,13,Houston Dynamo,Los Angeles FC,1468.9989544460836,1623.8874313761899,-34.88847693010621,-34.88847693010621,0.4499595286906422
2754,2019-07-13,2019,14,25,Los Angeles Galaxy,San Jose Earthquakes,1514.6484948626066,1442.3769112605844,192.27158360202225,192.27158360202225,0.7515328366203095
2755,2019-07-14,2019,2,29,CF Montreal,Toronto FC,1495.3448283489377,1475.6414658299711,139.70336251896651,-139.70336251896651,0.6908715862601906
2756,2019-07-14,2019,4,9,Chicago Fire,FC Cincinnati,1438.727542178353,1421.360950398505,137.3665917798478,137.3665917798478,0.687991417161176
2757,2019-07-14,2019,15,10,Minnesota United,FC Dallas,1472.4998283746452,1523.7305937656995,68.76923460894568,68.76923460894568,0.5976943876043784
2758,2019-07-14,2019,19,18,New York Red Bulls,New York City,1585.5987869568007,1567.8275046977226,137.77128225907813,137.77128225907813,0.6884912650882465
2759,2019-07-14,2019,20,7,Orlando City,Columbus Crew,1407.1919631178532,1423.7734123218045,103.41855079604875,103.41855079604875,0.6445860207179287
2760,2019-07-14,2019,22,6,Portland Timbers,Colorado Rapids,1579.8827692599743,1406.3617750671433,293.52099419283104,293.52099419283104,0.8441771609715444
2761,2019-07-14,2019,23,21,Real Salt Lake,Philadelphia Union,1512.60500935119,1555.6591593904284,76.9458499607615,76.9458499607615,0.6089583783856838
2762,2019-07-14,2019,26,0,Seattle Sounders,Atlanta Utd,1597.33100951297,1601.8735856799235,115.4574238330465,115.4574238330465,0.6602988684867248
2763,2019-07-14,2019,30,27,Vancouver Whitecaps,Sporting Kansas City,1482.5656850218693,1527.0514055914011,75.51427943046815,-75.51427943046815,0.6069942642940365
2764,2019-07-18,2019,0,11,Atlanta Utd,Houston Dynamo,1593.3810573920916,1457.7499662288176,255.63109116327405,255.63109116327405,0.8132899561173308
2765,2019-07-18,2019,4,7,Chicago Fire,Columbus Crew,1421.5277567493235,1414.8880628397526,126.63969390957095,126.63969390957095,0.6745850619696211
2766,2019-07-18,2019,17,30,New England Revolution,Vancouver Whitecaps,1486.0218901230423,1467.3908284145184,138.63106170852393,138.63106170852393,0.6895517526335427
2767,2019-07-18,2019,29,19,Toronto FC,New York Red Bulls,1492.913255486476,1593.3865053295945,19.526750156881462,19.526750156881462,0.5280717017170925
2768,2019-07-19,2019,9,8,FC Cincinnati,DC United,1438.5607358275345,1511.461087014957,47.09964881257747,47.09964881257747,0.5673696524564412
2769,2019-07-19,2019,22,20,Portland Timbers,Orlando City,1571.2783402356856,1416.077312599905,275.2010276357805,275.2010276357805,0.8297963233852133
2770,2019-07-20,2019,14,13,Los Angeles Galaxy,Los Angeles FC,1495.860173947099,1635.136419593456,-19.276245646356983,19.276245646356983,0.47228768139709565
2771,2019-07-21,2019,0,8,Atlanta Utd,DC United,1598.0488084891583,1525.6453283263681,192.40348016279017,192.40348016279017,0.7516745866562949
2772,2019-07-21,2019,6,18,Colorado Rapids,New York City,1414.966204091432,1560.0397863249289,-25.073582233496836,25.073582233496836,0.46397872770297144
2773,2019-07-21,2019,7,2,Columbus Crew,CF Montreal,1419.252689388993,1478.0730386924329,61.1796506965602,61.1796506965602,0.5871457303402444
2774,2019-07-21,2019,9,17,FC Cincinnati,New England Revolution,1424.3764945161233,1493.7830963072038,50.59339820891955,-50.59339820891955,0.5722994363170499
2775,2019-07-21,2019,21,4,Philadelphia Union,Chicago Fire,1545.8831188500706,1417.163130200083,248.7199886499875,248.7199886499875,0.8071734264401796
2776,2019-07-21,2019,23,15,Real Salt Lake,Minnesota United,1522.3810498915477,1482.5574686845357,159.823581207012,159.823581207012,0.7150458729452608
2777,2019-07-21,2019,27,10,Sporting Kansas City,FC Dallas,1542.226262198752,1513.672953455809,148.55330874294305,148.55330874294305,0.7016445939072141
2778,2019-07-21,2019,29,11,Toronto FC,Houston Dynamo,1504.7114629435487,1453.082215131751,171.62924781179777,171.62924781179777,0.7286882297569824
2779,2019-07-21,2019,30,25,Vancouver Whitecaps,San Jose Earthquakes,1459.629622230357,1461.165232176092,118.46439005426487,-118.46439005426487,0.6641706212369102
2780,2019-07-22,2019,20,19,Orlando City,New York Red Bulls,1424.3222206845355,1581.5882978725217,-37.266077187986184,-37.266077187986184,0.4465745298692411
2781,2019-07-22,2019,26,22,Seattle Sounders,Portland Timbers,1605.823537800802,1563.0334321510552,162.7901056497467,162.7901056497467,0.7185125233170973
2782,2019-07-27,2019,13,0,Los Angeles FC,Atlanta Utd,1621.9436116283832,1604.256943822751,137.68666780563217,137.68666780563217,0.6883867909540673
2783,2019-07-27,2019,18,27,New York City,Sporting Kansas City,1571.639254517503,1524.6851473510717,166.9541071664314,166.9541071664314,0.7233350043898018
2784,2019-07-28,2019,2,21,CF Montreal,Philadelphia Union,1467.751681950939,1550.7037831890661,37.04789876187283,37.04789876187283,0.5531150501419874
2785,2019-07-28,2019,4,8,Chicago Fire,DC United,1412.3424658610875,1519.4371929927754,12.905272868312068,12.905272868312068,0.5185636439230144
2786,2019-07-28,2019,10,23,FC Dallas,Real Salt Lake,1531.2140683034893,1517.0049030679163,134.20916523557298,134.20916523557298,0.684076586496837
2787,2019-07-28,2019,11,26,Houston Dynamo,Seattle Sounders,1471.2994208756754,1587.8607247178745,3.438696157800905,3.438696157800905,0.5049485199891963
2788,2019-07-28,2019,15,30,Minnesota United,Vancouver Whitecaps,1487.9336155081671,1443.0253566994343,164.90825880873285,164.90825880873285,0.72097201604157
2789,2019-07-28,2019,17,20,New England Revolution,Orlando City,1508.09058221513,1413.1578574378045,214.93272477732557,214.93272477732557,0.7750853612888401
2790,2019-07-28,2019,19,7,New York Red Bulls,Columbus Crew,1592.7526611192527,1429.574046130487,283.17861498876573,283.17861498876573,0.8361843158770347
2791,2019-07-28,2019,22,14,Portland Timbers,Los Angeles Galaxy,1580.9962452339826,1509.0529819121716,191.94326332181095,191.94326332181095,0.7511797536690381
2792,2019-07-28,2019,25,6,San Jose Earthquakes,Colorado Rapids,1477.7694977070148,1403.3667358988578,194.40276180815704,194.40276180815704,0.7538165884409938
2793,2019-07-28,2019,29,9,Toronto FC,FC Cincinnati,1486.4942571996241,1410.069008608197,196.42524859142713,196.42524859142713,0.7559707561687058
2794,2019-08-03,2019,0,14,Atlanta Utd,Los Angeles Galaxy,1596.4666135966027,1502.8324757538976,213.63413784270506,213.63413784270506,0.7737795334221765
2795,2019-08-03,2019,19,29,New York Red Bulls,Toronto FC,1571.8480532223268,1492.5949882954064,199.2530649269204,199.2530649269204,0.7589612188013318
2796,2019-08-04,2019,6,2,Colorado Rapids,CF Montreal,1397.2121506098827,1478.9238056973893,38.28834491249336,38.28834491249336,0.5548793739244446
2797,2019-08-04,2019,9,30,FC Cincinnati,Vancouver Whitecaps,1403.9682775124147,1448.5496571004735,75.41862041194122,75.41862041194122,0.6068628959664042
2798,2019-08-04,2019,11,4,Houston Dynamo,Chicago Fire,1458.6757078759456,1411.878374763012,166.79733311293353,166.79733311293353,0.7231543655671568
2799,2019-08-04,2019,15,22,Minnesota United,Portland Timbers,1482.409315107128,1587.2167513922566,15.192563714871312,15.192563714871312,0.5218499319714249
2800,2019-08-04,2019,17,13,New England Revolution,Los Angeles FC,1513.7134481829091,1629.7339418545316,3.9795063283775107,-3.9795063283775107,0.505726719535763
2801,2019-08-04,2019,20,10,Orlando City,FC Dallas,1407.5349914700255,1526.6121536410683,0.9228378289571992,0.9228378289571992,0.5013280672694227
2802,2019-08-04,2019,23,18,Real Salt Lake,New York City,1521.6068177303373,1578.555879407758,63.05093832257921,63.05093832257921,0.5897544489692107
2803,2019-08-04,2019,25,7,San Jose Earthquakes,Columbus Crew,1483.92408299599,1450.4786540274129,153.44542896857706,153.44542896857706,0.7075061938877834
2804,2019-08-05,2019,8,21,DC United,Philadelphia Union,1519.9012840908508,1539.5316594426158,100.369624648235,100.369624648235,0.6405550439512971
2805,2019-08-05,2019,26,27,Seattle Sounders,Sporting Kansas City,1600.4844377176044,1517.7685224608167,202.71591525678764,202.71591525678764,0.7625890370923428
2806,2019-08-09,2019,18,11,New York City,Houston Dynamo,1568.2997406319882,1440.5968487367666,247.70289189522168,247.70289189522168,0.80626050747582
2807,2019-08-10,2019,26,17,Seattle Sounders,New England Revolution,1581.4197117902959,1501.0702801945151,200.34943159578074,200.34943159578074,0.760113895139115
2808,2019-08-11,2019,0,18,Atlanta Utd,New York City,1602.1221252610483,1573.1432279450928,148.97889731595546,148.97889731595546,0.7021571979685248
2809,2019-08-11,2019,4,2,Chicago Fire,CF Montreal,1429.957233902191,1467.7957900455003,82.16144385669077,82.16144385669077,0.6160839409619341
2810,2019-08-11,2019,6,25,Colorado Rapids,San Jose Earthquakes,1408.3401662617716,1478.7364281487953,49.603738112976316,-49.603738112976316,0.570904409234132
2811,2019-08-11,2019,7,9,Columbus Crew,FC Cincinnati,1455.6663088746075,1388.7967051132546,186.8696037613529,186.8696037613529,0.7456808861429133
2812,2019-08-11,2019,10,15,FC Dallas,Minnesota United,1514.1453553228039,1494.3630668078422,139.7822885149617,139.7822885149617,0.6909686091839513
2813,2019-08-11,2019,21,11,Philadelphia Union,Houston Dynamo,1555.5455355413983,1435.753361423662,239.7921741177363,239.7921741177363,0.7990479628062758
2814,2019-08-11,2019,22,30,Portland Timbers,Vancouver Whitecaps,1575.2629996915423,1463.7212294996336,231.54177019190865,231.54177019190865,0.7913135782678902
2815,2019-08-11,2019,27,23,Sporting Kansas City,Real Salt Lake,1536.8332483881252,1531.8629565061071,124.97029188201805,124.97029188201805,0.672471978099999
2816,2019-08-11,2019,29,20,Toronto FC,Orlando City,1486.5690187654398,1420.00178978829,186.56722897714985,186.56722897714985,0.7453506543132145
2817,2019-08-12,2019,8,14,DC United,Los Angeles Galaxy,1503.8874079920683,1497.176964089452,126.71044390261636,-126.71044390261636,0.6746744594789673
2818,2019-08-12,2019,13,19,Los Angeles FC,New York Red Bulls,1642.3771098429256,1577.8740227522935,184.5030870906321,184.5030870906321,0.743088817507643
2819,2019-08-15,2019,14,10,Los Angeles Galaxy,FC Dallas,1489.0438255764261,1521.871140093205,87.17268548322113,87.17268548322113,0.6228837280048075
2820,2019-08-15,2019,15,6,Minnesota United,Colorado Rapids,1486.637282037441,1419.0675560309182,187.56972600652284,187.56972600652284,0.746444425091852
2821,2019-08-15,2019,20,27,Orlando City,Sporting Kansas City,1426.1355561461203,1520.0214489356251,26.11410721049515,26.11410721049515,0.5375106104365933
2822,2019-08-15,2019,22,4,Portland Timbers,Chicago Fire,1580.480160234845,1439.5551353781427,260.9250248567023,260.9250248567023,0.817873351486848
2823,2019-08-15,2019,23,26,Real Salt Lake,Seattle Sounders,1548.6747559586072,1574.916864411818,93.7578915467891,93.7578915467891,0.6317458398033
2824,2019-08-18,2019,2,10,CF Montreal,FC Dallas,1458.1978885695487,1512.4432332933252,65.7546552762235,65.7546552762235,0.5935147015659515
2825,2019-08-18,2019,4,21,Chicago Fire,Philadelphia Union,1435.001969165314,1560.5693364712415,-5.567367305927519,-5.567367305927519,0.4919886000911732
2826,2019-08-18,2019,7,29,Columbus Crew,Toronto FC,1449.5242867210347,1480.4352524076094,89.08903431342537,89.08903431342537,0.625471463012918
2827,2019-08-18,2019,9,18,FC Cincinnati,New York City,1394.9387272668273,1565.697157894306,-50.758430627478674,50.758430627478674,0.4274680447927277
2828,2019-08-18,2019,11,6,Houston Dynamo,Colorado Rapids,1430.7295604938188,1412.7286666582145,138.0008938356043,138.0008938356043,0.6887746716442276
2829,2019-08-18,2019,14,26,Los Angeles Galaxy,Seattle Sounders,1498.471732376306,1565.7105104069005,52.76122196940537,52.76122196940537,0.5753511622274041
2830,2019-08-18,2019,15,20,Minnesota United,Orlando City,1492.9761714101448,1437.6977908852054,175.2783805249394,175.2783805249394,0.7328211646448634
2831,2019-08-18,2019,19,17,New York Red Bulls,New England Revolution,1571.4512431899846,1507.573127572993,183.87811561699164,183.87811561699164,0.7424014023055219
2832,2019-08-18,2019,23,13,Real Salt Lake,Los Angeles FC,1557.8811099635248,1648.7998894052346,29.08122055829017,-29.08122055829017,0.5417537756535343
2833,2019-08-18,2019,27,25,Sporting Kansas City,San Jose Earthquakes,1508.45921419654,1468.0090383796487,160.45017581689126,160.45017581689126,0.7157802413799632
2834,2019-08-18,2019,30,8,Vancouver Whitecaps,DC United,1458.504068956331,1512.0205465050942,66.4835224512367,66.4835224512367,0.5945265358960152
2835,2019-08-19,2019,22,0,Portland Timbers,Atlanta Utd,1585.0333264476737,1609.568195311835,95.46513113583865,95.46513113583865,0.6340292019199077
2836,2019-08-22,2019,8,19,DC United,New York Red Bulls,1501.8837099024945,1565.3912081323465,56.49250177014801,-56.49250177014801,0.580590271506865
2837,2019-08-22,2019,13,25,Los Angeles FC,San Jose Earthquakes,1662.343733796573,1460.9035444141477,321.44018938242516,321.44018938242516,0.8641691860869105
2838,2019-08-22,2019,18,7,New York City,Columbus Crew,1576.3838590141243,1446.3875001457118,249.99635886841247,249.99635886841247,0.8083144249756793
2839,2019-08-23,2019,27,15,Sporting Kansas City,Minnesota United,1515.564708162041,1487.1556422940232,148.4090658680177,148.4090658680177,0.7014707442424126
2840,2019-08-24,2019,20,0,Orlando City,Atlanta Utd,1443.518320001327,1625.4189253598329,-61.9006053585058,61.9006053585058,0.411848615453902
2841,2019-08-24,2019,22,26,Portland Timbers,Seattle Sounders,1569.182596399676,1567.5942894625857,121.58830693709024,121.58830693709024,0.6681697150899576
2842,2019-08-25,2019,9,7,FC Cincinnati,Columbus Crew,1384.252026147009,1441.5953607701038,62.656665376905266,-62.656665376905266,0.5892052166657631
2843,2019-08-25,2019,17,4,New England Revolution,Chicago Fire,1513.633162630631,1447.7022541630347,185.93090846759628,185.93090846759628,0.7446547896004049
2844,2019-08-25,2019,18,19,New York City,New York Red Bulls,1581.1759983897323,1579.905964920018,121.27003346971424,121.27003346971424,0.6677633722149253
2845,2019-08-25,2019,21,8,Philadelphia Union,DC United,1547.8690514735208,1487.368953114823,180.50009835869787,180.50009835869787,0.7386651343060817
2846,2019-08-25,2019,23,6,Real Salt Lake,Colorado Rapids,1544.3372655721864,1417.44803344932,246.88923212286636,246.88923212286636,0.8055278268302846
2847,2019-08-25,2019,25,30,San Jose Earthquakes,Vancouver Whitecaps,1457.5077740663205,1468.6409055589306,108.86686850738988,108.86686850738988,0.651738113660141
2848,2019-08-25,2019,29,2,Toronto FC,CF Montreal,1483.5720389829323,1455.8600210303998,147.7120179525325,147.7120179525325,0.7006298034165422
2849,2019-08-26,2019,10,11,FC Dallas,Houston Dynamo,1514.781100832474,1426.0101937027132,208.77090712976087,208.77090712976087,0.7688416301844134
2850,2019-08-26,2019,13,14,Los Angeles FC,Los Angeles Galaxy,1665.7395041444001,1496.5879533206207,289.1515508237794,289.1515508237794,0.8408398286659248
2851,2019-08-29,2019,2,30,CF Montreal,Vancouver Whitecaps,1448.3757661158133,1459.9343584004341,108.44140771537923,108.44140771537923,0.6511820103012158
2852,2019-09-01,2019,2,8,CF Montreal,DC United,1457.096215858283,1480.835581472475,96.26063438580786,96.26063438580786,0.6350911080339938
2853,2019-09-01,2019,7,4,Columbus Crew,Chicago Fire,1456.3254911867477,1441.318623903045,135.00686728370283,135.00686728370283,0.6850681379171503
2854,2019-09-01,2019,10,9,FC Dallas,FC Cincinnati,1520.5600600778637,1369.521895730365,271.03816434749865,271.03816434749865,0.8263850759755618
2855,2019-09-01,2019,17,29,New England Revolution,Toronto FC,1520.0167928906208,1491.0562938975188,148.96049899310196,148.96049899310196,0.7021350484294941
2856,2019-09-01,2019,19,6,New York Red Bulls,Colorado Rapids,1571.600049225391,1412.5862291200772,279.0138201053139,279.0138201053139,0.8328737642054302
2857,2019-09-01,2019,21,0,Philadelphia Union,Atlanta Utd,1554.4024231158687,1635.7151407461804,38.68728236968832,38.68728236968832,0.5554465029724605
2858,2019-09-01,2019,22,23,Portland Timbers,Real Salt Lake,1552.478353522427,1549.1990699014293,123.2792836209976,123.2792836209976,0.6703243929737353
2859,2019-09-01,2019,25,20,San Jose Earthquakes,Orlando City,1466.214321224817,1433.2221046149796,152.99221660983744,152.99221660983744,0.7069660129060605
2860,2019-09-01,2019,26,14,Seattle Sounders,Los Angeles Galaxy,1584.2985323398348,1505.1089490372688,199.189583302566,199.189583302566,0.758894361116872
2861,2019-09-01,2019,27,11,Sporting Kansas City,Houston Dynamo,1523.0279395559805,1420.2312344573236,222.79670509865696,222.79670509865696,0.782878588894133
2862,2019-09-01,2019,30,18,Vancouver Whitecaps,New York City,1451.2139086579646,1589.4819140843592,-18.268005426394666,18.268005426394666,0.47373442710854474
2863,2019-09-02,2019,13,15,Los Angeles FC,Minnesota United,1657.218508427752,1479.6924109000836,297.5260975276685,297.5260975276685,0.8471858859187561
2864,2019-09-07,2019,18,17,New York City,New England Revolution,1601.325274762073,1514.9634166798835,206.36185808218943,206.36185808218943,0.7663678390713036
2865,2019-09-08,2019,6,26,Colorado Rapids,Seattle Sounders,1433.408073225213,1590.326173311913,-36.91810008669995,-36.91810008669995,0.447069644534314
2866,2019-09-08,2019,9,29,FC Cincinnati,Toronto FC,1365.181522629754,1496.109670108256,-10.92814747850207,10.92814747850207,0.4842783159184957
2867,2019-09-08,2019,20,13,Orlando City,Los Angeles FC,1425.896254937631,1636.0388612797833,-90.14260634215225,90.14260634215225,0.37310888904949174
2868,2019-09-08,2019,22,27,Portland Timbers,Sporting Kansas City,1560.7202436980836,1528.4559748336271,152.26426886445643,152.26426886445643,0.706097155292366
2869,2019-09-12,2019,6,14,Colorado Rapids,Los Angeles Galaxy,1447.2313321118552,1499.0813080651906,68.15002404666461,68.15002404666461,0.5968369942320731
2870,2019-09-12,2019,11,15,Houston Dynamo,Minnesota United,1414.803199179677,1500.8720580480524,33.9311411316246,33.9311411316246,0.5486761810569024
2871,2019-09-12,2019,18,29,New York City,Toronto FC,1607.1660787852904,1508.2166280062186,218.94945077907187,218.94945077907187,0.7790905439545043
2872,2019-09-12,2019,23,25,Real Salt Lake,San Jose Earthquakes,1540.9571797257727,1473.5401709021655,187.41700882360715,-187.41700882360715,0.7462780040190746
2873,2019-09-14,2019,4,10,Chicago Fire,FC Dallas,1445.9453273509737,1524.9004331784747,41.04489417249897,41.04489417249897,0.5587950848377716
2874,2019-09-14,2019,18,25,New York City,San Jose Earthquakes,1600.1888151864277,1467.1971210026425,252.99169418378528,252.99169418378528,0.810971828797002
2875,2019-09-15,2019,0,7,Atlanta Utd,Columbus Crew,1624.601303320492,1451.698787738819,292.902515581673,292.902515581673,0.8437082643259032
2876,2019-09-15,2019,2,9,CF Montreal,FC Cincinnati,1441.218938157433,1353.0745647317915,208.14437342564156,208.14437342564156,0.7682000255697858
2877,2019-09-15,2019,15,23,Minnesota United,Real Salt Lake,1489.5889625744749,1547.3002296252957,62.28873294917912,62.28873294917912,0.5886924767051076
2878,2019-09-15,2019,20,17,Orlando City,New England Revolution,1429.0685327113938,1509.122612656666,39.94592005472782,39.94592005472782,0.5572348276286198
2879,2019-09-15,2019,21,13,Philadelphia Union,Los Angeles FC,1565.5162605415571,1632.8665835060206,52.64967703553657,-52.64967703553657,0.5751942743163645
2880,2019-09-15,2019,22,8,Portland Timbers,DC United,1568.0678148157745,1496.712859173325,191.35495564244957,191.35495564244957,0.7505462356474408
2881,2019-09-15,2019,26,19,Seattle Sounders,New York Red Bulls,1576.5029144252708,1550.7782051202553,145.7247093050155,145.7247093050155,0.6982248239574801
2882,2019-09-15,2019,29,6,Toronto FC,Colorado Rapids,1515.1938916050813,1457.3104072560534,177.88348434902787,177.88348434902787,0.7357470614995827
2883,2019-09-15,2019,30,11,Vancouver Whitecaps,Houston Dynamo,1439.3705479802509,1426.0862946532545,133.28425332699635,-133.28425332699635,0.6829248120834552
2884,2019-09-16,2019,14,27,Los Angeles Galaxy,Sporting Kansas City,1489.0022329209924,1521.1084037159362,87.89382920505614,87.89382920505614,0.6238583532871038
2885,2019-09-19,2019,9,0,FC Cincinnati,Atlanta Utd,1372.2795653710361,1603.5085967123443,-111.2290313413082,111.2290313413082,0.3451819427185147
2886,2019-09-19,2019,22,19,Portland Timbers,New York Red Bulls,1549.3041589245884,1543.2338257191923,126.07033320539608,126.07033320539608,0.6738651729005185
2887,2019-09-19,2019,26,10,Seattle Sounders,FC Dallas,1584.0472938263338,1513.870310299419,190.17698352691468,190.17698352691468,0.7492745053371623
2888,2019-09-21,2019,0,25,Atlanta Utd,San Jose Earthquakes,1612.1381452803073,1462.4714167225675,269.6667285577398,269.6667285577398,0.8252494928784639
2889,2019-09-21,2019,30,7,Vancouver Whitecaps,Columbus Crew,1447.2974276781645,1472.7914943469666,94.50593333119787,-94.50593333119787,0.6327470485339886
2890,2019-09-22,2019,9,4,FC Cincinnati,Chicago Fire,1363.6500168030732,1456.9754502300293,26.674566573043876,-26.674566573043876,0.538312539049989
2891,2019-09-22,2019,10,18,FC Dallas,New York City,1520.1021729328481,1604.9145194665027,35.18765346634541,35.18765346634541,0.5504666716503158
2892,2019-09-22,2019,11,20,Houston Dynamo,Orlando City,1418.159414955341,1427.6376620206784,110.52175293466257,110.52175293466257,0.653897209074236
2893,2019-09-22,2019,13,29,Los Angeles FC,Toronto FC,1634.7464403639297,1521.8002150675918,232.94622529633784,232.94622529633784,0.7926455112371351
2894,2019-09-22,2019,14,2,Los Angeles Galaxy,CF Montreal,1498.4057740888147,1422.0139375181884,196.3918365706263,196.3918365706263,0.7559352726491126
2895,2019-09-22,2019,17,23,New England Revolution,Real Salt Lake,1510.5534833473814,1537.0175415429235,93.53594180445793,93.53594180445793,0.6314485544968043
2896,2019-09-22,2019,19,21,New York Red Bulls,Philadelphia Union,1560.0804550417051,1563.636403683648,116.4440513580571,116.4440513580571,0.6615716389742379
2897,2019-09-22,2019,22,15,Portland Timbers,Minnesota United,1532.4575296020755,1499.8716506568471,152.5858789452284,152.5858789452284,0.7064812053213997
2898,2019-09-22,2019,27,6,Sporting Kansas City,Colorado Rapids,1511.7048625481139,1450.7040837935428,181.000778754571,181.000778754571,0.7392211183193643
2899,2019-09-23,2019,8,26,DC United,Seattle Sounders,1515.476515064511,1577.8154311929047,57.66108387160625,57.66108387160625,0.5822274128202343
2900,2019-09-26,2019,13,11,Los Angeles FC,Houston Dynamo,1627.4303025830013,1426.811984728485,320.61831785451636,320.61831785451636,0.8636128915474978
2901,2019-09-26,2019,15,27,Minnesota United,Sporting Kansas City,1505.033680789882,1493.2243345901297,131.80934619975233,131.80934619975233,0.6810834977824771
2902,2019-09-26,2019,18,0,New York City,Atlanta Utd,1606.1761862577607,1616.5069079583457,109.66927829941505,109.66927829941505,0.652785787088325
2903,2019-09-26,2019,22,17,Portland Timbers,New England Revolution,1527.2954994690406,1507.2672694849614,140.0282299840792,140.0282299840792,0.6912708345415585
2904,2019-09-26,2019,23,14,Real Salt Lake,Los Angeles Galaxy,1540.3037554053435,1504.507392272587,155.7963631327566,155.7963631327566,0.7102988573365491
2905,2019-09-26,2019,25,21,San Jose Earthquakes,Philadelphia Union,1458.1026540445291,1555.175694658004,22.92695938652514,22.92695938652514,0.5329467378426682
2906,2019-09-29,2019,2,0,CF Montreal,Atlanta Utd,1415.9123193344162,1607.8265526355538,-71.91423330113753,-71.91423330113753,0.3979601884669401
2907,2019-09-29,2019,4,29,Chicago Fire,Toronto FC,1457.933263706279,1529.1163528485201,48.816910857758785,48.816910857758785,0.56979449021038
2908,2019-09-29,2019,7,21,Columbus Crew,Philadelphia Union,1476.1101705603164,1568.4993631040707,27.610807456245766,27.610807456245766,0.5396517073445186
2909,2019-09-29,2019,9,20,FC Cincinnati,Orlando City,1362.6922033268236,1418.9850922475343,63.707111079289234,-63.707111079289234,0.590668017794036
2910,2019-09-29,2019,17,18,New England Revolution,New York City,1512.0490403485003,1614.8565415805526,17.192498767947654,17.192498767947654,0.5247218194160488
2911,2019-09-29,2019,19,8,New York Red Bulls,DC United,1568.5411640673492,1525.9208297440052,162.62033432334397,162.62033432334397,0.7183148235410329
2912,2019-09-30,2019,6,10,Colorado Rapids,FC Dallas,1469.184611751527,1518.8405061415901,70.34410560993683,70.34410560993683,0.5998723406414949
2913,2019-09-30,2019,14,30,Los Angeles Galaxy,Vancouver Whitecaps,1522.2648637060006,1443.9787514648146,198.28611224118595,198.28611224118595,0.757941471027608
2914,2019-09-30,2019,15,13,Minnesota United,Los Angeles FC,1513.0065933453202,1630.8399802943138,2.1666130510063795,-2.1666130510063795,0.5031179664040433
2915,2019-09-30,2019,23,11,Real Salt Lake,Houston Dynamo,1522.5462839719298,1423.4023070171725,219.14397695475736,219.14397695475736,0.7792832078049179
2916,2019-09-30,2019,25,26,San Jose Earthquakes,Seattle Sounders,1444.7789855984624,1567.3711165134105,-2.5921309149480294,-2.5921309149480294,0.49626969296048423
2917,2019-09-30,2019,27,22,Sporting Kansas City,Portland Timbers,1485.2514220346916,1522.5137286055017,82.7376934291899,82.7376934291899,0.616868227718721
2918,2019-10-06,2019,0,17,Atlanta Utd,New England Revolution,1605.2755573472273,1523.9309948630992,201.34456248412812,201.34456248412812,0.7611568652093071
2919,2019-10-06,2019,2,19,CF Montreal,New York Red Bulls,1418.4633146227427,1563.0832934788234,-24.619978856080706,24.619978856080706,0.46462818810255396
2920,2019-10-06,2019,8,9,DC United,FC Cincinnati,1531.378700332531,1360.4255028819728,290.95319745055826,290.95319745055826,0.8422228746787203
2921,2019-10-06,2019,10,27,FC Dallas,Sporting Kansas City,1508.8373146576275,1482.3297163417235,146.50759831590403,146.50759831590403,0.6991735616614685
2922,2019-10-06,2019,11,14,Houston Dynamo,Los Angeles Galaxy,1417.8843872122955,1503.3163269303104,34.56806028198503,34.56806028198503,0.5495839313116815
2923,2019-10-06,2019,13,6,Los Angeles FC,Colorado Rapids,1630.917929454415,1479.1878032354896,271.7301262189253,271.7301262189253,0.8269558215599009
2924,2019-10-06,2019,20,4,Orlando City,Chicago Fire,1421.2517926923852,1456.1884014510194,85.06339124136571,-85.06339124136571,0.6200273330505355
2925,2019-10-06,2019,21,18,Philadelphia Union,New York City,1556.9906557876836,1602.9745870659538,74.01606872172988,74.01606872172988,0.6049350084325698
2926,2019-10-06,2019,22,25,Portland Timbers,San Jose Earthquakes,1525.4354342984698,1432.3722432744503,213.0631910240195,213.0631910240195,0.7732037077072585
2927,2019-10-06,2019,26,15,Seattle Sounders,Minnesota United,1579.7778588374226,1512.9286441852191,186.8492146522035,186.8492146522035,0.7456586275101839
2928,2019-10-06,2019,29,7,Toronto FC,Columbus Crew,1530.8612151037796,1487.6188778767034,163.24233722707618,163.24233722707618,0.7190387377804431
2929,2019-10-06,2019,30,23,Vancouver Whitecaps,Real Salt Lake,1462.9272882405048,1528.0642037768068,54.86308446369799,-54.86308446369799,0.5783045595391585
2930,2019-10-19,2019,0,17,Atlanta Utd,New England Revolution,1611.2466357169947,1517.9599164933318,213.28671922366289,213.28671922366289,0.7734292693199243
2931,2019-10-19,2019,26,10,Seattle Sounders,FC Dallas,1586.136393149668,1516.357975616091,189.7784175335771,189.7784175335771,0.7488432408950105
2932,2019-10-19,2019,29,8,Toronto FC,DC United,1537.8852466592684,1522.823128465563,135.06211819370537,135.06211819370537,0.6851367530545215
2933,2019-10-20,2019,21,19,Philadelphia Union,New York Red Bulls,1541.8672805768695,1549.6989981813872,112.16828239548227,112.16828239548227,0.6560391303891269
2934,2019-10-20,2019,23,22,Real Salt Lake,Portland Timbers,1542.5218177652857,1531.1053416057882,131.4164761594975,131.4164761594975,0.6805920700449034
2935,2019-10-21,2019,15,14,Minnesota United,Los Angeles Galaxy,1506.5701098729737,1492.0559252131025,134.51418465987126,134.51418465987126,0.6844559270540341
2936,2019-10-24,2019,18,29,New York City,Toronto FC,1618.097962276768,1533.2568278329054,204.84113444386253,204.84113444386253,0.7647968000453562
2937,2019-10-24,2019,26,23,Seattle Sounders,Real Salt Lake,1579.9153121272927,1550.5070160141631,149.4082961131296,149.4082961131296,0.7026738769564395
2938,2019-10-25,2019,0,21,Atlanta Utd,Philadelphia Union,1616.9109039839966,1537.9663023171413,198.9446016668553,198.9446016668553,0.7586362323309589
2939,2019-10-25,2019,13,14,Los Angeles FC,Los Angeles Galaxy,1635.2440339154173,1509.1673233894533,246.07671052596402,246.07671052596402,0.8047940755084309
2940,2019-10-30,2019,13,26,Los Angeles FC,Seattle Sounders,1640.1241820277064,1587.3484652033817,172.77571682432472,172.77571682432472,0.7299910121129317
2941,2019-10-31,2019,0,29,Atlanta Utd,Toronto FC,1622.9449981757227,1552.3767478340394,190.56825034168332,190.56825034168332,0.7496973922230613
2942,2019-11-10,2019,26,29,Seattle Sounders,Toronto FC,1605.598240506205,1571.119182639616,154.47905786658907,154.47905786658907,0.7087359814610319
2943,2020-02-29,2020,2,17,CF Montreal,New England Revolution,1431.847609920179,1512.2956482263298,39.55196169384908,-39.55196169384908,0.5566752325175036
2944,2020-02-29,2020,8,6,DC United,Colorado Rapids,1527.451547291926,1474.8616987744872,172.5898485174389,172.5898485174389,0.7297800698425885
2945,2020-02-29,2020,10,21,FC Dallas,Philadelphia Union,1522.5790566384662,1531.9322081254152,110.64684851305105,110.64684851305105,0.6540601627255617
2946,2020-02-29,2020,11,14,Houston Dynamo,Los Angeles Galaxy,1429.1447889295034,1504.2871752771641,44.857613652339296,44.857613652339296,0.5641989685893081
2947,2020-02-29,2020,20,23,Orlando City,Real Salt Lake,1405.7511093661217,1543.0738629380742,-17.32275357195249,-17.32275357195249,0.4750911905858888
2948,2020-02-29,2020,25,29,San Jose Earthquakes,Toronto FC,1426.7023359671318,1563.8375821761417,-17.135246209009892,-17.135246209009892,0.47536037288423266
2949,2020-03-01,2020,7,18,Columbus Crew,New York City,1480.5948463212146,1598.978042275634,1.6168040455806931,1.6168040455806931,0.5023267512629781
2950,2020-03-01,2020,13,12,Los Angeles FC,Inter Miami,1621.874406724883,1500.0,241.8744067248831,241.8744067248831,0.8009657088089475
2951,2020-03-01,2020,16,0,Nashville SC,Atlanta Utd,1500.0,1604.2025633701462,15.797436629853792,-15.797436629853792,0.5227186847567238
2952,2020-03-01,2020,19,9,New York Red Bulls,FC Cincinnati,1553.5999764411154,1368.9810747489407,304.61890169217463,304.61890169217463,0.8523971524416439
2953,2020-03-01,2020,26,4,Seattle Sounders,Chicago Fire,1612.8798409696792,1471.689084777283,261.1907561923963,261.1907561923963,0.818101095419658
2954,2020-03-01,2020,30,27,Vancouver Whitecaps,Sporting Kansas City,1448.469674252026,1474.80905538326,93.66061886876582,-93.66061886876582,0.6316155625329158
2955,2020-03-02,2020,22,15,Portland Timbers,Minnesota United,1523.1201433569108,1489.458711696623,153.66143166028792,153.66143166028792,0.7077634405120233
2956,2020-03-07,2020,8,12,DC United,Inter Miami,1509.2070455458613,1495.0241427202236,134.1829028256377,134.1829028256377,0.6840439135054667
2957,2020-03-07,2020,10,2,FC Dallas,CF Montreal,1531.2275525703271,1442.9307291072414,208.29682346308573,208.29682346308573,0.7683562571049121
2958,2020-03-07,2020,17,4,New England Revolution,Chicago Fire,1501.2125290392673,1467.1416121627744,154.0709168764929,154.0709168764929,0.7082507487541022
2959,2020-03-07,2020,23,19,Real Salt Lake,New York Red Bulls,1542.4511427027214,1557.2900476300742,105.16109507264719,105.16109507264719,0.6468806992830645
2960,2020-03-07,2020,29,18,Toronto FC,New York City,1563.2215914982476,1586.5362110572084,96.68538044103911,96.68538044103911,0.6356575584352228
2961,2020-03-08,2020,0,9,Atlanta Utd,FC Cincinnati,1617.2705304890644,1365.2910035599818,371.97952692908257,371.97952692908257,0.8948517011697008
2962,2020-03-08,2020,6,20,Colorado Rapids,Orlando City,1493.106200520552,1406.3738296014744,206.73237091907754,206.73237091907754,0.7667495038005789
2963,2020-03-08,2020,14,30,Los Angeles Galaxy,Vancouver Whitecaps,1505.8921494918968,1432.679285188703,193.21286430319378,193.21286430319378,0.7525432503738329
2964,2020-03-08,2020,22,16,Portland Timbers,Nashville SC,1505.4260573441102,1486.9320328810818,138.49402446302838,138.49402446302838,0.6893828582069331
2965,2020-03-08,2020,25,15,San Jose Earthquakes,Minnesota United,1427.318326645026,1507.1527977094236,40.165528935602424,40.165528935602424,0.5575467064044257
2966,2020-03-08,2020,26,7,Seattle Sounders,Columbus Crew,1617.4273135841877,1493.03667753964,244.3906360445476,244.3906360445476,0.8032647727696862
2967,2020-03-08,2020,27,11,Sporting Kansas City,Houston Dynamo,1490.599444446583,1427.5398147147707,183.05962973181227,183.05962973181227,0.7414993231362561
2968,2020-03-09,2020,13,21,Los Angeles FC,Philadelphia Union,1626.8502640046595,1523.2837121935543,223.56655181110523,223.56655181110523,0.7836309255521712
2969,2020-07-09,2020,18,21,New York City,Philadelphia Union,1577.427650018089,1530.3744853323585,167.0531646857305,167.0531646857305,0.7234491033078735
2970,2020-07-09,2020,20,12,Orlando City,Inter Miami,1400.5425671964888,1487.1252405578603,33.41732663862854,-33.41732663862854,0.5479436456464722
2971,2020-07-10,2020,2,17,CF Montreal,New England Revolution,1449.6396355348643,1496.0062603204149,73.63337521444942,-73.63337521444942,0.6044084042703497
2972,2020-07-11,2020,26,25,Seattle Sounders,San Jose Earthquakes,1609.8456942649455,1413.3796589849153,316.46603528003016,316.46603528003016,0.8607729772359592
2973,2020-07-12,2020,0,19,Atlanta Utd,New York Red Bulls,1619.899237959822,1560.9620651121509,178.93717284767104,178.93717284767104,0.7369246522958306
2974,2020-07-12,2020,9,7,FC Cincinnati,Columbus Crew,1362.6622960892244,1500.6182968588823,-17.956000769657976,17.956000769657976,0.4741822198522675
2975,2020-07-13,2020,23,6,Real Salt Lake,Colorado Rapids,1538.7791252206448,1498.9374629255376,159.8416622951072,-159.8416622951072,0.7150670799529721
2976,2020-07-13,2020,27,15,Sporting Kansas City,Minnesota United,1497.0619613681765,1521.0914653695343,95.97049599864226,95.97049599864226,0.6347039580316816
2977,2020-07-13,2020,29,8,Toronto FC,DC United,1572.330152537367,1517.1059477082247,175.2242048291423,175.2242048291423,0.7327600997263264
2978,2020-07-14,2020,4,26,Chicago Fire,Seattle Sounders,1472.347880881627,1600.8263698340465,-8.478488952419639,8.478488952419639,0.48780089504215307
2979,2020-07-14,2020,13,11,Los Angeles FC,Houston Dynamo,1619.7594908658552,1421.0772977931772,318.68219307267805,318.68219307267805,0.8622948152760177
2980,2020-07-14,2020,14,22,Los Angeles Galaxy,Portland Timbers,1487.078568232551,1513.1914858889368,93.88708234361434,-93.88708234361434,0.6319188352840301
2981,2020-07-15,2020,18,20,New York City,Orlando City,1559.3414224353921,1411.843976055327,267.4974463800652,267.4974463800652,0.8234413311339366
2982,2020-07-15,2020,21,12,Philadelphia Union,Inter Miami,1548.4607129150554,1475.823831699022,192.63688121603332,192.63688121603332,0.7519252914568958
2983,2020-07-16,2020,0,9,Atlanta Utd,FC Cincinnati,1601.4761216524262,1350.8077405929178,370.6683810595084,370.6683810595084,0.8941394155731662
2984,2020-07-16,2020,30,25,Vancouver Whitecaps,San Jose Earthquakes,1451.4928664480487,1422.3989834158142,149.09388303223454,-149.09388303223454,0.7022956065216016
2985,2020-07-17,2020,2,29,CF Montreal,Toronto FC,1434.5294254281055,1566.5111500442088,-11.981724616103293,11.981724616103293,0.4827637446573717
2986,2020-07-17,2020,7,19,Columbus Crew,New York Red Bulls,1512.472852355189,1579.3851814195466,53.087670935642336,53.087670935642336,0.5758102252483907
2987,2020-07-18,2020,8,17,DC United,New England Revolution,1522.924950201383,1511.1164704271737,131.80847977420922,-131.80847977420922,0.6810824144427066
2988,2020-07-18,2020,23,15,Real Salt Lake,Minnesota United,1545.9024482218206,1536.9590643203262,128.94338390149437,-128.94338390149437,0.6774893740134795
2989,2020-07-18,2020,27,6,Sporting Kansas City,Colorado Rapids,1481.1943624173846,1491.8141399243618,109.38022249302276,109.38022249302276,0.6524085486812714
2990,2020-07-19,2020,13,14,Los Angeles FC,Los Angeles Galaxy,1610.7021204839548,1471.2805973504503,259.4215231335045,259.4215231335045,0.8165806063363362
2991,2020-07-19,2020,22,11,Portland Timbers,Houston Dynamo,1528.9894567710376,1430.1346681750776,218.85478859595992,218.85478859595992,0.778996744460534
2992,2020-07-20,2020,4,25,Chicago Fire,San Jose Earthquakes,1485.152858505573,1439.9563735788543,165.19648492671877,-165.19648492671877,0.7213056697099497
2993,2020-07-20,2020,12,18,Inter Miami,New York City,1469.6219639854444,1538.7553891570437,50.866574828400644,-50.866574828400644,0.5726843052905968
2994,2020-07-20,2020,26,30,Seattle Sounders,Vancouver Whitecaps,1588.0213922101004,1433.9354762850087,274.08591592509174,274.08591592509174,0.8288878056763772
2995,2020-07-21,2020,21,20,Philadelphia Union,Orlando City,1554.6625806286331,1432.4300093336753,242.23257129495778,-242.23257129495778,0.8012941900643248
2996,2020-07-21,2020,29,17,Toronto FC,New England Revolution,1578.580243660643,1515.6435307882414,182.93671287240159,182.93671287240159,0.7413636750112101
2997,2020-07-22,2020,0,7,Atlanta Utd,Columbus Crew,1579.122636263097,1523.0775967239792,176.04503953911785,-176.04503953911785,0.7336843643606652
2998,2020-07-22,2020,2,8,CF Montreal,DC United,1422.4603318116713,1518.3978898403152,24.062441971356066,24.062441971356066,0.5345733774064428
2999,2020-07-22,2020,23,27,Real Salt Lake,Sporting Kansas City,1541.4652138714837,1489.8841487003529,171.58106517113083,-171.58106517113083,0.7286333914257971
3000,2020-07-23,2020,4,30,Chicago Fire,Vancouver Whitecaps,1467.1202167628244,1429.6576714269181,157.46254533590627,157.46254533590627,0.7122685165053851
3001,2020-07-23,2020,6,15,Colorado Rapids,Minnesota United,1483.1243536413936,1541.396298670663,61.728054970730454,-61.728054970730454,0.587910761974794
3002,2020-07-23,2020,9,19,FC Cincinnati,New York Red Bulls,1373.1612259822468,1568.7804370507563,-75.61921106850946,75.61921106850946,0.39286165111237237
3003,2020-07-24,2020,13,22,Los Angeles FC,Portland Timbers,1615.2876053255463,1534.5145381595241,200.7730671660222,200.7730671660222,0.7605582769438209
3004,2020-07-24,2020,14,11,Los Angeles Galaxy,Houston Dynamo,1466.6951125088588,1424.609586786591,162.08552572226768,-162.08552572226768,0.7176914841835441
3005,2020-07-26,2020,20,2,Orlando City,CF Montreal,1439.9623640852835,1434.0959973765102,125.86636670877328,125.86636670877328,0.6736070816157261
3006,2020-07-26,2020,21,17,Philadelphia Union,New England Revolution,1547.130225877025,1521.6776226635216,145.45260321350338,-145.45260321350338,0.6978946768198285
3007,2020-07-27,2020,27,30,Sporting Kansas City,Vancouver Whitecaps,1508.0999834859979,1447.4643843395527,180.6355991464452,180.6355991464452,0.7388156776676863
3008,2020-07-27,2020,29,18,Toronto FC,New York City,1572.5461517853628,1553.0724967893086,139.47365499605417,139.47365499605417,0.6905891133950237
3009,2020-07-28,2020,25,23,San Jose Earthquakes,Real Salt Lake,1457.989015321603,1523.2493790858387,54.73963623576424,54.73963623576424,0.5781312508936681
3010,2020-07-28,2020,26,13,Seattle Sounders,Los Angeles FC,1592.299197068191,1608.7736484019508,103.52554866624018,-103.52554866624018,0.6447271143881387
3011,2020-07-29,2020,7,15,Columbus Crew,Minnesota United,1541.4197058329958,1543.5940677200329,117.8256381129629,117.8256381129629,0.6633499900304496
3012,2020-07-29,2020,22,9,Portland Timbers,FC Cincinnati,1541.0284950831197,1388.3396847044376,272.6888103786821,272.6888103786821,0.8277441125062635
3013,2020-07-31,2020,21,27,Philadelphia Union,Sporting Kansas City,1554.6828589565291,1502.1295915443056,172.55326741222348,-172.55326741222348,0.7297385416615687
3014,2020-08-01,2020,20,13,Orlando City,Los Angeles FC,1448.1221870448903,1624.8918262616544,-56.76963921676406,56.76963921676406,0.41902130701364054
3015,2020-08-02,2020,18,22,New York City,Portland Timbers,1570.3372246241843,1532.8348922704631,157.50233235372116,157.50233235372116,0.7123154526165284
3016,2020-08-02,2020,25,15,San Jose Earthquakes,Minnesota United,1468.5357340492612,1547.677817470794,40.85791657846721,40.85791657846721,0.5585297064042429
3017,2020-08-06,2020,21,22,Philadelphia Union,Portland Timbers,1561.4393954149898,1550.6427785858764,130.79661682911342,-130.79661682911342,0.6798158928074997
3018,2020-08-07,2020,20,15,Orlando City,Minnesota United,1450.1466543695494,1561.6410601309,8.505594238649337,8.505594238649337,0.5122380893058898
3019,2020-08-12,2020,22,20,Portland Timbers,Orlando City,1567.638175906064,1462.340702136902,225.2974737691618,-225.2974737691618,0.7853155795986457
3020,2020-08-13,2020,10,16,FC Dallas,Nashville SC,1524.5186461427043,1479.1666043362552,165.35204180644905,165.35204180644905,0.7214856422787495
3021,2020-08-17,2020,10,16,FC Dallas,Nashville SC,1506.4815050857355,1497.203745393224,129.2777596925116,129.2777596925116,0.6779097990409558
3022,2020-08-19,2020,29,30,Toronto FC,Vancouver Whitecaps,1555.2814239504871,1453.434776281245,221.8466476692422,221.8466476692422,0.7819475368933723
3023,2020-08-21,2020,7,4,Columbus Crew,Chicago Fire,1537.3359560822346,1449.3135038501898,208.02245223204477,208.02245223204477,0.7680750272019857
3024,2020-08-21,2020,17,21,New England Revolution,Philadelphia Union,1514.1249895840174,1544.4439980948023,89.6809914892151,89.6809914892151,0.6262693701250877
3025,2020-08-21,2020,19,18,New York Red Bulls,New York City,1553.6019783285656,1552.529338308771,121.07264001979456,-121.07264001979456,0.6675112324821906
3026,2020-08-22,2020,9,8,FC Cincinnati,DC United,1396.533287517094,1506.7622242754762,9.771063241617867,9.771063241617867,0.5140579842789327
3027,2020-08-22,2020,11,10,Houston Dynamo,FC Dallas,1430.0518738911796,1502.0337601097117,48.018113781467946,-48.018113781467946,0.5686669682386409
3028,2020-08-22,2020,13,14,Los Angeles FC,Los Angeles Galaxy,1622.8673589369953,1461.2528254042702,281.6145335327251,281.6145335327251,0.8349472689878908
3029,2020-08-22,2020,15,27,Minnesota United,Sporting Kansas City,1549.4470123635474,1495.373055085845,174.07395727770245,-174.07395727770245,0.7314614907951212
3030,2020-08-22,2020,29,30,Toronto FC,Vancouver Whitecaps,1560.7327355281527,1447.9834647035793,232.7492708245734,232.7492708245734,0.7924591060210082
3031,2020-08-23,2020,0,16,Atlanta Utd,Nashville SC,1560.7805271540806,1501.6514903692478,179.1290367848328,179.1290367848328,0.7371387138209614
3032,2020-08-23,2020,6,23,Colorado Rapids,Real Salt Lake,1480.9265845920238,1512.7026603581803,88.22392423384349,88.22392423384349,0.6243041427164499
3033,2020-08-23,2020,12,20,Inter Miami,Orlando City,1455.3048563531795,1456.9735916268683,118.33126472631125,-118.33126472631125,0.6639996711382908
3034,2020-08-24,2020,22,26,Portland Timbers,Seattle Sounders,1573.0052864160978,1576.1810192084874,116.82426720761032,116.82426720761032,0.6620615033048586
3035,2020-08-25,2020,18,7,New York City,Columbus Crew,1544.2171191208258,1543.134080402185,121.08303871864086,121.08303871864086,0.6675245176149796
3036,2020-08-26,2020,2,30,CF Montreal,Vancouver Whitecaps,1425.9361744169034,1442.7949423541045,103.14123206279896,103.14123206279896,0.6442202150302647
3037,2020-08-26,2020,4,9,Chicago Fire,FC Cincinnati,1443.5153795302394,1396.1818379101207,167.3335416201187,167.3335416201187,0.723771896482409
3038,2020-08-26,2020,8,17,DC United,New England Revolution,1507.1136738824496,1510.96825533089,116.14541855155949,-116.14541855155949,0.6611866419443141
3039,2020-08-26,2020,21,19,Philadelphia Union,New York Red Bulls,1547.6007323479296,1561.9141975165107,105.68653483141884,105.68653483141884,0.6475713063972169
3040,2020-08-26,2020,27,11,Sporting Kansas City,Houston Dynamo,1513.659592355723,1428.3351996852136,205.32439267050927,205.32439267050927,0.7652968393773028
3041,2020-08-27,2020,20,16,Orlando City,Nashville SC,1448.5735834053255,1495.0799582147718,73.49362519055376,73.49362519055376,0.6042160412466263
3042,2020-08-29,2020,0,20,Atlanta Utd,Orlando City,1567.3520593085566,1458.4681823741598,228.88387693439677,228.88387693439677,0.7887757188510047
3043,2020-08-29,2020,2,29,CF Montreal,Toronto FC,1434.8306690411468,1565.9212578776276,-11.09058883648072,11.09058883648072,0.48404477858979633
3044,2020-08-30,2020,6,27,Colorado Rapids,Sporting Kansas City,1465.3189810241126,1494.5271713712903,90.7918096528224,-90.7918096528224,0.6277648016833751
3045,2020-08-30,2020,9,7,FC Cincinnati,Columbus Crew,1389.276135322181,1534.8221933425596,-25.546058020378496,25.546058020378496,0.4633023760812087
3046,2020-08-30,2020,10,15,FC Dallas,Minnesota United,1503.7504343156777,1531.1604750936694,92.58995922200825,92.58995922200825,0.6301803629988577
3047,2020-08-30,2020,14,25,Los Angeles Galaxy,San Jose Earthquakes,1482.1265071289674,1454.5724913891552,147.55401573981226,147.55401573981226,0.700438995994687
3048,2020-08-30,2020,17,19,New England Revolution,New York Red Bulls,1527.497921379498,1553.103480176441,94.39444120305689,94.39444120305689,0.6325978954241841
3049,2020-08-30,2020,18,4,New York City,Chicago Fire,1552.5290061804512,1450.4210821181791,222.1079240622721,222.1079240622721,0.7822038732891842
3050,2020-08-30,2020,21,8,Philadelphia Union,DC United,1556.4114496879993,1490.5840078338417,185.82744185415754,185.82744185415754,0.7445415229882322
3051,2020-08-30,2020,22,23,Portland Timbers,Real Salt Lake,1556.4537488334763,1528.3102639260915,148.14348490738485,148.14348490738485,0.7011504989171009
3052,2020-08-31,2020,16,12,Nashville SC,Inter Miami,1485.1853592459374,1463.7048645747223,141.48049467121518,141.48049467121518,0.6930521094780542
3053,2020-08-31,2020,26,13,Seattle Sounders,Los Angeles FC,1592.732556791109,1601.993677212298,110.73887957881084,-110.73887957881084,0.6541800223656032
3054,2020-09-02,2020,29,2,Toronto FC,CF Montreal,1578.0223773423725,1422.729549576402,275.2928277659705,275.2928277659705,0.8298709448459146
3055,2020-09-03,2020,0,12,Atlanta Utd,Inter Miami,1547.6326663372815,1456.0311673116737,211.60149902560784,211.60149902560784,0.7717248091833795
3056,2020-09-03,2020,7,21,Columbus Crew,Philadelphia Union,1533.9047527445898,1562.7979116132935,91.10684113129628,91.10684113129628,0.6281884673935989
3057,2020-09-03,2020,9,4,FC Cincinnati,Chicago Fire,1390.1935759201508,1444.9761789504087,65.21739696974214,-65.21739696974214,0.5927683551771139
3058,2020-09-03,2020,11,15,Houston Dynamo,Minnesota United,1447.4676206696463,1521.9149841686408,45.55263650100551,45.55263650100551,0.5651824433228283
3059,2020-09-03,2020,13,25,Los Angeles FC,San Jose Earthquakes,1593.348177771438,1447.0834662890225,266.2647114824156,266.2647114824156,0.8224072771591933
3060,2020-09-03,2020,16,20,Nashville SC,Orlando City,1492.859056508986,1478.1875753454349,134.6714811635511,134.6714811635511,0.6846514544980448
3061,2020-09-03,2020,17,18,New England Revolution,New York City,1524.1829739938933,1557.9739093482217,86.20906464567156,-86.20906464567156,0.6215798433999177
3062,2020-09-03,2020,19,8,New York Red Bulls,DC United,1556.4184275620457,1484.1975459085475,192.22088165349828,192.22088165349828,0.7514783325179828
3063,2020-09-03,2020,22,14,Portland Timbers,Los Angeles Galaxy,1551.4249863605487,1489.6155322291002,181.80945413144855,-181.80945413144855,0.7401174991410996
3064,2020-09-03,2020,23,26,Real Salt Lake,Seattle Sounders,1533.339026399019,1601.378056231969,51.960970167050164,51.960970167050164,0.5742252739418423
3065,2020-09-03,2020,27,10,Sporting Kansas City,FC Dallas,1497.7212914133747,1512.9959252407064,104.72536617266837,104.72536617266837,0.6463075371180554
3066,2020-09-06,2020,11,27,Houston Dynamo,Sporting Kansas City,1458.3380595865756,1494.0636029854234,84.27445660115222,84.27445660115222,0.618956810138084
3067,2020-09-06,2020,20,0,Orlando City,Atlanta Utd,1482.803861707886,1540.839546107697,61.96431560018891,61.96431560018891,0.5882402182231361
3068,2020-09-06,2020,25,6,San Jose Earthquakes,Colorado Rapids,1442.6436482180022,1462.1248609820282,100.51878723597406,100.51878723597406,0.640752719074473
3069,2020-09-06,2020,30,29,Vancouver Whitecaps,Toronto FC,1433.900447729861,1557.2756037212246,-3.375155991363499,3.375155991363499,0.4951429128684686
3070,2020-09-07,2020,4,17,Chicago Fire,New England Revolution,1447.2953878298365,1508.6434779088954,58.65190992094108,58.65190992094108,0.5836141076315414
3071,2020-09-07,2020,7,9,Columbus Crew,FC Cincinnati,1543.2000410597498,1387.874367040723,275.3256740190268,275.3256740190268,0.8298976382212673
3072,2020-09-07,2020,8,18,DC United,New York City,1502.984504221497,1573.5134054332195,49.47109878827746,-49.47109878827746,0.5707173543984689
3073,2020-09-07,2020,12,16,Inter Miami,Nashville SC,1462.8242875412582,1488.242770146535,94.58151739472328,94.58151739472328,0.632848149723825
3074,2020-09-07,2020,14,13,Los Angeles Galaxy,Los Angeles FC,1508.1184697076276,1597.7879958424583,30.330473865169324,-30.330473865169324,0.5435385149789429
3075,2020-09-07,2020,15,23,Minnesota United,Real Salt Lake,1511.0445452517115,1531.4833945504731,99.56115070123838,99.56115070123838,0.6394827990937212
3076,2020-09-07,2020,19,21,New York Red Bulls,Philadelphia Union,1537.6314692490962,1553.5026232981336,104.12884595096261,104.12884595096261,0.645522186282469
3077,2020-09-07,2020,26,22,Seattle Sounders,Portland Timbers,1603.2336880805149,1532.9220488820213,190.3116391984936,190.3116391984936,0.7494200967869942
3078,2020-09-10,2020,2,29,CF Montreal,Toronto FC,1443.4763231975498,1544.6541765429363,18.82214665461356,-18.82214665461356,0.5270607782789384
3079,2020-09-10,2020,6,11,Colorado Rapids,Houston Dynamo,1465.64367895889,1467.8641393331234,117.77953962576657,117.77953962576657,0.6632907271777804
3080,2020-09-10,2020,12,0,Inter Miami,Atlanta Utd,1459.5030837981626,1543.0455515632755,36.45753223488714,36.45753223488714,0.5522748812258936
3081,2020-09-10,2020,15,10,Minnesota United,FC Dallas,1520.0574752743685,1516.6536136686577,123.40386160571074,123.40386160571074,0.6704828515591065
3082,2020-09-10,2020,23,13,Real Salt Lake,Los Angeles FC,1522.4704645278161,1586.376458716932,56.094005810884255,56.094005810884255,0.5800315852632009
3083,2020-09-11,2020,26,25,Seattle Sounders,San Jose Earthquakes,1584.49818566084,1439.1248302411404,265.37335541969946,265.37335541969946,0.8216566277963969
3084,2020-09-12,2020,4,7,Chicago Fire,Columbus Crew,1432.705035139048,1547.4526001042182,5.252435034829887,-5.252435034829887,0.5075582858377573
3085,2020-09-13,2020,8,19,DC United,New York Red Bulls,1501.2165703615353,1521.4934145920345,99.72315576950086,-99.72315576950086,0.6396977714597946
3086,2020-09-13,2020,10,11,FC Dallas,Houston Dynamo,1508.4156849576354,1471.946407512568,156.46927744506752,156.46927744506752,0.7110952964966442
3087,2020-09-13,2020,16,0,Nashville SC,Atlanta Utd,1491.5639738896305,1531.8524235939228,79.71155029570764,79.71155029570764,0.612742887407134
3088,2020-09-13,2020,18,9,New York City,FC Cincinnati,1575.2813392931812,1383.6218079962546,311.6595312969266,311.6595312969266,0.8574238927431967
3089,2020-09-13,2020,20,12,Orlando City,Inter Miami,1480.5978562523076,1470.6962117675153,129.9016444847923,129.9016444847923,0.6786934662136817
3090,2020-09-13,2020,21,17,Philadelphia Union,New England Revolution,1569.6406779551953,1523.2338305996839,166.40684735551145,166.40684735551145,0.7227041222188528
3091,2020-09-13,2020,23,6,Real Salt Lake,Colorado Rapids,1532.969674896236,1461.5614107794454,191.40826411679063,191.40826411679063,0.750603685123357
3092,2020-09-14,2020,13,22,Los Angeles FC,Portland Timbers,1575.877248348512,1551.6575513016962,144.21969704681578,144.21969704681578,0.696396225795854
3093,2020-09-14,2020,25,14,San Jose Earthquakes,Los Angeles Galaxy,1434.6662459360505,1519.530006833154,35.136239102896525,-35.136239102896525,0.5503934331286214
3094,2020-09-14,2020,27,15,Sporting Kansas City,Minnesota United,1484.5375232388756,1528.2954039853907,76.24211925348482,76.24211925348482,0.6079932970066956
3095,2020-09-14,2020,30,2,Vancouver Whitecaps,CF Montreal,1446.5218749081494,1430.2998037405764,136.22207116757295,-136.22207116757295,0.6865754097128994
3096,2020-09-17,2020,10,6,FC Dallas,Colorado Rapids,1515.6383025452194,1480.3265029075294,155.31179963769,155.31179963769,0.709724539551236
3097,2020-09-17,2020,25,22,San Jose Earthquakes,Portland Timbers,1433.406410107835,1544.0674569465925,9.338953161242443,9.338953161242443,0.5134365980593294
3098,2020-09-17,2020,30,2,Vancouver Whitecaps,CF Montreal,1429.357489665327,1447.4641889833988,101.89330068192817,-101.89330068192817,0.6425720134512677
3099,2020-09-19,2020,17,18,New England Revolution,New York City,1516.3014336551553,1578.8457419746012,57.45569168055408,-57.45569168055408,0.581939795929003
3100,2020-09-19,2020,26,13,Seattle Sounders,Los Angeles FC,1588.9567699659299,1583.4673427036157,125.48942726231417,125.48942726231417,0.6731298402099627
3101,2020-09-19,2020,27,10,Sporting Kansas City,FC Dallas,1494.3376908137082,1522.8951890564385,91.44250175726961,91.44250175726961,0.6286396592180207
3102,2020-09-20,2020,0,12,Atlanta Utd,Inter Miami,1522.170995779101,1462.6635484228573,179.5074473562438,-179.5074473562438,0.7375605757689929
3103,2020-09-20,2020,7,16,Columbus Crew,Nashville SC,1547.6415572501621,1501.2454017044522,166.39615554570992,166.39615554570992,0.7226917878531747
3104,2020-09-20,2020,8,29,DC United,Toronto FC,1485.2241260750404,1557.8306959999097,47.39343007513071,-47.39343007513071,0.5677847147606231
3105,2020-09-20,2020,11,15,Houston Dynamo,Minnesota United,1464.723789924984,1518.4952364105582,66.22855351442581,66.22855351442581,0.5941726715305808
3106,2020-09-20,2020,14,6,Los Angeles Galaxy,Colorado Rapids,1520.7898426613694,1473.0696163963103,167.72022626505918,167.72022626505918,0.7242166974808106
3107,2020-09-20,2020,19,9,New York Red Bulls,FC Cincinnati,1537.4858588785294,1380.0574053148346,277.4284535636948,277.4284535636948,0.8315995938366864
3108,2020-09-20,2020,20,4,Orlando City,Chicago Fire,1488.6305195969655,1432.516077993104,176.11444160386145,176.11444160386145,0.7337624180558455
3109,2020-09-20,2020,23,30,Real Salt Lake,Vancouver Whitecaps,1514.204582768152,1438.2931893290452,195.91139343910686,195.91139343910686,0.7554246564912106
3110,2020-09-20,2020,25,22,San Jose Earthquakes,Portland Timbers,1433.0704951563516,1544.4033718980759,8.667123258275751,8.667123258275751,0.5124704063286669
3111,2020-09-21,2020,2,21,CF Montreal,Philadelphia Union,1438.5284893196806,1576.573074899724,-18.044585580043304,18.044585580043304,0.4740550776402319
3112,2020-09-23,2020,17,2,New England Revolution,CF Montreal,1514.2529387569302,1426.6771123786748,207.57582637825544,207.57582637825544,0.7676167271537572
3113,2020-09-24,2020,0,10,Atlanta Utd,FC Dallas,1503.7319813848762,1538.6111805368892,85.12080084798708,-85.12080084798708,0.6201051880005615
3114,2020-09-24,2020,4,11,Chicago Fire,Houston Dynamo,1425.8601384445003,1462.3694731367195,83.49066530778077,83.49066530778077,0.6178921203200224
3115,2020-09-24,2020,6,25,Colorado Rapids,San Jose Earthquakes,1491.1750338333304,1420.258734998135,190.91629883519545,190.91629883519545,0.7500731685978115
3116,2020-09-24,2020,7,15,Columbus Crew,Minnesota United,1554.5742625538328,1520.8495531988226,153.7247093550102,153.7247093550102,0.7078387754001135
3117,2020-09-24,2020,9,21,FC Cincinnati,Philadelphia Union,1400.8473951607518,1588.4244518407297,-67.57705667997789,67.57705667997789,0.4039568957709791
3118,2020-09-24,2020,12,19,Inter Miami,New York Red Bulls,1481.1025628170821,1516.695869032612,84.40669378447001,84.40669378447001,0.6191363266874914
3119,2020-09-24,2020,13,30,Los Angeles FC,Vancouver Whitecaps,1575.2955887088647,1457.1788057413255,238.11678296753917,238.11678296753917,0.7974949030510452
3120,2020-09-24,2020,16,8,Nashville SC,DC United,1494.3126964007815,1483.529508206025,130.78318819475658,130.78318819475658,0.679799066660945
3121,2020-09-24,2020,18,29,New York City,Toronto FC,1580.8942368728262,1559.5253138689252,141.36892300390105,141.36892300390105,0.6929154643979307
3122,2020-09-24,2020,22,26,Portland Timbers,Seattle Sounders,1557.2151320562925,1597.128523960681,80.08660809561161,-80.08660809561161,0.6132550710589827
3123,2020-09-24,2020,23,14,Real Salt Lake,Los Angeles Galaxy,1495.3189663558717,1502.684425224349,112.63454113152261,112.63454113152261,0.656644526118352
3124,2020-09-24,2020,27,20,Sporting Kansas City,Orlando City,1478.6216993332575,1495.2864591455693,103.33524018768821,103.33524018768821,0.644476145057605
3125,2020-09-26,2020,16,11,Nashville SC,Houston Dynamo,1502.317719734258,1452.81677614472,169.50094358953788,169.50094358953788,0.7262593117799445
3126,2020-09-27,2020,18,9,New York City,FC Cincinnati,1563.571350262878,1403.2484727664773,280.3228774964007,280.3228774964007,0.8339200447141851
3127,2020-09-28,2020,4,0,Chicago Fire,Atlanta Utd,1435.4128354364998,1513.2293516848622,42.183483751637596,42.183483751637596,0.5604103615836292
3128,2020-09-28,2020,8,17,DC United,New England Revolution,1475.5244848725486,1520.0625205780864,75.46196429446218,-75.46196429446218,0.6069224219452451
3129,2020-09-28,2020,10,20,FC Dallas,Orlando City,1529.1138102369032,1511.3983627720095,137.7154474648937,137.7154474648937,0.6884223275788868
3130,2020-09-28,2020,13,25,Los Angeles FC,San Jose Earthquakes,1580.3582161325885,1414.0105642130802,286.3476519195083,286.3476519195083,0.8386678675894127
3131,2020-09-28,2020,14,26,Los Angeles Galaxy,Seattle Sounders,1494.1005383773079,1587.4599007371555,26.640637640152363,26.640637640152363,0.5382639977143264
3132,2020-09-28,2020,15,23,Minnesota United,Real Salt Lake,1513.5455225838255,1503.9028532029129,129.6426693809126,129.6426693809126,0.6783682871572987
3133,2020-09-28,2020,19,2,New York Red Bulls,CF Montreal,1532.1742771997995,1420.8675305575186,231.3067466422808,231.3067466422808,0.7910900764703619
3134,2020-09-28,2020,21,12,Philadelphia Union,Inter Miami,1586.0233742350042,1465.6241546498948,240.39921958510945,-240.39921958510945,0.7996084789638668
3135,2020-09-28,2020,29,7,Toronto FC,Columbus Crew,1576.8482004788734,1561.87829316883,134.96990731004348,134.96990731004348,0.6850222334638377
3136,2020-09-28,2020,30,22,Vancouver Whitecaps,Portland Timbers,1452.1161783176017,1566.883755279818,5.232423037783747,-5.232423037783747,0.5075294928149324
3137,2020-10-03,2020,20,19,Orlando City,New York Red Bulls,1516.1089209614815,1537.3970252880404,98.71189567344118,98.71189567344118,0.6383549680136172
3138,2020-10-04,2020,2,4,CF Montreal,Chicago Fire,1415.6447824692777,1446.4025763969091,89.24220607236862,-89.24220607236862,0.6256779909175246
3139,2020-10-04,2020,8,0,DC United,Atlanta Utd,1460.3514243239174,1502.2396107244529,78.11181359946454,78.11181359946454,0.6105554786543033
3140,2020-10-04,2020,11,27,Houston Dynamo,Sporting Kansas City,1458.4732589392186,1462.5097957068174,115.96346323240118,-115.96346323240118,0.660951960724391
3141,2020-10-04,2020,12,18,Inter Miami,New York City,1460.6143666239914,1567.7233491450233,12.891017478968024,12.891017478968024,0.5185431570162603
3142,2020-10-04,2020,15,9,Minnesota United,FC Cincinnati,1509.086315404893,1399.096473884332,229.98984152056096,229.98984152056096,0.7898344729910489
3143,2020-10-04,2020,17,16,New England Revolution,Nashville SC,1535.2355811267175,1496.6612369397594,158.57434418695811,158.57434418695811,0.7135783677334746
3144,2020-10-04,2020,25,14,San Jose Earthquakes,Los Angeles Galaxy,1434.9772609028155,1480.6439384344496,74.33332246836585,-74.33332246836585,0.6053713799359473
3145,2020-10-04,2020,26,30,Seattle Sounders,Vancouver Whitecaps,1600.9165006800138,1439.4279409972285,281.4885596827853,281.4885596827853,0.8348473096563792
3146,2020-10-04,2020,29,21,Toronto FC,Philadelphia Union,1584.7226446422774,1591.0331622609076,113.68948238136977,113.68948238136977,0.6580123935565831
3147,2020-10-05,2020,23,13,Real Salt Lake,Los Angeles FC,1508.3620603818454,1559.3915194428532,68.97054093899214,-68.97054093899214,0.5979729991989144
3148,2020-10-07,2020,16,15,Nashville SC,Minnesota United,1502.0006961330962,1514.3404535801167,107.66024255297953,107.66024255297953,0.6501599078105819
3149,2020-10-08,2020,0,20,Atlanta Utd,Orlando City,1517.5034976908105,1525.150046761141,112.3534509296694,112.3534509296694,0.6562796161680868
3150,2020-10-08,2020,7,2,Columbus Crew,CF Montreal,1554.003849005426,1412.5028326963397,261.50101630908625,261.50101630908625,0.8183667222415792
3151,2020-10-08,2020,11,10,Houston Dynamo,FC Dallas,1441.9494599211089,1524.4032520474311,37.54620787367776,37.54620787367776,0.5538239734712681
3152,2020-10-08,2020,14,22,Los Angeles Galaxy,Portland Timbers,1470.7782229328484,1579.5719926001912,11.206230332657242,11.206230332657242,0.5161214716659899
3153,2020-10-08,2020,17,29,New England Revolution,Toronto FC,1529.8961219333808,1593.2723348033628,56.623787130017945,56.623787130017945,0.5807742867416346
3154,2020-10-08,2020,18,8,New York City,DC United,1580.6869280704298,1445.0875373575598,255.59939071287,255.59939071287,0.8132622446802602
3155,2020-10-08,2020,19,12,New York Red Bulls,Inter Miami,1528.3558994883808,1447.650787698585,200.70511178979586,200.70511178979586,0.7604870316622417
3156,2020-10-08,2020,21,9,Philadelphia Union,FC Cincinnati,1582.4834720998222,1393.8423357091083,308.6411363907139,308.6411363907139,0.8552865773051078
3157,2020-10-08,2020,25,30,San Jose Earthquakes,Vancouver Whitecaps,1444.8429764044167,1435.299123738638,129.5438526657788,129.5438526657788,0.6782441634993434
3158,2020-10-08,2020,26,23,Seattle Sounders,Real Salt Lake,1605.0453179386043,1493.4127354018724,231.6325825367319,231.6325825367319,0.791399891475277
3159,2020-10-08,2020,27,4,Sporting Kansas City,Chicago Fire,1479.033594724927,1449.5445261698471,149.48906855507994,149.48906855507994,0.7027710095207647
3160,2020-10-10,2020,0,19,Atlanta Utd,New York Red Bulls,1513.5965072866084,1509.3437236968248,124.25278358978358,-124.25278358978358,0.6715616160526856
3161,2020-10-10,2020,12,11,Inter Miami,Houston Dynamo,1466.662963490141,1453.103860584327,133.55910290581392,133.55910290581392,0.6832673117548052
3162,2020-10-11,2020,18,17,New York City,New England Revolution,1585.3553719534232,1515.37676476484,189.97860718858328,189.97860718858328,0.7490599157642895
3163,2020-10-11,2020,30,23,Vancouver Whitecaps,Real Salt Lake,1427.2552278261214,1488.1977326887543,59.05749513736714,-59.05749513736714,0.5841813577974343
3164,2020-10-12,2020,4,8,Chicago Fire,DC United,1442.1138014078663,1440.4190934745664,121.69470793329992,121.69470793329992,0.6683055024840845
3165,2020-10-12,2020,9,29,FC Cincinnati,Toronto FC,1390.224500141736,1607.7916919719037,-97.56719183016776,97.56719183016776,0.3631676400686683
3166,2020-10-12,2020,13,26,Los Angeles FC,Seattle Sounders,1574.3408444228262,1610.2603206517224,84.0805237711038,84.0805237711038,0.6186934808196071
3167,2020-10-12,2020,21,2,Philadelphia Union,CF Montreal,1586.1013076671945,1432.9620007523793,273.1393069148153,273.1393069148153,0.8281135560853555
3168,2020-10-12,2020,22,25,Portland Timbers,San Jose Earthquakes,1592.475029391841,1452.8868723169332,259.5881570749077,259.5881570749077,0.8167242318460541
3169,2020-10-12,2020,27,16,Sporting Kansas City,Nashville SC,1486.464319486908,1498.2466984378316,108.21762104907634,108.21762104907634,0.6508893419893285
3170,2020-10-15,2020,2,17,CF Montreal,New England Revolution,1428.6648396545131,1534.1032626589472,14.561576995565929,-14.561576995565929,0.5209435322562572
3171,2020-10-15,2020,8,21,DC United,Philadelphia Union,1432.1267310366684,1590.3984687650607,-38.27173772839228,38.27173772839228,0.44514423793972646
3172,2020-10-15,2020,9,7,FC Cincinnati,Columbus Crew,1381.1453091400192,1533.5446809493865,-32.39937180936727,32.39937180936727,0.45350824351388375
3173,2020-10-15,2020,10,27,FC Dallas,Sporting Kansas City,1513.248851384213,1495.1920859371746,138.0567654470383,138.0567654470383,0.688843611858059
3174,2020-10-15,2020,11,16,Houston Dynamo,Nashville SC,1445.1855433781973,1489.5189319875649,75.6666113906324,75.6666113906324,0.6072034294946022
3175,2020-10-15,2020,12,0,Inter Miami,Atlanta Utd,1474.5812806962708,1496.8074668852912,97.77381381097962,97.77381381097962,0.637107398600894
3176,2020-10-15,2020,14,25,Los Angeles Galaxy,San Jose Earthquakes,1457.8751861411986,1448.3049781130846,129.57020802811394,129.57020802811394,0.6782772709272887
3177,2020-10-15,2020,20,18,Orlando City,New York City,1529.0570371653432,1566.6288740593159,82.42816310602734,82.42816310602734,0.6164470263251937
3178,2020-10-15,2020,23,22,Real Salt Lake,Portland Timbers,1477.8022666336901,1597.0569235956896,0.7453430380005557,0.7453430380005557,0.5010726332098079
3179,2020-10-15,2020,29,19,Toronto FC,New York Red Bulls,1616.8708829736204,1526.132764098142,210.73811887547845,210.73811887547845,0.7708480810573105
3180,2020-10-15,2020,30,13,Vancouver Whitecaps,Los Angeles FC,1437.6506938811856,1583.873507402336,-26.22281352115033,26.22281352115033,0.4623338327417391
3181,2020-10-17,2020,4,27,Chicago Fire,Sporting Kansas City,1450.4061638457642,1487.413176233626,82.99298761213822,82.99298761213822,0.6172154939278004
3182,2020-10-18,2020,2,12,CF Montreal,Inter Miami,1415.6412513481066,1471.1535957312485,64.48765561685809,-64.48765561685809,0.5917539304646755
3183,2020-10-18,2020,7,18,Columbus Crew,New York City,1519.8823870372335,1569.5400497174458,70.3423373197877,-70.3423373197877,0.5998698973961631
3184,2020-10-19,2020,9,8,FC Cincinnati,DC United,1394.8076030521722,1433.4981250881751,81.3094779639971,81.3094779639971,0.6149232929769682
3185,2020-10-19,2020,14,30,Los Angeles Galaxy,Vancouver Whitecaps,1440.9182543680163,1451.092348062642,109.82590630537425,109.82590630537425,0.6529901177065905
3186,2020-10-19,2020,15,11,Minnesota United,Houston Dynamo,1518.0944512753813,1430.0054576408322,208.08899363454907,208.08899363454907,0.7681432538773119
3187,2020-10-19,2020,19,20,New York Red Bulls,Orlando City,1532.9039661245747,1526.1458615072133,126.75810461736137,126.75810461736137,0.6747346749188317
3188,2020-10-19,2020,22,13,Portland Timbers,Los Angeles FC,1584.5837394259347,1570.4318532208795,134.15188620505523,134.15188620505523,0.6840053234721186
3189,2020-10-19,2020,25,26,San Jose Earthquakes,Seattle Sounders,1465.261909886267,1600.7276576722127,-15.465747785945723,15.465747785945723,0.47775768888827047
3190,2020-10-19,2020,29,0,Toronto FC,Atlanta Utd,1610.0996809471876,1500.2351518503135,229.8645290968741,229.8645290968741,0.7897147057118502
3191,2020-10-20,2020,17,21,New England Revolution,Philadelphia Union,1547.1268509653537,1589.027074713554,78.09977625179977,78.09977625179977,0.6105390023213526
3192,2020-10-21,2020,16,10,Nashville SC,FC Dallas,1504.69901772493,1521.0277610877615,103.67125663716843,103.67125663716843,0.6449192130167077
3193,2020-10-23,2020,26,22,Seattle Sounders,Portland Timbers,1600.1715998944194,1579.9836063391317,140.18799355528768,140.18799355528768,0.6914670724610632
3194,2020-10-24,2020,0,8,Atlanta Utd,DC United,1494.9780194931097,1448.8712074125992,166.1068120805105,166.1068120805105,0.7223578649237016
3195,2020-10-24,2020,12,20,Inter Miami,Orlando City,1460.9474439928654,1530.514228380184,50.43321561268135,50.43321561268135,0.5720737199302747
3196,2020-10-24,2020,16,17,Nashville SC,New England Revolution,1513.5760373995122,1531.8633759073198,101.71266149219241,-101.71266149219241,0.6423331540244275
3197,2020-10-25,2020,4,19,Chicago Fire,New York Red Bulls,1447.4757764975693,1528.535599251604,38.94017724596529,38.94017724596529,0.555805943352708
3198,2020-10-25,2020,9,15,FC Cincinnati,Minnesota United,1379.4345207277481,1511.3908699284484,-11.956349200700288,11.956349200700288,0.4828002195109143
3199,2020-10-25,2020,11,7,Houston Dynamo,Columbus Crew,1436.709038987765,1529.8856396023293,26.823399385435778,26.823399385435778,0.5385254621005607
3200,2020-10-25,2020,13,14,Los Angeles FC,Los Angeles Galaxy,1575.0319863076825,1449.5935014253514,245.43848488233107,245.43848488233107,0.8042162538528423
3201,2020-10-25,2020,18,2,New York City,CF Montreal,1559.53679715235,1425.8474030864897,253.68939406586014,253.68939406586014,0.8115867422443767
3202,2020-10-25,2020,21,29,Philadelphia Union,Toronto FC,1604.2905497715878,1615.3568133043914,108.93373646719647,108.93373646719647,0.6518254766455954
3203,2020-10-25,2020,23,10,Real Salt Lake,FC Dallas,1490.275450803445,1512.1507414131793,98.1247093902657,98.1247093902657,0.637574277181349
3204,2020-10-25,2020,27,6,Sporting Kansas City,Colorado Rapids,1490.343563581821,1497.4232046183852,112.92035896343577,112.92035896343577,0.6570153838252237
3205,2020-10-25,2020,30,25,Vancouver Whitecaps,San Jose Earthquakes,1442.417101005307,1465.8179676640602,96.59913334124667,-96.59913334124667,0.6355425678141929
3206,2020-10-27,2020,2,16,CF Montreal,Nashville SC,1421.1370716425993,1510.0177085489015,31.119363093697757,-31.119363093697757,0.5446649848503499
3207,2020-10-28,2020,9,27,FC Cincinnati,Sporting Kansas City,1367.3645152399752,1498.9181789861902,-11.55366374621508,11.55366374621508,0.4833790675306371
3208,2020-10-28,2020,19,17,New York Red Bulls,New England Revolution,1529.9307478354217,1535.4217047579305,114.50904307749124,114.50904307749124,0.6590732505043662
3209,2020-10-28,2020,20,0,Orlando City,Atlanta Utd,1519.816071378441,1476.9190728700173,162.89699850842362,162.89699850842362,0.7186369574156009
3210,2020-10-28,2020,21,4,Philadelphia Union,Chicago Fire,1612.9949128554479,1446.0806279137516,286.9142849416962,286.9142849416962,0.8391087152954929
3211,2020-10-28,2020,29,18,Toronto FC,New York City,1606.6524502205314,1564.2471285962404,162.405321624291,-162.405321624291,0.7180643188045801
3212,2020-10-28,2020,30,26,Vancouver Whitecaps,Seattle Sounders,1451.5285368099521,1595.3849230828928,-23.856386272940654,23.856386272940654,0.46572175482002043
3213,2020-10-29,2020,8,7,DC United,Columbus Crew,1466.9301540356919,1530.8487761548433,56.08137788084855,-56.08137788084855,0.5800138777056003
3214,2020-10-29,2020,10,12,FC Dallas,Inter Miami,1515.590098342713,1471.6456009946085,163.9444973481045,-163.9444973481045,0.7198545790490513
3215,2020-10-29,2020,13,11,Los Angeles FC,Houston Dynamo,1579.9265799613613,1435.745902435251,264.18067752611023,264.18067752611023,0.8206483397076152
3216,2020-10-29,2020,15,6,Minnesota United,Colorado Rapids,1523.4608754162214,1488.8485892140159,154.6122862022055,154.6122862022055,0.7088942716797294
3217,2020-10-29,2020,22,14,Portland Timbers,Los Angeles Galaxy,1584.7702831506583,1444.6989077716726,260.07137537898575,260.07137537898575,0.8171402352028053
3218,2020-10-29,2020,25,23,San Jose Earthquakes,Real Salt Lake,1456.706531859415,1486.8360938739113,89.87043798550371,89.87043798550371,0.6265245828339643
3219,2020-10-31,2020,10,11,FC Dallas,Houston Dynamo,1522.5937338664867,1431.2621109279414,211.33162293854525,211.33162293854525,0.7714510147841054
3220,2020-11-01,2020,7,21,Columbus Crew,Philadelphia Union,1520.3491230974832,1617.0171949730604,23.331928124422802,23.331928124422802,0.5335269594029416
3221,2020-11-01,2020,16,4,Nashville SC,Chicago Fire,1523.6343331701603,1442.058345796139,201.57598737402122,201.57598737402122,0.7613989689842711
3222,2020-11-02,2020,0,9,Atlanta Utd,FC Cincinnati,1469.8849968054074,1355.2800385517091,234.60495825369821,234.60495825369821,0.7942104936704378
3223,2020-11-02,2020,2,20,CF Montreal,Orlando City,1407.5204470213405,1526.850147443051,0.6702995782895869,-0.6702995782895869,0.5009646374386773
3224,2020-11-02,2020,6,26,Colorado Rapids,Seattle Sounders,1481.570946006009,1607.0279669533934,-5.457020947384308,5.457020947384308,0.4921473612998627
3225,2020-11-02,2020,14,23,Los Angeles Galaxy,Real Salt Lake,1440.1274136517427,1477.4992084447604,82.62820520698233,82.62820520698233,0.6167192588059364
3226,2020-11-02,2020,17,8,New England Revolution,DC United,1526.8985360205397,1477.429807093052,169.46872892748775,169.46872892748775,0.7262224430169183
3227,2020-11-02,2020,18,19,New York City,New York Red Bulls,1582.198736566355,1538.4539165728124,163.74481999354248,163.74481999354248,0.7196227208130384
3228,2020-11-02,2020,22,30,Portland Timbers,Vancouver Whitecaps,1589.3417772705882,1439.8854929394515,269.45628433113666,269.45628433113666,0.8250747226227467
3229,2020-11-02,2020,29,12,Toronto FC,Inter Miami,1588.7008422504168,1464.6419654708347,244.05887677958208,-244.05887677958208,0.8029627977083285
3230,2020-11-05,2020,14,26,Los Angeles Galaxy,Seattle Sounders,1449.7094321815944,1594.33165098589,-24.6222188042957,24.6222188042957,0.464624980692157
3231,2020-11-05,2020,15,4,Minnesota United,Chicago Fire,1530.7385186242282,1448.5933200207458,202.1451986034824,-202.1451986034824,0.7619937287064894
3232,2020-11-05,2020,16,10,Nashville SC,FC Dallas,1517.0993589455536,1528.307458496884,108.7919004486696,108.7919004486696,0.6516401557609414
3233,2020-11-05,2020,20,7,Orlando City,Columbus Crew,1539.3742633790177,1532.0109491124097,127.36331426660809,127.36331426660809,0.675498805536766
3234,2020-11-05,2020,22,6,Portland Timbers,Colorado Rapids,1593.7149092050195,1494.2672619735124,219.44764723150706,-219.44764723150706,0.7795837300277836
3235,2020-11-05,2020,25,13,San Jose Earthquakes,Los Angeles FC,1466.043417288566,1584.410371468671,1.63304581989496,-1.63304581989496,0.5023501245438524
3236,2020-11-08,2020,4,18,Chicago Fire,New York City,1455.143163238408,1589.208168546029,-14.065005307620822,14.065005307620822,0.47976988024506434
3237,2020-11-08,2020,7,0,Columbus Crew,Atlanta Utd,1523.8984192508287,1475.0297344636465,168.86868478718225,168.86868478718225,0.7255351444070924
3238,2020-11-08,2020,8,2,DC United,CF Montreal,1470.585368168475,1394.9963310853736,195.5890370831014,195.5890370831014,0.7550816506376204
3239,2020-11-08,2020,11,6,Houston Dynamo,Colorado Rapids,1425.548386297544,1513.756855224207,31.791531073337183,31.791531073337183,0.5456244261993983
3240,2020-11-08,2020,12,9,Inter Miami,FC Cincinnati,1459.716035413543,1350.13530089347,229.58073452007307,229.58073452007307,0.7894432841045479
3241,2020-11-08,2020,13,22,Los Angeles FC,Portland Timbers,1571.9691245822673,1574.225315954325,117.74380862794237,117.74380862794237,0.6632447889296053
3242,2020-11-08,2020,15,10,Minnesota United,FC Dallas,1524.1886754065658,1544.5984623909076,99.59021301565826,99.59021301565826,0.6395213674044139
3243,2020-11-08,2020,19,29,New York Red Bulls,Toronto FC,1531.4444845931384,1593.6267723077085,57.817712285429934,57.817712285429934,0.5824467067499397
3244,2020-11-08,2020,20,16,Orlando City,Nashville SC,1547.4867932405987,1500.80835505153,166.67843818906863,166.67843818906863,0.7230173234623561
3245,2020-11-08,2020,21,17,Philadelphia Union,New England Revolution,1605.355368958134,1533.7429749451167,191.61239401301737,191.61239401301737,0.7508235901294084
3246,2020-11-08,2020,23,27,Real Salt Lake,Sporting Kansas City,1467.9171899149087,1511.0026556744563,76.91453424045244,-76.91453424045244,0.6089154507245111
3247,2020-11-08,2020,26,25,Seattle Sounders,San Jose Earthquakes,1593.447275503194,1478.4846641749696,234.9626113282245,234.9626113282245,0.7945467832184812
3248,2020-11-08,2020,30,14,Vancouver Whitecaps,Los Angeles Galaxy,1435.5123610050202,1450.5938076642904,104.91855334072989,-104.91855334072989,0.6465617094646673
3249,2020-11-20,2020,17,2,New England Revolution,CF Montreal,1527.513564698352,1413.8733723513142,233.64019234703778,233.64019234703778,0.7933013226916245
3250,2020-11-21,2020,7,19,Columbus Crew,New York Red Bulls,1530.7600406406514,1541.8833169243899,108.8767237162615,108.8767237162615,0.6517509901312935
3251,2020-11-21,2020,16,12,Nashville SC,Inter Miami,1518.883788138089,1464.9799533109294,173.90383482715947,173.90383482715947,0.7312690869326771
3252,2020-11-21,2020,20,18,Orlando City,New York City,1529.4113601540398,1601.2024155521556,48.20894460188424,48.20894460188424,0.5689363958701433
3253,2020-11-22,2020,27,25,Sporting Kansas City,San Jose Earthquakes,1526.225541942569,1473.3483337554317,172.87720818713728,172.87720818713728,0.7301061510330142
3254,2020-11-23,2020,15,6,Minnesota United,Colorado Rapids,1533.2006412214555,1527.397465879192,125.80317534226356,125.80317534226356,0.673527100356315
3255,2020-11-23,2020,22,10,Portland Timbers,FC Dallas,1578.306435677565,1535.586496576018,162.7199391015472,162.7199391015472,0.7184308241637276
3256,2020-11-24,2020,29,16,Toronto FC,Nashville SC,1583.187939976457,1525.602060964772,177.58587901168517,177.58587901168517,0.7354138499065938
3257,2020-11-25,2020,21,17,Philadelphia Union,New England Revolution,1611.5847792048987,1532.6810316310614,198.90374757383734,198.90374757383734,0.75859316744092
3258,2020-11-25,2020,26,13,Seattle Sounders,Los Angeles FC,1598.583605922732,1567.8880048590272,150.69560106370477,150.69560106370477,0.7042197373141277
3259,2020-11-29,2020,20,17,Orlando City,New England Revolution,1527.6879502572863,1551.6458608170844,96.04208944020183,96.04208944020183,0.6347995058984102
3260,2020-11-30,2020,7,16,Columbus Crew,Nashville SC,1539.466265887369,1531.4874072124367,127.97885867493233,127.97885867493233,0.6762750267986609
3261,2020-12-02,2020,26,10,Seattle Sounders,FC Dallas,1605.9781124898789,1541.047267180111,184.93084530976785,184.93084530976785,0.7435586225726573
3262,2020-12-04,2020,27,15,Sporting Kansas City,Minnesota United,1520.4728881667436,1541.3624637125477,99.11042445419594,99.11042445419594,0.6388844145595689
3263,2020-12-06,2020,7,17,Columbus Crew,New England Revolution,1535.0593902174026,1567.5158484645447,87.54354175285789,87.54354175285789,0.6233850647071886
3264,2020-12-08,2020,26,15,Seattle Sounders,Minnesota United,1612.3891469255625,1557.334574076537,175.0545728490256,175.0545728490256,0.7325688392519043
3265,2020-12-13,2020,7,26,Columbus Crew,Seattle Sounders,1544.4747635997228,1619.0749259442648,45.399837655457986,-45.399837655457986,0.5649662728480093
3266,2021-04-17,2021,2,29,CF Montreal,Toronto FC,1408.7059054186047,1577.3025937287923,-48.596688310187574,48.596688310187574,0.4305162876430579
3267,2021-04-17,2021,11,25,Houston Dynamo,San Jose Earthquakes,1411.907775642559,1479.100987531257,52.80678811130201,52.80678811130201,0.5754152466246827
3268,2021-04-17,2021,13,1,Los Angeles FC,Austin FC,1560.4934982918803,1500.0,180.49349829188031,180.49349829188031,0.7386578001031481
3269,2021-04-17,2021,20,0,Orlando City,Atlanta Utd,1511.817962609826,1468.1681130738239,163.6498495360022,163.6498495360022,0.7195124034053039
3270,2021-04-17,2021,26,15,Seattle Sounders,Minnesota United,1608.199082765465,1550.6487950578346,177.55028770763033,177.55028770763033,0.7353739823650507
3271,2021-04-18,2021,4,17,Chicago Fire,New England Revolution,1443.1489162322814,1558.1004750822244,5.048441150056988,5.048441150056988,0.5072647795516924
3272,2021-04-18,2021,7,21,Columbus Crew,Philadelphia Union,1555.3506067785227,1592.6199500188757,82.73065675964699,82.73065675964699,0.6168586543347054
3273,2021-04-18,2021,8,18,DC United,New York City,1451.7083269025345,1602.925825448909,-31.2174985463746,31.2174985463746,0.4551949173987643
3274,2021-04-18,2021,10,6,FC Dallas,Colorado Rapids,1534.6362327444274,1519.2356433880998,135.4005893563276,135.4005893563276,0.6855569180207555
3275,2021-04-18,2021,12,14,Inter Miami,Los Angeles Galaxy,1458.2616804842464,1441.757850400907,136.50383008333938,136.50383008333938,0.6869243275549567
3276,2021-04-18,2021,16,9,Nashville SC,FC Cincinnati,1535.894282882403,1344.8713829960836,311.02289988631946,311.02289988631946,0.8569752973096008
3277,2021-04-18,2021,19,27,New York Red Bulls,Sporting Kansas City,1533.1770916776723,1504.5007778027543,148.67631387491792,148.67631387491792,0.7017928006632598
3278,2021-04-19,2021,30,22,Vancouver Whitecaps,Portland Timbers,1444.3483182684035,1572.845665073472,-8.497346805068446,8.497346805068446,0.48777377260148513
3279,2021-04-24,2021,13,26,Los Angeles FC,Seattle Sounders,1567.0270532893016,1614.8147332063386,72.21232008296306,72.21232008296306,0.6024508543971642
3280,2021-04-24,2021,16,2,Nashville SC,CF Montreal,1526.969900449663,1422.9429982275283,224.02690222213482,224.02690222213482,0.7840799029012757
3281,2021-04-24,2021,18,9,New York City,FC Cincinnati,1589.3056983838783,1353.7957654288236,355.50993295505464,355.50993295505464,0.885591426405077
3282,2021-04-24,2021,25,10,San Jose Earthquakes,FC Dallas,1468.486368696874,1529.9973097939085,58.48905890296555,58.48905890296555,0.5833862823191949
3283,2021-04-24,2021,27,20,Sporting Kansas City,Orlando City,1522.0455978193359,1506.3301525246934,135.71544529464245,135.71544529464245,0.6859474953168551
3284,2021-04-24,2021,29,30,Toronto FC,Vancouver Whitecaps,1563.0655009198688,1457.1539739533664,225.91152696650238,225.91152696650238,0.7859109239101686
3285,2021-04-25,2021,0,4,Atlanta Utd,Chicago Fire,1473.6559231589565,1442.967296743489,150.68862641546752,150.68862641546752,0.7042113743747122
3286,2021-04-25,2021,6,1,Colorado Rapids,Austin FC,1523.8745663386187,1493.4664450025787,150.40812133604004,150.40812133604004,0.7038749216363981
3287,2021-04-25,2021,14,19,Los Angeles Galaxy,New York Red Bulls,1458.9309585897809,1515.6322716610907,63.29868692869013,63.29868692869013,0.590099454741626
3288,2021-04-25,2021,15,23,Minnesota United,Real Salt Lake,1544.033144616961,1452.694303646796,211.33884097016494,211.33884097016494,0.7714583406207647
3289,2021-04-25,2021,17,8,New England Revolution,DC United,1558.2820945710168,1465.3284539675653,212.9536406034515,212.9536406034515,0.7730931027885711
3290,2021-04-25,2021,21,12,Philadelphia Union,Inter Miami,1595.5414163772432,1441.0885722953726,274.4528440818706,274.4528440818706,0.8291871780327429
3291,2021-04-25,2021,22,11,Portland Timbers,Houston Dynamo,1560.0400093885091,1422.522394476942,257.5176149115671,257.5176149115671,0.8149333881428297
3292,2021-05-01,2021,2,7,CF Montreal,Columbus Crew,1430.0449958000602,1552.4291404201551,-2.3841446200949576,2.3841446200949576,0.4965689939400817
3293,2021-05-01,2021,11,13,Houston Dynamo,Los Angeles FC,1417.8957291805127,1564.4657819293725,-26.57005274885978,26.57005274885978,0.4618369887727103
3294,2021-05-01,2021,19,4,New York Red Bulls,Chicago Fire,1505.3847580296315,1435.5725811028567,189.81217692677478,189.81217692677478,0.7488797890207948
3295,2021-05-01,2021,23,27,Real Salt Lake,Sporting Kansas City,1471.9807621623152,1517.3969104364144,74.58385172590079,74.58385172590079,0.6057158555998357
3296,2021-05-02,2021,10,22,FC Dallas,Portland Timbers,1519.5819668518884,1564.6666746849385,74.91529216694994,74.91529216694994,0.6061714220480667
3297,2021-05-02,2021,15,1,Minnesota United,Austin FC,1524.7466861014418,1511.0633180434886,133.6833680579532,133.6833680579532,0.6834220977397492
3298,2021-05-02,2021,16,12,Nashville SC,Inter Miami,1519.8679028771312,1461.8182517461912,178.04965113094,178.04965113094,0.735932991860676
3299,2021-05-02,2021,17,0,New England Revolution,Atlanta Utd,1563.9547670013026,1481.0506387995888,202.90412820171377,202.90412820171377,0.762785134987875
3300,2021-05-02,2021,20,9,Orlando City,FC Cincinnati,1510.9788399076149,1350.9355510889507,280.0432888186642,280.0432888186642,0.8336970213927491
3301,2021-05-02,2021,21,18,Philadelphia Union,New York City,1574.8117369264246,1592.1659127237513,102.64582420267334,102.64582420267334,0.6435663131761559
3302,2021-05-02,2021,25,8,San Jose Earthquakes,DC United,1478.901711638894,1459.6557815372796,139.24593010161448,139.24593010161448,0.6903089380077722
3303,2021-05-03,2021,26,14,Seattle Sounders,Los Angeles Galaxy,1617.3760045662677,1469.17847222124,268.19753234502764,268.19753234502764,0.8240264747429865
3304,2021-05-03,2021,30,6,Vancouver Whitecaps,Colorado Rapids,1464.3017470511206,1506.2776932977088,78.02405375341186,-78.02405375341186,0.6104353500230866
3305,2021-05-08,2021,4,21,Chicago Fire,Philadelphia Union,1429.2945758283765,1558.7225790970208,-9.428003268644261,-9.428003268644261,0.4864353419677534
3306,2021-05-08,2021,7,8,Columbus Crew,DC United,1552.3433652686572,1451.913504987474,220.4298602811832,220.4298602811832,0.7805537499919486
3307,2021-05-08,2021,10,11,FC Dallas,Houston Dynamo,1529.4276813006868,1418.849804461195,230.57787683949186,230.57787683949186,0.7903958186746488
3308,2021-05-08,2021,16,17,Nashville SC,New England Revolution,1513.9695780806144,1569.8851386266058,64.08443945400859,64.08443945400859,0.5911930773969823
3309,2021-05-08,2021,19,29,New York Red Bulls,Toronto FC,1511.6627633041116,1555.9177278221146,75.74503548199709,75.74503548199709,0.6073110973520615
3310,2021-05-08,2021,20,18,Orlando City,New York City,1515.1364143727963,1608.255070553155,26.881343819641188,26.881343819641188,0.5386083547125657
3311,2021-05-08,2021,23,25,Real Salt Lake,San Jose Earthquakes,1481.8378657723192,1486.6439881886997,115.1938775836195,115.1938775836195,0.6599584950741474
3312,2021-05-08,2021,30,2,Vancouver Whitecaps,CF Montreal,1449.0408633005434,1430.1307709515581,138.91009234898524,-138.91009234898524,0.6898954936621838
3313,2021-05-09,2021,6,15,Colorado Rapids,Minnesota United,1521.538577048286,1507.661133657948,133.87744339033793,133.87744339033793,0.6836637587684485
3314,2021-05-09,2021,12,0,Inter Miami,Atlanta Utd,1467.716576542708,1475.1202671742856,112.59630936842245,112.59630936842245,0.6565949046857993
3315,2021-05-09,2021,14,13,Los Angeles Galaxy,Los Angeles FC,1464.7791340898148,1563.5117066486903,21.267427441124482,-21.267427441124482,0.5305681185322327
3316,2021-05-09,2021,22,26,Portland Timbers,Seattle Sounders,1554.82096023614,1621.775342697693,53.045617538447004,53.045617538447004,0.5757510957330977
3317,2021-05-10,2021,27,1,Sporting Kansas City,Austin FC,1507.5398068264103,1528.1488704869823,99.39093633942798,99.39093633942798,0.6392568731629364
3318,2021-05-13,2021,11,27,Houston Dynamo,Sporting Kansas City,1426.1096999280612,1516.5583849973368,29.551314930724402,29.551314930724402,0.5424255018087831
3319,2021-05-13,2021,12,2,Inter Miami,CF Montreal,1463.801703925563,1422.3781582931126,161.42354563245044,161.42354563245044,0.7169187639418713
3320,2021-05-13,2021,15,30,Minnesota United,Vancouver Whitecaps,1499.7527276271594,1456.793475958989,162.9592516681705,162.9592516681705,0.7187094109650539
3321,2021-05-13,2021,21,17,Philadelphia Union,New England Revolution,1570.8834626462146,1559.6649655615304,131.21849708468426,131.21849708468426,0.6803442725495642
3322,2021-05-13,2021,25,26,San Jose Earthquakes,Seattle Sounders,1503.1429505655533,1636.1691200910204,-13.02616952546714,-13.02616952546714,0.48126261387934904
3323,2021-05-13,2021,29,7,Toronto FC,Columbus Crew,1546.100505255916,1557.8295215188584,108.27098373705758,108.27098373705758,0.6509591400780178
3324,2021-05-14,2021,8,4,DC United,Chicago Fire,1446.4273487372727,1417.1336922791827,149.29365645809003,149.29365645809003,0.7025359860843178
3325,2021-05-15,2021,14,1,Los Angeles Galaxy,Austin FC,1476.514931126509,1519.1302923160558,77.38463881045323,77.38463881045323,0.6095596935232301
3326,2021-05-15,2021,18,29,New York City,Toronto FC,1609.2202794209693,1554.8265267539655,174.3937526670038,174.3937526670038,0.731822934613616
3327,2021-05-16,2021,0,2,Atlanta Utd,CF Montreal,1479.0351397914305,1440.3011273916593,158.73401239977125,158.73401239977125,0.7137661853722803
3328,2021-05-16,2021,6,11,Colorado Rapids,Houston Dynamo,1529.4469830790747,1437.5490623828416,211.8979206962331,211.8979206962331,0.7720252683117709
3329,2021-05-16,2021,9,12,FC Cincinnati,Inter Miami,1346.7779766237693,1445.8787348270164,20.899241796752904,20.899241796752904,0.5300402032245618
3330,2021-05-16,2021,15,10,Minnesota United,FC Dallas,1506.784992353033,1522.1677858338205,104.61720651921246,104.61720651921246,0.6461651975775614
3331,2021-05-16,2021,17,7,New England Revolution,Columbus Crew,1564.1735723752695,1549.103500020809,135.07007235446054,135.07007235446054,0.6851466305221392
3332,2021-05-16,2021,21,19,Philadelphia Union,New York Red Bulls,1566.3748558324755,1521.4799858703102,164.89486996216533,164.89486996216533,0.7209565110181063
3333,2021-05-16,2021,23,16,Real Salt Lake,Nashville SC,1465.3389033954654,1524.1897511456898,61.149152249775625,61.149152249775625,0.5871031721893023
3334,2021-05-16,2021,25,22,San Jose Earthquakes,Portland Timbers,1491.1113852185695,1540.4271828428127,70.68420237575674,70.68420237575674,0.6003421596289567
3335,2021-05-16,2021,27,30,Sporting Kansas City,Vancouver Whitecaps,1505.1190225425564,1449.7612112331153,175.3578113094411,175.3578113094411,0.7329106801707441
3336,2021-05-17,2021,8,20,DC United,Orlando City,1453.8639490851647,1514.171205504982,59.69274358018265,-59.69274358018265,0.5850693656430886
3337,2021-05-17,2021,26,13,Seattle Sounders,Los Angeles FC,1648.2006854380043,1551.775909611996,216.42477582600827,216.42477582600827,0.7765791152851567
3338,2021-05-22,2021,2,9,CF Montreal,FC Cincinnati,1433.1452820259663,1333.5269715431552,219.618310482811,219.618310482811,0.7797524951983836
3339,2021-05-22,2021,4,12,Chicago Fire,Inter Miami,1409.6970919312907,1459.1297399076304,70.5673520236603,70.5673520236603,0.600180760123255
3340,2021-05-22,2021,22,14,Portland Timbers,Los Angeles Galaxy,1555.4357368335366,1486.2759387884282,189.15979804510835,189.15979804510835,0.7481728939432388
3341,2021-05-23,2021,10,23,FC Dallas,Real Salt Lake,1513.3219157732597,1463.161324090733,170.16059168252673,170.16059168252673,0.7270135796134243
3342,2021-05-23,2021,11,30,Houston Dynamo,Vancouver Whitecaps,1431.849694090636,1443.083978237384,108.765715853252,108.765715853252,0.65160593832856
3343,2021-05-23,2021,13,6,Los Angeles FC,Colorado Rapids,1546.190387494125,1535.1463513712804,131.04403612284455,131.04403612284455,0.6801258266930265
3344,2021-05-23,2021,17,19,New England Revolution,New York Red Bulls,1572.044906612216,1514.5038986457628,177.5410079664532,177.5410079664532,0.7353635870460087
3345,2021-05-23,2021,18,7,New York City,Columbus Crew,1603.4247060556288,1541.2321657838625,182.19254027176635,182.19254027176635,0.7405414346240248
3346,2021-05-23,2021,20,29,Orlando City,Toronto FC,1528.7979396460591,1560.622100119306,88.17583952675318,88.17583952675318,0.6242392179739897
3347,2021-05-23,2021,25,27,San Jose Earthquakes,Sporting Kansas City,1476.1028312278456,1511.7962555382878,84.3065756895578,-84.3065756895578,0.619000415902574
3348,2021-05-23,2021,26,0,Seattle Sounders,Atlanta Utd,1653.7862075558753,1486.1909851571236,287.59522239875173,287.59522239875173,0.8396372046233214
3349,2021-05-24,2021,8,21,DC United,Philadelphia Union,1439.2372149440876,1573.350943057023,-14.113728112935405,14.113728112935405,0.47969987767439565
3350,2021-05-24,2021,16,1,Nashville SC,Austin FC,1526.3673304504223,1509.3692846541367,136.99804579628562,136.99804579628562,0.6875358315266291
3351,2021-05-29,2021,0,16,Atlanta Utd,Nashville SC,1494.6819152727066,1534.1789346622566,80.5029806104501,80.5029806104501,0.6138233812505036
3352,2021-05-29,2021,4,2,Chicago Fire,CF Montreal,1419.6925729282093,1413.6514696460067,126.04110328220258,126.04110328220258,0.6738281929550985
3353,2021-05-29,2021,7,29,Columbus Crew,Toronto FC,1559.7457016494632,1551.2280805686557,128.51762108080743,128.51762108080743,0.6769536283152783
3354,2021-05-29,2021,9,17,FC Cincinnati,New England Revolution,1353.0207839231148,1578.6608169360657,-105.64003301295088,105.64003301295088,0.35248978803661785
3355,2021-05-29,2021,13,18,Los Angeles FC,New York City,1554.1872418267992,1584.911170190028,89.27607163677112,89.27607163677112,0.6257236471020898
3356,2021-05-29,2021,19,20,New York Red Bulls,Orlando City,1507.887988321913,1538.1919591967094,89.69602912520372,89.69602912520372,0.6262896306355084
3357,2021-05-30,2021,6,10,Colorado Rapids,FC Dallas,1527.1494970386061,1507.6465762829241,139.502920755682,139.502920755682,0.6906251096128702
3358,2021-05-30,2021,12,8,Inter Miami,DC United,1449.1342589107119,1427.2447180022277,141.88954090848415,141.88954090848415,0.6935527904289883
3359,2021-05-30,2021,14,25,Los Angeles Galaxy,San Jose Earthquakes,1479.9802611370092,1460.6278208302813,139.35244030672789,139.35244030672789,0.6904399974758832
3360,2021-05-30,2021,23,15,Real Salt Lake,Minnesota United,1468.8366635810685,1515.6308624135938,73.20580116747465,73.20580116747465,0.6038197558462536
3361,2021-05-30,2021,27,11,Sporting Kansas City,Houston Dynamo,1527.2712659358522,1440.559545632422,206.71172030343018,206.71172030343018,0.7667282430519888
3362,2021-05-31,2021,21,22,Philadelphia Union,Portland Timbers,1585.3434399988828,1561.7314144849556,143.61202551392716,143.61202551392716,0.6956561329870149
3363,2021-05-31,2021,26,1,Seattle Sounders,Austin FC,1645.2952774402922,1501.5576804423024,263.73759699798984,263.73759699798984,0.8202726269423958
3364,2021-06-12,2021,27,1,Sporting Kansas City,Austin FC,1533.1030598595526,1509.5644961158623,143.53856374369025,143.53856374369025,0.6955665939977301
3365,2021-06-19,2021,19,16,New York Red Bulls,Nashville SC,1517.2307475560253,1537.0245191935192,100.20622836250618,100.20622836250618,0.6403384511024197
3366,2021-06-19,2021,23,30,Real Salt Lake,Vancouver Whitecaps,1466.2411696849122,1434.3741266955979,151.8670429893143,151.8670429893143,0.7056224041634679
3367,2021-06-20,2021,0,21,Atlanta Utd,Philadelphia Union,1491.836330741444,1592.9520366742074,18.884294067236624,18.884294067236624,0.5271499527561846
3368,2021-06-20,2021,1,25,Austin FC,San Jose Earthquakes,1514.4536609658055,1452.8888207671785,181.56484019862705,181.56484019862705,0.739846566462455
3369,2021-06-20,2021,7,4,Columbus Crew,Chicago Fire,1567.8218609415812,1402.8468681043319,284.9749928372494,284.9749928372494,0.8375958775641525
3370,2021-06-20,2021,8,12,DC United,Inter Miami,1444.5835377629523,1431.7954391499873,132.7880986129651,132.7880986129651,0.6823060344158153
3371,2021-06-20,2021,9,6,FC Cincinnati,Colorado Rapids,1344.2085392221993,1534.8838692982843,-70.67533007608495,70.67533007608495,0.3996700944678119
3372,2021-06-20,2021,10,15,FC Dallas,Minnesota United,1499.912204023246,1518.2263563097501,101.68584771349583,101.68584771349583,0.6422976921014504
3373,2021-06-20,2021,13,11,Los Angeles FC,Houston Dynamo,1538.544150649247,1434.7277517087216,223.81639894052546,223.81639894052546,0.7838746839664162
3374,2021-06-20,2021,14,26,Los Angeles Galaxy,Seattle Sounders,1487.719261200112,1637.2884617667323,-29.56920056662034,-29.56920056662034,0.4575489441202271
3375,2021-06-20,2021,18,17,New York City,New England Revolution,1600.5542613675802,1587.4730616369811,133.0811997305991,133.0811997305991,0.6826716525113403
3376,2021-06-20,2021,22,27,Portland Timbers,Sporting Kansas City,1554.122817809631,1528.2138950096094,145.90892280002163,145.90892280002163,0.698448214414452
3377,2021-06-20,2021,29,20,Toronto FC,Orlando City,1543.1519212765377,1528.8491999625971,134.30272131394054,-134.30272131394054,0.6841929645757434
3378,2021-06-23,2021,20,25,Orlando City,San Jose Earthquakes,1545.9540240769907,1458.8849849287399,207.0690391482508,207.0690391482508,0.767095928874963
3379,2021-06-24,2021,2,8,CF Montreal,DC United,1430.4971744698842,1452.525886902557,97.97128756732718,-97.97128756732718,0.6373701760654383
3380,2021-06-24,2021,4,9,Chicago Fire,FC Cincinnati,1398.7867650434357,1334.216786860504,184.56997818293166,184.56997818293166,0.7431623208460364
3381,2021-06-24,2021,11,22,Houston Dynamo,Portland Timbers,1441.824618807882,1561.6616124492698,0.16300635861216506,0.16300635861216506,0.5002345849899149
3382,2021-06-24,2021,13,10,Los Angeles FC,FC Dallas,1531.4472835500867,1496.3547617207098,155.0925218293769,155.0925218293769,0.7094644245191386
3383,2021-06-24,2021,15,1,Minnesota United,Austin FC,1521.7837986122863,1508.457496804244,133.32630180804222,133.32630180804222,0.6829772230210216
3384,2021-06-24,2021,16,29,Nashville SC,Toronto FC,1528.0329804710796,1526.0470971621442,121.9858833089354,121.9858833089354,0.6686769530679456
3385,2021-06-24,2021,17,19,New England Revolution,New York Red Bulls,1604.5398529497647,1526.222286278465,198.3175666712998,198.3175666712998,0.7579746890133416
3386,2021-06-24,2021,18,0,New York City,Atlanta Utd,1583.4874700547966,1491.1575819225395,212.3298881322571,212.3298881322571,0.772462620239166
3387,2021-06-24,2021,21,7,Philadelphia Union,Columbus Crew,1593.630785493112,1571.8819640024774,141.74882149063455,141.74882149063455,0.6933805984192688
3388,2021-06-24,2021,26,23,Seattle Sounders,Real Salt Lake,1648.727185369738,1473.6006095808254,295.12657578891253,295.12657578891253,0.8453890710284082
3389,2021-06-24,2021,27,6,Sporting Kansas City,Colorado Rapids,1520.6751003699706,1544.8756216599795,95.79947870999104,95.79947870999104,0.6344756771991089
3390,2021-06-24,2021,30,14,Vancouver Whitecaps,Los Angeles Galaxy,1427.0146867996846,1476.2805375971063,70.73414920257824,-70.73414920257824,0.6004111420206569
3391,2021-06-26,2021,12,20,Inter Miami,Orlando City,1423.8530900103826,1551.7766258551167,-7.923535844734033,7.923535844734033,0.48859909178084304
3392,2021-06-26,2021,27,13,Sporting Kansas City,Los Angeles FC,1529.8132084399929,1538.7106729371083,111.10253550288462,111.10253550288462,0.6546534497909223
3393,2021-06-27,2021,0,19,Atlanta Utd,New York Red Bulls,1485.4691474285187,1520.1716535037986,85.29749392472013,85.29749392472013,0.6203447681709284
3394,2021-06-27,2021,4,21,Chicago Fire,Philadelphia Union,1380.2077070222847,1601.2962705326302,-101.08856351034547,-101.08856351034547,0.35849263510821905
3395,2021-06-27,2021,16,2,Nashville SC,CF Montreal,1536.316056644381,1427.062920068248,229.25313657613287,229.25313657613287,0.7891296495636507
3396,2021-06-27,2021,18,8,New York City,DC United,1589.1759045488175,1455.960141304193,253.21576324462444,253.21576324462444,0.8111694782737155
3397,2021-06-27,2021,22,15,Portland Timbers,Minnesota United,1561.6674770740176,1529.7093680367607,151.95810903725692,151.95810903725692,0.7057312827520106
3398,2021-06-27,2021,23,11,Real Salt Lake,Houston Dynamo,1469.7353363565358,1441.8187541831342,147.9165821734016,147.9165821734016,0.7008767368534792
3399,2021-06-27,2021,25,14,San Jose Earthquakes,Los Angeles Galaxy,1453.0623831506139,1491.2908161476228,81.7715670029911,81.7715670029911,0.6155529681354096
3400,2021-06-27,2021,26,30,Seattle Sounders,Vancouver Whitecaps,1652.5924585940277,1412.0044082491681,360.58805034485954,360.58805034485954,0.8885199721677104
3401,2021-06-27,2021,29,9,Toronto FC,FC Cincinnati,1517.7640209888427,1352.795844881655,284.9681761071877,284.9681761071877,0.8375905396802051
3402,2021-06-28,2021,1,7,Austin FC,Columbus Crew,1500.5319273797697,1564.2164789629592,56.31544841681057,-56.31544841681057,0.5803420703827027
3403,2021-06-28,2021,10,17,FC Dallas,New England Revolution,1489.0913723336882,1610.5904857244311,-1.4991133907428775,1.4991133907428775,0.4978426157969244
3404,2021-07-02,2021,1,22,Austin FC,Portland Timbers,1498.5233756202022,1544.0241950052173,74.49918061498488,74.49918061498488,0.6055994452538532
3405,2021-07-03,2021,7,17,Columbus Crew,New England Revolution,1566.2250307225268,1598.0365511193543,88.18847960317248,-88.18847960317248,0.6242562852405594
3406,2021-07-03,2021,8,29,DC United,Toronto FC,1451.2393782610359,1496.8242574968376,74.41512076419826,74.41512076419826,0.6054838634463788
3407,2021-07-04,2021,2,12,CF Montreal,Inter Miami,1434.2911613073393,1411.6381127158616,142.65304859147773,-142.65304859147773,0.6944861184709574
3408,2021-07-04,2021,4,0,Chicago Fire,Atlanta Utd,1383.7453911445791,1482.4605282242455,21.28486292033358,21.28486292033358,0.5305931163434682
3409,2021-07-04,2021,11,9,Houston Dynamo,FC Cincinnati,1446.8406726044711,1373.7356083736602,193.10506423081097,193.10506423081097,0.7524276728007944
3410,2021-07-04,2021,15,25,Minnesota United,San Jose Earthquakes,1547.352650105561,1437.6735589472287,229.6790911583323,229.6790911583323,0.7895373816357429
3411,2021-07-04,2021,16,21,Nashville SC,Philadelphia Union,1529.0878154052898,1597.7585864103357,51.329228994954065,51.329228994954065,0.5733359216552838
3412,2021-07-04,2021,20,19,Orlando City,New York Red Bulls,1563.9916031496377,1523.1802727080717,160.81133044156604,160.81133044156604,0.7162029955617217
3413,2021-07-04,2021,23,13,Real Salt Lake,Los Angeles FC,1464.7134179351988,1530.0770091818813,54.63640875331748,-54.63640875331748,0.5779863153229371
3414,2021-07-05,2021,6,26,Colorado Rapids,Seattle Sounders,1535.7375135899572,1642.8794592898348,12.858054300122376,12.858054300122376,0.5184957842678112
3415,2021-07-05,2021,10,30,FC Dallas,Vancouver Whitecaps,1501.645306938765,1421.717407553361,199.9278993854041,199.9278993854041,0.7596711597714114
3416,2021-07-05,2021,14,27,Los Angeles Galaxy,Sporting Kansas City,1506.679640351008,1538.4468721952198,88.23276815578811,-88.23276815578811,0.6243160834353019
3417,2021-07-08,2021,1,13,Austin FC,Los Angeles FC,1508.3833894888558,1544.5266670649548,83.85672242390092,-83.85672242390092,0.618389508163332
3418,2021-07-08,2021,2,18,CF Montreal,New York City,1441.9290083455653,1593.8966675919746,-31.967659246409312,31.967659246409312,0.45412422710354267
3419,2021-07-08,2021,4,20,Chicago Fire,Orlando City,1395.4805632359923,1546.0865282605946,-30.605965024602256,-30.605965024602256,0.45606805476969003
3420,2021-07-08,2021,6,15,Colorado Rapids,Minnesota United,1535.275118983262,1540.1142155646673,115.16090341859467,115.16090341859467,0.6599158968746888
3421,2021-07-08,2021,14,10,Los Angeles Galaxy,FC Dallas,1491.0717382651253,1495.1535279444797,115.91821032064558,115.91821032064558,0.6608935824080844
3422,2021-07-08,2021,17,29,New England Revolution,Toronto FC,1601.1429582503683,1486.961354082997,234.18160416737123,234.18160416737123,0.7938119007466968
3423,2021-07-08,2021,26,11,Seattle Sounders,Houston Dynamo,1643.34185389653,1440.5299807844513,322.81187311207873,322.81187311207873,0.8650933680618511
3424,2021-07-08,2021,30,23,Vancouver Whitecaps,Real Salt Lake,1428.2091865476464,1450.2637600521252,97.94542649552113,-97.94542649552113,0.6373357675167245
3425,2021-07-09,2021,16,0,Nashville SC,Atlanta Utd,1539.7544173639078,1470.7253561328323,189.0290612310755,189.0290612310755,0.7480310734016409
3426,2021-07-09,2021,19,21,New York Red Bulls,Philadelphia Union,1541.0853475971148,1587.0919844517177,73.9933631453971,73.9933631453971,0.6049037712793047
3427,2021-07-10,2021,9,7,FC Cincinnati,Columbus Crew,1380.04630019368,1563.1186235915127,-63.07232339783263,-63.07232339783263,0.4102157674584691
3428,2021-07-17,2021,0,17,Atlanta Utd,New England Revolution,1476.9261329678734,1581.297660731701,15.628472236172456,-15.628472236172456,0.5224760221205496
3429,2021-07-18,2021,2,9,CF Montreal,FC Cincinnati,1455.5759026679768,1382.2909060072184,193.28499666075845,193.28499666075845,0.7526205666712477
3430,2021-07-18,2021,6,25,Colorado Rapids,San Jose Earthquakes,1543.7772215613948,1444.9119934881223,218.86522807327242,218.86522807327242,0.7790070901987389
3431,2021-07-18,2021,7,18,Columbus Crew,New York City,1560.8740177779744,1580.249773269563,100.62424450841127,-100.62424450841127,0.6408924456640995
3432,2021-07-18,2021,13,23,Los Angeles FC,Real Salt Lake,1559.9864047690382,1466.1971542400433,213.7892505289949,213.7892505289949,0.7739357927551598
3433,2021-07-18,2021,15,26,Minnesota United,Seattle Sounders,1531.6121129865346,1646.7145196949837,4.8975932915509475,4.8975932915509475,0.507047736506132
3434,2021-07-18,2021,16,4,Nashville SC,Chicago Fire,1533.5536405288667,1409.07886186675,244.4747786621167,244.4747786621167,0.8033413057755406
3435,2021-07-18,2021,21,8,Philadelphia Union,DC United,1589.7145787337004,1461.1022816748764,248.61229705882397,248.61229705882397,0.8070769205269137
3436,2021-07-18,2021,22,10,Portland Timbers,FC Dallas,1534.1641811365637,1486.6758675046817,167.48831363188197,167.48831363188197,0.723949983023314
3437,2021-07-18,2021,29,20,Toronto FC,Orlando City,1506.8066516016645,1532.488229629837,94.31842197182755,94.31842197182755,0.6324961830605017
3438,2021-07-18,2021,30,14,Vancouver Whitecaps,Los Angeles Galaxy,1412.2757923597283,1499.5493987049233,32.72639365480495,-32.72639365480495,0.5469582688166714
3439,2021-07-21,2021,30,11,Vancouver Whitecaps,Houston Dynamo,1423.6018356393115,1437.1573149859976,106.44452065331393,-106.44452065331393,0.6485664720899379
3440,2021-07-22,2021,4,8,Chicago Fire,DC United,1404.1623945111385,1456.2792046880493,67.8831898230892,67.8831898230892,0.596467337895868
3441,2021-07-22,2021,6,10,Colorado Rapids,FC Dallas,1536.8020443064263,1479.7746170802645,177.02742722616176,177.02742722616176,0.7347878580101955
3442,2021-07-22,2021,7,16,Columbus Crew,Nashville SC,1569.8517066363718,1538.4701078844782,151.38159875189353,151.38159875189353,0.7050416109973389
3443,2021-07-22,2021,9,0,FC Cincinnati,Atlanta Utd,1376.1064201739996,1463.8642324148598,32.242187759139824,32.242187759139824,0.5462674967980462
3444,2021-07-22,2021,12,17,Inter Miami,New England Revolution,1404.0002656776355,1594.3595612847146,-70.35929560707905,-70.35929560707905,0.4001066715541151
3445,2021-07-22,2021,18,2,New York City,CF Montreal,1571.2720844111657,1461.7603885011956,229.51169590997006,229.51169590997006,0.7893772166273303
3446,2021-07-22,2021,22,13,Portland Timbers,Los Angeles FC,1541.0654315609809,1565.6380099501594,95.42742161082151,-95.42742161082151,0.6339788315561173
3447,2021-07-22,2021,23,14,Real Salt Lake,Los Angeles Galaxy,1460.5455490589222,1488.22335542534,92.32219363358217,92.32219363358217,0.6298210670155518
3448,2021-07-22,2021,27,25,Sporting Kansas City,San Jose Earthquakes,1554.0547742811025,1451.8871707430908,222.1676035380117,222.1676035380117,0.7822623938802902
3449,2021-07-22,2021,29,19,Toronto FC,New York Red Bulls,1503.494247025152,1538.4627533151322,85.03149371001973,85.03149371001973,0.6199840731483752
3450,2021-07-23,2021,1,26,Austin FC,Seattle Sounders,1492.9236517847723,1634.3907131076369,-21.467061322864538,-21.467061322864538,0.46914566911316724
3451,2021-07-23,2021,20,21,Orlando City,Philadelphia Union,1535.8006342063495,1594.5376557205275,61.26297848582203,61.26297848582203,0.5872620009854855
3452,2021-07-24,2021,0,7,Atlanta Utd,Columbus Crew,1465.020919834811,1564.7256663614382,20.295253473372668,20.295253473372668,0.5291740421074886
3453,2021-07-25,2021,4,29,Chicago Fire,Toronto FC,1401.7507110637418,1500.4946451964427,21.256065867299185,21.256065867299185,0.5305518289933145
3454,2021-07-25,2021,10,14,FC Dallas,Los Angeles Galaxy,1473.1443135305194,1491.468882100729,101.67543142979048,101.67543142979048,0.6422839158739319
3455,2021-07-25,2021,13,30,Los Angeles FC,Vancouver Whitecaps,1556.4874807390622,1419.887673837063,256.5998069019993,256.5998069019993,0.8141352465614417
3456,2021-07-25,2021,15,22,Minnesota United,Portland Timbers,1543.9359195738814,1550.215960772078,113.71995880180339,113.71995880180339,0.6580518712758754
3457,2021-07-25,2021,16,9,Nashville SC,FC Cincinnati,1543.5961481594118,1374.9497327540485,288.6464154053633,288.6464154053633,0.8404502981159303
3458,2021-07-25,2021,17,2,New England Revolution,CF Montreal,1604.3622280735674,1456.4948189168788,267.8674091566886,267.8674091566886,0.8237507424699976
3459,2021-07-25,2021,18,20,New York City,Orlando City,1576.5376539954825,1546.1190841817124,150.4185698137701,150.4185698137701,0.7038874580719934
3460,2021-07-25,2021,23,6,Real Salt Lake,Colorado Rapids,1457.3000223835334,1543.4323478561714,33.86767452736194,33.86767452736194,0.5485857092967553
3461,2021-07-25,2021,25,11,San Jose Earthquakes,Houston Dynamo,1458.943730590098,1440.8714767882461,138.07225380185196,138.07225380185196,0.6888627215211721
3462,2021-07-26,2021,8,19,DC United,New York Red Bulls,1458.690888135446,1541.4623551438415,37.228532991604425,37.228532991604425,0.5533720559446252
3463,2021-07-26,2021,12,21,Inter Miami,Philadelphia Union,1393.9975988887827,1584.2192057451646,-70.22160685638187,70.22160685638187,0.40029692754721863
3464,2021-07-26,2021,26,27,Seattle Sounders,Sporting Kansas City,1646.119354835466,1546.9982144340952,219.1211404013709,219.1211404013709,0.7792605961216268
3465,2021-07-29,2021,13,15,Los Angeles FC,Minnesota United,1548.634099575026,1552.4846227919845,116.14947678304156,116.14947678304156,0.6611918752424044
3466,2021-07-31,2021,14,22,Los Angeles Galaxy,Portland Timbers,1482.5259799975772,1541.6672575539749,60.858722443602346,60.858722443602346,0.5866978354192848
3467,2021-07-31,2021,18,7,New York City,Columbus Crew,1583.9404675436826,1577.9550174141255,125.9854501295572,125.9854501295572,0.6737577779445859
3468,2021-07-31,2021,19,17,New York Red Bulls,New England Revolution,1530.2966565424572,1608.7684595118174,41.52819703063983,41.52819703063983,0.5594808835517134
3469,2021-07-31,2021,20,0,Orlando City,Atlanta Utd,1538.7162706335123,1451.7915687821237,206.9247018513886,206.9247018513886,0.7669474524888672
3470,2021-07-31,2021,26,25,Seattle Sounders,San Jose Earthquakes,1626.6378399324253,1454.2221625520688,292.41567738035656,292.41567738035656,0.8433383621323025
3471,2021-08-01,2021,1,6,Austin FC,Colorado Rapids,1481.1950100569431,1532.1469905885904,69.04801946835278,69.04801946835278,0.5980802140331848
3472,2021-08-01,2021,9,8,FC Cincinnati,DC United,1370.9609902069467,1469.8565867368302,21.104403470116495,21.104403470116495,0.5303343783797435
3473,2021-08-01,2021,11,23,Houston Dynamo,Real Salt Lake,1445.5930448262754,1468.5853796511144,97.00766517516104,97.00766517516104,0.6360871136541814
3474,2021-08-01,2021,12,2,Inter Miami,CF Montreal,1396.4901757001023,1452.0885874786288,64.4015882214735,64.4015882214735,0.5916342351212287
3475,2021-08-01,2021,21,4,Philadelphia Union,Chicago Fire,1581.726628933845,1388.486915338909,313.2397135949359,313.2397135949359,0.8585322825987425
3476,2021-08-01,2021,27,10,Sporting Kansas City,FC Dallas,1566.479729337136,1482.0872156336711,204.39251370346483,204.39251370346483,0.7643319411169232
3477,2021-08-01,2021,30,15,Vancouver Whitecaps,Minnesota United,1427.741055001099,1556.5144196730446,-8.773364671945501,8.773364671945501,0.48737679626342884
3478,2021-08-02,2021,29,16,Toronto FC,Nashville SC,1513.7584409212755,1547.5848907065135,86.17355021476192,86.17355021476192,0.6215317547555631
3479,2021-08-05,2021,1,11,Austin FC,Houston Dynamo,1466.2430047061134,1442.1908669849208,144.0521377211926,144.0521377211926,0.6961922539997365
3480,2021-08-05,2021,2,0,CF Montreal,Atlanta Utd,1441.8794433566595,1445.9652550943454,115.91418826231416,115.91418826231416,0.6608883935329065
3481,2021-08-05,2021,4,18,Chicago Fire,New York City,1397.4502224038777,1592.096523095068,-74.64630069119039,74.64630069119039,0.3941982939275317
3482,2021-08-05,2021,7,8,Columbus Crew,DC United,1569.79896186274,1470.6149461963237,219.18401566641637,219.18401566641637,0.7793228482506567
3483,2021-08-05,2021,13,27,Los Angeles FC,Sporting Kansas City,1544.604302693966,1547.3714308092128,117.2328718847532,117.2328718847532,0.6625875560826375
3484,2021-08-05,2021,14,23,Los Angeles Galaxy,Real Salt Lake,1492.8585341120952,1471.987557492469,140.87097661962616,140.87097661962616,0.6923052022914435
3485,2021-08-05,2021,17,16,New England Revolution,Nashville SC,1622.7554816006102,1550.6231845754025,192.13229702520766,192.13229702520766,0.7513830857004857
3486,2021-08-05,2021,19,9,New York Red Bulls,FC Cincinnati,1516.3096344536643,1370.2026307474532,266.1070037062111,266.1070037062111,0.8222746452504206
3487,2021-08-05,2021,20,12,Orlando City,Inter Miami,1544.5425843212906,1406.6993198220716,257.843264499219,257.843264499219,0.8152159411730278
3488,2021-08-05,2021,21,29,Philadelphia Union,Toronto FC,1572.7633218688763,1510.7201470523864,182.0431748164899,182.0431748164899,0.7403761954391882
3489,2021-08-05,2021,22,25,Portland Timbers,San Jose Earthquakes,1531.334703439457,1475.3056216053762,176.02908183408067,176.02908183408067,0.7336664153141924
3490,2021-08-05,2021,26,10,Seattle Sounders,FC Dallas,1605.5543808791178,1501.1955141615942,224.3588667175236,224.3588667175236,0.7844032469667395
3491,2021-08-08,2021,4,19,Chicago Fire,New York Red Bulls,1400.0952650556894,1508.2527683224039,11.842496733285543,-11.842496733285543,0.5170361256636075
3492,2021-08-08,2021,6,27,Colorado Rapids,Sporting Kansas City,1547.09899593942,1563.9361197112787,103.16287622814139,103.16287622814139,0.6442487714891841
3493,2021-08-08,2021,7,0,Columbus Crew,Atlanta Utd,1550.3158906564736,1449.987464932668,220.3284257238056,220.3284257238056,0.7804537168862826
3494,2021-08-08,2021,9,20,FC Cincinnati,Orlando City,1378.2594968787137,1536.662185791965,-38.40268891325127,-38.40268891325127,0.44495806009110334
3495,2021-08-08,2021,10,1,FC Dallas,Austin FC,1508.3055953357627,1473.83819835612,154.46739697964267,154.46739697964267,0.7087221246055959
3496,2021-08-08,2021,12,16,Inter Miami,Nashville SC,1414.5797183513973,1556.9077617179146,-22.32804336651725,-22.32804336651725,0.46791152586548895
3497,2021-08-08,2021,15,11,Minnesota United,Houston Dynamo,1556.1988395796302,1434.5956733349142,241.60316624471602,241.60316624471602,0.8007166762812917
3498,2021-08-08,2021,17,21,New England Revolution,Philadelphia Union,1616.4709044580982,1579.2539169828967,157.21698747520145,157.21698747520145,0.7119787348231003
3499,2021-08-08,2021,22,23,Portland Timbers,Real Salt Lake,1525.4930430566021,1464.2951875497552,181.19785550684696,181.19785550684696,0.7394397534695837
3500,2021-08-08,2021,29,18,Toronto FC,New York City,1504.229551938366,1589.4514804432563,34.77807149510977,-34.77807149510977,0.5498831715541534
3501,2021-08-09,2021,8,2,DC United,CF Montreal,1490.0980174025901,1437.857233518337,172.24078388425323,172.24078388425323,0.7293836354335053
3502,2021-08-09,2021,14,30,Los Angeles Galaxy,Vancouver Whitecaps,1500.550904054809,1428.0566350945135,192.49426896029559,192.49426896029559,0.7517721264575987
3503,2021-08-09,2021,25,13,San Jose Earthquakes,Los Angeles FC,1481.147281988231,1528.0396137919001,73.1076681963309,-73.1076681963309,0.6036846120113538
3504,2021-08-14,2021,15,14,Minnesota United,Los Angeles Galaxy,1561.180922672598,1494.256600893369,186.92432177922888,186.92432177922888,0.7457406150346941
3505,2021-08-14,2021,25,30,San Jose Earthquakes,Vancouver Whitecaps,1491.0551666879471,1434.3509382559535,176.70422843199367,176.70422843199367,0.7344251389082698
3506,2021-08-15,2021,0,13,Atlanta Utd,Los Angeles FC,1469.4988078548251,1518.131729092184,71.36707876264109,71.36707876264109,0.6012849456725812
3507,2021-08-15,2021,2,19,CF Montreal,New York Red Bulls,1431.0918244041745,1496.178671463994,54.91315294018045,54.91315294018045,0.5783748450476747
3508,2021-08-15,2021,4,7,Chicago Fire,Columbus Crew,1412.1693619140992,1530.8045477343164,1.3648141797827975,1.3648141797827975,0.5019641153878253
3509,2021-08-15,2021,10,27,FC Dallas,Sporting Kansas City,1515.587542220623,1567.5423389985083,68.04520322211465,68.04520322211465,0.596691794758482
3510,2021-08-15,2021,11,6,Houston Dynamo,Colorado Rapids,1429.6135902419464,1543.4927766521905,6.120813589755926,6.120813589755926,0.5088076476605008
3511,2021-08-15,2021,18,12,New York City,Inter Miami,1590.6985597321102,1427.88193020476,282.8166295273502,282.8166295273502,0.8358986827946089
3512,2021-08-15,2021,23,1,Real Salt Lake,Austin FC,1457.7811813864948,1466.5562514712599,111.22492991523495,111.22492991523495,0.6548127207277302
3513,2021-08-15,2021,29,17,Toronto FC,New England Revolution,1502.9824726495121,1623.6714360875208,-0.6889634380086136,0.6889634380086136,0.4990085032108766
3514,2021-08-16,2021,16,8,Nashville SC,DC United,1543.605549864552,1496.8634265167525,166.7421233477994,166.7421233477994,0.7230907342245233
3515,2021-08-16,2021,22,26,Portland Timbers,Seattle Sounders,1532.0070492198624,1598.4442997049493,53.562749514913094,53.562749514913094,0.5764780621521284
3516,2021-08-18,2021,14,6,Los Angeles Galaxy,Colorado Rapids,1512.9001162692364,1556.212967843703,76.68714842553345,76.68714842553345,0.6086036992076093
3517,2021-08-18,2021,25,15,San Jose Earthquakes,Minnesota United,1485.1945382152403,1542.5374072967306,62.657130918509665,62.657130918509665,0.5892058653085541
3518,2021-08-19,2021,0,29,Atlanta Utd,Toronto FC,1479.4666842130107,1490.5072600692401,108.95942414377055,108.95942414377055,0.6518590348791071
3519,2021-08-19,2021,1,30,Austin FC,Vancouver Whitecaps,1457.9265694894532,1440.2115667286603,137.7150027607929,137.7150027607929,0.6884217784828399
3520,2021-08-19,2021,9,2,FC Cincinnati,CF Montreal,1379.635545376436,1441.6324532779827,58.00309209845341,58.00309209845341,0.5827062131034064
3521,2021-08-19,2021,10,26,FC Dallas,Seattle Sounders,1500.670247351661,1612.8562512587525,7.813996092908383,7.813996092908383,0.5112433486777388
3522,2021-08-19,2021,12,4,Inter Miami,Chicago Fire,1423.7793972746251,1424.6202590294035,119.15913824522158,119.15913824522158,0.6650620688803348
3523,2021-08-19,2021,16,20,Nashville SC,Orlando City,1550.5282815089388,1535.2861372942425,135.24214421469628,135.24214421469628,0.68536026815058
3524,2021-08-19,2021,17,8,New England Revolution,DC United,1636.1466486677928,1489.9406948723656,266.20595379542715,266.20595379542715,0.8223578711406145
3525,2021-08-19,2021,19,7,New York Red Bulls,Columbus Crew,1485.638042590186,1518.3536506190121,87.28439197117382,87.28439197117382,0.623034764542668
3526,2021-08-19,2021,21,18,Philadelphia Union,New York City,1572.0533853534741,1594.801092662245,97.25229269122906,97.25229269122906,0.6364130191951836
3527,2021-08-19,2021,23,11,Real Salt Lake,Houston Dynamo,1466.4108633683015,1416.893399050434,169.5174643178675,169.5174643178675,0.7262782180827975
3528,2021-08-19,2021,27,22,Sporting Kansas City,Portland Timbers,1582.4596338674703,1517.5950976660592,184.86453620141106,184.86453620141106,0.7434858324296478
3529,2021-08-21,2021,7,26,Columbus Crew,Seattle Sounders,1508.929519732579,1625.637334975696,3.292184756882989,3.292184756882989,0.5047376929197299
3530,2021-08-21,2021,14,25,Los Angeles Galaxy,San Jose Earthquakes,1497.6850237890462,1482.9643915825266,134.72063220651967,134.72063220651967,0.6847125383070756
3531,2021-08-21,2021,15,27,Minnesota United,Sporting Kansas City,1544.7675539294444,1576.372488056729,88.39506587271535,88.39506587271535,0.6245351846396678
3532,2021-08-22,2021,1,22,Austin FC,Portland Timbers,1440.716025027382,1523.6822434768005,37.03378155058158,37.03378155058158,0.5530949630212022
3533,2021-08-22,2021,6,23,Colorado Rapids,Real Salt Lake,1571.428060323893,1473.2539079162316,218.1741524076615,218.1741524076615,0.7783214712992361
3534,2021-08-22,2021,8,0,DC United,Atlanta Utd,1485.499641650881,1488.170208341033,117.3294333098479,117.3294333098479,0.6627118141161151
3535,2021-08-22,2021,11,10,Houston Dynamo,FC Dallas,1410.050354502504,1487.8891636347175,42.161190867786445,42.161190867786445,0.5603787476220997
3536,2021-08-22,2021,12,29,Inter Miami,Toronto FC,1432.1528455526168,1481.8037359412178,70.34910961139894,70.34910961139894,0.599879254640092
3537,2021-08-22,2021,17,9,New England Revolution,FC Cincinnati,1640.5877018892775,1377.5678900488508,383.01981184042666,383.01981184042666,0.9006832382176737
3538,2021-08-22,2021,20,4,Orlando City,Chicago Fire,1539.920143998007,1416.2468107514119,243.67333324659512,243.67333324659512,0.8026114276829172
3539,2021-08-22,2021,21,2,Philadelphia Union,CF Montreal,1581.1430598735947,1443.700108605568,257.4429512680267,257.4429512680267,0.8148685584677814
3540,2021-08-22,2021,30,13,Vancouver Whitecaps,Los Angeles FC,1457.4221111907314,1508.1638527339985,69.25825845673285,-69.25825845673285,0.598371095583656
3541,2021-08-27,2021,7,9,Columbus Crew,FC Cincinnati,1496.3110774095856,1375.0849710042926,241.22610640529297,241.22610640529297,0.8003700997111706
3542,2021-08-28,2021,0,16,Atlanta Utd,Nashville SC,1504.738003693936,1545.8942748051743,78.84372888876169,78.84372888876169,0.6115568250982768
3543,2021-08-28,2021,2,29,CF Montreal,Toronto FC,1451.5718225672624,1471.80071730722,99.7711052600423,99.7711052600423,0.6397613872215782
3544,2021-08-28,2021,19,4,New York Red Bulls,Chicago Fire,1495.0621734766191,1411.3120964434847,203.7500770331344,203.7500770331344,0.7636651450844177
3545,2021-08-28,2021,20,12,Orlando City,Inter Miami,1544.8548583059342,1442.1558641866145,222.69899411931965,222.69899411931965,0.7827829652639454
3546,2021-08-29,2021,8,21,DC United,Philadelphia Union,1468.931846297978,1573.2713459119002,15.660500386077729,15.660500386077729,0.5225220210047334
3547,2021-08-29,2021,11,15,Houston Dynamo,Minnesota United,1408.5408858119515,1541.6541743134526,-13.113288501501074,-13.113288501501074,0.48113741684415895
3548,2021-08-29,2021,13,14,Los Angeles FC,Los Angeles Galaxy,1498.1231301235898,1480.5672103313693,137.5559197922205,137.5559197922205,0.6882253176450345
3549,2021-08-29,2021,18,17,New York City,New England Revolution,1585.7114181421248,1643.0706209338357,62.64079720828909,62.64079720828909,0.5891831072357882
3550,2021-08-29,2021,27,6,Sporting Kansas City,Colorado Rapids,1579.4858676727208,1576.9700235414123,122.51584413130854,122.51584413130854,0.6693524816119304
3551,2021-08-30,2021,1,10,Austin FC,FC Dallas,1451.888650951852,1489.39863232527,82.49001862658201,82.49001862658201,0.616531211819867
3552,2021-08-30,2021,26,22,Seattle Sounders,Portland Timbers,1638.2557772986893,1512.5096175523306,245.74615974635867,245.74615974635867,0.8044949706517311
3553,2021-08-30,2021,30,23,Vancouver Whitecaps,Real Salt Lake,1467.46283380114,1467.7119446987124,119.75088910242766,119.75088910242766,0.6658204308840157
3554,2021-09-04,2021,11,22,Houston Dynamo,Portland Timbers,1396.5124503908476,1532.6219918186239,-16.10954142777632,-16.10954142777632,0.4768331060536628
3555,2021-09-04,2021,13,27,Los Angeles FC,Sporting Kansas City,1493.4174971824639,1575.2520556324225,38.16544155004135,38.16544155004135,0.5547046257662692
3556,2021-09-04,2021,16,18,Nashville SC,New York City,1561.1831954326312,1595.9818404612301,85.20135497140109,85.20135497140109,0.6202144195279333
3557,2021-09-04,2021,21,17,Philadelphia Union,New England Revolution,1561.3343964370185,1632.8001986147303,48.534197822288206,-48.534197822288206,0.5693955158555754
3558,2021-09-05,2021,9,12,FC Cincinnati,Inter Miami,1370.0942234970719,1449.225438318213,40.86878517885884,40.86878517885884,0.5585451331914947
3559,2021-09-05,2021,20,7,Orlando City,Columbus Crew,1537.7852841743356,1501.3018249168063,156.48345925752938,156.48345925752938,0.711112067628345
3560,2021-09-05,2021,23,10,Real Salt Lake,FC Dallas,1459.3574554708127,1504.8119126207666,74.5455428500461,74.5455428500461,0.605663188005292
3561,2021-09-05,2021,25,6,San Jose Earthquakes,Colorado Rapids,1500.0822050402035,1581.2038355817106,38.8783694584929,38.8783694584929,0.5557181011043327
3562,2021-09-05,2021,30,1,Vancouver Whitecaps,Austin FC,1475.8173230290397,1436.4753706563554,159.34195237268432,159.34195237268432,0.7144806292040858
3563,2021-09-11,2021,0,20,Atlanta Utd,Orlando City,1489.449083066479,1545.007482483627,64.44160058285206,64.44160058285206,0.5916898823235064
3564,2021-09-11,2021,6,14,Colorado Rapids,Los Angeles Galaxy,1595.0967881093188,1485.2728432724953,229.82394483682356,229.82394483682356,0.7896759065940326
3565,2021-09-11,2021,26,15,Seattle Sounders,Minnesota United,1618.143403032396,1553.6826097345565,184.46079329783947,184.46079329783947,0.7430423358330486
3566,2021-09-11,2021,30,22,Vancouver Whitecaps,Portland Timbers,1482.9553072989374,1544.5428194699655,58.41248782897196,58.41248782897196,0.5832791486028568
3567,2021-09-12,2021,2,16,CF Montreal,Nashville SC,1460.577787886723,1570.677834944433,9.899952942289929,9.899952942289929,0.5142433228978728
3568,2021-09-12,2021,9,29,FC Cincinnati,Toronto FC,1356.1305951672846,1462.7947519877596,13.335843179525,13.335843179525,0.5191824014896121
3569,2021-09-12,2021,10,25,FC Dallas,San Jose Earthquakes,1494.953492320899,1486.1892525125952,128.76423980830373,128.76423980830373,0.6772640102088976
3570,2021-09-12,2021,11,1,Houston Dynamo,Austin FC,1384.591622739506,1429.3373863864576,75.25423635304833,75.25423635304833,0.6066371115817512
3571,2021-09-12,2021,12,7,Inter Miami,Columbus Crew,1463.1890666480003,1494.079626607515,89.10944004048542,89.10944004048542,0.6254989795503694
3572,2021-09-12,2021,17,18,New England Revolution,New York City,1647.0350865111197,1586.4872009494284,180.54788556169137,180.54788556169137,0.738718232989077
3573,2021-09-12,2021,19,8,New York Red Bulls,DC United,1475.9705448495088,1480.8687957728596,115.10174907664918,115.10174907664918,0.6598394709164507
3574,2021-09-12,2021,27,4,Sporting Kansas City,Chicago Fire,1564.1196712765793,1430.403725070595,253.7159462059842,253.7159462059842,0.8116101134409287
3575,2021-09-13,2021,13,23,Los Angeles FC,Real Salt Lake,1504.549881538307,1469.2158757706804,155.33400576762665,155.33400576762665,0.7097508735660222
3576,2021-09-15,2021,7,19,Columbus Crew,New York Red Bulls,1484.717101096274,1471.9745580765975,132.74254301967653,132.74254301967653,0.682249187573869
3577,2021-09-15,2021,18,10,New York City,FC Dallas,1579.9551567741553,1490.5218920656764,209.43326470847887,209.43326470847887,0.7695185687399693
3578,2021-09-15,2021,29,12,Toronto FC,Inter Miami,1450.774312025,1472.5515921592412,98.22271986575879,98.22271986575879,0.6377046371582868
3579,2021-09-16,2021,0,9,Atlanta Utd,FC Cincinnati,1499.6568360083913,1368.1510351300442,251.50580087834715,251.50580087834715,0.809657119646185
3580,2021-09-16,2021,1,13,Austin FC,Los Angeles FC,1419.5033141760014,1511.8061096991564,27.697204476844945,-27.697204476844945,0.5397752582641396
3581,2021-09-16,2021,8,4,DC United,Chicago Fire,1484.8647825457708,1425.6939779066183,179.1708046391525,179.1708046391525,0.7371852991265382
3582,2021-09-16,2021,14,11,Los Angeles Galaxy,Houston Dynamo,1492.514740937346,1394.4256949499622,218.08904598738377,218.08904598738377,0.7782369317601902
3583,2021-09-16,2021,20,2,Orlando City,CF Montreal,1534.7997295417147,1447.721704814276,207.07802472743856,207.07802472743856,0.7671051699507302
3584,2021-09-16,2021,22,6,Portland Timbers,Colorado Rapids,1559.124798185037,1587.854890444468,91.2699077405689,91.2699077405689,0.6284076879454664
3585,2021-09-16,2021,25,23,San Jose Earthquakes,Real Salt Lake,1490.6208527678177,1461.9596476098309,148.66120515798684,148.66120515798684,0.7017745987124442
3586,2021-09-16,2021,27,15,Sporting Kansas City,Minnesota United,1568.829418440556,1547.2586681303828,141.57075031017325,141.57075031017325,0.6931626234066354
3587,2021-09-18,2021,0,8,Atlanta Utd,DC United,1504.4154080172368,1491.4351500676073,132.9802579496295,132.9802579496295,0.6825457618578052
3588,2021-09-18,2021,12,19,Inter Miami,New York Red Bulls,1488.4942080881983,1464.0307877659443,144.46342032225402,144.46342032225402,0.6966927748599326
3589,2021-09-19,2021,1,25,Austin FC,San Jose Earthquakes,1406.0089327193978,1473.0764878000066,52.93244491939117,52.93244491939117,0.5755919577007722
3590,2021-09-19,2021,2,4,CF Montreal,Chicago Fire,1466.8993340630443,1419.1236103847818,167.77572367826247,167.77572367826247,0.7242804994126016
3591,2021-09-19,2021,9,18,FC Cincinnati,New York City,1363.3924631211987,1573.217192555656,-89.82472943445737,89.82472943445737,0.37353698696630067
3592,2021-09-19,2021,11,10,Houston Dynamo,FC Dallas,1401.381618243967,1497.2598562841756,24.121761959791456,24.121761959791456,0.5346583365589487
3593,2021-09-19,2021,15,14,Minnesota United,Los Angeles Galaxy,1539.5877337155487,1485.5588176433412,174.0289160722075,174.0289160722075,0.7314105589036553
3594,2021-09-19,2021,17,7,New England Revolution,Columbus Crew,1653.5671306863928,1492.6608714069273,280.90625927946553,280.90625927946553,0.8343846274328831
3595,2021-09-19,2021,21,20,Philadelphia Union,Orlando City,1547.0995085406291,1515.6221002929465,151.47740824768266,151.47740824768266,0.7051562917761135
3596,2021-09-19,2021,23,26,Real Salt Lake,Seattle Sounders,1479.504012577642,1624.5673446365697,-25.0633320589277,-25.0633320589277,0.4639934023605823
3597,2021-09-19,2021,29,16,Toronto FC,Nashville SC,1434.8316960960428,1583.5339180168799,-28.70222192083702,28.70222192083702,0.458787892844785
3598,2021-09-20,2021,6,30,Colorado Rapids,Vancouver Whitecaps,1591.0650826431047,1468.373328583866,242.69175405923875,242.69175405923875,0.801714720900953
3599,2021-09-20,2021,22,13,Portland Timbers,Los Angeles FC,1555.9146059864004,1525.30049115576,150.61411483064035,150.61411483064035,0.7041220228354866
3600,2021-09-23,2021,4,17,Chicago Fire,New England Revolution,1412.2306228700968,1645.2075150005708,-112.97689213047397,-112.97689213047397,0.3429112852776647
3601,2021-09-23,2021,12,16,Inter Miami,Nashville SC,1471.0768887167,1570.0036153379995,21.073273378700605,-21.073273378700605,0.5302897432290039
3602,2021-09-23,2021,19,18,New York Red Bulls,New York City,1481.4481071374425,1582.5556172298136,18.892489907628942,-18.892489907628942,0.5271617127269458
3603,2021-09-25,2021,21,0,Philadelphia Union,Atlanta Utd,1554.4706012462264,1512.3517639707916,162.11883727543477,162.11883727543477,0.7177303344696638
3604,2021-09-26,2021,4,16,Chicago Fire,Nashville SC,1403.657840738155,1583.2608589187246,-59.60301818056951,59.60301818056951,0.41505602728116026
3605,2021-09-26,2021,6,29,Colorado Rapids,Toronto FC,1583.5222146205808,1448.3619987749232,255.1602158456576,255.1602158456576,0.8128780071625366
3606,2021-09-26,2021,7,2,Columbus Crew,CF Montreal,1501.0204870927494,1473.7923215777294,147.22816551502,147.22816551502,0.7000452714379862
3607,2021-09-26,2021,8,9,DC United,FC Cincinnati,1483.4987941140525,1354.0540384470412,249.44475566701135,249.44475566701135,0.8078219578466743
3608,2021-09-26,2021,15,11,Minnesota United,Houston Dynamo,1546.3024697429573,1413.0151598299933,253.28730991296402,253.28730991296402,0.8112325555956541
3609,2021-09-26,2021,17,20,New England Revolution,Orlando City,1653.7802971325125,1508.2510075873492,265.52928954516324,265.52928954516324,0.8217881256909135
3610,2021-09-26,2021,18,19,New York City,New York Red Bulls,1583.2346600479873,1480.7690643192689,222.46559572871843,222.46559572871843,0.7825544297121779
3611,2021-09-26,2021,22,23,Portland Timbers,Real Salt Lake,1563.311555415513,1492.9041775186274,190.4073778968857,190.4073778968857,0.7495235764685745
3612,2021-09-26,2021,25,13,San Jose Earthquakes,Los Angeles FC,1487.4662867425259,1517.9035417266473,89.56274501587859,-89.56274501587859,0.6261100388356751
3613,2021-09-26,2021,30,10,Vancouver Whitecaps,FC Dallas,1475.9161966063898,1485.6263146981494,110.28988190824043,110.28988190824043,0.6535950706760341
3614,2021-09-27,2021,1,14,Austin FC,Los Angeles Galaxy,1391.6191337768785,1478.8440816159325,32.77505216094596,-32.77505216094596,0.5470276754780479
3615,2021-09-27,2021,27,26,Sporting Kansas City,Seattle Sounders,1576.5003528553902,1611.1671796955843,85.33317315980594,85.33317315980594,0.6203931389418882
3616,2021-09-30,2021,0,12,Atlanta Utd,Inter Miami,1505.295022332533,1457.819645135975,167.47537719655816,167.47537719655816,0.7239351005914794
3617,2021-09-30,2021,2,17,CF Montreal,New England Revolution,1466.293453363679,1658.2355939902397,-71.94214062656079,71.94214062656079,0.3979216999095842
3618,2021-09-30,2021,4,18,Chicago Fire,New York City,1405.781440056126,1563.6707993051828,-37.889359249056724,37.889359249056724,0.44568796664646304
3619,2021-09-30,2021,6,1,Colorado Rapids,Austin FC,1575.7002644415174,1402.9434418899273,292.7568225515902,292.7568225515902,0.8435976406787143
3620,2021-09-30,2021,8,15,DC United,Minnesota United,1488.3032451678857,1551.021655853066,57.28158931481971,57.28158931481971,0.5816959514733829
3621,2021-09-30,2021,10,27,FC Dallas,Sporting Kansas City,1476.9661914650503,1560.990524381843,35.97566708320733,35.97566708320733,0.5515889024676407
3622,2021-09-30,2021,11,30,Houston Dynamo,Vancouver Whitecaps,1408.2959737198846,1484.5763198394889,43.719653880395754,43.719653880395754,0.5625876394054189
3623,2021-09-30,2021,13,22,Los Angeles FC,Portland Timbers,1508.5562926975392,1569.5734660037988,58.982826693740435,58.982826693740435,0.5840769434559042
3624,2021-09-30,2021,16,20,Nashville SC,Orlando City,1581.1372596007536,1503.795710729622,197.34154887113164,197.34154887113164,0.7569425036219272
3625,2021-09-30,2021,19,21,New York Red Bulls,Philadelphia Union,1500.3329250620734,1561.5273428844848,58.805582177588576,58.805582177588576,0.5838290592920262
3626,2021-09-30,2021,23,14,Real Salt Lake,Los Angeles Galaxy,1486.6422669303417,1467.5197735028837,139.12249342745804,139.12249342745804,0.6901570124671413
3627,2021-09-30,2021,25,26,San Jose Earthquakes,Seattle Sounders,1496.813535771634,1626.6770081691316,-9.863472397497617,-9.863472397497617,0.48580913438002976
3628,2021-09-30,2021,29,9,Toronto FC,FC Cincinnati,1456.1839489539866,1349.249587393208,226.9343615607786,226.9343615607786,0.7868999259837703
3629,2021-10-02,2021,1,23,Austin FC,Real Salt Lake,1399.0333829068952,1494.3883416186632,24.64504128823205,24.64504128823205,0.5354076989466313
3630,2021-10-03,2021,2,0,CF Montreal,Atlanta Utd,1456.3454108659394,1512.1966448177461,64.14876604819324,64.14876604819324,0.5912825683569374
3631,2021-10-03,2021,9,19,FC Cincinnati,New York Red Bulls,1343.9220855428023,1498.2371985797727,-34.31511303697039,34.31511303697039,0.45077653512442345
3632,2021-10-03,2021,10,15,FC Dallas,Minnesota United,1463.1764689033594,1540.5640546399006,42.61241426345873,42.61241426345873,0.5610185403401021
3633,2021-10-03,2021,18,16,New York City,Nashville SC,1549.8129984713444,1574.7136970102054,95.09930146113902,95.09930146113902,0.6335404226721097
3634,2021-10-03,2021,20,8,Orlando City,DC United,1510.2192733201703,1498.7608463810511,131.45842693911914,131.45842693911914,0.6806445640091058
3635,2021-10-03,2021,21,7,Philadelphia Union,Columbus Crew,1563.6230693667856,1508.5193553067998,175.1037140599858,175.1037140599858,0.7326242550291333
3636,2021-10-03,2021,22,12,Portland Timbers,Inter Miami,1584.1753895901963,1450.918022650762,253.2573669394344,253.2573669394344,0.8112061590930708
3637,2021-10-03,2021,27,11,Sporting Kansas City,Houston Dynamo,1574.780246943534,1406.7312827347491,288.0489642087848,288.0489642087848,0.8399885825240049
3638,2021-10-03,2021,29,4,Toronto FC,Chicago Fire,1461.5114508043923,1419.6392408899644,161.8722099144279,161.8722099144279,0.7174426233433764
3639,2021-10-03,2021,30,25,Vancouver Whitecaps,San Jose Earthquakes,1486.1410108246243,1484.6683074121331,121.47270341249123,121.47270341249123,0.6680221518544351
3640,2021-10-04,2021,14,13,Los Angeles Galaxy,Los Angeles FC,1459.7736988145623,1493.9543691111417,85.81932970342064,85.81932970342064,0.6210519885456739
3641,2021-10-04,2021,26,6,Seattle Sounders,Colorado Rapids,1638.8222365286324,1579.6103234245495,179.2119131040829,179.2119131040829,0.737231143801746
3642,2021-10-09,2021,19,12,New York Red Bulls,Inter Miami,1509.5066119578833,1446.1981766280887,183.30843532979452,183.30843532979452,0.7417737572048182
3643,2021-10-10,2021,9,21,FC Cincinnati,Philadelphia Union,1332.6526721646917,1570.3074629910573,-117.65479082636557,117.65479082636557,0.3368696719435297
3644,2021-10-10,2021,15,6,Minnesota United,Colorado Rapids,1542.0895181484032,1573.0411020195932,89.04841612881,89.04841612881,0.6254166881423702
3645,2021-10-10,2021,26,30,Seattle Sounders,Vancouver Whitecaps,1645.3914579335888,1494.4404570282634,270.9510009053254,270.9510009053254,0.8263130762719025
3646,2021-10-16,2021,2,21,CF Montreal,Philadelphia Union,1466.563346657016,1578.7292047896456,7.834141867370363,7.834141867370363,0.5112723260799998
3647,2021-10-16,2021,7,12,Columbus Crew,Inter Miami,1501.834961682528,1439.7425205582092,182.09244112431884,182.09244112431884,0.7404307050476046
3648,2021-10-16,2021,13,25,Los Angeles FC,San Jose Earthquakes,1496.9806688247836,1476.368861208494,140.61180761628952,140.61180761628952,0.6919873092358534
3649,2021-10-17,2021,1,15,Austin FC,Minnesota United,1410.6481904332295,1526.454100944844,4.1940894883855435,4.1940894883855435,0.5060354867931379
3650,2021-10-17,2021,8,16,DC United,Nashville SC,1490.7769604812788,1578.0522075770082,32.724752904270645,32.724752904270645,0.5469559284126008
3651,2021-10-17,2021,9,20,FC Cincinnati,Orlando City,1324.2309303661034,1518.2031592199426,-73.97222885383917,73.97222885383917,0.3951253049516858
3652,2021-10-17,2021,11,26,Houston Dynamo,Seattle Sounders,1402.7309972978492,1649.7336310267913,-127.0026337289421,-127.0026337289421,0.3249564732457228
3653,2021-10-17,2021,14,22,Los Angeles Galaxy,Portland Timbers,1456.7473991009203,1588.8952356128696,-12.147836511949208,-12.147836511949208,0.4825249784574028
3654,2021-10-17,2021,17,4,New England Revolution,Chicago Fire,1668.1836364879794,1412.5753064735488,375.6083300144305,375.6083300144305,0.8968010490494537
3655,2021-10-17,2021,19,18,New York Red Bulls,New York City,1515.9622680277628,1546.4744879045415,89.48778012322123,-89.48778012322123,0.6260090131699213
3656,2021-10-17,2021,23,6,Real Salt Lake,Colorado Rapids,1482.7735340923289,1588.6765192231524,14.097014869176519,-14.097014869176519,0.5202761096348281
3657,2021-10-17,2021,29,0,Toronto FC,Atlanta Utd,1468.575385220808,1501.9787090266695,86.59667619413835,86.59667619413835,0.6221045368110533
3658,2021-10-18,2021,30,27,Vancouver Whitecaps,Sporting Kansas City,1490.0982839350609,1578.780532380434,31.317751554626966,-31.317751554626966,0.5449481960421736
3659,2021-10-21,2021,0,18,Atlanta Utd,New York City,1517.531322446946,1537.1247132337896,100.40660921315634,100.40660921315634,0.6406040615535149
3660,2021-10-21,2021,6,26,Colorado Rapids,Seattle Sounders,1576.683421964023,1632.8575428579343,63.82587910608868,63.82587910608868,0.5908333081200151
3661,2021-10-21,2021,8,17,DC United,New England Revolution,1489.6030622709638,1658.263610261743,-48.66054799077915,-48.66054799077915,0.43042616327433164
3662,2021-10-21,2021,9,4,FC Cincinnati,Chicago Fire,1314.3527977423112,1422.4953326997852,11.857465042525973,-11.857465042525973,0.5170576417530975
3663,2021-10-21,2021,10,13,FC Dallas,Los Angeles FC,1461.6510053948568,1504.6809860938872,76.97001930096962,-76.97001930096962,0.6089915086196815
3664,2021-10-21,2021,11,14,Houston Dynamo,Los Angeles Galaxy,1419.6070854667062,1469.6842746394852,69.92281082722093,69.92281082722093,0.5992900977720514
3665,2021-10-21,2021,12,29,Inter Miami,Toronto FC,1433.2532881843993,1453.0227718005315,100.23051638386778,100.23051638386778,0.6403706501408923
3666,2021-10-21,2021,15,21,Minnesota United,Philadelphia Union,1539.1049881146723,1579.0110129416455,80.09397517302682,80.09397517302682,0.6132651291282221
3667,2021-10-21,2021,16,7,Nashville SC,Columbus Crew,1579.2261057873231,1508.324194056338,190.90191173098515,190.90191173098515,0.7500576427761029
3668,2021-10-21,2021,20,2,Orlando City,CF Montreal,1528.0812918437348,1466.281538505016,181.7997533387188,181.7997533387188,0.7401067580980788
3669,2021-10-21,2021,22,30,Portland Timbers,Vancouver Whitecaps,1575.9583600743047,1501.4745790340064,194.48378104029825,194.48378104029825,0.7539031284391
3670,2021-10-21,2021,25,1,San Jose Earthquakes,Austin FC,1468.6685439393905,1397.9973032634011,190.67124067598934,190.67124067598934,0.7498086266548669
3671,2021-10-23,2021,7,19,Columbus Crew,New York Red Bulls,1514.5756351257405,1525.3120426985147,109.26359242722583,109.26359242722583,0.6522562839317387
3672,2021-10-23,2021,26,27,Seattle Sounders,Sporting Kansas City,1635.1283755609347,1567.4042372814883,187.72413827944638,187.72413827944638,0.7466126200613505
3673,2021-10-24,2021,1,11,Austin FC,Houston Dynamo,1391.7425189297728,1404.6248330224048,107.11768590736801,107.11768590736801,0.6494491953677619
3674,2021-10-24,2021,4,23,Chicago Fire,Real Salt Lake,1435.4217737436127,1494.7666313514583,60.6551423921544,60.6551423921544,0.5864136399432749
3675,2021-10-24,2021,6,22,Colorado Rapids,Portland Timbers,1574.4125892610225,1557.1107818633272,137.30180739769526,137.30180739769526,0.6879113589239685
3676,2021-10-24,2021,12,9,Inter Miami,FC Cincinnati,1442.244021930877,1301.4263566984837,260.8176652323932,260.8176652323932,0.8177812765254091
3677,2021-10-24,2021,14,10,Los Angeles Galaxy,FC Dallas,1484.6665270837866,1446.4262176793648,158.24030940442185,158.24030940442185,0.7131852042815475
3678,2021-10-24,2021,15,13,Minnesota United,Los Angeles FC,1548.7733598864668,1519.9057738093793,148.86758607708748,148.86758607708748,0.7020231771025907
3679,2021-10-24,2021,18,8,New York City,DC United,1540.6398147726275,1478.8424081891055,181.79740658352193,181.79740658352193,0.7401041596487591
3680,2021-10-24,2021,21,16,Philadelphia Union,Nashville SC,1569.342641169851,1572.9746647179206,116.36797645193042,116.36797645193042,0.6614735835833446
3681,2021-10-24,2021,25,30,San Jose Earthquakes,Vancouver Whitecaps,1474.9233282730188,1520.3221572449838,74.60117102803497,74.60117102803497,0.6057396656200049
3682,2021-10-24,2021,29,2,Toronto FC,CF Montreal,1444.0320380540538,1472.284207457468,91.7478305965858,-91.7478305965858,0.6290498845996132
3683,2021-10-25,2021,20,17,Orlando City,New England Revolution,1522.0786228912827,1669.0242643436013,-26.94564145231857,-26.94564145231857,0.4612996665843525
3684,2021-10-27,2021,13,26,Los Angeles FC,Seattle Sounders,1524.956353236944,1616.463060059401,28.493293177543137,28.493293177543137,0.5409134624526567
3685,2021-10-28,2021,0,12,Atlanta Utd,Inter Miami,1514.0162209081082,1446.7994900177416,187.21673089036653,187.21673089036653,0.7460596451489092
3686,2021-10-28,2021,7,20,Columbus Crew,Orlando City,1498.269228027447,1523.0461312266739,95.22309680077319,95.22309680077319,0.6337058544944363
3687,2021-10-28,2021,8,19,DC United,New York Red Bulls,1472.3450121803246,1541.6184497968081,50.726562383516466,50.726562383516466,0.572487057620949
3688,2021-10-28,2021,9,16,FC Cincinnati,Nashville SC,1296.870888611619,1564.5115043075043,-147.64061569588534,147.64061569588534,0.2994564151134525
3689,2021-10-28,2021,10,23,FC Dallas,Real Salt Lake,1451.7558477864034,1484.4269723500402,87.3288754363632,87.3288754363632,0.6230949032659937
3690,2021-10-28,2021,17,6,New England Revolution,Colorado Rapids,1668.0567560082102,1582.2148052879234,205.84195072028683,205.84195072028683,0.7658315516734632
3691,2021-10-28,2021,18,4,New York City,Chicago Fire,1547.1372107814084,1445.7614327450308,221.3757780363776,221.3757780363776,0.7814850208995403
3692,2021-10-28,2021,22,25,Portland Timbers,San Jose Earthquakes,1549.3085658364264,1472.2798366325187,197.0287292039077,197.0287292039077,0.7566110501822815
3693,2021-10-28,2021,27,14,Sporting Kansas City,Los Angeles Galaxy,1586.0695527830221,1479.336896976748,226.73265580627412,226.73265580627412,0.7867051561293875
3694,2021-10-28,2021,29,21,Toronto FC,Philadelphia Union,1440.8057909390634,1577.8058015802674,-17.00001064120397,17.00001064120397,0.4755545236020203
3695,2021-10-28,2021,30,15,Vancouver Whitecaps,Minnesota United,1522.965648885484,1543.722780458902,99.24286842658194,99.24286842658194,0.6390602921136043
3696,2021-10-30,2021,0,29,Atlanta Utd,Toronto FC,1520.3647297793855,1441.4169278490128,198.94780193037263,198.94780193037263,0.7586396055537499
3697,2021-10-30,2021,12,18,Inter Miami,New York City,1440.4509811464643,1552.60008525892,7.850895887544311,-7.850895887544311,0.5112964247722944
3698,2021-10-30,2021,19,2,New York Red Bulls,CF Montreal,1530.9306262373318,1475.5104545724585,175.42017166487335,175.42017166487335,0.7329809446023765
3699,2021-10-30,2021,23,25,Real Salt Lake,San Jose Earthquakes,1500.00434493169,1466.1951128870758,153.8092320446142,153.8092320446142,0.7079393855989804
3700,2021-10-31,2021,8,7,DC United,Columbus Crew,1483.032835739801,1507.4265816650861,95.6062540747148,95.6062540747148,0.6342176803673333
3701,2021-10-31,2021,10,1,FC Dallas,Austin FC,1436.1784752047536,1400.5062890455788,155.67218615917477,155.67218615917477,0.7101517435530892
3702,2021-10-31,2021,11,6,Houston Dynamo,Colorado Rapids,1395.8610629065988,1576.36059407976,-60.49953117316113,60.49953117316113,0.4138036304060485
3703,2021-10-31,2021,15,27,Minnesota United,Sporting Kansas City,1534.6992877617422,1591.4019238797873,63.29736388195488,63.29736388195488,0.5900976125496334
3704,2021-10-31,2021,20,16,Orlando City,Nashville SC,1513.8887775890348,1571.9979146853407,61.89086290369414,61.89086290369414,0.5881377997545613
3705,2021-10-31,2021,21,9,Philadelphia Union,FC Cincinnati,1577.194664670318,1289.3844782337826,407.81018643653533,407.81018643653533,0.9127388246830183
3706,2021-11-02,2021,26,14,Seattle Sounders,Los Angeles Galaxy,1604.9858966207173,1474.0045258799828,250.98137074073452,250.98137074073452,0.8091914403192868
3707,2021-11-03,2021,2,11,CF Montreal,Houston Dynamo,1468.834978187518,1385.5159721464477,203.31900604107022,203.31900604107022,0.763216999359261
3708,2021-11-03,2021,13,30,Los Angeles FC,Vancouver Whitecaps,1536.4335166756277,1531.9891415826437,124.44437509298405,124.44437509298405,0.6718048305753601
3709,2021-11-03,2021,19,0,New York Red Bulls,Atlanta Utd,1537.6061026222724,1513.8987396405416,143.70736298173074,143.70736298173074,0.6957723131124606
3710,2021-11-04,2021,1,27,Austin FC,Sporting Kansas City,1393.260082634406,1581.1543641935282,-67.89428155912219,67.89428155912219,0.40351729408448067
3711,2021-11-04,2021,23,22,Real Salt Lake,Portland Timbers,1482.3058602917154,1555.3932895818693,46.91257070984602,46.91257070984602,0.5671052940016137
3712,2021-11-07,2021,2,20,CF Montreal,Orlando City,1474.7545532035363,1511.6853325951708,83.06922060836541,83.06922060836541,0.6173191673683245
3713,2021-11-07,2021,6,13,Colorado Rapids,Los Angeles FC,1586.705684839911,1532.1383959112438,174.56728892866727,174.56728892866727,0.7320189422474925
3714,2021-11-07,2021,7,4,Columbus Crew,Chicago Fire,1523.2820236742696,1440.2985582675192,202.98346540675038,202.98346540675038,0.7628677624834476
3715,2021-11-07,2021,9,0,FC Cincinnati,Atlanta Utd,1287.202948850858,1518.793047468353,-111.59009861749496,111.59009861749496,0.3447122945212263
3716,2021-11-07,2021,14,15,Los Angeles Galaxy,Minnesota United,1481.7343118879649,1544.9468474480013,56.787464439963514,56.787464439963514,0.5810036724654363
3717,2021-11-07,2021,16,19,Nashville SC,New York Red Bulls,1574.2013596792046,1532.711794794461,161.4895648847437,161.4895648847437,0.7169958847414388
3718,2021-11-07,2021,17,12,New England Revolution,Inter Miami,1673.9109672163736,1427.668570527157,366.24239668921655,366.24239668921655,0.8917034869850925
3719,2021-11-07,2021,18,21,New York City,Philadelphia Union,1565.3824958782272,1579.3761940532424,106.0063018249848,106.0063018249848,0.6479912878491041
3720,2021-11-07,2021,22,1,Portland Timbers,Austin FC,1569.5709219319097,1408.172150282294,281.3987716496156,281.3987716496156,0.8347760338695199
3721,2021-11-07,2021,25,10,San Jose Earthquakes,FC Dallas,1483.8935975270504,1443.4246816159264,160.468915911124,160.468915911124,0.7158021871755758
3722,2021-11-07,2021,27,23,Sporting Kansas City,Real Salt Lake,1566.24229654564,1468.128227941675,218.11406860396505,218.11406860396505,0.7782617900971787
3723,2021-11-07,2021,29,8,Toronto FC,DC United,1447.8829179878567,1467.1773937306175,100.70552425723918,-100.70552425723918,0.641000121712181
3724,2021-11-07,2021,30,26,Vancouver Whitecaps,Seattle Sounders,1536.2842623470276,1597.256110612735,59.02815173429258,-59.02815173429258,0.5841403256732094
3725,2021-11-20,2021,21,19,Philadelphia Union,New York Red Bulls,1583.07597624947,1538.1366919129969,164.93928433647307,164.93928433647307,0.7210079432856219
3726,2021-11-20,2021,27,30,Sporting Kansas City,Vancouver Whitecaps,1546.7857517932107,1534.1807542051974,132.60499758801325,132.60499758801325,0.6820775176496262
3727,2021-11-21,2021,18,0,New York City,Atlanta Utd,1561.6827136819998,1527.4108548313836,154.27185885061613,154.27185885061613,0.7084897050638931
3728,2021-11-21,2021,22,15,Portland Timbers,Minnesota United,1573.7015210851716,1546.9719392596373,146.7295818255343,146.7295818255343,0.6994422611453307
3729,2021-11-24,2021,16,20,Nashville SC,Orlando City,1568.7764625606687,1527.118311779379,161.6581507812898,161.6581507812898,0.7171927616904332
3730,2021-11-24,2021,26,23,Seattle Sounders,Real Salt Lake,1599.3596187545652,1487.5847726941045,231.77484606046073,231.77484606046073,0.7915350539467961
3731,2021-11-25,2021,6,22,Colorado Rapids,Portland Timbers,1593.4052112837237,1581.2154645565383,132.18974672718537,132.18974672718537,0.6815589444500773
3732,2021-11-28,2021,21,16,Philadelphia Union,Nashville SC,1577.5507776673294,1575.846643518408,121.70413414892141,121.70413414892141,0.6683175307329444
3733,2021-11-28,2021,27,23,Sporting Kansas City,Real Salt Lake,1554.7338138519701,1494.8731490427745,179.86066480919567,179.86066480919567,0.7379539580077424
3734,2021-12-01,2021,17,18,New England Revolution,New York City,1651.6183800417464,1568.9704710554024,202.64790898634396,202.64790898634396,0.7625181543316775
3735,2021-12-04,2021,22,23,Portland Timbers,Real Salt Lake,1598.2544381677903,1513.321997992968,204.93244017482243,204.93244017482243,0.7648913328567063
3736,2021-12-05,2021,21,18,Philadelphia Union,New York City,1573.3428393990057,1575.5334249136943,117.80941448531144,-117.80941448531144,0.6633291340000438
3737,2021-12-11,2021,22,18,Portland Timbers,New York City,1604.1321548463727,1592.1166532636953,132.01550158267742,-132.01550158267742,0.6813412096138763
3738,2022-02-26,2022,1,9,Austin FC,FC Cincinnati,1404.041551129032,1278.5851414878275,245.45640964120457,245.45640964120457,0.8042324997936768
3739,2022-02-26,2022,7,30,Columbus Crew,Vancouver Whitecaps,1529.2103296121834,1526.232692146438,122.97763746574537,122.97763746574537,0.6699405499217457
3740,2022-02-26,2022,8,3,DC United,Charlotte,1483.202396773422,1500.0,103.20239677342192,103.20239677342192,0.6443009106911235
3741,2022-02-26,2022,10,29,FC Dallas,Toronto FC,1448.8197362953158,1431.8579149450522,136.96182135026356,136.96182135026356,0.6874910323542298
3742,2022-02-26,2022,12,4,Inter Miami,Chicago Fire,1449.9611577017843,1434.3702523296054,135.5909053721789,-135.5909053721789,0.6857930355750973
3743,2022-02-26,2022,13,6,Los Angeles FC,Colorado Rapids,1525.4388694674312,1576.3662376724717,69.07263179495953,69.07263179495953,0.5981142706225466
3744,2022-02-26,2022,21,15,Philadelphia Union,Minnesota United,1556.7596110490047,1539.4579957882706,137.30161526073402,137.30161526073402,0.6879111214712489
3745,2022-02-26,2022,25,19,San Jose Earthquakes,New York Red Bulls,1478.498542847661,1543.6618904951374,54.836652352523515,54.836652352523515,0.5782674531884504
3746,2022-02-27,2022,0,27,Atlanta Utd,Sporting Kansas City,1520.123097457981,1536.2849649017767,103.8381325562043,103.8381325562043,0.6451391617012855
3747,2022-02-27,2022,20,2,Orlando City,CF Montreal,1520.0481308216397,1459.3215740193282,180.7265568023115,180.7265568023115,0.7389167015029909
3748,2022-02-27,2022,22,17,Portland Timbers,New England Revolution,1599.5986246060259,1645.0554261834545,74.54319842257132,74.54319842257132,0.6056599647729043
3749,2022-02-28,2022,11,23,Houston Dynamo,Real Salt Lake,1379.5963971304293,1507.4442813143855,-7.847884183956239,-7.847884183956239,0.48870790720609014
3750,2022-02-28,2022,26,16,Seattle Sounders,Nashville SC,1592.0712424058952,1580.0545817867317,132.01666061916353,132.01666061916353,0.6813426581950613
3751,2022-03-05,2022,2,21,CF Montreal,Philadelphia Union,1452.794491556903,1552.0618330122234,20.73265854467968,20.73265854467968,0.5298013291430752
3752,2022-03-05,2022,4,20,Chicago Fire,Orlando City,1439.0150782189828,1526.5752132840648,32.43986493491798,32.43986493491798,0.5465495263161716
3753,2022-03-05,2022,6,0,Colorado Rapids,Atlanta Utd,1566.3190944380353,1528.994618415449,157.3244760225864,157.3244760225864,0.7121056029401055
3754,2022-03-05,2022,9,8,FC Cincinnati,DC United,1273.6909539826695,1492.0948740061438,-98.40392002347426,98.40392002347426,0.3620544088063754
3755,2022-03-05,2022,15,16,Minnesota United,Nashville SC,1544.155773825052,1597.0881482416082,67.06762558344371,67.06762558344371,0.5953368259221871
3756,2022-03-05,2022,17,10,New England Revolution,FC Dallas,1647.6969253027771,1444.13246048646,323.564464816317,323.564464816317,0.8655981738845132
3757,2022-03-05,2022,23,26,Real Salt Lake,Seattle Sounders,1507.1619789945378,1575.0376759510186,52.12430304351915,52.12430304351915,0.5744551327498381
3758,2022-03-05,2022,25,7,San Jose Earthquakes,Columbus Crew,1464.0418565179498,1537.4618158641397,46.5800406538101,-46.5800406538101,0.5666353044140767
3759,2022-03-05,2022,27,11,Sporting Kansas City,Houston Dynamo,1527.4134439443087,1379.878699450277,267.53474449403166,267.53474449403166,0.8234725440336299
3760,2022-03-05,2022,29,19,Toronto FC,New York Red Bulls,1436.545190753908,1558.1185768248488,-1.5733860709408418,-1.5733860709408418,0.49773573090818035
3761,2022-03-05,2022,30,18,Vancouver Whitecaps,New York City,1517.9812058944817,1596.6501835040422,41.33102239043956,-41.33102239043956,0.5592011232803287
3762,2022-03-06,2022,1,12,Austin FC,Inter Miami,1408.93573863419,1445.3163318124068,83.61940682178329,83.61940682178329,0.6180670788003464
3763,2022-03-06,2022,3,14,Charlotte,Los Angeles Galaxy,1491.1075227672782,1479.7092200763288,131.39830269094932,-131.39830269094932,0.6805693277490742
3764,2022-03-07,2022,13,22,Los Angeles FC,Portland Timbers,1535.4860127018676,1596.9571254867033,58.52888721516433,58.52888721516433,0.5834420046243253
3765,2022-03-12,2022,7,29,Columbus Crew,Toronto FC,1539.1276984744916,1424.1017974812034,235.02590099328813,235.02590099328813,0.7946062499826119
3766,2022-03-12,2022,11,30,Houston Dynamo,Vancouver Whitecaps,1375.4655130511178,1516.5011778124735,-21.035664761355747,-21.035664761355747,0.4697641816502851
3767,2022-03-12,2022,12,13,Inter Miami,Los Angeles FC,1435.7680087824156,1533.3999625862596,22.368046196156,-22.368046196156,0.5321458053030396
3768,2022-03-12,2022,18,2,New York City,CF Montreal,1598.1302115860503,1439.5494583283262,278.58075325772415,278.58075325772415,0.8325264722164774
3769,2022-03-12,2022,26,14,Seattle Sounders,Los Angeles Galaxy,1564.3990542697645,1496.7234532700556,187.67560099970888,187.67560099970888,0.7465597583327652
3770,2022-03-13,2022,0,3,Atlanta Utd,Charlotte,1521.7972584889517,1474.0932895735514,167.7039689154003,167.7039689154003,0.7241980056837043
3771,2022-03-13,2022,6,27,Colorado Rapids,Sporting Kansas City,1573.5164543645326,1531.826630343468,161.68982402106462,161.68982402106462,0.7172297408814183
3772,2022-03-13,2022,8,4,DC United,Chicago Fire,1501.1462342263032,1437.8513400610784,183.29489416522483,183.29489416522483,0.7417588261070543
3773,2022-03-13,2022,10,16,FC Dallas,Nashville SC,1440.7724148335728,1599.4715688896629,-38.69915405609004,-38.69915405609004,0.44453662245674747
3774,2022-03-13,2022,17,23,New England Revolution,Real Salt Lake,1651.0569709556644,1517.8006006757919,253.2563702798725,253.2563702798725,0.8112052804300041
3775,2022-03-13,2022,19,15,New York Red Bulls,Minnesota United,1570.5619700975533,1541.7723531769973,148.789616920556,148.789616920556,0.7019292800753895
3776,2022-03-13,2022,20,9,Orlando City,FC Cincinnati,1527.7389514419692,1264.63959376251,383.0993576794592,383.0993576794592,0.9007241914432894
3777,2022-03-13,2022,21,25,Philadelphia Union,San Jose Earthquakes,1565.3068662408002,1462.3759739075979,222.93089233320234,222.93089233320234,0.783009859974809
3778,2022-03-13,2022,22,1,Portland Timbers,Austin FC,1599.0431756023113,1418.4840616641814,300.55911393812994,300.55911393812994,0.8494325444400364
3779,2022-03-19,2022,0,2,Atlanta Utd,CF Montreal,1528.6923083468591,1435.3626201337381,213.32968821312102,213.32968821312102,0.7734726110129984
3780,2022-03-19,2022,3,17,Charlotte,New England Revolution,1467.198239715644,1630.7768389449143,-43.57859922927037,43.57859922927037,0.43761218401716473
3781,2022-03-19,2022,4,27,Chicago Fire,Sporting Kansas City,1456.3953107137547,1524.7573738655035,51.63793684825123,51.63793684825123,0.5737705738723753
3782,2022-03-19,2022,9,12,FC Cincinnati,Inter Miami,1287.1576985485922,1422.4643636498395,-15.30666510124729,-15.30666510124729,0.47798617887079403
3783,2022-03-19,2022,14,20,Los Angeles Galaxy,Orlando City,1490.3874472283749,1505.220846655887,105.16660057248782,105.16660057248782,0.6468879385748132
3784,2022-03-19,2022,18,21,New York City,Philadelphia Union,1602.3170497806384,1570.73161974143,151.5854300392084,151.5854300392084,0.7052855591449748
3785,2022-03-19,2022,29,8,Toronto FC,DC United,1418.9669537307686,1482.602263573627,56.364690157141695,56.364690157141695,0.5804111036909256
3786,2022-03-20,2022,1,26,Austin FC,Seattle Sounders,1414.7198752751822,1570.7350603114453,-36.01518503626312,-36.01518503626312,0.44835483271519444
3787,2022-03-20,2022,10,22,FC Dallas,Portland Timbers,1454.6589992721542,1602.8073619913105,-28.14836271915624,-28.14836271915624,0.45957964859251677
3788,2022-03-20,2022,11,6,Houston Dynamo,Colorado Rapids,1388.7214085098606,1580.585710842497,-71.8643023326365,-71.8643023326365,0.39802905421366425
3789,2022-03-20,2022,15,25,Minnesota United,San Jose Earthquakes,1559.320585178882,1456.951220406968,222.36936477191398,222.36936477191398,0.7824601531818659
3790,2022-03-20,2022,19,7,New York Red Bulls,Columbus Crew,1553.0137380956685,1544.2625422249264,128.7511958707421,128.7511958707421,0.6772475976769241
3791,2022-03-20,2022,23,16,Real Salt Lake,Nashville SC,1538.080732686542,1585.5849844510815,72.4957482354605,72.4957482354605,0.6028415499325455
3792,2022-03-21,2022,13,30,Los Angeles FC,Vancouver Whitecaps,1546.7036077188357,1503.2452823537308,163.45832536510488,163.45832536510488,0.7192898489422209
3793,2022-03-26,2022,3,9,Charlotte,FC Cincinnati,1481.2579351152149,1300.2080440768223,301.0498910383926,301.0498910383926,0.8497935145022624
3794,2022-03-26,2022,27,23,Sporting Kansas City,Real Salt Lake,1514.101638212313,1548.0096939382283,86.09194427408465,86.09194427408465,0.6214212464223837
3795,2022-03-27,2022,22,20,Portland Timbers,Orlando City,1589.2968532061234,1521.3930451202573,187.9038080858661,187.9038080858661,0.7468082342299001
3796,2022-04-02,2022,4,10,Chicago Fire,FC Dallas,1467.0510463669452,1468.1695080573413,118.88153830960391,118.88153830960391,0.664706014734856
3797,2022-04-02,2022,7,16,Columbus Crew,Nashville SC,1548.6937321668495,1575.6560231993951,93.03770896745436,93.03770896745436,0.6307808449283056
3798,2022-04-02,2022,9,2,FC Cincinnati,CF Montreal,1296.4528819393788,1442.199435409063,-25.74655346968416,-25.74655346968416,0.4630154064265052
3799,2022-04-02,2022,29,18,Toronto FC,New York City,1429.4566761384956,1584.684910802014,-35.22823466351838,35.22823466351838,0.4494755229570274
3800,2022-04-03,2022,6,23,Colorado Rapids,Real Salt Lake,1578.0364371978387,1538.545225098788,159.4912120990507,159.4912120990507,0.7146558736741857
3801,2022-04-03,2022,8,0,DC United,Atlanta Utd,1472.1125411659,1521.8554930715343,70.2570480943657,70.2570480943657,0.5997520474337814
3802,2022-04-03,2022,12,11,Inter Miami,Houston Dynamo,1409.4140181216094,1391.270682154519,138.14333596709048,138.14333596709048,0.6889504150427677
3803,2022-04-03,2022,15,26,Minnesota United,Seattle Sounders,1564.7590813493355,1569.4439311293252,115.31515022001031,115.31515022001031,0.6601151408030922
3804,2022-04-03,2022,17,19,New England Revolution,New York Red Bulls,1616.7171435453433,1548.5825481537454,188.13459539159794,188.13459539159794,0.7470593557021442
3805,2022-04-03,2022,20,13,Orlando City,Los Angeles FC,1527.5632509760048,1553.7213614952802,93.8418894807246,93.8418894807246,0.6318583227487984
3806,2022-04-03,2022,21,3,Philadelphia Union,Charlotte,1588.3637587200544,1485.0130972526583,223.3506614673961,223.3506614673961,0.7834201361736967
3807,2022-04-03,2022,22,14,Portland Timbers,Los Angeles Galaxy,1583.1266473503758,1474.2152487640046,228.9113985863712,228.9113985863712,0.7888021130022205
3808,2022-04-03,2022,25,1,San Jose Earthquakes,Austin FC,1451.5127242365147,1416.0110044573023,155.5017197792124,155.5017197792124,0.7099497182254688
3809,2022-04-03,2022,30,27,Vancouver Whitecaps,Sporting Kansas City,1496.2275285772862,1523.5661070517533,92.66142152553289,92.66142152553289,0.6302762289266206
3810,2022-04-09,2022,12,17,Inter Miami,New England Revolution,1392.1902577455403,1598.0406596527898,-85.85040190724953,85.85040190724953,0.37890591689773334
3811,2022-04-09,2022,19,2,New York Red Bulls,CF Montreal,1567.259032046299,1453.7748205697255,233.48421147657336,233.48421147657336,0.7931540516792416
3812,2022-04-09,2022,20,4,Orlando City,Chicago Fire,1511.766792907285,1462.9333959985738,168.83339690871117,168.83339690871117,0.7254946918165605
3813,2022-04-09,2022,21,7,Philadelphia Union,Columbus Crew,1593.778255315712,1532.924211043642,180.85404427207004,180.85404427207004,0.7390582553292088
3814,2022-04-10,2022,3,0,Charlotte,Atlanta Utd,1479.5986006570008,1536.849294257379,62.7493063996219,62.7493063996219,0.5893342880213879
3815,2022-04-10,2022,10,6,FC Dallas,Colorado Rapids,1472.2871584257127,1572.6700403559842,19.617118069728576,19.617118069728576,0.5282013397738533
3816,2022-04-10,2022,11,25,Houston Dynamo,San Jose Earthquakes,1408.494442530588,1446.263981280878,82.23046124971006,82.23046124971006,0.6161779068841982
3817,2022-04-10,2022,14,13,Los Angeles Galaxy,Los Angeles FC,1493.9353015890601,1569.517819564,44.41748202506005,44.41748202506005,0.5635759095086972
3818,2022-04-10,2022,23,29,Real Salt Lake,Toronto FC,1543.9116219406426,1443.21978806457,220.69183387607268,220.69183387607268,0.7808119524710716
3819,2022-04-10,2022,27,16,Sporting Kansas City,Nashville SC,1514.3230127749189,1591.4255443226027,42.89746845231616,42.89746845231616,0.5614226162295817
3820,2022-04-10,2022,30,22,Vancouver Whitecaps,Portland Timbers,1505.4706228541206,1563.4065945253203,62.064028328800305,-62.064028328800305,0.5883792400301651
3821,2022-04-11,2022,1,15,Austin FC,Minnesota United,1421.259747412939,1548.2562028292582,-6.996455416319122,-6.996455416319122,0.48993265206947656
3822,2022-04-16,2022,0,9,Atlanta Utd,FC Cincinnati,1526.5826514579137,1284.8774967787162,361.70515467919745,361.70515467919745,0.889155344814173
3823,2022-04-16,2022,2,30,CF Montreal,Vancouver Whitecaps,1473.6036718617065,1490.7611418533666,102.84253000833996,102.84253000833996,0.6438260145697405
3824,2022-04-16,2022,11,22,Houston Dynamo,Portland Timbers,1418.0899948584831,1578.1160755260744,-40.02608066759126,-40.02608066759126,0.44265132658708084
3825,2022-04-16,2022,25,16,San Jose Earthquakes,Nashville SC,1436.6684289529828,1605.4611097283423,-48.792680775359486,48.792680775359486,0.4302397005712452
3826,2022-04-17,2022,4,14,Chicago Fire,Los Angeles Galaxy,1456.0707632939877,1504.8459038513427,71.22485944264508,71.22485944264508,0.6010886578993018
3827,2022-04-17,2022,7,20,Columbus Crew,Orlando City,1526.4006674268721,1518.629425611871,127.77124181500108,127.77124181500108,0.6760133234247346
3828,2022-04-17,2022,8,1,DC United,Austin FC,1457.1187399800554,1434.0114311112022,143.10730886885312,143.10730886885312,0.6950406597974478
3829,2022-04-17,2022,13,27,Los Angeles FC,Sporting Kansas City,1558.6072173017176,1500.2874473691793,178.3197699325383,178.3197699325383,0.736235059044228
3830,2022-04-17,2022,15,6,Minnesota United,Colorado Rapids,1535.504519130995,1560.8750738503304,94.62944528066464,94.62944528066464,0.6329122519756564
3831,2022-04-17,2022,17,3,New England Revolution,Charlotte,1582.513307575233,1489.865243456466,212.64806411876702,212.64806411876702,0.7727843835538961
3832,2022-04-17,2022,18,23,New York City,Real Salt Lake,1570.9217988759397,1536.891323128866,154.03047574707375,154.03047574707375,0.708202643023045
3833,2022-04-17,2022,19,10,New York Red Bulls,FC Dallas,1547.430180754318,1484.0821249313665,183.34805582295144,183.34805582295144,0.7418174413121961
3834,2022-04-17,2022,26,12,Seattle Sounders,Inter Miami,1585.9468096494024,1407.717609823097,298.2291998263054,298.2291998263054,0.8477091319745639
3835,2022-04-17,2022,29,21,Toronto FC,Philadelphia Union,1450.2400868763466,1600.3017989324817,-30.061712056135093,30.061712056135093,0.45684535741706483
3836,2022-04-23,2022,10,11,FC Dallas,Houston Dynamo,1490.1275609641714,1419.523711693806,190.60384927036534,190.60384927036534,0.7497358444748099
3837,2022-04-23,2022,15,4,Minnesota United,Chicago Fire,1544.6817128316036,1453.5435468465053,211.13816598509834,211.13816598509834,0.7712546068833954
3838,2022-04-23,2022,21,2,Philadelphia Union,CF Montreal,1586.7229328679084,1482.508021497463,224.2149113704454,224.2149113704454,0.7842630729760774
3839,2022-04-24,2022,1,30,Austin FC,Vancouver Whitecaps,1451.3874476061385,1481.85679221761,89.53065538852843,89.53065538852843,0.626066794925271
3840,2022-04-24,2022,6,3,Colorado Rapids,Charlotte,1551.6978801497219,1484.1848530453135,187.51302710440837,187.51302710440837,0.7463826467966092
3841,2022-04-24,2022,8,17,DC United,New England Revolution,1439.742723485119,1588.1936979863856,-28.4509745012665,-28.4509745012665,0.4591470318460281
3842,2022-04-24,2022,9,13,FC Cincinnati,Los Angeles FC,1294.6063803990705,1565.2013408256119,-150.59496042654132,150.59496042654132,0.295900948946499
3843,2022-04-24,2022,14,16,Los Angeles Galaxy,Nashville SC,1507.3731202988251,1603.7171022426235,23.656018056201674,23.656018056201674,0.5339912360783298
3844,2022-04-24,2022,18,29,New York City,Toronto FC,1578.2167328003636,1463.8189529409199,234.39777985944374,234.39777985944374,0.794015504107063
3845,2022-04-24,2022,20,19,Orlando City,New York Red Bulls,1535.5297586974893,1541.384744721513,114.14501397597633,114.14501397597633,0.6586022393438026
3846,2022-04-24,2022,22,23,Portland Timbers,Real Salt Lake,1576.6823586907515,1529.596389204442,167.08596948630952,167.08596948630952,0.7234868829488644
3847,2022-04-24,2022,25,26,San Jose Earthquakes,Seattle Sounders,1438.4124364387017,1564.7540813500384,-6.3416449113367435,6.3416449113367435,0.4908746527346137
3848,2022-04-24,2022,27,7,Sporting Kansas City,Columbus Crew,1493.693323845285,1509.5003343412538,104.19298950403117,104.19298950403117,0.6456066724484337
3849,2022-04-30,2022,2,0,CF Montreal,Atlanta Utd,1489.6145983218648,1516.8537678375594,92.76083048430542,92.76083048430542,0.6304095679092175
3850,2022-04-30,2022,11,1,Houston Dynamo,Austin FC,1413.2671078056762,1460.7357777330067,72.53133007266956,72.53133007266956,0.6028905889659182
3851,2022-04-30,2022,23,14,Real Salt Lake,Los Angeles Galaxy,1535.1835612781636,1519.023339396867,136.1602218812966,136.1602218812966,0.6864987899953716
3852,2022-04-30,2022,29,9,Toronto FC,FC Cincinnati,1458.6693405435965,1287.208856675408,291.4604838681885,291.4604838681885,0.8426105301334272
3853,2022-05-01,2022,4,19,Chicago Fire,New York Red Bulls,1447.82491201859,1557.849800705108,9.975111313482103,-9.975111313482103,0.5143513960489662
3854,2022-05-01,2022,6,22,Colorado Rapids,Portland Timbers,1545.5383139798066,1571.0951866170299,94.44312736277675,94.44312736277675,0.6326630304301994
3855,2022-05-01,2022,7,8,Columbus Crew,DC United,1513.1405011524646,1453.2640476889683,179.87645346349632,179.87645346349632,0.7379715331274327
3856,2022-05-01,2022,16,21,Nashville SC,Philadelphia Union,1592.0668831445817,1579.6163560435066,132.45052710107507,132.45052710107507,0.6818846646139063
3857,2022-05-01,2022,17,12,New England Revolution,Inter Miami,1574.6723737825364,1428.910338122461,265.7620356600753,265.7620356600753,0.8219842572024186
3858,2022-05-01,2022,18,25,New York City,San Jose Earthquakes,1583.366345197687,1451.1405701203364,252.2257750773506,252.2257750773506,0.8102950199081148
3859,2022-05-01,2022,20,3,Orlando City,Charlotte,1519.0647027138943,1490.3444192152288,148.7202834986656,148.7202834986656,0.7018457686292201
3860,2022-05-01,2022,27,10,Sporting Kansas City,FC Dallas,1490.0531570340743,1496.3841648523012,113.66899218177309,113.66899218177309,0.6579858502867957
3861,2022-05-02,2022,13,15,Los Angeles FC,Minnesota United,1572.5988645492744,1550.4003476595187,142.19851688975564,142.19851688975564,0.6939306809649906
3862,2022-05-05,2022,9,29,FC Cincinnati,Toronto FC,1308.2741199287436,1437.6040772902609,-9.329957361517245,-9.329957361517245,0.48657633859694277
3863,2022-05-07,2022,0,4,Atlanta Utd,Chicago Fire,1507.61400703529,1434.9661271173659,192.647879917924,192.647879917924,0.7519371013885374
3864,2022-05-07,2022,2,20,CF Montreal,Orlando City,1498.8543591241344,1526.5185584981639,92.33580062597048,92.33580062597048,0.6298393287618672
3865,2022-05-07,2022,3,12,Charlotte,Inter Miami,1482.8905634309592,1424.4599445525216,178.4306188784376,178.4306188784376,0.736358954493024
3866,2022-05-08,2022,8,11,DC United,Houston Dynamo,1446.713336017154,1398.1948430815282,168.51849293562577,168.51849293562577,0.7251335346277736
3867,2022-05-08,2022,10,26,FC Dallas,Seattle Sounders,1500.333811109471,1552.0259476684037,68.30786344106741,68.30786344106741,0.5970556038535844
3868,2022-05-08,2022,13,21,Los Angeles FC,Philadelphia Union,1580.2505975251497,1584.1634726588543,116.08712486629543,116.08712486629543,0.6611114648922672
3869,2022-05-08,2022,15,9,Minnesota United,FC Cincinnati,1542.7486146836434,1321.10971146382,341.6389032198233,341.6389032198233,0.8772488549610246
3870,2022-05-08,2022,16,23,Nashville SC,Real Salt Lake,1587.519766529234,1543.0210915282792,164.4986750009548,164.4986750009548,0.7204974564341161
3871,2022-05-08,2022,17,7,New England Revolution,Columbus Crew,1579.1227673524759,1519.6912128242789,179.431554528197,179.431554528197,0.7374760034433891
3872,2022-05-08,2022,18,27,New York City,Sporting Kansas City,1588.108969699984,1486.1035107769044,222.0054589230797,222.0054589230797,0.7821033713990866
3873,2022-05-08,2022,19,22,New York Red Bulls,Portland Timbers,1570.7085856063322,1561.911762377785,128.79682322854728,128.79682322854728,0.6773050063824071
3874,2022-05-08,2022,25,6,San Jose Earthquakes,Colorado Rapids,1446.3979456180393,1554.7217382190515,11.676207398987799,11.676207398987799,0.5167970900137142
3875,2022-05-08,2022,30,29,Vancouver Whitecaps,Toronto FC,1472.508462090742,1424.7684857551844,167.73997633555746,167.73997633555746,0.7242394039589193
3876,2022-05-09,2022,1,14,Austin FC,Los Angeles Galaxy,1475.8080424571547,1511.1858091467514,84.62223331040332,84.62223331040332,0.6194288592471037
3877,2022-05-14,2022,6,13,Colorado Rapids,Los Angeles FC,1542.6416654693944,1576.222810902843,86.41885456655132,86.41885456655132,0.621863862591343
3878,2022-05-14,2022,29,20,Toronto FC,Orlando City,1417.8744708541574,1517.2645417172105,20.609929136946903,-20.609929136946903,0.5296253310743532
3879,2022-05-15,2022,0,17,Atlanta Utd,New England Revolution,1513.8155795005764,1573.1858672663911,60.62971223418526,60.62971223418526,0.5863781356788635
3880,2022-05-15,2022,3,2,Charlotte,CF Montreal,1489.4815895686336,1508.1083759050878,101.37321366354581,101.37321366354581,0.6418841105171764
3881,2022-05-15,2022,4,9,Chicago Fire,FC Cincinnati,1428.7645546520794,1343.0409328378457,205.72362181423364,205.72362181423364,0.7657093754183423
3882,2022-05-15,2022,11,16,Houston Dynamo,Nashville SC,1391.3231814472226,1594.507330118381,-83.18414867115848,-83.18414867115848,0.38252455582332623
3883,2022-05-15,2022,12,8,Inter Miami,DC United,1417.8689184148473,1453.5849976514596,84.28392076338764,84.28392076338764,0.6189696591463628
3884,2022-05-15,2022,14,10,Los Angeles Galaxy,FC Dallas,1526.6715306279289,1510.4074210131314,136.26410961479746,136.26410961479746,0.6866274816896955
3885,2022-05-15,2022,18,7,New York City,Columbus Crew,1581.0563854150068,1525.6281129103636,175.42827250464325,175.42827250464325,0.7329900713483042
3886,2022-05-15,2022,21,19,Philadelphia Union,New York Red Bulls,1588.191259281161,1566.2759604467722,141.91529883438875,141.91529883438875,0.6935843033976133
3887,2022-05-15,2022,22,27,Portland Timbers,Sporting Kansas City,1566.344387537345,1493.1560950618816,193.1882924754634,193.1882924754634,0.7525169089381578
3888,2022-05-15,2022,23,1,Real Salt Lake,Austin FC,1536.033527939132,1460.3223209759772,195.71120696315484,195.71120696315484,0.7552116847106499
3889,2022-05-15,2022,26,15,Seattle Sounders,Minnesota United,1541.9523377647433,1520.8173933096177,141.1349444551256,141.1349444551256,0.6926287940754486
3890,2022-05-15,2022,30,25,Vancouver Whitecaps,San Jose Earthquakes,1479.402476991769,1458.4780183676964,140.92445862407249,140.92445862407249,0.6923707798746217
3891,2022-05-19,2022,8,18,DC United,New York City,1456.5592391301186,1587.7316336312992,-11.172394501180634,11.172394501180634,0.48392717154002274
3892,2022-05-19,2022,11,26,Houston Dynamo,Seattle Sounders,1406.7600675516394,1549.6366179128572,-22.876550361217824,22.876550361217824,0.4671254922820154
3893,2022-05-19,2022,13,1,Los Angeles FC,Austin FC,1566.7694074676267,1454.2026130937434,232.56679437388334,232.56679437388334,0.7922862929995514
3894,2022-05-19,2022,15,14,Minnesota United,Los Angeles Galaxy,1513.1331131615038,1509.5058435856865,123.62726957581731,123.62726957581731,0.6707669211774943
3895,2022-05-19,2022,16,2,Nashville SC,CF Montreal,1579.0704440139643,1524.1554786680172,174.91496534594717,174.91496534594717,0.7324113662658042
3896,2022-05-19,2022,19,4,New York Red Bulls,Chicago Fire,1571.1155680317124,1409.6218202666207,281.4937477650917,281.4937477650917,0.834851427320483
3897,2022-05-19,2022,21,12,Philadelphia Union,Inter Miami,1583.3516516962206,1414.8946769361883,288.4569747600324,288.4569747600324,0.8403040136807567
3898,2022-05-19,2022,25,22,San Jose Earthquakes,Portland Timbers,1463.287287864562,1572.531464813891,10.75582305067087,10.75582305067087,0.5154739306401097
3899,2022-05-19,2022,27,6,Sporting Kansas City,Colorado Rapids,1486.9690177853356,1552.0950689046108,54.87394888072481,54.87394888072481,0.5783198111431266
3900,2022-05-19,2022,30,10,Vancouver Whitecaps,FC Dallas,1474.5932074949035,1527.5731080553737,67.02009943952976,-67.02009943952976,0.595270915205742
3901,2022-05-21,2022,7,13,Columbus Crew,Los Angeles FC,1518.9528646940712,1546.962250142638,91.99061455143328,91.99061455143328,0.6293759448703405
3902,2022-05-21,2022,8,29,DC United,Toronto FC,1444.461059841618,1404.6338375772984,159.82722226431952,159.82722226431952,0.7150501435572015
3903,2022-05-21,2022,9,17,FC Cincinnati,New England Revolution,1362.1836672233044,1575.3453206583627,-93.16165343505827,-93.16165343505827,0.369053003281887
3904,2022-05-22,2022,2,23,CF Montreal,Real Salt Lake,1517.4657628246623,1542.1532358213658,95.31252700329651,95.31252700329651,0.6338253434338831
3905,2022-05-22,2022,3,30,Charlotte,Vancouver Whitecaps,1473.4344868057042,1484.71143461476,108.72305219094414,108.72305219094414,0.6515501830774334
3906,2022-05-22,2022,12,19,Inter Miami,New York Red Bulls,1423.4022772782073,1562.7442823487004,-19.342005070493087,19.342005070493087,0.4721933376789605
3907,2022-05-22,2022,16,0,Nashville SC,Atlanta Utd,1585.7601598573192,1511.656126108605,194.1040337487143,194.1040337487143,0.7534973275798483
3908,2022-05-22,2022,18,4,New York City,Chicago Fire,1599.8298129198,1417.9931059496328,301.83670697016714,301.83670697016714,0.8503707362492745
3909,2022-05-23,2022,1,20,Austin FC,Orlando City,1474.0097704187322,1530.5051749940694,63.50459542466274,63.50459542466274,0.5903861280405462
3910,2022-05-23,2022,6,26,Colorado Rapids,Seattle Sounders,1541.553064183189,1561.3147552199075,100.2383089632815,100.2383089632815,0.6403809806267209
3911,2022-05-23,2022,10,15,FC Dallas,Minnesota United,1517.4548809355172,1508.8639401320665,128.59094080345062,128.59094080345062,0.677045921122944
3912,2022-05-23,2022,14,11,Los Angeles Galaxy,Houston Dynamo,1513.7750166151238,1395.081930244589,238.69308637053473,238.69308637053473,0.7980301349037949
3913,2022-05-23,2022,22,21,Portland Timbers,Philadelphia Union,1560.4183130798938,1574.8440513542018,105.57426172569194,105.57426172569194,0.6474237929206599
3914,2022-05-23,2022,25,27,San Jose Earthquakes,Sporting Kansas City,1475.4004395985592,1497.5110225067574,97.88941709180176,97.88941709180176,0.6372612413315851
3915,2022-05-28,2022,13,25,Los Angeles FC,San Jose Earthquakes,1562.6966487643965,1471.9689085652694,210.72774019912708,210.72774019912708,0.770837527545802
3916,2022-05-29,2022,0,7,Atlanta Utd,Columbus Crew,1517.993559298101,1503.2184660723126,134.7750932257884,134.7750932257884,0.6847802137787575
3917,2022-05-29,2022,2,9,CF Montreal,FC Cincinnati,1501.6201292388153,1352.9573421412572,268.66278709755807,268.66278709755807,0.8244144982457842
3918,2022-05-29,2022,6,16,Colorado Rapids,Nashville SC,1550.543539667521,1579.422726667823,91.12081299969782,91.12081299969782,0.6282072527103107
3919,2022-05-29,2022,12,22,Inter Miami,Portland Timbers,1436.5974438362332,1544.2327182568772,12.36472557935599,12.36472557935599,0.5177867618923824
3920,2022-05-29,2022,14,1,Los Angeles Galaxy,Austin FC,1493.824263242529,1471.7501172177185,142.0741460248105,142.0741460248105,0.6937786015186475
3921,2022-05-29,2022,15,18,Minnesota United,New York City,1525.7900881601402,1603.570544513568,42.21954364657222,-42.21954364657222,0.5604614977669777
3922,2022-05-29,2022,17,21,New England Revolution,Philadelphia Union,1584.5716457404098,1591.0296461772184,113.54199956319144,113.54199956319144,0.6578213203445477
3923,2022-05-29,2022,19,8,New York Red Bulls,DC United,1549.5491157906745,1439.084806252688,230.46430953798654,230.46430953798654,0.790287491847991
3924,2022-05-29,2022,20,10,Orlando City,FC Dallas,1532.764828195083,1500.5287329074436,152.2360952876395,152.2360952876395,0.7060634979011065
3925,2022-05-29,2022,23,11,Real Salt Lake,Houston Dynamo,1557.9988694072129,1415.032683617184,262.96618579002893,262.96618579002893,0.8196170382303423
3926,2022-05-29,2022,27,30,Sporting Kansas City,Vancouver Whitecaps,1500.9425535400471,1476.0001891916959,144.94236434835125,144.94236434835125,0.6972750507357971
3927,2022-05-29,2022,29,4,Toronto FC,Chicago Fire,1410.0100911662284,1414.2523743558647,115.75771681036372,-115.75771681036372,0.6606864990272033
3928,2022-05-30,2022,26,3,Seattle Sounders,Charlotte,1552.3242797355756,1482.1457322287683,190.17854750680726,190.17854750680726,0.749276196655433
3929,2022-06-05,2022,30,23,Vancouver Whitecaps,Real Salt Lake,1493.4320654600908,1562.5084434514542,50.923622008636585,-50.923622008636585,0.572764665976617
3930,2022-06-11,2022,3,19,Charlotte,New York Red Bulls,1475.8776371451543,1554.7919284944746,41.085708650679635,-41.085708650679635,0.5588530086135753
3931,2022-06-12,2022,16,25,Nashville SC,San Jose Earthquakes,1595.1279079855808,1466.2398467539144,248.88806123166637,248.88806123166637,0.8073239682819615
3932,2022-06-12,2022,27,17,Sporting Kansas City,New England Revolution,1483.5106772716522,1580.6261127317962,22.884564539856,-22.884564539856,0.5328859911729182
3933,2022-06-15,2022,26,30,Seattle Sounders,Vancouver Whitecaps,1558.5923748191897,1504.1129488106753,174.47942600851434,174.47942600851434,0.7319197132268207
3934,2022-06-16,2022,17,20,New England Revolution,Orlando City,1593.948262511119,1515.1132407475554,198.83502176356365,198.83502176356365,0.7585207107530985
3935,2022-06-18,2022,14,22,Los Angeles Galaxy,Portland Timbers,1501.479798204563,1532.1773873041868,89.30241090037612,89.30241090037612,0.6257591550851127
3936,2022-06-18,2022,26,13,Seattle Sounders,Los Angeles FC,1565.2943819885193,1568.4257105757515,116.86867141276775,116.86867141276775,0.6621186903700017
3937,2022-06-19,2022,0,12,Atlanta Utd,Inter Miami,1500.874053953632,1448.6527747889236,172.22127916470845,172.22127916470845,0.7293614730399396
3938,2022-06-19,2022,2,1,CF Montreal,Austin FC,1506.0097667826706,1464.0945822556846,161.91518452698597,161.91518452698597,0.7174927695549683
3939,2022-06-19,2022,4,8,Chicago Fire,DC United,1405.7695368315449,1433.8419935488878,91.9275432826571,91.9275432826571,0.6292912511123024
3940,2022-06-19,2022,7,3,Columbus Crew,Charlotte,1520.3379714167816,1486.9063119298148,153.43165948696674,153.43165948696674,0.7074897907342165
3941,2022-06-19,2022,10,30,FC Dallas,Vancouver Whitecaps,1518.1803203549712,1497.4109416413457,140.76937871362543,140.76937871362543,0.6921806054486059
3942,2022-06-19,2022,16,27,Nashville SC,Sporting Kansas City,1587.4448087785318,1470.1885274923293,237.25628128620247,237.25628128620247,0.7966937585332128
3943,2022-06-19,2022,17,15,New England Revolution,Minnesota United,1587.4852447422916,1511.7785507159658,195.70669402632575,195.70669402632575,0.7552068821018164
3944,2022-06-19,2022,18,6,New York City,Colorado Rapids,1617.5820819577423,1534.8383583497632,202.74372360797906,202.74372360797906,0.7626180174678188
3945,2022-06-19,2022,19,29,New York Red Bulls,Toronto FC,1543.763253709814,1418.4929286905483,245.27032501926578,245.27032501926578,0.8040637940337486
3946,2022-06-19,2022,20,11,Orlando City,Houston Dynamo,1521.576258516383,1410.5231095729425,231.05314894344042,231.05314894344042,0.7908487135654731
3947,2022-06-19,2022,21,9,Philadelphia Union,FC Cincinnati,1594.975179185832,1348.5677045974019,366.4074745884302,366.4074745884302,0.8917952183619915
3948,2022-06-19,2022,23,25,Real Salt Lake,San Jose Earthquakes,1551.8275601008697,1473.9229459609635,197.90461413990624,197.90461413990624,0.7575383364558793
3949,2022-06-25,2022,8,16,DC United,Nashville SC,1424.5742748266953,1567.5274648152015,-22.95318998850621,-22.95318998850621,0.4670156773774059
3950,2022-06-25,2022,9,20,FC Cincinnati,Orlando City,1358.3625850564517,1526.805040677246,-48.44245562079436,-48.44245562079436,0.43073397328606194
3951,2022-06-25,2022,26,27,Seattle Sounders,Sporting Kansas City,1561.2414147292693,1490.1058714556596,191.13554327360976,191.13554327360976,0.7503096863224781
3952,2022-06-26,2022,1,10,Austin FC,FC Dallas,1482.0319014945587,1500.875805218756,101.15609627580261,101.15609627580261,0.6415967629777597
3953,2022-06-26,2022,2,3,CF Montreal,Charlotte,1488.0724475437964,1492.0935566981702,115.97889084562621,115.97889084562621,0.6609718619289742
3954,2022-06-26,2022,11,4,Houston Dynamo,Chicago Fire,1405.2943274120794,1415.0372555537374,110.25707185834199,110.25707185834199,0.65355230769059
3955,2022-06-26,2022,12,15,Inter Miami,Minnesota United,1441.8868116149222,1505.6587227685113,56.228088846410856,56.228088846410856,0.5802195909366921
3956,2022-06-26,2022,13,19,Los Angeles FC,New York Red Bulls,1572.4786778350015,1548.6616588589704,143.81701897603102,143.81701897603102,0.6959059112096804
3957,2022-06-26,2022,21,18,Philadelphia Union,New York City,1585.1802987267822,1611.0166315210467,94.16366720573546,94.16366720573546,0.6322890875286443
3958,2022-06-26,2022,22,6,Portland Timbers,Colorado Rapids,1535.3213661813147,1541.4038087864587,113.91755739485598,113.91755739485598,0.6583077780535974
3959,2022-06-26,2022,23,7,Real Salt Lake,Columbus Crew,1557.8891016894727,1515.1507266484261,162.73837504104654,162.73837504104654,0.7184522916389802
3960,2022-06-26,2022,29,0,Toronto FC,Atlanta Utd,1413.594523541392,1507.6400171276334,25.95450641375851,-25.95450641375851,0.5372822112756366
3961,2022-06-27,2022,30,17,Vancouver Whitecaps,New England Revolution,1514.7154567775608,1593.605072689746,41.11038408781474,-41.11038408781474,0.5588880271375121
3962,2022-06-30,2022,4,21,Chicago Fire,Philadelphia Union,1406.376063246002,1594.3730715385661,-67.99700829256403,-67.99700829256403,0.40337497131225036
3963,2022-06-30,2022,9,18,FC Cincinnati,New York City,1372.5942357243002,1601.8238587092628,-109.22962298496259,109.22962298496259,0.34778807025343805
3964,2022-06-30,2022,13,10,Los Angeles FC,FC Dallas,1580.0810300547594,1504.4157242932001,195.66530576155924,195.66530576155924,0.755162834277275
3965,2022-06-30,2022,14,15,Los Angeles Galaxy,Minnesota United,1498.335819327435,1495.1642125419287,123.17160678550636,123.17160678550636,0.6701874008313432
3966,2022-06-30,2022,22,11,Portland Timbers,Houston Dynamo,1543.8636717299748,1413.9555197198147,249.90815201016017,249.90815201016017,0.8082357392785577
3967,2022-06-30,2022,26,2,Seattle Sounders,CF Montreal,1567.4836725712073,1496.548150995572,190.93552157563522,190.93552157563522,0.75009391178539
3968,2022-06-30,2022,29,7,Toronto FC,Columbus Crew,1425.162468259501,1520.6120339394006,24.55043432010052,24.55043432010052,0.5352722287358105
3969,2022-07-01,2022,3,1,Charlotte,Austin FC,1483.6178532463946,1478.4919824201147,125.12587082627988,125.12587082627988,0.6726692031457201
3970,2022-07-01,2022,19,0,New York Red Bulls,Atlanta Utd,1541.0593066392125,1496.0720724095243,164.98723422968828,164.98723422968828,0.7210634631931765
3971,2022-07-03,2022,18,0,New York City,Atlanta Utd,1598.0185604655987,1489.0986589893537,228.91990147624506,228.91990147624506,0.7888102670592883
3972,2022-07-03,2022,29,26,Toronto FC,Seattle Sounders,1411.7806625411058,1548.7313247765726,-16.95066223546678,-16.95066223546678,0.47562537240189706
3973,2022-07-03,2022,30,13,Vancouver Whitecaps,Los Angeles FC,1513.243256099123,1586.2019591978276,47.04129690129548,-47.04129690129548,0.5672871999827042
3974,2022-07-04,2022,7,21,Columbus Crew,Philadelphia Union,1533.993839657796,1579.4574458213724,74.53639383642349,74.53639383642349,0.6056506094463959
3975,2022-07-04,2022,11,3,Houston Dynamo,Charlotte,1409.1614132017787,1466.8011231677515,62.36029003402723,62.36029003402723,0.5887922117078004
3976,2022-07-04,2022,15,23,Minnesota United,Real Salt Lake,1511.9188975627123,1552.4277943984982,79.49110316421411,79.49110316421411,0.6124417255878684
3977,2022-07-04,2022,16,22,Nashville SC,Portland Timbers,1579.2028567496366,1548.6577782480108,150.54507850162577,150.54507850162577,0.70403922305577
3978,2022-07-04,2022,17,9,New England Revolution,FC Cincinnati,1595.0772733681838,1376.3995339679643,338.6777394002195,338.6777394002195,0.8754014688790365
3979,2022-07-04,2022,25,4,San Jose Earthquakes,Chicago Fire,1467.8614043723605,1421.2916889631958,166.5697154091647,166.5697154091647,0.7228919694717844
3980,2022-07-04,2022,27,19,Sporting Kansas City,New York Red Bulls,1483.8636136137216,1548.032720059383,55.830893554338445,-55.830893554338445,0.5796625927007935
3981,2022-07-05,2022,6,1,Colorado Rapids,Austin FC,1532.8615032377986,1495.3087124987578,157.5527907390408,157.5527907390408,0.7123749710047742
3982,2022-07-05,2022,10,12,FC Dallas,Inter Miami,1498.294795150132,1452.3813218415048,165.9134733086271,165.9134733086271,0.7221346003184946
3983,2022-07-05,2022,14,2,Los Angeles Galaxy,CF Montreal,1481.5811343066514,1515.3004987902068,86.28063551644459,86.28063551644459,0.6216767473371203
3984,2022-07-05,2022,20,8,Orlando City,DC United,1512.5733900093976,1412.8988828922602,219.6745071171374,219.6745071171374,0.7798080465293339
3985,2022-07-09,2022,13,14,Los Angeles FC,Los Angeles Galaxy,1575.3841391973951,1491.0392156232233,204.34492357417184,204.34492357417184,0.7642825911616826
3986,2022-07-09,2022,18,17,New York City,New England Revolution,1590.7983037891165,1585.692236646208,125.10606714290861,125.10606714290861,0.6726441017059607
3987,2022-07-09,2022,21,8,Philadelphia Union,DC United,1582.0987110575322,1432.3940840554935,269.7046270020387,269.7046270020387,0.8252809522450664
3988,2022-07-09,2022,26,22,Seattle Sounders,Portland Timbers,1560.62195908662,1553.758758824405,126.86320026221506,126.86320026221506,0.6748674343226082
3989,2022-07-09,2022,30,15,Vancouver Whitecaps,Minnesota United,1524.0610760995555,1521.6078544230156,122.4532216765399,122.4532216765399,0.6692726945560932
3990,2022-07-10,2022,0,1,Atlanta Utd,Austin FC,1496.318915665836,1513.1180867738772,103.20082889195874,103.20082889195874,0.6442988422603664
3991,2022-07-10,2022,2,27,CF Montreal,Sporting Kansas City,1505.842417473635,1469.3720487962016,156.47036867743327,156.47036867743327,0.7110965869870454
3992,2022-07-10,2022,3,16,Charlotte,Nashville SC,1481.5209284604464,1574.1018761732423,27.419052287204067,27.419052287204067,0.5393774730061337
3993,2022-07-10,2022,4,7,Chicago Fire,Columbus Crew,1414.3639881999904,1531.352574421636,3.011413778354381,3.011413778354381,0.5043336642732194
3994,2022-07-10,2022,9,19,FC Cincinnati,New York Red Bulls,1385.7845706899402,1562.524284876903,-56.73971418696283,56.73971418696283,0.4190632435596908
3995,2022-07-10,2022,11,10,Houston Dynamo,FC Dallas,1394.4416079090838,1492.7414301421695,21.700177766914294,21.700177766914294,0.5311885210305288
3996,2022-07-10,2022,20,12,Orlando City,Inter Miami,1493.0781888461643,1457.9346868494672,155.14350199669707,155.14350199669707,0.7095249112616974
3997,2022-07-10,2022,23,6,Real Salt Lake,Colorado Rapids,1542.738837538195,1515.0521289626793,147.6867085755157,147.6867085755157,0.7005992438622003
3998,2022-07-10,2022,29,25,Toronto FC,San Jose Earthquakes,1399.8900282310583,1474.789105135566,45.10092309549236,45.10092309549236,0.5645433154151323
3999,2022-07-13,2022,1,11,Austin FC,Houston Dynamo,1529.2255578303864,1393.6618948833207,255.56366294706572,255.56366294706572,0.8132310089056076
4000,2022-07-14,2022,0,23,Atlanta Utd,Real Salt Lake,1480.2114446093267,1537.72385644164,62.48758816768668,62.48758816768668,0.5889696195631864
4001,2022-07-14,2022,4,29,Chicago Fire,Toronto FC,1401.75564659316,1398.27644534568,123.47920124747998,123.47920124747998,0.6705786619975801
4002,2022-07-14,2022,6,20,Colorado Rapids,Orlando City,1520.0671100592342,1500.3400660646219,139.72704399461236,139.72704399461236,0.6909006994246911
4003,2022-07-14,2022,8,7,DC United,Columbus Crew,1428.0261078616202,1543.9609160284665,4.065191833153676,4.065191833153676,0.505850014362595
4004,2022-07-14,2022,9,30,FC Cincinnati,Vancouver Whitecaps,1387.8079896009478,1507.3292587356532,0.4787308652946649,0.4787308652946649,0.5006889486602264
4005,2022-07-14,2022,10,18,FC Dallas,New York City,1493.5211431679327,1598.9822012464674,14.538941921465266,14.538941921465266,0.520911014830235
4006,2022-07-14,2022,12,21,Inter Miami,Philadelphia Union,1450.6728096310096,1586.4666872514056,-15.79387762039596,15.79387762039596,0.47728642649769243
4007,2022-07-14,2022,14,25,Los Angeles Galaxy,San Jose Earthquakes,1485.1462804022653,1476.4026880209442,128.74359238132115,128.74359238132115,0.6772380303862422
4008,2022-07-14,2022,15,27,Minnesota United,Sporting Kansas City,1538.339671786918,1487.1494634708777,171.1902083160403,171.1902083160403,0.7281882867165427
4009,2022-07-14,2022,16,26,Nashville SC,Seattle Sounders,1562.5863129983957,1543.750273228555,138.83603976984068,138.83603976984068,0.6898042878694812
4010,2022-07-17,2022,0,20,Atlanta Utd,Orlando City,1490.487204120247,1505.1125835502392,105.37462057000789,105.37462057000789,0.6471614188170363
4011,2022-07-17,2022,2,29,CF Montreal,Toronto FC,1488.0650027989589,1390.0409118956195,218.02409090333936,218.02409090333936,0.7781723938223561
4012,2022-07-17,2022,4,26,Chicago Fire,Seattle Sounders,1409.9911800432205,1535.995380425292,-6.004200382071531,-6.004200382071531,0.4913601211468686
4013,2022-07-17,2022,6,14,Colorado Rapids,Los Angeles Galaxy,1515.294592573617,1468.2153296426093,167.07926293100763,167.07926293100763,0.723479159605306
4014,2022-07-17,2022,10,1,FC Dallas,Austin FC,1480.4983677971768,1533.8947826077463,66.60358518943053,66.60358518943053,0.5946931336848653
4015,2022-07-17,2022,12,3,Inter Miami,Charlotte,1438.7406489685673,1493.036491635293,65.70415733327422,65.70415733327422,0.5934445693580646
4016,2022-07-17,2022,15,8,Minnesota United,DC United,1532.6349646190044,1427.8798575025553,224.75510711644915,224.75510711644915,0.7847887379473605
4017,2022-07-17,2022,19,18,New York Red Bulls,New York City,1560.5008659658954,1612.0049766172233,68.49588934867211,68.49588934867211,0.5973159718660361
4018,2022-07-17,2022,21,17,Philadelphia Union,New England Revolution,1598.398847913848,1577.508339188857,140.89050872499092,140.89050872499092,0.6923291527103438
4019,2022-07-18,2022,7,9,Columbus Crew,FC Cincinnati,1544.1071663875314,1387.7907658844422,276.3164005030892,276.3164005030892,0.8307012140026596
4020,2022-07-18,2022,16,13,Nashville SC,Los Angeles FC,1570.3412058016586,1581.277074418353,109.0641313833055,109.0641313833055,0.6519958082222824
4021,2022-07-18,2022,22,30,Portland Timbers,Vancouver Whitecaps,1570.6304446824702,1507.3464824521589,183.28396223031132,183.28396223031132,0.7417467716528412
4022,2022-07-18,2022,23,27,Real Salt Lake,Sporting Kansas City,1527.4480969307197,1492.8541706387912,154.59392629192848,154.59392629192848,0.7088724610573677
4023,2022-07-18,2022,25,11,San Jose Earthquakes,Houston Dynamo,1493.3336387806003,1388.9926701059608,224.3409686746395,224.3409686746395,0.7843858226576748
4024,2022-07-24,2022,7,17,Columbus Crew,New England Revolution,1548.339636037465,1569.8165680066156,98.52306803084934,98.52306803084934,0.6381039925356669
4025,2022-07-24,2022,8,2,DC United,CF Montreal,1422.4995759512394,1493.6106929533998,48.88888299783957,-48.88888299783957,0.5698960453162839
4026,2022-07-24,2022,9,16,FC Cincinnati,Nashville SC,1383.5582962345086,1554.0413105961015,-50.48301436159295,-50.48301436159295,0.42785610447374495
4027,2022-07-24,2022,11,15,Houston Dynamo,Minnesota United,1408.6023156724027,1538.0152461703203,-9.412930497917614,-9.412930497917614,0.48645701748908105
4028,2022-07-24,2022,18,12,New York City,Inter Miami,1626.9378759138742,1448.9045347346157,298.0333411792585,298.0333411792585,0.8475635225742696
4029,2022-07-24,2022,20,21,Orlando City,Philadelphia Union,1508.7916190206652,1606.0906190960893,22.700999924575854,22.700999924575854,0.532622954130403
4030,2022-07-24,2022,22,25,Portland Timbers,San Jose Earthquakes,1564.586775391149,1473.7239932141583,210.86278217699078,210.86278217699078,0.7709748176985319
4031,2022-07-24,2022,23,10,Real Salt Lake,FC Dallas,1534.7262854042854,1478.131039455055,176.59524594923028,176.59524594923028,0.7343027588225803
4032,2022-07-24,2022,26,6,Seattle Sounders,Colorado Rapids,1523.2793834539639,1522.2076135834843,121.07176987047956,121.07176987047956,0.667510120787835
4033,2022-07-24,2022,27,13,Sporting Kansas City,Los Angeles FC,1485.5759821652255,1597.5769696239101,7.999012541315324,-7.999012541315324,0.5115094709035883
4034,2022-07-24,2022,29,3,Toronto FC,Charlotte,1384.4952217411785,1482.8726058692446,21.62261587193393,21.62261587193393,0.531077333248435
4035,2022-07-24,2022,30,4,Vancouver Whitecaps,Chicago Fire,1513.39015174348,1422.7071770145487,210.68297472893119,210.68297472893119,0.7707920040603486
4036,2022-07-25,2022,1,19,Austin FC,New York Red Bulls,1536.262110949868,1545.5679666692445,110.6941442806235,110.6941442806235,0.6541217623454202
4037,2022-07-25,2022,14,0,Los Angeles Galaxy,Atlanta Utd,1461.3023086327419,1486.808168649821,94.49413998292084,94.49413998292084,0.6327312727061564
4038,2022-07-30,2022,4,0,Chicago Fire,Atlanta Utd,1441.9769771160575,1477.626450467475,84.35052664858244,84.35052664858244,0.619060081833111
4039,2022-07-30,2022,13,26,Los Angeles FC,Seattle Sounders,1610.3647063964997,1531.591630434268,198.77307596223181,198.77307596223181,0.7584553894352647
4040,2022-07-30,2022,15,22,Minnesota United,Portland Timbers,1550.1766716075474,1570.3124049486858,99.86426665886165,99.86426665886165,0.6398849726946599
4041,2022-07-31,2022,2,18,CF Montreal,New York City,1507.858094086307,1630.7487878495174,-2.8906937632104928,-2.8906937632104928,0.4958400532589576
4042,2022-07-31,2022,8,20,DC United,Orlando City,1408.2521748183324,1495.4760451674051,32.77612965092726,-32.77612965092726,0.5470292123927987
4043,2022-07-31,2022,10,14,FC Dallas,Los Angeles Galaxy,1496.4886084256195,1470.4840268150879,146.00458161053166,146.00458161053166,0.6985641800527452
4044,2022-07-31,2022,12,9,Inter Miami,FC Cincinnati,1445.0936227989725,1385.3618936226649,179.73172917630768,179.73172917630768,0.737810405027462
4045,2022-07-31,2022,16,30,Nashville SC,Vancouver Whitecaps,1552.2377132079453,1494.1203516419712,178.11736156597408,178.11736156597408,0.7360087315950594
4046,2022-07-31,2022,17,29,New England Revolution,Toronto FC,1573.2691678200074,1396.2182884099677,297.05087941003967,297.05087941003967,0.8468313965097587
4047,2022-07-31,2022,21,11,Philadelphia Union,Houston Dynamo,1619.4061929493494,1396.4408902351756,342.96530271417373,342.96530271417373,0.878068691262758
4048,2022-07-31,2022,25,23,San Jose Earthquakes,Real Salt Lake,1467.9983636566217,1516.368716433721,71.62964722290076,71.62964722290076,0.6016472509464674
4049,2022-07-31,2022,27,1,Sporting Kansas City,Austin FC,1472.7882453926359,1519.9090668912324,72.87917850140343,-72.87917850140343,0.6033698860818646
4050,2022-08-03,2022,19,6,New York Red Bulls,Colorado Rapids,1561.92101072788,1513.8953666031803,168.02564412469974,168.02564412469974,0.7245677041359017
4051,2022-08-03,2022,26,10,Seattle Sounders,FC Dallas,1525.5530151701496,1504.024503924301,141.52851124584868,141.52851124584868,0.6931109063523688
4052,2022-08-04,2022,3,8,Charlotte,DC United,1471.1495392004554,1419.5764445085124,171.57309469194297,171.57309469194297,0.7286243192770511
4053,2022-08-04,2022,7,2,Columbus Crew,CF Montreal,1544.8870362240732,1507.962092754833,156.92494346924013,156.92494346924013,0.7116338689153379
4054,2022-08-04,2022,22,16,Portland Timbers,Nashville SC,1573.8095292660523,1546.3374949180688,147.47203434798348,147.47203434798348,0.7003399657952942
4055,2022-08-04,2022,25,12,San Jose Earthquakes,Inter Miami,1465.45718238296,1439.148362673286,146.3088197096738,146.3088197096738,0.6989328343970985
4056,2022-08-06,2022,0,26,Atlanta Utd,Seattle Sounders,1480.6029525133029,1533.2252425113404,67.37771000196244,67.37771000196244,0.5957667760252853
4057,2022-08-06,2022,30,11,Vancouver Whitecaps,Houston Dynamo,1500.0205699318476,1393.3926075167446,226.62796241510296,226.62796241510296,0.7866040116106826
4058,2022-08-07,2022,1,25,Austin FC,San Jose Earthquakes,1534.993314043279,1447.9838615230324,207.00945252024667,207.00945252024667,0.7670346414957063
4059,2022-08-07,2022,2,12,CF Montreal,Inter Miami,1525.7529394777166,1456.6216835332136,189.13125594450298,189.13125594450298,0.7481419365928815
4060,2022-08-07,2022,3,4,Charlotte,Chicago Fire,1477.933931218529,1439.0004750702296,158.93345614829946,158.93345614829946,0.7140006872976908
4061,2022-08-07,2022,6,15,Colorado Rapids,Minnesota United,1532.0095592065777,1546.6795472901808,105.33001191639687,105.33001191639687,0.6471027807145838
4062,2022-08-07,2022,7,18,Columbus Crew,New York City,1527.0961895011897,1630.6447891809912,16.451400320198445,16.451400320198445,0.5236577897208026
4063,2022-08-07,2022,8,19,DC United,New York Red Bulls,1412.7920524904387,1543.8068181244826,-11.014765634043897,11.014765634043897,0.4841537865943258
4064,2022-08-07,2022,9,21,FC Cincinnati,Philadelphia Union,1391.3071537483513,1622.4544756677803,-111.14732191942903,111.14732191942903,0.3452882659503709
4065,2022-08-07,2022,16,29,Nashville SC,Toronto FC,1551.3459940629511,1404.8890733227117,266.4569207402394,266.4569207402394,0.8225688197964877
4066,2022-08-07,2022,20,17,Orlando City,New England Revolution,1484.151775477225,1564.5983829072634,39.553392569961716,39.553392569961716,0.5566772652555803
4067,2022-08-07,2022,22,10,Portland Timbers,FC Dallas,1568.80103012117,1496.35227658311,192.44875353805992,192.44875353805992,0.7517232297421955
4068,2022-08-07,2022,23,13,Real Salt Lake,Los Angeles FC,1518.9098977073827,1616.403321660618,22.50657604676462,-22.50657604676462,0.5323443366450336
4069,2022-08-07,2022,27,14,Sporting Kansas City,Los Angeles Galaxy,1457.7039982405893,1462.9481313164065,114.75586692418278,-114.75586692418278,0.6593924332141308
4070,2022-08-13,2022,19,20,New York Red Bulls,Orlando City,1543.4106627893407,1470.2348438458355,193.1758189435052,193.1758189435052,0.7525035363702988
4071,2022-08-14,2022,1,27,Austin FC,Sporting Kansas City,1528.3174480058865,1466.219187410236,182.09826059565057,182.09826059565057,0.7404371433811228
4072,2022-08-14,2022,6,7,Colorado Rapids,Columbus Crew,1540.831989688713,1539.0047447581696,121.82724493054343,121.82724493054343,0.668474605107069
4073,2022-08-14,2022,9,0,FC Cincinnati,Atlanta Utd,1407.6749470995921,1490.7087831126707,36.9661639869214,36.9661639869214,0.5529987488287929
4074,2022-08-14,2022,10,25,FC Dallas,San Jose Earthquakes,1502.645357326665,1454.659727560425,167.98562976623998,167.98562976623998,0.7245217327227691
4075,2022-08-14,2022,11,2,Houston Dynamo,CF Montreal,1388.0577078070116,1519.5493910628945,-11.49168325588289,-11.49168325588289,0.48346816658903174
4076,2022-08-14,2022,12,18,Inter Miami,New York City,1462.8252319480357,1618.7362339240112,-35.91100197597552,35.91100197597552,0.4485031691782341
4077,2022-08-14,2022,13,3,Los Angeles FC,Charlotte,1629.711930076744,1460.0839140360868,289.62801604065726,289.62801604065726,0.8412065435133018
4078,2022-08-14,2022,14,30,Los Angeles Galaxy,Vancouver Whitecaps,1454.4329421467598,1505.3554696415806,69.07747250517923,69.07747250517923,0.5981209687027685
4079,2022-08-14,2022,17,8,New England Revolution,DC United,1578.515314538653,1413.1882078255805,285.32710671307245,285.32710671307245,0.8378714102907904
4080,2022-08-14,2022,21,4,Philadelphia Union,Chicago Fire,1606.0866823165395,1456.850492252672,269.2361900638675,269.2361900638675,0.8248917908563874
4081,2022-08-14,2022,29,22,Toronto FC,Portland Timbers,1425.453293817624,1562.5079493776152,-17.05465555999126,-17.05465555999126,0.4754760718223392
4082,2022-08-15,2022,16,15,Nashville SC,Minnesota United,1530.781773568039,1537.8571168080455,112.92465675999347,112.92465675999347,0.6570209588916166
4083,2022-08-15,2022,26,23,Seattle Sounders,Real Salt Lake,1523.1194119119725,1505.6012892912568,137.51812262071576,137.51812262071576,0.6881786297521747
4084,2022-08-17,2022,13,8,Los Angeles FC,DC United,1633.6817664889115,1409.1349930828503,344.5467734060612,344.5467734060612,0.8790400181007868
4085,2022-08-18,2022,0,19,Atlanta Utd,New York Red Bulls,1492.0337518333906,1524.5980743800833,87.43567745330733,87.43567745330733,0.62323927709724
4086,2022-08-18,2022,10,21,FC Dallas,Philadelphia Union,1509.5323140085957,1610.4643875451297,19.067926463465938,19.067926463465938,0.527413434241596
4087,2022-08-18,2022,18,3,New York City,Charlotte,1604.948813153467,1456.1140776239192,268.83473552954774,268.83473552954774,0.8245577331036438
4088,2022-08-18,2022,29,17,Toronto FC,New England Revolution,1438.5663920220654,1582.5685292813832,-24.002137259317806,-24.002137259317806,0.46551299414114744
4089,2022-08-18,2022,30,6,Vancouver Whitecaps,Colorado Rapids,1495.3084938591498,1536.6201245610364,78.68836929811346,78.68836929811346,0.6113443532577948
4090,2022-08-20,2022,14,26,Los Angeles Galaxy,Seattle Sounders,1464.4799179291906,1505.9149461681682,78.56497176102243,78.56497176102243,0.6111755629876645
4091,2022-08-20,2022,19,9,New York Red Bulls,FC Cincinnati,1540.1790563075142,1406.3499783788723,253.82907792864194,253.82907792864194,0.8117096670464414
4092,2022-08-21,2022,2,17,CF Montreal,New England Revolution,1531.6360952276202,1581.7063541349119,69.92974109270835,69.92974109270835,0.5992996778937405
4093,2022-08-21,2022,4,18,Chicago Fire,New York City,1452.4727870240818,1584.3348698258758,-11.862082801794031,-11.862082801794031,0.48293572049449934
4094,2022-08-21,2022,6,11,Colorado Rapids,Houston Dynamo,1526.9037333924812,1375.971003642286,270.9327297501952,270.9327297501952,0.8262979807422312
4095,2022-08-21,2022,7,0,Columbus Crew,Atlanta Utd,1543.2166098858463,1476.4527699059597,186.7638399798866,186.7638399798866,0.7455654107012377
4096,2022-08-21,2022,8,21,DC United,Philadelphia Union,1406.11099353537,1598.6497234011697,-72.53872986579972,72.53872986579972,0.3970992128685562
4097,2022-08-21,2022,12,29,Inter Miami,Toronto FC,1476.61265271858,1439.4285671685368,157.18408555004316,157.18408555004316,0.7119398942151511
4098,2022-08-21,2022,15,1,Minnesota United,Austin FC,1554.282640780336,1534.8065194213584,139.47612135897748,139.47612135897748,0.6905921470544509
4099,2022-08-21,2022,23,30,Real Salt Lake,Vancouver Whitecaps,1522.805755035061,1505.024885027705,137.78087000735604,137.78087000735604,0.6885031019470288
4100,2022-08-21,2022,25,13,San Jose Earthquakes,Los Angeles FC,1447.7727708784942,1636.7057660363919,-68.93299515789772,68.93299515789772,0.4020789600461049
4101,2022-08-22,2022,3,20,Charlotte,Orlando City,1476.7280209515104,1489.0474322550929,107.68058869641754,107.68058869641754,0.6501865469336888
4102,2022-08-22,2022,16,10,Nashville SC,FC Dallas,1514.3562495957485,1521.3469781525557,113.0092714431928,113.0092714431928,0.6571307115409865
4103,2022-08-22,2022,27,22,Sporting Kansas City,Portland Timbers,1459.730115994764,1549.3948511731737,30.335264821590272,30.335264821590272,0.5435453574325053
4104,2022-08-27,2022,1,13,Austin FC,Los Angeles FC,1527.0713230977196,1621.7577400375444,25.313583060175233,-25.313583060175233,0.5363648514847003
4105,2022-08-27,2022,15,11,Minnesota United,Houston Dynamo,1562.0178371039747,1384.1284531608417,297.889383943133,297.889383943133,0.8474564260348617
4106,2022-08-27,2022,22,26,Portland Timbers,Seattle Sounders,1537.9834851089863,1508.6943352428598,149.28914986612654,149.28914986612654,0.7025305647120972
4107,2022-08-28,2022,0,8,Atlanta Utd,DC United,1482.5919051734907,1396.1835132136562,206.4083919598345,206.4083919598345,0.7664157973788794
4108,2022-08-28,2022,3,29,Charlotte,Toronto FC,1460.4733572781681,1432.2270645239155,148.24629275425264,148.24629275425264,0.7012744910224871
4109,2022-08-28,2022,4,2,Chicago Fire,CF Montreal,1440.3993940117193,1541.6536032802767,18.74579073144264,18.74579073144264,0.5269512138398611
4110,2022-08-28,2022,9,7,FC Cincinnati,Columbus Crew,1414.1427200550334,1537.0774746183154,-2.934754563282013,-2.934754563282013,0.49577664912698405
4111,2022-08-28,2022,10,23,FC Dallas,Real Salt Lake,1512.7752459410804,1518.0931774863855,114.6820684546949,114.6820684546949,0.6592970151271675
4112,2022-08-28,2022,19,12,New York Red Bulls,Inter Miami,1532.3863146313531,1483.8141553632013,168.57215926815184,168.57215926815184,0.7251951043443999
4113,2022-08-28,2022,21,6,Philadelphia Union,Colorado Rapids,1608.5772037228835,1518.7462838739254,209.83091984895805,209.83091984895805,0.7699243101171402
4114,2022-08-28,2022,27,25,Sporting Kansas City,San Jose Earthquakes,1471.1414820589514,1462.7207968773416,128.42068518160977,128.42068518160977,0.6768315869655048
4115,2022-08-28,2022,30,16,Vancouver Whitecaps,Nashville SC,1509.7374625763807,1522.927981807224,106.80948076915683,106.80948076915683,0.6490451717274986
4116,2022-08-29,2022,17,14,New England Revolution,Los Angeles Galaxy,1571.6888460822554,1461.700528854499,229.9883172277564,229.9883172277564,0.7898330164498696
4117,2022-08-29,2022,20,18,Orlando City,New York City,1505.3020959284352,1596.4082628382382,28.89383309019695,28.89383309019695,0.5414859719360412
4118,2022-09-01,2022,1,22,Austin FC,Portland Timbers,1538.662201810602,1545.420220991184,113.24198081941813,113.24198081941813,0.6574324693102558
4119,2022-09-01,2022,2,19,CF Montreal,New York Red Bulls,1554.827383626273,1539.256437022743,135.57094660353005,135.57094660353005,0.6857682780294202
4120,2022-09-01,2022,7,12,Columbus Crew,Inter Miami,1536.97189084649,1476.9440329718113,180.0278578746786,180.0278578746786,0.73814003014501
4121,2022-09-01,2022,11,13,Houston Dynamo,Los Angeles FC,1380.3148638117132,1610.166861324662,-109.85199751294886,109.85199751294886,0.34697585022472194
4122,2022-09-01,2022,16,6,Nashville SC,Colorado Rapids,1539.1541111004115,1512.994391626854,146.15971947355752,146.15971947355752,0.6987521972782385
4123,2022-09-01,2022,17,4,New England Revolution,Chicago Fire,1551.9430206710088,1427.225613665723,244.71740700528585,244.71740700528585,0.8035618656213088
4124,2022-09-01,2022,18,8,New York City,DC United,1584.9454121366393,1390.343908148128,314.60150398851124,314.60150398851124,0.8594817035686403
4125,2022-09-01,2022,20,26,Orlando City,Seattle Sounders,1516.764946630034,1501.2575993606622,135.50734726937185,135.50734726937185,0.6856893801707395
4126,2022-09-01,2022,21,0,Philadelphia Union,Atlanta Utd,1614.329095969955,1488.4315102390187,245.89758573093627,245.89758573093627,0.8046320342369686
4127,2022-09-01,2022,23,15,Real Salt Lake,Minnesota United,1522.0756028645646,1565.8314264531032,76.24417641146147,76.24417641146147,0.6079961193839953
4128,2022-09-01,2022,29,14,Toronto FC,Los Angeles Galaxy,1449.7589267994776,1481.4463542657456,88.31257253373201,88.31257253373201,0.6244238253603283
4129,2022-09-03,2022,7,4,Columbus Crew,Chicago Fire,1543.5183900928646,1434.8146603062555,228.70372978660907,228.70372978660907,0.7886028922862767
4130,2022-09-03,2022,15,10,Minnesota United,FC Dallas,1556.031329437703,1508.7928205629012,167.23850887480194,167.23850887480194,0.7236625130098064
4131,2022-09-04,2022,9,3,FC Cincinnati,Charlotte,1414.2483038268588,1442.941495002606,91.30680882425281,91.30680882425281,0.6284572890308694
4132,2022-09-04,2022,16,1,Nashville SC,Austin FC,1546.6853061684556,1522.2263900778457,144.45891609060982,144.45891609060982,0.6966872958423755
4133,2022-09-04,2022,19,21,New York Red Bulls,Philadelphia Union,1556.4006439734785,1619.2132951140309,57.18734885944764,57.18734885944764,0.5815639434221488
4134,2022-09-04,2022,22,0,Portland Timbers,Atlanta Utd,1561.8560327239402,1483.5473110949429,198.30872162899732,198.30872162899732,0.7579653483696353
4135,2022-09-05,2022,8,6,DC United,Colorado Rapids,1411.8309507373442,1505.4631965588098,26.36775417853437,26.36775417853437,0.5378735633821842
4136,2022-09-05,2022,13,23,Los Angeles FC,Real Salt Lake,1593.8412575802802,1531.8756998799647,181.96555770031546,181.96555770031546,0.7402903026322858
4137,2022-09-05,2022,14,27,Los Angeles Galaxy,Sporting Kansas City,1484.5569498997538,1479.2206923848137,125.33625751494014,125.33625751494014,0.672935810120097
4138,2022-09-05,2022,17,18,New England Revolution,New York City,1544.3539740304761,1563.4583695474232,100.89560448305292,100.89560448305292,0.6412518766564085
4139,2022-09-05,2022,25,30,San Jose Earthquakes,Vancouver Whitecaps,1454.6415865514793,1493.5113332831932,81.1302532682862,81.1302532682862,0.6146789649995564
4140,2022-09-05,2022,26,11,Seattle Sounders,Houston Dynamo,1493.3998338649308,1396.640467556095,216.75936630883575,216.75936630883575,0.7769131159494446
4141,2022-09-05,2022,29,2,Toronto FC,CF Montreal,1446.6483311654695,1537.6831766755377,28.96515448993182,28.96515448993182,0.5415879033361122
4142,2022-09-08,2022,18,9,New York City,FC Cincinnati,1554.4896664638334,1423.5368716010871,250.95279486274626,250.95279486274626,0.8091660407412476
4143,2022-09-10,2022,2,7,CF Montreal,Columbus Crew,1551.2228742589405,1536.3033177857076,134.9195564732329,134.9195564732329,0.6849596916828565
4144,2022-09-10,2022,3,18,Charlotte,New York City,1433.6529272283776,1546.7605154453022,6.892411783075431,6.892411783075431,0.5099176769099869
4145,2022-09-10,2022,16,14,Nashville SC,Los Angeles Galaxy,1554.2681237723962,1480.2335546467514,194.0345691256448,194.0345691256448,0.7534230484601163
4146,2022-09-10,2022,19,17,New York Red Bulls,New England Revolution,1541.8615453879247,1553.322677114066,108.53886827385872,108.53886827385872,0.6513094336505908
4147,2022-09-11,2022,0,29,Atlanta Utd,Toronto FC,1477.4964448041837,1433.1086335820667,164.38781122211708,164.38781122211708,0.7203689204597903
4148,2022-09-11,2022,4,12,Chicago Fire,Inter Miami,1442.0297326134125,1470.3975337254367,91.63219888797585,91.63219888797585,0.6288945491677861
4149,2022-09-11,2022,6,30,Colorado Rapids,Vancouver Whitecaps,1506.4100356433644,1483.878307408182,142.5317282351823,142.5317282351823,0.6943379202924042
4150,2022-09-11,2022,9,25,FC Cincinnati,San Jose Earthquakes,1431.2660226196183,1464.2746124264904,86.99141019312788,86.99141019312788,0.622638577824272
4151,2022-09-11,2022,10,13,FC Dallas,Los Angeles FC,1526.8843833881463,1600.334000014473,46.550383373673185,-46.550383373673185,0.5665933817266992
4152,2022-09-11,2022,11,27,Houston Dynamo,Sporting Kansas City,1391.0632954548312,1483.5440876378161,27.519207817015058,27.519207817015058,0.539520711167031
4153,2022-09-11,2022,21,20,Philadelphia Union,Orlando City,1633.7523936995847,1524.6227121257655,229.1296815738192,229.1296815738192,0.7890113678800847
4154,2022-09-11,2022,22,15,Portland Timbers,Minnesota United,1567.9068990146993,1537.939766612458,149.9671324022413,149.9671324022413,0.7033455280680373
4155,2022-09-11,2022,23,8,Real Salt Lake,DC United,1525.3829574457718,1410.8841116527897,234.49884579298214,234.49884579298214,0.7941106411638269
4156,2022-09-11,2022,26,1,Seattle Sounders,Austin FC,1498.9770059661946,1514.6435724739051,104.33343349228949,104.33343349228949,0.645791625394446
4157,2022-09-14,2022,2,4,CF Montreal,Chicago Fire,1546.5988819668692,1451.3073688842178,215.29151308265136,215.29151308265136,0.7754452054048744
4158,2022-09-14,2022,11,17,Houston Dynamo,New England Revolution,1390.0752776756553,1544.6054129553308,-34.530135279675505,34.530135279675505,0.45047011099961753
4159,2022-09-14,2022,12,7,Inter Miami,Columbus Crew,1461.1198974546314,1540.9273100777789,40.19258737685254,40.19258737685254,0.5575851304656241
4160,2022-09-14,2022,15,13,Minnesota United,Los Angeles FC,1530.523404814159,1589.4988345576405,61.02457025651847,-61.02457025651847,0.586929314438575
4161,2022-09-14,2022,20,0,Orlando City,Atlanta Utd,1519.3479963227676,1484.487221792689,154.86077453007852,154.86077453007852,0.7091893681979355
4162,2022-09-14,2022,27,8,Sporting Kansas City,DC United,1484.532105416992,1418.2368776818853,186.29522773510666,186.29522773510666,0.7450533531771942
4163,2022-09-15,2022,1,23,Austin FC,Real Salt Lake,1505.7883631087664,1518.0301914166762,107.75817169209017,107.75817169209017,0.6502881174342654
4164,2022-09-15,2022,6,25,Colorado Rapids,San Jose Earthquakes,1514.0515876360544,1454.8405768720972,179.21101076395712,179.21101076395712,0.7372301375559781
4165,2022-09-15,2022,30,14,Vancouver Whitecaps,Los Angeles Galaxy,1476.236755415492,1486.5691308582543,109.66762455723779,-109.66762455723779,0.6527836293820911
4166,2022-09-17,2022,0,21,Atlanta Utd,Philadelphia Union,1502.2169559976376,1639.0271095025826,-16.810153504944992,-16.810153504944992,0.4758271041397306
4167,2022-09-17,2022,18,19,New York City,New York Red Bulls,1534.508457368052,1550.5788095466598,103.92964782139211,103.92964782139211,0.6452597562022546
4168,2022-09-18,2022,1,16,Austin FC,Nashville SC,1514.5311601729097,1547.9325475608932,86.5986126120165,86.5986126120165,0.6221071573416601
4169,2022-09-18,2022,4,3,Chicago Fire,Charlotte,1445.6934990193397,1445.9049853056279,119.78851371371184,119.78851371371184,0.6658686200192179
4170,2022-09-18,2022,7,22,Columbus Crew,Portland Timbers,1529.8669383394194,1575.3232608129983,74.5436775264211,74.5436775264211,0.6056606234688181
4171,2022-09-18,2022,8,12,DC United,Inter Miami,1411.863211511315,1472.1802691929909,59.682942318324194,59.682942318324194,0.585055668732114
4172,2022-09-18,2022,14,6,Los Angeles Galaxy,Colorado Rapids,1477.8887215928066,1520.6208341971549,77.26788739565177,77.26788739565177,0.6093997300963412
4173,2022-09-18,2022,17,2,New England Revolution,CF Montreal,1530.8671657303212,1552.2127518317473,98.65441389857392,98.65441389857392,0.6382785755542998
4174,2022-09-18,2022,20,29,Orlando City,Toronto FC,1501.618262117819,1426.1178565935613,195.50040552425776,195.50040552425776,0.7549872845737592
4175,2022-09-18,2022,23,9,Real Salt Lake,FC Cincinnati,1509.2873943525328,1440.7000581740115,188.58733617852135,188.58733617852135,0.7475515077061694
4176,2022-09-18,2022,25,10,San Jose Earthquakes,FC Dallas,1448.2713303109967,1537.7195488449788,30.55178146601793,-30.55178146601793,0.5438545697445729
4177,2022-09-18,2022,27,15,Sporting Kansas City,Minnesota United,1490.9057715875622,1528.3501719531946,82.55559963436758,82.55559963436758,0.6166204600807077
4178,2022-09-18,2022,30,26,Vancouver Whitecaps,Seattle Sounders,1484.9171646809398,1507.8322153313334,97.0849493496064,-97.0849493496064,0.636190089176034
4179,2022-09-19,2022,13,11,Los Angeles FC,Houston Dynamo,1591.672067418605,1403.813524900665,307.8585425179399,307.8585425179399,0.8547280974062125
4180,2022-09-25,2022,25,14,San Jose Earthquakes,Los Angeles Galaxy,1447.1749660673825,1487.6537283403982,79.52123772698428,-79.52123772698428,0.6124828987199054
4181,2022-09-28,2022,26,9,Seattle Sounders,FC Cincinnati,1498.7369675607342,1459.3888458666656,159.3481216940686,159.3481216940686,0.7144878738275973
4182,2022-10-01,2022,3,21,Charlotte,Philadelphia Union,1462.5517008061083,1638.422787106076,-55.8710862999676,55.8710862999676,0.42028103461926974
4183,2022-10-01,2022,6,10,Colorado Rapids,FC Dallas,1510.8558274495633,1538.815913088593,92.03991436097022,92.03991436097022,0.6294421404110636
4184,2022-10-01,2022,17,0,New England Revolution,Atlanta Utd,1514.9102013414638,1502.8212783941442,132.0889229473196,132.0889229473196,0.6814329658138155
4185,2022-10-01,2022,29,12,Toronto FC,Inter Miami,1419.9925387079054,1486.8066609112936,53.18587779661175,53.18587779661175,0.5759483013355898
4186,2022-10-02,2022,2,8,CF Montreal,DC United,1568.1697162206046,1397.2368197930123,290.93289642759237,290.93289642759237,0.8422073450146979
4187,2022-10-02,2022,7,19,Columbus Crew,New York Red Bulls,1527.225422752699,1541.7103034517163,105.51511930098263,105.51511930098263,0.6473460755186862
4188,2022-10-02,2022,9,4,FC Cincinnati,Chicago Fire,1464.7510427123555,1429.0467835188592,155.70425919349623,155.70425919349623,0.7101897450535615
4189,2022-10-02,2022,14,23,Los Angeles Galaxy,Real Salt Lake,1502.965800808396,1490.5986066598787,132.36719414851723,132.36719414851723,0.6817805993280008
4190,2022-10-02,2022,18,20,New York City,Orlando City,1543.3769634629955,1507.743580003475,155.63338345952047,155.63338345952047,0.7101057645157427
4191,2022-10-02,2022,22,13,Portland Timbers,Los Angeles FC,1577.9647763997189,1595.3038649834496,102.6609114162693,-102.6609114162693,0.643586235104198
4192,2022-10-02,2022,25,15,San Jose Earthquakes,Minnesota United,1431.8628935993847,1518.7656834552122,33.09721014417255,33.09721014417255,0.5474871564848225
4193,2022-10-02,2022,27,26,Sporting Kansas City,Seattle Sounders,1500.4902600855446,1493.3747707150444,127.1154893705002,127.1154893705002,0.6751860174614814
4194,2022-10-02,2022,30,1,Vancouver Whitecaps,Austin FC,1494.012412451539,1511.4784812393682,102.53393121217073,102.53393121217073,0.6434185484505492
4195,2022-10-03,2022,16,11,Nashville SC,Houston Dynamo,1550.9852264944348,1400.1817273358204,270.8034991586144,270.8034991586144,0.8261911815420494
4196,2022-10-06,2022,3,7,Charlotte,Columbus Crew,1477.0446749406267,1536.0417708647317,61.002904075895,-61.002904075895,0.5868990764470269
4197,2022-10-06,2022,12,20,Inter Miami,Orlando City,1501.2053684446835,1500.4962241163687,120.70914432831478,120.70914432831478,0.6670466716260994
4198,2022-10-09,2022,0,18,Atlanta Utd,New York City,1494.8571025394897,1550.6243193501018,64.23278318938787,64.23278318938787,0.5913994436337148
4199,2022-10-09,2022,1,6,Austin FC,Colorado Rapids,1502.5639449506318,1520.1197739392867,102.44417101134513,102.44417101134513,0.6432999923209571
4200,2022-10-09,2022,4,17,Chicago Fire,New England Revolution,1446.8015271451982,1522.8743771961183,43.927149949079876,43.927149949079876,0.5628815493564722
4201,2022-10-09,2022,8,9,DC United,FC Cincinnati,1393.2920034183796,1446.9962990860165,66.29570433236313,-66.29570433236313,0.5942658778056216
4202,2022-10-09,2022,10,27,FC Dallas,Sporting Kansas City,1529.5519665988697,1508.6106096490075,140.9413569498622,140.9413569498622,0.6923914983390761
4203,2022-10-09,2022,11,14,Houston Dynamo,Los Angeles Galaxy,1420.8365068743717,1498.4212858251958,42.4152210491759,-42.4152210491759,0.5607389635649123
4204,2022-10-09,2022,13,16,Los Angeles FC,Nashville SC,1611.3935208610544,1530.3304469558834,201.063073905171,201.063073905171,0.7608621604612484
4205,2022-10-09,2022,15,30,Minnesota United,Vancouver Whitecaps,1507.4528623673327,1502.9269487402753,124.52591362705743,124.52591362705743,0.671908311160347
4206,2022-10-09,2022,19,3,New York Red Bulls,Charlotte,1532.8939553396835,1474.872198029451,178.0217573102325,178.0217573102325,0.7359017862581676
4207,2022-10-09,2022,20,7,Orlando City,Columbus Crew,1492.1723909070213,1538.2142477759073,73.95814313111396,73.95814313111396,0.6048553157170906
4208,2022-10-09,2022,21,29,Philadelphia Union,Toronto FC,1623.9298129715576,1405.5938311745156,338.335981797042,338.335981797042,0.8751867279660653
4209,2022-10-09,2022,23,22,Real Salt Lake,Portland Timbers,1495.1431216430788,1561.875120522114,53.268001120964755,53.268001120964755,0.5760637553204412
4210,2022-10-09,2022,26,25,Seattle Sounders,San Jose Earthquakes,1485.2544211515815,1443.1757146872642,162.0787064643173,162.0787064643173,0.7176835306832918
4211,2022-10-15,2022,14,16,Los Angeles Galaxy,Nashville SC,1512.4397599143185,1549.3520009674146,83.08775894690393,83.08775894690393,0.6173443770603697
4212,2022-10-15,2022,19,9,New York Red Bulls,FC Cincinnati,1539.4964106832294,1461.852946031157,197.64346465207245,197.64346465207245,0.757262112930977
4213,2022-10-16,2022,1,23,Austin FC,Real Salt Lake,1498.981445142608,1505.7415277600678,113.23991738254017,113.23991738254017,0.6574297941793182
4214,2022-10-17,2022,2,20,CF Montreal,Orlando City,1572.1145325952373,1502.0510080140941,190.06352458114316,190.06352458114316,0.7491517883766257
4215,2022-10-18,2022,10,15,FC Dallas,Minnesota United,1537.2421791403929,1515.655154588324,141.5870245520689,141.5870245520689,0.6931825481163483
4216,2022-10-18,2022,18,12,New York City,Inter Miami,1565.4093054409448,1509.5292016540309,175.88010378691388,175.88010378691388,0.7334988093155433
4217,2022-10-21,2022,13,14,Los Angeles FC,Los Angeles Galaxy,1592.3719668495232,1522.0061504878092,190.365816361714,190.365816361714,0.7494786579571909
4218,2022-10-21,2022,21,9,Philadelphia Union,FC Cincinnati,1627.050144772406,1480.7844988544314,266.26564591797455,266.26564591797455,0.8224080627862126
4219,2022-10-23,2022,2,18,CF Montreal,New York City,1578.3857378858215,1572.0718352080562,126.31390267776533,126.31390267776533,0.674173238222515
4220,2022-10-24,2022,1,10,Austin FC,FC Dallas,1495.045700288125,1532.4126154374842,82.6330848506409,82.6330848506409,0.6167258984819797
4221,2022-10-30,2022,13,1,Los Angeles FC,Austin FC,1598.6350004005935,1504.6275528260755,214.00744757451798,214.00744757451798,0.7741554734229058
4222,2022-10-31,2022,21,18,Philadelphia Union,New York City,1631.4899432027505,1588.926166163619,162.56377703913154,162.56377703913154,0.7182489434892328
4223,2022-11-05,2022,13,21,Los Angeles FC,Philadelphia Union,1604.2811135650209,1638.5337196155197,85.7473939495012,85.7473939495012,0.6209545277729677
4224,2023-02-25,2023,16,18,Nashville SC,New York City,1539.785610393924,1581.8823897508498,77.90322064307406,77.90322064307406,0.6102699276628557
4225,2023-02-26,2023,0,25,Atlanta Utd,San Jose Earthquakes,1480.0721164486467,1448.6178029543464,151.45431349430032,151.45431349430032,0.7051286504979849
4226,2023-02-26,2023,1,28,Austin FC,St. Louis City,1498.9814396616482,1500.0,118.98143966164821,118.98143966164821,0.6648341714268556
4227,2023-02-26,2023,3,17,Charlotte,New England Revolution,1468.2697426859052,1524.44641593003,63.82332675587509,63.82332675587509,0.5908297562113878
4228,2023-02-26,2023,8,29,DC United,Toronto FC,1378.4353564732392,1402.4734993736672,95.96185709957194,-95.96185709957194,0.6346924279288702
4229,2023-02-26,2023,9,11,FC Cincinnati,Houston Dynamo,1476.3447004240868,1406.818032785249,189.5266676388378,189.5266676388378,0.74857058345839
4230,2023-02-26,2023,10,15,FC Dallas,Minnesota United,1522.8307628995337,1520.4847182912326,122.3460446083011,122.3460446083011,0.6691361180263417
4231,2023-02-26,2023,12,2,Inter Miami,CF Montreal,1502.8666718869194,1561.5314069302588,61.335264956660694,61.335264956660694,0.5873628573475338
4232,2023-02-26,2023,20,19,Orlando City,New York Red Bulls,1495.7798027235099,1520.564857859955,95.21494486355482,95.21494486355482,0.6336949617592584
4233,2023-02-26,2023,21,7,Philadelphia Union,Columbus Crew,1641.5575828098438,1528.3356306688345,233.2219521410093,233.2219521410093,0.7929062619019009
4234,2023-02-26,2023,30,23,Vancouver Whitecaps,Real Salt Lake,1494.724656519284,1509.6772726145507,105.04738390473335,105.04738390473335,0.646731163128514
4235,2023-02-27,2023,26,6,Seattle Sounders,Colorado Rapids,1479.8123328844993,1523.7022737473105,76.11005913718873,76.11005913718873,0.607812098217302
4236,2023-02-28,2023,22,27,Portland Timbers,Sporting Kansas City,1551.276714405125,1500.9203971074844,170.35631729764054,170.35631729764054,0.7272371302022039
4237,2023-03-04,2023,13,22,Los Angeles FC,Portland Timbers,1601.2572503706967,1558.09578615007,163.16146422062684,163.16146422062684,0.718944678359768
4238,2023-03-05,2023,0,29,Atlanta Utd,Toronto FC,1487.4439001861972,1393.3408100718889,214.10309011430832,214.10309011430832,0.7742517186048306
4239,2023-03-05,2023,1,2,Austin FC,CF Montreal,1482.3605853759768,1551.215478363947,51.14510701202971,51.14510701202971,0.5730766289544132
4240,2023-03-05,2023,4,18,Chicago Fire,New York City,1445.2294884112864,1572.1391379424213,-6.909649531134846,-6.909649531134846,0.4900575257610049
4241,2023-03-05,2023,6,27,Colorado Rapids,Sporting Kansas City,1513.897576202743,1494.1013253625395,139.79625084020358,139.79625084020358,0.6909857711759774
4242,2023-03-05,2023,7,8,Columbus Crew,DC United,1523.158287216382,1387.5680457750175,255.59024144136447,255.59024144136447,0.813254246114438
4243,2023-03-05,2023,10,14,FC Dallas,Los Angeles Galaxy,1506.1023599488751,1515.743116936739,110.35924301213618,110.35924301213618,0.6536854643184248
4244,2023-03-05,2023,12,21,Inter Miami,Philadelphia Union,1513.182600453231,1646.7349262622963,-13.552325809065223,13.552325809065223,0.4805065209874345
4245,2023-03-05,2023,17,11,New England Revolution,Houston Dynamo,1539.2171598353148,1400.5322973717086,258.6848624636061,258.6848624636061,0.8159446163657937
4246,2023-03-05,2023,19,16,New York Red Bulls,Nashville SC,1511.4072319039365,1549.5288622023525,81.878369701584,81.878369701584,0.6156984500472257
4247,2023-03-05,2023,20,9,Orlando City,FC Cincinnati,1504.9374286795285,1482.6304358376271,142.30699284190132,142.30699284190132,0.6940632897976493
4248,2023-03-05,2023,25,30,San Jose Earthquakes,Vancouver Whitecaps,1441.246019216796,1478.5563774410712,82.6896417757248,82.6896417757248,0.616802851674122
4249,2023-03-05,2023,26,23,Seattle Sounders,Real Salt Lake,1489.6170304290667,1525.8455516927636,83.77147873630315,83.77147873630315,0.6182737036283039
4250,2023-03-05,2023,28,3,St. Louis City,Charlotte,1516.6208542856714,1453.4989987806205,183.12185550505092,183.12185550505092,0.741567976349882
4251,2023-03-11,2023,3,0,Charlotte,Atlanta Utd,1447.0381981893674,1480.5876072210765,86.45059096829095,86.45059096829095,0.6219068209041704
4252,2023-03-11,2023,30,10,Vancouver Whitecaps,FC Dallas,1468.9764487329242,1514.7602233409145,74.21622539200962,74.21622539200962,0.605210336493848
4253,2023-03-12,2023,8,20,DC United,Orlando City,1382.8994019278784,1500.0858464345872,2.813555493291233,2.813555493291233,0.5040489433280553
4254,2023-03-12,2023,9,26,FC Cincinnati,Seattle Sounders,1487.4820180825684,1499.1601878383592,108.3218302442092,108.3218302442092,0.6510256409943243
4255,2023-03-12,2023,15,19,Minnesota United,New York Red Bulls,1537.2131212418913,1508.5147706527557,148.69835058913554,148.69835058913554,0.7018193478467784
4256,2023-03-12,2023,16,2,Nashville SC,CF Montreal,1552.4213234535332,1540.5423940878075,131.87892936572575,131.87892936572575,0.6811704950729305
4257,2023-03-12,2023,18,12,New York City,Inter Miami,1571.8905760864463,1526.1699374285452,165.7206386579012,165.7206386579012,0.7219118078759195
4258,2023-03-12,2023,21,4,Philadelphia Union,Chicago Fire,1633.7475892869822,1445.4780502672613,308.2695390197209,308.2695390197209,0.8550216182169514
4259,2023-03-12,2023,22,28,Portland Timbers,St. Louis City,1551.069403109064,1523.0816548769244,147.98774823213967,147.98774823213967,0.7009626154036135
4260,2023-03-12,2023,23,1,Real Salt Lake,Austin FC,1516.3023942834711,1493.0336696521165,143.26872463135464,143.26872463135464,0.6952375731015654
4261,2023-03-12,2023,25,6,San Jose Earthquakes,Colorado Rapids,1450.825947924943,1509.1229319233437,61.70301600159928,61.70301600159928,0.5878758414849254
4262,2023-03-12,2023,27,14,Sporting Kansas City,Los Angeles Galaxy,1498.8759696419388,1507.0852535446995,111.79071609723928,111.79071609723928,0.6555485221428493
4263,2023-03-12,2023,29,7,Toronto FC,Columbus Crew,1400.1971030370096,1527.826931063521,-7.6298280265114045,-7.6298280265114045,0.48902155959030097
4264,2023-03-13,2023,13,17,Los Angeles FC,New England Revolution,1608.2836334117026,1543.8185444261699,184.4650889855327,184.4650889855327,0.7430470571257041
4265,2023-03-18,2023,0,22,Atlanta Utd,Portland Timbers,1496.1352777436807,1533.5453377239737,82.589940019707,82.589940019707,0.6166671902883796
4266,2023-03-18,2023,2,21,CF Montreal,Philadelphia Union,1532.5716564646307,1637.3720488315585,15.199607633072219,-15.199607633072219,0.5218600496171811
4267,2023-03-18,2023,17,16,New England Revolution,Nashville SC,1537.3947208543125,1560.39206107671,97.0026597776025,97.0026597776025,0.6360804438972112
4268,2023-03-18,2023,18,8,New York City,DC United,1578.8427808895483,1382.7981783446771,316.04460254487117,316.04460254487117,0.8604819884972965
4269,2023-03-18,2023,19,7,New York Red Bulls,Columbus Crew,1513.5602543489251,1527.5524700532785,106.00778429564662,106.00778429564662,0.6479932343913583
4270,2023-03-18,2023,20,3,Orlando City,Charlotte,1500.1870700177885,1431.4905276667632,188.6965423510253,188.6965423510253,0.7476701253223846
4271,2023-03-18,2023,26,13,Seattle Sounders,Los Angeles FC,1490.4358288632172,1614.70745698356,-4.2716281203427116,-4.2716281203427116,0.4938529427071526
4272,2023-03-18,2023,29,12,Toronto FC,Inter Miami,1400.471564047252,1519.2177326254432,1.2538314218088544,1.2538314218088544,0.5018044006298824
4273,2023-03-19,2023,4,9,Chicago Fire,FC Cincinnati,1441.853590722685,1496.2063770577104,65.64721366497474,65.64721366497474,0.5933654806713932
4274,2023-03-19,2023,6,15,Colorado Rapids,Minnesota United,1498.819827960467,1532.1676375457218,86.65219041474506,86.65219041474506,0.6221796606963886
4275,2023-03-19,2023,10,27,FC Dallas,Sporting Kansas City,1517.3904817532607,1494.9872565883675,142.40322516489323,142.40322516489323,0.6941809042354978
4276,2023-03-19,2023,11,1,Houston Dynamo,Austin FC,1395.9309127808535,1510.4146089796557,5.516303801197864,5.516303801197864,0.5079379323119982
4277,2023-03-19,2023,14,30,Los Angeles Galaxy,Vancouver Whitecaps,1510.9739665982709,1466.346190320578,164.62777627769287,164.62777627769287,0.7206470914625857
4278,2023-03-19,2023,28,25,St. Louis City,San Jose Earthquakes,1540.6057202620148,1461.1290518878197,199.47666837419501,199.47666837419501,0.7591966130797028
4279,2023-03-25,2023,3,19,Charlotte,New York Red Bulls,1450.1822807998228,1522.360423489141,47.82185731068171,-47.82185731068171,0.5683898379152682
4280,2023-03-25,2023,7,0,Columbus Crew,Atlanta Utd,1518.7523009130625,1505.7185979864712,133.03370292659133,-133.03370292659133,0.6826124196771893
4281,2023-03-25,2023,8,17,DC United,New England Revolution,1379.3102280571095,1546.4927097568823,-47.18248169977278,-47.18248169977278,0.4325133093471731
4282,2023-03-25,2023,12,4,Inter Miami,Chicago Fire,1506.7628426411902,1439.5194537059003,187.2433889352899,187.2433889352899,0.7460887170120263
4283,2023-03-25,2023,21,20,Philadelphia Union,Orlando City,1625.418550071988,1481.495316884729,263.92323318725903,263.92323318725903,0.8204301130090834
4284,2023-03-25,2023,22,14,Portland Timbers,Los Angeles Galaxy,1523.9620174811832,1505.4577893117062,138.50422816947707,138.50422816947707,0.6893954357183885
4285,2023-03-26,2023,1,6,Austin FC,Colorado Rapids,1498.1130572874556,1483.265336443057,134.8477208443985,134.8477208443985,0.6848704516039009
4286,2023-03-26,2023,11,18,Houston Dynamo,New York City,1408.2324644730536,1582.330731177116,-54.098266704062326,-54.098266704062326,0.4227694749534952
4287,2023-03-26,2023,13,10,Los Angeles FC,FC Dallas,1614.5537805512388,1525.0359591473732,209.51782140386558,209.51782140386558,0.7696048868189268
4288,2023-03-26,2023,15,30,Minnesota United,Vancouver Whitecaps,1547.7221290631317,1471.8623676071427,195.85976145598897,195.85976145598897,0.7553697389228095
4289,2023-03-26,2023,16,9,Nashville SC,FC Cincinnati,1551.2940721741402,1498.5405140744951,172.75355809964503,172.75355809964503,0.7299658695854744
4290,2023-03-26,2023,23,28,Real Salt Lake,St. Louis City,1498.921454955932,1546.6258049350222,72.29565002090976,72.29565002090976,0.6025657353037052
4291,2023-03-26,2023,25,29,San Jose Earthquakes,Toronto FC,1455.1089672148123,1412.926454031505,162.18251318330726,162.18251318330726,0.7178045887835692
4292,2023-03-26,2023,27,26,Sporting Kansas City,Seattle Sounders,1487.341779194255,1490.5895052955384,116.75227389871657,116.75227389871657,0.6619687748551999
4293,2023-04-02,2023,0,19,Atlanta Utd,New York Red Bulls,1497.783908478401,1524.0701694370227,93.71373904137818,93.71373904137818,0.6316867087462826
4294,2023-04-02,2023,4,8,Chicago Fire,DC United,1458.171671631201,1368.4973953234303,209.6742763077707,209.6742763077707,0.7697645410705571
4295,2023-04-02,2023,6,13,Colorado Rapids,Los Angeles FC,1487.8870977331546,1620.3136583807657,-12.42656064761104,12.42656064761104,0.4821243634666582
4296,2023-04-02,2023,7,23,Columbus Crew,Real Salt Lake,1526.6869904211328,1483.8573115733393,162.8296788477935,162.8296788477935,0.7185585944239742
4297,2023-04-02,2023,9,12,FC Cincinnati,Inter Miami,1516.789660814132,1488.1106247158896,148.67903609824248,148.67903609824248,0.7017960801441724
4298,2023-04-02,2023,10,22,FC Dallas,Portland Timbers,1519.2760813178463,1519.2271315882235,120.04894972962279,120.04894972962279,0.6662020882689558
4299,2023-04-02,2023,14,26,Los Angeles Galaxy,Seattle Sounders,1510.1926752046659,1507.1387246669185,123.05395053774737,123.05395053774737,0.6700376793077922
4300,2023-04-02,2023,17,18,New England Revolution,New York City,1557.3055424905615,1567.8999680509532,109.40557443960824,109.40557443960824,0.6524416424386152
4301,2023-04-02,2023,20,16,Orlando City,Nashville SC,1502.0060697099561,1533.0449254345033,88.96114427545285,88.96114427545285,0.6252989885003276
4302,2023-04-02,2023,21,27,Philadelphia Union,Sporting Kansas City,1604.9077972467608,1470.7925598228749,254.1152374238859,254.1152374238859,0.8119613011862001
4303,2023-04-02,2023,25,11,San Jose Earthquakes,Houston Dynamo,1449.6638524952232,1422.6632275992163,147.0006248960069,147.0006248960069,0.6997701590031448
4304,2023-04-02,2023,28,15,St. Louis City,Minnesota United,1561.6899483176148,1541.3378855900614,140.3520627275534,140.3520627275534,0.6916685270425563
4305,2023-04-02,2023,29,3,Toronto FC,Charlotte,1418.3715687510942,1448.4725348519412,89.89903389915298,89.89903389915298,0.6265630996842307
4306,2023-04-02,2023,30,2,Vancouver Whitecaps,CF Montreal,1478.246611080213,1544.5251552242012,53.721455856011744,53.721455856011744,0.5767010998632749
4307,2023-04-09,2023,4,15,Chicago Fire,Minnesota United,1451.4275581044371,1558.6295987661254,12.797959338311784,12.797959338311784,0.5184094184561552
4308,2023-04-09,2023,8,7,DC United,Columbus Crew,1375.2415088501941,1533.7230255605334,-38.48151671033929,-38.48151671033929,0.4448459953192123
4309,2023-04-09,2023,9,21,FC Cincinnati,Philadelphia Union,1524.2447588105276,1597.1087647171057,47.135994093421914,47.135994093421914,0.567421007214366
4310,2023-04-09,2023,11,14,Houston Dynamo,Los Angeles Galaxy,1415.157481574295,1493.4417332219712,41.71574835232377,41.71574835232377,0.5597469547756126
4311,2023-04-09,2023,12,10,Inter Miami,FC Dallas,1480.655526719494,1515.1210291111224,85.53449760837157,85.53449760837157,0.6206660320800322
4312,2023-04-09,2023,13,1,Los Angeles FC,Austin FC,1619.866767467432,1493.491295997358,246.375471470074,246.375471470074,0.8050641164333382
4313,2023-04-09,2023,16,29,Nashville SC,Toronto FC,1548.6774001470114,1415.2074912589885,253.46990888802293,253.46990888802293,0.8113934661038722
4314,2023-04-09,2023,17,2,New England Revolution,CF Montreal,1553.494501429596,1533.942682720783,139.55181870881302,139.55181870881302,0.6906852478230825
4315,2023-04-09,2023,18,0,New York City,Atlanta Utd,1571.7110091119187,1506.9917407597438,184.71926835217482,184.71926835217482,0.7433263188474002
4316,2023-04-09,2023,19,25,New York Red Bulls,San Jose Earthquakes,1514.8623371556798,1457.1695985201445,177.6927386355353,177.6927386355353,0.7355335254340932
4317,2023-04-09,2023,23,3,Real Salt Lake,Charlotte,1476.8212764339387,1451.6366123440469,145.18466408989184,145.18466408989184,0.6975693854159398
4318,2023-04-09,2023,26,28,Seattle Sounders,St. Louis City,1523.8896666496132,1544.398235141551,99.4914315080623,99.4914315080623,0.6393902681025734
4319,2023-04-09,2023,27,6,Sporting Kansas City,Colorado Rapids,1478.59159235253,1488.3339886464883,110.25760370604166,110.25760370604166,0.653553000894181
4320,2023-04-09,2023,30,22,Vancouver Whitecaps,Portland Timbers,1488.829083583631,1523.3821837949474,85.4468997886836,85.4468997886836,0.620547303541316
4321,2023-04-16,2023,1,30,Austin FC,Vancouver Whitecaps,1488.6178989081916,1498.3154009950981,110.30249791309348,110.30249791309348,0.6536115130882436
4322,2023-04-16,2023,2,8,CF Montreal,DC United,1526.2098139163602,1364.1203589672139,282.08945494914633,282.08945494914633,0.8353236792391581
4323,2023-04-16,2023,3,6,Charlotte,Colorado Rapids,1444.0758469794453,1504.6728136688428,59.403033310602495,59.403033310602495,0.5846644505512322
4324,2023-04-16,2023,4,21,Chicago Fire,Philadelphia Union,1463.4673226430332,1586.2942898974648,-2.8269672544315654,-2.8269672544315654,0.495931756867875
4325,2023-04-16,2023,7,17,Columbus Crew,New England Revolution,1544.8441754435137,1561.227370234019,103.61680520949471,103.61680520949471,0.644847430747694
4326,2023-04-16,2023,10,23,FC Dallas,Real Salt Lake,1530.6376799131233,1484.3820417985403,166.255638114583,166.255638114583,0.7225296516632684
4327,2023-04-16,2023,14,13,Los Angeles Galaxy,Los Angeles FC,1482.4354070913614,1624.7401645565985,-22.304757465237117,22.304757465237117,0.46794489909317044
4328,2023-04-16,2023,15,20,Minnesota United,Orlando City,1546.5898342275293,1486.373594997448,180.21623923008133,180.21623923008133,0.738349580936504
4329,2023-04-16,2023,18,16,New York City,Nashville SC,1565.6278511407336,1540.8925634944146,144.73528764631897,144.73528764631897,0.6970233749888073
4330,2023-04-16,2023,19,11,New York Red Bulls,Houston Dynamo,1508.9739990198275,1426.1638077049047,202.8101913149228,202.8101913149228,0.7626872766829756
4331,2023-04-16,2023,22,26,Portland Timbers,Seattle Sounders,1513.8958663834803,1532.904909947049,100.99095643643136,-100.99095643643136,0.6413781378520487
4332,2023-04-16,2023,25,27,San Jose Earthquakes,Sporting Kansas City,1463.0579366559969,1462.2527673301754,120.80516932582145,120.80516932582145,0.6671694267059872
4333,2023-04-16,2023,28,9,St. Louis City,FC Cincinnati,1535.3829918441152,1535.0592336301686,120.32375821394658,120.32375821394658,0.6665537792080386
4334,2023-04-16,2023,29,0,Toronto FC,Atlanta Utd,1422.9923279115853,1513.074898730929,29.917429180656427,29.917429180656427,0.5429485422279957
4335,2023-04-23,2023,0,4,Atlanta Utd,Chicago Fire,1514.1486122866288,1463.5690287213363,170.57958356529252,170.57958356529252,0.727491996979772
4336,2023-04-23,2023,2,19,CF Montreal,New York Red Bulls,1505.3267219353813,1502.4068171027532,122.91990483262816,-122.91990483262816,0.6698670596210067
4337,2023-04-23,2023,3,7,Charlotte,Columbus Crew,1441.9592357156644,1541.2229896748213,20.73624604084307,20.73624604084307,0.5298064736210951
4338,2023-04-23,2023,6,28,Colorado Rapids,St. Louis City,1506.7894249326237,1543.719147363914,83.07027756870957,83.07027756870957,0.6173206047117696
4339,2023-04-23,2023,9,22,FC Cincinnati,Portland Timbers,1526.7230781103694,1522.861412937179,123.86166517319043,123.86166517319043,0.6710648277783499
4340,2023-04-23,2023,11,12,Houston Dynamo,Inter Miami,1432.730989621979,1465.1388759174931,87.59211370448588,87.59211370448588,0.6234507064642937
4341,2023-04-23,2023,14,1,Los Angeles Galaxy,Austin FC,1470.736784614032,1484.7776110809855,105.95917353304662,105.95917353304662,0.6479294039868608
4342,2023-04-23,2023,16,13,Nashville SC,Los Angeles FC,1533.3181478691347,1636.4387870339278,16.879360835206853,16.879360835206853,0.5242722594659802
4343,2023-04-23,2023,17,27,New England Revolution,Sporting Kansas City,1564.8485560027113,1453.932002997825,230.91655300488628,230.91655300488628,0.7907186227166398
4344,2023-04-23,2023,18,10,New York City,FC Dallas,1573.2022667660135,1537.5744386215415,155.627828144472,155.627828144472,0.7100991814237134
4345,2023-04-23,2023,20,8,Orlando City,DC United,1504.8323345208605,1385.0034509481927,239.8288835726678,239.8288835726678,0.7990818918367549
4346,2023-04-23,2023,21,29,Philadelphia Union,Toronto FC,1586.1925838191617,1421.9186143558854,284.2739694632762,284.2739694632762,0.837046195905366
4347,2023-04-23,2023,23,25,Real Salt Lake,San Jose Earthquakes,1477.445283090122,1471.3787009883472,126.06658210177488,126.06658210177488,0.6738604273502391
4348,2023-04-23,2023,26,15,Seattle Sounders,Minnesota United,1523.9393633933503,1528.1310947041168,115.8082686892335,115.8082686892335,0.6607517323140352
4349,2023-04-29,2023,16,0,Nashville SC,Atlanta Utd,1532.7113413824852,1520.9613123621345,131.75002902035067,131.75002902035067,0.6810093257142693
4350,2023-04-30,2023,1,25,Austin FC,San Jose Earthquakes,1475.975846180657,1463.2252116721031,132.75063450855396,132.75063450855396,0.682259284987543
4351,2023-04-30,2023,4,19,Chicago Fire,New York Red Bulls,1456.7563286458305,1494.1534935932784,82.60283505255211,82.60283505255211,0.6166847372216154
4352,2023-04-30,2023,7,12,Columbus Crew,Inter Miami,1529.4681515153486,1455.7251435791004,193.7430079362482,193.7430079362482,0.753111115368489
4353,2023-04-30,2023,8,3,DC United,Charlotte,1404.9804982441117,1453.714073875137,71.26642436897464,71.26642436897464,0.601146028199713
4354,2023-04-30,2023,17,9,New England Revolution,FC Cincinnati,1570.0805904347953,1534.9464574159108,155.13413301888454,155.13413301888454,0.7095137957526516
4355,2023-04-30,2023,20,14,Orlando City,Los Angeles Galaxy,1484.8552872249415,1479.5385495143605,125.31673771058104,125.31673771058104,0.6729110788607049
4356,2023-04-30,2023,23,26,Real Salt Lake,Seattle Sounders,1485.5987724063662,1532.4205700854993,73.17820232086683,73.17820232086683,0.6037817496920582
4357,2023-04-30,2023,27,2,Sporting Kansas City,CF Montreal,1448.699968565741,1513.580045444856,55.119923120885005,55.119923120885005,0.5786650728085913
4358,2023-04-30,2023,28,22,St. Louis City,Portland Timbers,1546.6521624817083,1514.6380336316377,152.01412885007062,152.01412885007062,0.7057982483883627
4359,2023-04-30,2023,29,18,Toronto FC,New York City,1417.8447692535196,1580.4497872304207,-42.60501797690108,-42.60501797690108,0.4389919452758375
4360,2023-04-30,2023,30,6,Vancouver Whitecaps,Colorado Rapids,1502.1556888223042,1503.8564098148295,118.29927900747475,118.29927900747475,0.6639585909436597
4361,2023-05-01,2023,15,10,Minnesota United,FC Dallas,1519.6498880119677,1530.3269181571343,109.32296985483345,109.32296985483345,0.6523338071928823
4362,2023-05-07,2023,2,20,CF Montreal,Orlando City,1528.0466722650708,1493.0325102534239,155.01416201164693,155.01416201164693,0.7093714379798947
4363,2023-05-07,2023,3,18,Charlotte,New York City,1443.7427245801298,1566.4245858623167,-2.681861282186901,-2.681861282186901,0.49614056802101586
4364,2023-05-07,2023,9,8,FC Cincinnati,DC United,1540.1843023097272,1414.951847539119,245.23245477060823,245.23245477060823,0.804029447110322
4365,2023-05-07,2023,11,23,Houston Dynamo,Real Salt Lake,1442.1447219603717,1483.0042286640646,79.14049329630711,79.14049329630711,0.6119625661583076
4366,2023-05-07,2023,12,0,Inter Miami,Atlanta Utd,1474.5529214633127,1512.9865455049912,81.56637595832149,81.56637595832149,0.6152734079810418
4367,2023-05-07,2023,14,6,Los Angeles Galaxy,Colorado Rapids,1471.3613264858782,1507.955374588421,83.40595189745727,83.40595189745727,0.6177769789286467
4368,2023-05-07,2023,16,4,Nashville SC,Chicago Fire,1540.6861082396285,1453.8392102152902,206.84689802433832,206.84689802433832,0.7668673901928389
4369,2023-05-07,2023,19,21,New York Red Bulls,Philadelphia Union,1497.0706120238187,1590.2664289215274,26.80418310229129,26.80418310229129,0.5384979717091986
4370,2023-05-07,2023,22,1,Portland Timbers,Austin FC,1532.2829898413468,1471.4193640559686,180.8636257853782,180.8636257853782,0.739068892014559
4371,2023-05-07,2023,25,13,San Jose Earthquakes,Los Angeles FC,1467.7816937967916,1637.0455935205773,-49.2638997237857,49.2638997237857,0.4295748888452964
4372,2023-05-07,2023,26,27,Seattle Sounders,Sporting Kansas City,1535.0151138278009,1434.2333417455263,220.78177208227453,220.78177208227453,0.7809005456111952
4373,2023-05-07,2023,29,17,Toronto FC,New England Revolution,1431.8699706216237,1564.842745540979,-12.972774919355288,-12.972774919355288,0.4813393474233816
4374,2023-05-07,2023,30,15,Vancouver Whitecaps,Minnesota United,1498.0567240487128,1515.8415428321457,102.21518121656709,102.21518121656709,0.6429974609115756
4375,2023-05-13,2023,4,28,Chicago Fire,St. Louis City,1448.0108949701112,1529.0072062719992,39.003688698112,39.003688698112,0.5558962032436342
4376,2023-05-14,2023,0,3,Atlanta Utd,Charlotte,1503.3683807045172,1456.3392103796043,167.0291703249129,167.0291703249129,0.723421468188835
4377,2023-05-14,2023,1,10,Austin FC,FC Dallas,1477.3960863563325,1534.1352633369563,63.260823019376176,63.260823019376176,0.5900467325585083
4378,2023-05-14,2023,2,29,CF Montreal,Toronto FC,1535.3123863155733,1419.8364869360391,235.4758993795342,235.4758993795342,0.7950286990031116
4379,2023-05-14,2023,6,21,Colorado Rapids,Philadelphia Union,1523.3997990616372,1603.7288782142575,39.67092084737965,39.67092084737965,0.5568442223537171
4380,2023-05-14,2023,7,20,Columbus Crew,Orlando City,1510.6403736311363,1485.7667962029213,144.87357742821496,144.87357742821496,0.6971914619871562
4381,2023-05-14,2023,8,16,DC United,Nashville SC,1410.052583716877,1546.5144234848076,-16.46183976793054,-16.46183976793054,0.4763272203617938
4382,2023-05-14,2023,11,26,Houston Dynamo,Seattle Sounders,1439.345657806414,1515.492600187521,43.85305761889299,43.85305761889299,0.5627766055667102
4383,2023-05-14,2023,12,17,Inter Miami,New England Revolution,1484.1710862637867,1576.8762292265635,27.29485703722321,-27.29485703722321,0.5391998452338759
4384,2023-05-14,2023,19,18,New York Red Bulls,New York City,1483.6081627310887,1553.8281000628422,49.7800626682465,49.7800626682465,0.571153039876459
4385,2023-05-14,2023,22,30,Portland Timbers,Vancouver Whitecaps,1526.3062675409828,1506.9817875259234,139.3244800150594,139.3244800150594,0.6904055956502879
4386,2023-05-14,2023,23,13,Real Salt Lake,Los Angeles FC,1485.8032928180223,1622.7849657417098,-16.981672923687483,16.981672923687483,0.4755808506858875
4387,2023-05-14,2023,27,15,Sporting Kansas City,Minnesota United,1453.7558553858062,1506.916479354935,66.83937603087111,66.83937603087111,0.5950202510749292
4388,2023-05-15,2023,14,25,Los Angeles Galaxy,San Jose Earthquakes,1455.916902012662,1482.0423215756591,93.8745804370028,93.8745804370028,0.6319020958424681
4389,2023-05-18,2023,0,6,Atlanta Utd,Colorado Rapids,1485.2828439997963,1509.4786935027942,95.80415049700218,95.80415049700218,0.6344819140939382
4390,2023-05-18,2023,3,4,Charlotte,Chicago Fire,1474.4247470843252,1459.1134898890202,135.31125719530496,135.31125719530496,0.6854460540237205
4391,2023-05-18,2023,7,14,Columbus Crew,Los Angeles Galaxy,1505.7105870814573,1465.1193496166002,160.59123746485716,160.59123746485716,0.7159454080867933
4392,2023-05-18,2023,9,2,FC Cincinnati,CF Montreal,1545.083566131969,1540.4366688404955,124.64689729147358,124.64689729147358,0.6720618208042908
4393,2023-05-18,2023,10,30,FC Dallas,Vancouver Whitecaps,1548.8864316509191,1499.2419274171807,169.64450423373842,169.64450423373842,0.7264235752308722
4394,2023-05-18,2023,13,27,Los Angeles FC,Sporting Kansas City,1634.6744870088569,1463.880349108933,290.79413789992395,290.79413789992395,0.8421011657063057
4395,2023-05-18,2023,15,11,Minnesota United,Houston Dynamo,1496.7919856318083,1425.2762426672462,191.51574296456215,191.51574296456215,0.7507194860616744
4396,2023-05-18,2023,16,12,Nashville SC,Inter Miami,1545.9226039938524,1495.6910901329397,170.23151386091263,170.23151386091263,0.7270945975309104
4397,2023-05-18,2023,20,18,Orlando City,New York City,1490.6965827526003,1543.1069260597537,67.58965669284657,67.58965669284657,0.5960605679327334
4398,2023-05-18,2023,21,8,Philadelphia Union,DC United,1617.6499837731005,1410.6444032078323,327.00558056526825,327.00558056526825,0.8678860291740473
4399,2023-05-18,2023,23,22,Real Salt Lake,Portland Timbers,1473.913771550875,1534.0461276497256,59.86764390114945,59.86764390114945,0.5853137604261492
4400,2023-05-18,2023,26,1,Seattle Sounders,Austin FC,1529.5620153266889,1462.6449180423697,186.9170972843192,186.9170972843192,0.7457327294769953
4401,2023-05-18,2023,29,19,Toronto FC,New York Red Bulls,1414.712204411117,1494.329336734177,40.382867676939895,40.382867676939895,0.5578553165565404
4402,2023-05-21,2023,1,29,Austin FC,Toronto FC,1481.2882362792946,1413.2658214972034,188.02241478209112,188.02241478209112,0.7469373116831807
4403,2023-05-21,2023,3,16,Charlotte,Nashville SC,1482.288595733732,1552.7452390555795,49.54335667815258,49.54335667815258,0.5708192587200492
4404,2023-05-21,2023,4,0,Chicago Fire,Atlanta Utd,1451.2496412396133,1494.4207961474478,76.82884509216547,76.82884509216547,0.6087979792283738
4405,2023-05-21,2023,6,23,Colorado Rapids,Real Salt Lake,1500.3407413551427,1471.7809275402212,148.55981381492143,148.55981381492143,0.7016524328161501
4406,2023-05-21,2023,8,14,DC United,Los Angeles Galaxy,1419.8415539371836,1458.01798481877,81.82356911841362,81.82356911841362,0.6156238057005201
4407,2023-05-21,2023,9,7,FC Cincinnati,Columbus Crew,1553.2820206118618,1512.8119518792876,160.4700687325742,160.4700687325742,0.715803537166586
4408,2023-05-21,2023,10,11,FC Dallas,Houston Dynamo,1555.7258422701473,1419.044229818788,256.68161245135934,256.68161245135934,0.814206493763131
4409,2023-05-21,2023,12,20,Inter Miami,Orlando City,1488.8684550712126,1488.295068554282,120.57338651693067,120.57338651693067,0.6668730847914913
4410,2023-05-21,2023,13,25,Los Angeles FC,San Jose Earthquakes,1626.1219578661992,1472.8398739717209,273.2820838944783,273.2820838944783,0.8282305136407915
4411,2023-05-21,2023,19,2,New York Red Bulls,CF Montreal,1495.7757196480907,1532.2382143606028,83.53750528748787,83.53750528748787,0.6179557789427909
4412,2023-05-21,2023,21,17,Philadelphia Union,New England Revolution,1608.4528330437493,1565.3562253574105,163.09660768633876,163.09660768633876,0.7188692330549113
4413,2023-05-21,2023,22,15,Portland Timbers,Minnesota United,1536.1789716603794,1503.0239984802665,153.15497318011285,153.15497318011285,0.7071600686582549
4414,2023-05-21,2023,28,27,St. Louis City,Sporting Kansas City,1517.90461135309,1472.4328782515906,165.47173310149947,165.47173310149947,0.7216240713349551
4415,2023-05-21,2023,30,26,Vancouver Whitecaps,Seattle Sounders,1492.4025167979526,1510.918697089764,101.48381970818855,101.48381970818855,0.6420304547220346
4416,2023-05-28,2023,2,12,CF Montreal,Inter Miami,1522.6871088341725,1472.1966279514252,170.4904808827473,170.4904808827473,0.7273903008028768
4417,2023-05-28,2023,6,9,Colorado Rapids,FC Cincinnati,1482.7994305347388,1560.3869321826971,42.412498352041666,42.412498352041666,0.5607351031066484
4418,2023-05-28,2023,11,1,Houston Dynamo,Austin FC,1426.8993921628662,1487.614803487215,59.284588675651094,59.284588675651094,0.5844988728159297
4419,2023-05-28,2023,14,3,Los Angeles Galaxy,Charlotte,1448.4085799612828,1468.018114265731,100.39046569555194,100.39046569555194,0.6405826660556894
4420,2023-05-28,2023,15,23,Minnesota United,Real Salt Lake,1520.703000196723,1489.322238360625,151.38076183609792,151.38076183609792,0.7050406091226773
4421,2023-05-28,2023,17,4,New England Revolution,Chicago Fire,1558.3279561837833,1448.529691758904,229.79826442487933,229.79826442487933,0.7896513530495937
4422,2023-05-28,2023,18,21,New York City,Philadelphia Union,1545.5084402580721,1615.4811022173765,50.02733804069567,50.02733804069567,0.5715016558909017
4423,2023-05-28,2023,20,0,Orlando City,Atlanta Utd,1504.9668956740693,1497.1407456281572,127.82615004591207,127.82615004591207,0.6760825465799577
4424,2023-05-28,2023,25,10,San Jose Earthquakes,FC Dallas,1468.5456368127407,1547.870679926069,40.67495688667168,40.67495688667168,0.5582699982344813
4425,2023-05-28,2023,26,19,Seattle Sounders,New York Red Bulls,1501.9694584578149,1505.326825174521,116.64263328329389,116.64263328329389,0.661827532201245
4426,2023-05-28,2023,27,22,Sporting Kansas City,Portland Timbers,1465.4734800349645,1518.499969943923,66.97351009104159,66.97351009104159,0.5952063003309381
4427,2023-05-28,2023,28,30,St. Louis City,Vancouver Whitecaps,1524.8640095697162,1501.3517554299017,143.51225413981456,143.51225413981456,0.6955345228950861
4428,2023-05-28,2023,29,8,Toronto FC,DC United,1406.9392542892829,1429.4509587946707,97.4882954946122,97.4882954946122,0.6367273158035393
4429,2023-05-29,2023,16,7,Nashville SC,Columbus Crew,1567.0157205235807,1505.7070403084522,181.30868021512856,181.30868021512856,0.739562649228725
4430,2023-06-01,2023,0,17,Atlanta Utd,New England Revolution,1501.542809292656,1551.0866723575434,70.45613693511268,70.45613693511268,0.6000271241175017
4431,2023-06-01,2023,1,15,Austin FC,Minnesota United,1477.2272753076134,1515.576984968656,81.65029033895735,81.65029033895735,0.6153877453649428
4432,2023-06-01,2023,7,6,Columbus Crew,Colorado Rapids,1499.1961065391704,1468.7810529570727,150.4150535820977,150.4150535820977,0.7038832392130937
4433,2023-06-01,2023,8,2,DC United,CF Montreal,1420.369141689759,1529.5023513141005,10.866790375658638,10.866790375658638,0.5156334709245002
4434,2023-06-01,2023,12,19,Inter Miami,New York Red Bulls,1465.3813854714972,1496.872513479552,88.50887199194517,-88.50887199194517,0.6246887919983576
4435,2023-06-01,2023,18,9,New York City,FC Cincinnati,1531.2208988607997,1574.4053097603633,76.81558910043645,76.81558910043645,0.6087798054252568
4436,2023-06-01,2023,21,3,Philadelphia Union,Charlotte,1629.768643614649,1484.0326809171231,265.7359626975258,265.7359626975258,0.8219622943382161
4437,2023-06-01,2023,23,14,Real Salt Lake,Los Angeles Galaxy,1494.448253588692,1432.3940133098906,182.05424027880144,182.05424027880144,0.7403884392206027
4438,2023-06-01,2023,26,25,Seattle Sounders,San Jose Earthquakes,1510.4237701527838,1467.0888868568786,163.33488329590523,163.33488329590523,0.7191463500327775
4439,2023-06-01,2023,27,10,Sporting Kansas City,FC Dallas,1475.593322526691,1549.327429881931,46.265892644760015,46.265892644760015,0.5661911853812558
4440,2023-06-01,2023,29,4,Toronto FC,Chicago Fire,1416.0210713941945,1455.7709755851438,80.25009580905066,80.25009580905066,0.6134782536288462
4441,2023-06-01,2023,30,11,Vancouver Whitecaps,Houston Dynamo,1493.7401185022788,1437.286920342468,176.45319815981088,176.45319815981088,0.7341431945814776
4442,2023-06-03,2023,18,17,New York City,New England Revolution,1516.0014037251683,1553.587350460481,82.41405326468725,82.41405326468725,0.6164278218231318
4443,2023-06-03,2023,26,22,Seattle Sounders,Portland Timbers,1492.4451114019644,1508.3801274521963,104.06498394976802,104.06498394976802,0.6454380619401715
4444,2023-06-04,2023,1,23,Austin FC,Real Salt Lake,1486.8425816734898,1475.938542608177,130.90403906531287,130.90403906531287,0.679950476571104
4445,2023-06-04,2023,6,25,Colorado Rapids,San Jose Earthquakes,1461.3781339374,1485.067545607698,96.31058832970189,96.31058832970189,0.6351577471280051
4446,2023-06-04,2023,7,3,Columbus Crew,Charlotte,1506.599025558843,1479.5817382755786,147.01728728326452,147.01728728326452,0.6997903098765256
4447,2023-06-04,2023,9,4,FC Cincinnati,Chicago Fire,1589.6248048959947,1458.607931925865,251.01687297012973,251.01687297012973,0.8092229927639324
4448,2023-06-04,2023,12,8,Inter Miami,DC United,1449.7641656715382,1419.9783049166465,149.7858607548917,-149.7858607548917,0.7031277584290105
4449,2023-06-04,2023,15,29,Minnesota United,Toronto FC,1505.9616786027796,1413.1841150534733,212.77756354930625,212.77756354930625,0.7729152510356748
4450,2023-06-04,2023,19,20,New York Red Bulls,Orlando City,1512.489733279511,1500.5648320095704,131.92490126994062,131.92490126994062,0.6812279651394249
4451,2023-06-04,2023,21,2,Philadelphia Union,CF Montreal,1634.2195862561935,1529.893188087213,224.3263981689804,224.3263981689804,0.7843716370570272
4452,2023-06-04,2023,28,11,St. Louis City,Houston Dynamo,1532.475646497339,1430.6405002070048,221.83514629033425,221.83514629033425,0.7819362479751146
4453,2023-06-04,2023,30,27,Vancouver Whitecaps,Sporting Kansas City,1500.386538637742,1486.4385428921596,133.94799574558238,133.94799574558238,0.6837515854194443
4454,2023-06-08,2023,10,28,FC Dallas,St. Louis City,1538.4822095164625,1537.9272402979611,120.55496921850136,120.55496921850136,0.6668495320091582
4455,2023-06-08,2023,13,0,Los Angeles FC,Atlanta Utd,1630.4161950251794,1499.0421311897185,251.3740638354609,251.3740638354609,0.8095402226481322
4456,2023-06-11,2023,0,8,Atlanta Utd,DC United,1506.7806367559217,1437.5564988773717,189.22413787854998,189.22413787854998,0.7482426689926206
4457,2023-06-11,2023,2,15,CF Montreal,Minnesota United,1524.5024790136388,1499.1387973268877,145.36368168675108,145.36368168675108,0.6977867436685563
4458,2023-06-11,2023,3,26,Charlotte,Seattle Sounders,1472.0764960224917,1488.8091598534602,103.26733616903152,103.26733616903152,0.6443865773850321
4459,2023-06-11,2023,4,7,Chicago Fire,Columbus Crew,1453.8385067449633,1514.10426781193,59.73423893303334,59.73423893303334,0.5851273524495543
4460,2023-06-11,2023,11,13,Houston Dynamo,Los Angeles FC,1425.1889064063828,1622.6776894589761,-77.48878305259336,77.48878305259336,0.39029763626323405
4461,2023-06-11,2023,17,12,New England Revolution,Inter Miami,1556.4980460060594,1432.185971710813,244.31207429524648,244.31207429524648,0.803193295615286
4462,2023-06-11,2023,20,6,Orlando City,Colorado Rapids,1517.595531138056,1457.9991902591998,179.59634087885615,179.59634087885615,0.7376596132953555
4463,2023-06-11,2023,23,18,Real Salt Lake,New York City,1492.9373045224545,1513.09070817959,99.84659634286459,99.84659634286459,0.6398615331404202
4464,2023-06-11,2023,25,21,San Jose Earthquakes,Philadelphia Union,1488.4464892858982,1639.6102953297677,-31.1638060438695,31.1638060438695,0.4552715677075944
4465,2023-06-11,2023,27,1,Sporting Kansas City,Austin FC,1491.0323325276456,1469.8438197592122,141.18851276843338,141.18851276843338,0.6926944390664186
4466,2023-06-11,2023,28,14,St. Louis City,Los Angeles Galaxy,1529.59847859819,1450.9037242904058,198.69475430778425,198.69475430778425,0.7583727826833887
4467,2023-06-11,2023,29,16,Toronto FC,Nashville SC,1420.0069963293652,1573.5266542928625,-33.519657963497366,-33.519657963497366,0.4519104458881294
4468,2023-06-11,2023,30,9,Vancouver Whitecaps,FC Cincinnati,1495.792749002256,1594.3942300768963,21.398518925359667,21.398518925359667,0.5307560648713572
4469,2023-06-12,2023,22,10,Portland Timbers,FC Dallas,1512.0160790007005,1546.8109712162336,85.20510778446692,85.20510778446692,0.6202195080519911
4470,2023-06-15,2023,13,11,Los Angeles FC,Houston Dynamo,1607.435130365557,1440.431465499802,287.0036648657549,287.0036648657549,0.8391781650401485
4471,2023-06-17,2023,18,7,New York City,Columbus Crew,1516.5872465081004,1528.7324516231688,107.85479488493161,107.85479488493161,0.6504145960128344
4472,2023-06-18,2023,8,23,DC United,Real Salt Lake,1431.2625656021874,1489.440766193944,61.82179940824335,61.82179940824335,0.5880414943871208
4473,2023-06-18,2023,16,28,Nashville SC,St. Louis City,1572.3244154400659,1523.1391590311052,169.18525640896064,169.18525640896064,0.7258978834446487
4474,2023-06-18,2023,17,20,New England Revolution,Orlando City,1561.4182136156774,1524.1540408056721,157.26417281000522,157.26417281000522,0.7120344315029175
4475,2023-06-18,2023,25,22,San Jose Earthquakes,Portland Timbers,1502.0647000932083,1521.5105912994009,100.55410879380747,100.55410879380747,0.6407995213602578
4476,2023-06-18,2023,27,13,Sporting Kansas City,Los Angeles FC,1498.7149715509852,1586.4556762395532,32.25929531143197,32.25929531143197,0.5462919056214918
4477,2023-06-22,2023,0,18,Atlanta Utd,New York City,1513.074570031106,1512.8268816077796,120.24768842332651,120.24768842332651,0.6664564461022505
4478,2023-06-22,2023,1,10,Austin FC,FC Dallas,1462.1611807358727,1537.3164589175333,44.844721818339394,44.844721818339394,0.5641807215245785
4479,2023-06-22,2023,2,16,CF Montreal,Nashville SC,1532.0578104219248,1579.1769683539496,72.88084206797521,72.88084206797521,0.60337217781882
4480,2023-06-22,2023,9,29,FC Cincinnati,Toronto FC,1595.1631316986802,1421.2092351821618,293.9538965165184,293.9538965165184,0.8445046809318625
4481,2023-06-22,2023,11,25,Houston Dynamo,San Jose Earthquakes,1461.4109196258057,1498.5447120592019,82.86620756660386,82.86620756660386,0.617043055162427
4482,2023-06-22,2023,13,26,Los Angeles FC,Seattle Sounders,1600.1129738800905,1492.418824288086,227.69414959200458,227.69414959200458,0.7876324231395045
4483,2023-06-22,2023,14,27,Los Angeles Galaxy,Sporting Kansas City,1457.3630438574905,1485.0576739104479,92.30536994704266,92.30536994704266,0.6297984876773944
4484,2023-06-22,2023,19,3,New York Red Bulls,Charlotte,1495.4590341510254,1468.466831587866,146.99220256315948,146.99220256315948,0.6997599730522316
4485,2023-06-22,2023,20,21,Orlando City,Philadelphia Union,1516.954901593245,1625.9920845224576,10.962817070787423,10.962817070787423,0.5157715281499029
4486,2023-06-22,2023,22,4,Portland Timbers,Chicago Fire,1525.0305793334073,1439.2103229337245,205.82025639968288,205.82025639968288,0.7658091552947937
4487,2023-06-22,2023,28,23,St. Louis City,Real Salt Lake,1516.2866061172215,1504.141803553622,132.14480256359957,132.14480256359957,0.6815027902979102
4488,2023-06-25,2023,1,11,Austin FC,Houston Dynamo,1473.0566626977582,1470.984843246745,122.0718194510132,122.0718194510132,0.6687865411448718
4489,2023-06-25,2023,3,2,Charlotte,CF Montreal,1473.4608309141718,1541.9735059764544,51.4873249377174,51.4873249377174,0.5735585306154177
4490,2023-06-25,2023,6,14,Colorado Rapids,Los Angeles Galaxy,1451.4406805915837,1454.1180816655556,117.32259892602815,117.32259892602815,0.6627030201723336
4491,2023-06-25,2023,7,16,Columbus Crew,Nashville SC,1532.4928165234896,1569.26127279942,83.23154372406952,83.23154372406952,0.617539883919527
4492,2023-06-25,2023,8,9,DC United,FC Cincinnati,1416.5615282425094,1599.0505146753837,-62.4889864328743,-62.4889864328743,0.4110284318859445
4493,2023-06-25,2023,13,30,Los Angeles FC,Vancouver Whitecaps,1605.422163301603,1495.023847380472,230.39831592113092,230.39831592113092,0.7902245245639564
4494,2023-06-25,2023,17,29,New England Revolution,Toronto FC,1568.6173528281045,1417.3218522054583,271.29550062264616,271.29550062264616,0.8265975061581734
4495,2023-06-25,2023,19,0,New York Red Bulls,Atlanta Utd,1490.4650348247196,1508.91315887855,101.55187594616973,101.55187594616973,0.6421204876087628
4496,2023-06-25,2023,21,12,Philadelphia Union,Inter Miami,1626.386372726205,1427.265804101195,319.12056862501004,319.12056862501004,0.8625941871449447
4497,2023-06-25,2023,22,18,Portland Timbers,New York City,1505.8853504510375,1516.9882927603358,108.89705769070179,108.89705769070179,0.6517775570903193
4498,2023-06-25,2023,23,15,Real Salt Lake,Minnesota United,1521.1793733110696,1491.5834659186016,149.595907392468,149.595907392468,0.7028994599870655
4499,2023-06-25,2023,25,28,San Jose Earthquakes,St. Louis City,1488.9707884382626,1499.2490363597738,109.72175207848886,109.72175207848886,0.6528542485517476
4500,2023-06-25,2023,26,20,Seattle Sounders,Orlando City,1487.1096348665735,1516.5606133894976,90.54902147707594,90.54902147707594,0.6274381573610234
4501,2023-06-25,2023,27,4,Sporting Kansas City,Chicago Fire,1488.3026361023828,1458.3555518160942,149.9470842862886,149.9470842862886,0.7033214479237827
4502,2023-07-02,2023,0,21,Atlanta Utd,Philadelphia Union,1499.966171068769,1629.8215180475815,-9.855346978812577,-9.855346978812577,0.48582081838593183
4503,2023-07-02,2023,2,18,CF Montreal,New York City,1543.8124692418398,1520.7827316875937,143.02973755424614,143.02973755424614,0.6949460040873043
4504,2023-07-02,2023,7,19,Columbus Crew,New York Red Bulls,1542.0543194255015,1499.4120226345005,162.64229679100094,162.64229679100094,0.7183404037252055
4505,2023-07-02,2023,9,17,FC Cincinnati,New England Revolution,1584.3262254725323,1572.95241517415,131.3738102983823,131.3738102983823,0.680538676586428
4506,2023-07-02,2023,10,13,FC Dallas,Los Angeles FC,1526.4209769556478,1585.666550187504,60.75442676814373,-60.75442676814373,0.5865522470246278
4507,2023-07-02,2023,12,1,Inter Miami,Austin FC,1423.8306587798186,1481.3369991691363,62.49365961068224,-62.49365961068224,0.5889780803954484
4508,2023-07-02,2023,15,22,Minnesota United,Portland Timbers,1496.6559524182783,1502.0909115237796,114.56504089449868,114.56504089449868,0.6591456773023148
4509,2023-07-02,2023,16,8,Nashville SC,DC United,1559.6997698974083,1431.2858174453609,248.4139524520474,248.4139524520474,0.8068990813439971
4510,2023-07-02,2023,20,4,Orlando City,Chicago Fire,1519.746567323523,1475.9385880141888,163.8079793093343,163.8079793093343,0.7196960718261296
4511,2023-07-02,2023,25,14,San Jose Earthquakes,Los Angeles Galaxy,1472.649432224469,1458.1856571698638,134.4637750546051,134.4637750546051,0.6843932515618497
4512,2023-07-02,2023,26,11,Seattle Sounders,Houston Dynamo,1483.923680932548,1462.7045067753668,141.21917415718121,141.21917415718121,0.6927320093841288
4513,2023-07-02,2023,27,30,Sporting Kansas City,Vancouver Whitecaps,1470.7195999042883,1514.779460494571,75.9401394097174,75.9401394097174,0.6075789088204105
4514,2023-07-02,2023,28,6,St. Louis City,Colorado Rapids,1515.5703925735675,1447.3731050872755,188.197287486292,188.197287486292,0.7471275430004071
4515,2023-07-02,2023,29,23,Toronto FC,Real Salt Lake,1412.9867898594127,1516.106886811393,16.87990304801974,16.87990304801974,0.5242730379340357
4516,2023-07-05,2023,10,8,FC Dallas,DC United,1536.757170780032,1426.4582944789609,230.29887630107123,230.29887630107123,0.7901296188162171
4517,2023-07-05,2023,12,7,Inter Miami,Columbus Crew,1421.6062067699324,1549.0958093323713,-7.489602562438904,7.489602562438904,0.4892232647423127
4518,2023-07-05,2023,14,13,Los Angeles Galaxy,Los Angeles FC,1462.79548845891,1575.3303563631198,7.465132095790295,-7.465132095790295,0.5107415357315722
4519,2023-07-05,2023,20,29,Orlando City,Toronto FC,1526.7541655278699,1399.8799639110619,246.87420161680802,246.87420161680802,0.8055142724771625
4520,2023-07-06,2023,18,3,New York City,Charlotte,1538.1563817897763,1471.6218676487863,186.53451414099004,186.53451414099004,0.7453149086207713
4521,2023-07-09,2023,2,0,CF Montreal,Atlanta Utd,1526.4388191396572,1512.8206506091208,133.61816853053642,133.61816853053642,0.6833408895830275
4522,2023-07-09,2023,3,9,Charlotte,FC Cincinnati,1477.7547403643055,1579.8127585578716,17.941981806433887,-17.941981806433887,0.5257976589869562
4523,2023-07-09,2023,4,16,Chicago Fire,Nashville SC,1468.930989809842,1564.5272928638083,24.403696946033733,24.403696946033733,0.5350621013335043
4524,2023-07-09,2023,6,10,Colorado Rapids,FC Dallas,1441.0512936622856,1517.0039303096266,44.04736335265898,44.04736335265898,0.5630518066899758
4525,2023-07-09,2023,7,18,Columbus Crew,New York City,1548.8263909509292,1532.0235090742572,136.80288187667202,136.80288187667202,0.6872944287546962
4526,2023-07-09,2023,8,12,DC United,Inter Miami,1446.2115349493663,1421.8756251513746,144.3359097979917,144.3359097979917,0.6965376474729135
4527,2023-07-09,2023,11,27,Houston Dynamo,Sporting Kansas City,1455.02280700997,1480.530127183778,94.49267982619199,94.49267982619199,0.6327293194513303
4528,2023-07-09,2023,13,25,Los Angeles FC,San Jose Earthquakes,1563.0988947564092,1468.0396009354226,215.05929382098657,215.05929382098657,0.7752123494982859
4529,2023-07-09,2023,14,21,Los Angeles Galaxy,Philadelphia Union,1475.026950065621,1616.9670385072297,-21.94008844160885,-21.94008844160885,0.4684675779897844
4530,2023-07-09,2023,15,1,Minnesota United,Austin FC,1505.1773104857205,1483.5614511790225,141.61585930669798,141.61585930669798,0.693217849010809
4531,2023-07-09,2023,19,17,New York Red Bulls,New England Revolution,1492.3705327276307,1577.4658820888108,34.90465063881993,34.90465063881993,0.5500635139045188
4532,2023-07-09,2023,23,20,Real Salt Lake,Orlando City,1529.2137127597439,1531.6163087159407,117.59740404380318,117.59740404380318,0.6630565288353102
4533,2023-07-09,2023,29,28,Toronto FC,St. Louis City,1395.017820722991,1521.8922039985573,-6.874383275566288,6.874383275566288,0.49010825801670727
4534,2023-07-09,2023,30,26,Vancouver Whitecaps,Seattle Sounders,1504.9689332150813,1491.6053806979448,133.36355251713644,133.36355251713644,0.6830236499424484
4535,2023-07-13,2023,4,2,Chicago Fire,CF Montreal,1480.5544372765044,1509.3552969000816,91.19914037642275,91.19914037642275,0.6283125574761567
4536,2023-07-13,2023,6,22,Colorado Rapids,Portland Timbers,1451.9749984950363,1493.5695534563374,78.40544503869887,78.40544503869887,0.6109573136255496
4537,2023-07-13,2023,11,15,Houston Dynamo,Minnesota United,1451.7045740236867,1487.8468642604503,83.85770976323647,83.85770976323647,0.6183908493964355
4538,2023-07-13,2023,13,28,Los Angeles FC,St. Louis City,1556.218586018952,1534.144910448975,142.073675569977,142.073675569977,0.6937780261710601
4539,2023-07-13,2023,16,21,Nashville SC,Philadelphia Union,1552.903845397146,1603.6787279569744,69.22511744017152,69.22511744017152,0.5983252470722793
4540,2023-07-13,2023,17,0,New England Revolution,Atlanta Utd,1566.2174699364236,1529.9041728486964,156.31329708772728,156.31329708772728,0.7109107990661117
4541,2023-07-13,2023,19,9,New York Red Bulls,FC Cincinnati,1503.6189448800178,1580.4577000325455,43.16124484747229,43.16124484747229,0.5617964574417701
4542,2023-07-13,2023,25,26,San Jose Earthquakes,Seattle Sounders,1474.9199096728798,1508.6809719465061,86.2389377263737,86.2389377263737,0.6216202914707147
4543,2023-07-13,2023,27,23,Sporting Kansas City,Real Salt Lake,1483.8483601700611,1537.637299538861,66.2110606312001,66.2110606312001,0.5941483900494504
4544,2023-07-13,2023,30,1,Vancouver Whitecaps,Austin FC,1487.89334196652,1500.8918974042926,107.00144456222733,107.00144456222733,0.6492968406552162
4545,2023-07-16,2023,0,20,Atlanta Utd,Orlando City,1522.6769428253492,1523.1927219368235,119.48422088852567,119.48422088852567,0.6654787863805216
4546,2023-07-16,2023,1,27,Austin FC,Sporting Kansas City,1492.124318420673,1481.494650418825,130.62966800184813,130.62966800184813,0.6796066718535846
4547,2023-07-16,2023,2,3,CF Montreal,Charlotte,1500.0631108369855,1477.1097988896315,142.953311947354,142.953311947354,0.6948527302990848
4548,2023-07-16,2023,4,29,Chicago Fire,Toronto FC,1489.8466233396005,1382.7651142725733,227.08150906702713,227.08150906702713,0.7870419318070851
4549,2023-07-16,2023,6,11,Colorado Rapids,Houston Dynamo,1449.2010656543976,1436.2448027887758,132.95626286562174,132.95626286562174,0.6825158321948719
4550,2023-07-16,2023,9,16,FC Cincinnati,Nashville SC,1594.5026114685897,1537.945714220339,176.55689724825083,176.55689724825083,0.7342596872209552
4551,2023-07-16,2023,15,13,Minnesota United,Los Angeles FC,1503.3066354953612,1563.8741353646756,59.43250013068564,-59.43250013068564,0.5847056402412755
4552,2023-07-16,2023,17,8,New England Revolution,DC United,1573.4446999597708,1441.2980937625434,252.14660619722736,252.14660619722736,0.8102249561365394
4553,2023-07-16,2023,21,18,Philadelphia Union,New York City,1618.6368591337814,1536.7058697931245,201.93098934065688,201.93098934065688,0.7617700245708786
4554,2023-07-16,2023,22,7,Portland Timbers,Columbus Crew,1496.3434862969762,1544.1440302320618,72.19945606491433,72.19945606491433,0.6024331187074656
4555,2023-07-16,2023,23,19,Real Salt Lake,New York Red Bulls,1539.9910092900973,1489.5740334439736,170.4169758461237,170.4169758461237,0.7273063889354275
4556,2023-07-16,2023,26,10,Seattle Sounders,FC Dallas,1499.221479233274,1506.080225476876,113.1412537563981,113.1412537563981,0.6573018706118057
4557,2023-07-16,2023,28,12,St. Louis City,Inter Miami,1526.4893611032514,1426.7890663381975,219.70029476505397,219.70029476505397,0.7798335346929675
4558,2023-07-16,2023,30,14,Vancouver Whitecaps,Los Angeles Galaxy,1496.6609209501396,1488.3152606158762,128.34566033426336,128.34566033426336,0.6767371148798516
4559,2023-08-21,2023,4,20,Chicago Fire,Orlando City,1495.1705750444232,1539.8296915963365,75.34088344808674,75.34088344808674,0.6067561285699294
4560,2023-08-21,2023,7,9,Columbus Crew,FC Cincinnati,1534.2048581997485,1601.1461192880658,53.05873891168267,53.05873891168267,0.5757695453776641
4561,2023-08-21,2023,11,22,Houston Dynamo,Portland Timbers,1440.8076985936475,1506.2826583292895,54.52504026435804,54.52504026435804,0.577829934385078
4562,2023-08-21,2023,18,15,New York City,Minnesota United,1530.7501204073965,1501.1889944893294,149.5611259180671,149.5611259180671,0.7028576463468582
4563,2023-08-21,2023,19,8,New York Red Bulls,DC United,1482.7566931673593,1436.5537176659568,166.20297550140253,166.20297550140253,0.7224688718093318
4564,2023-08-21,2023,26,0,Seattle Sounders,Atlanta Utd,1495.2889324679788,1506.0399731658363,109.24895930214257,109.24895930214257,0.6522371776615626
4565,2023-08-21,2023,28,1,St. Louis City,Austin FC,1531.9935227359272,1500.1341516243335,151.85937111159365,151.85937111159365,0.7056132305924178
4566,2023-08-21,2023,29,2,Toronto FC,CF Montreal,1377.4411625677506,1507.6917925795085,-10.250630011757949,-10.250630011757949,0.48525243643110016
4567,2023-08-21,2023,30,25,Vancouver Whitecaps,San Jose Earthquakes,1504.7424930781433,1484.379402386112,140.3630906920314,140.3630906920314,0.6916820652649366
4568,2023-08-24,2023,13,6,Los Angeles FC,Colorado Rapids,1565.9917763707074,1444.6381698495259,241.35360652118152,241.35360652118152,0.8004873427241318
4569,2023-08-27,2023,0,16,Atlanta Utd,Nashville SC,1522.3459026073754,1531.3022064008628,111.04369620651255,111.04369620651255,0.6545768702962033
4570,2023-08-27,2023,2,17,CF Montreal,New England Revolution,1519.823103490286,1578.1890760563574,61.63402743392862,61.63402743392862,0.5877796223023428
4571,2023-08-27,2023,3,13,Charlotte,Los Angeles FC,1469.4811171471085,1570.9795928026042,18.501524344504332,-18.501524344504332,0.5266006943793552
4572,2023-08-27,2023,7,29,Columbus Crew,Toronto FC,1544.810619565307,1365.309851656973,299.50076790833396,299.50076790833396,0.8486516945013265
4573,2023-08-27,2023,8,21,DC United,Philadelphia Union,1429.6154394611901,1624.5926085195094,-74.9771690583193,-74.9771690583193,0.393743548292179
4574,2023-08-27,2023,9,18,FC Cincinnati,New York City,1590.5403579225074,1513.178679248725,197.3616786737823,197.3616786737823,0.756963822001776
4575,2023-08-27,2023,10,1,FC Dallas,Austin FC,1510.0127722421712,1492.774482389144,137.23828985302725,137.23828985302725,0.687832855305124
4576,2023-08-27,2023,14,4,Los Angeles Galaxy,Chicago Fire,1480.2336884878725,1480.001671830175,120.23201665769761,120.23201665769761,0.6664363919424302
4577,2023-08-27,2023,15,26,Minnesota United,Seattle Sounders,1518.7604356480008,1478.9830030264397,159.77743262156105,159.77743262156105,0.7149917417327799
4578,2023-08-27,2023,19,12,New York Red Bulls,Inter Miami,1489.694971372126,1421.2849047055217,188.41006666660428,188.41006666660428,0.7473588824036289
4579,2023-08-27,2023,20,28,Orlando City,St. Louis City,1554.9985948105848,1539.3531919711168,135.64540283946803,135.64540283946803,0.6858606307316472
4580,2023-08-27,2023,22,30,Portland Timbers,Vancouver Whitecaps,1495.7284066889165,1487.4504414465198,128.2779652423967,128.2779652423967,0.6766518601219143
4581,2023-08-27,2023,23,11,Real Salt Lake,Houston Dynamo,1546.8083495667115,1451.3619502340205,215.44639933269104,215.44639933269104,0.7756004209939993
4582,2023-08-27,2023,27,25,Sporting Kansas City,San Jose Earthquakes,1473.4848172151644,1501.6714540177354,91.813363197429,91.813363197429,0.6291379068671725
4583,2023-08-31,2023,0,9,Atlanta Utd,FC Cincinnati,1530.9814808499702,1596.6162623724629,54.36521847750737,54.36521847750737,0.5776054892379582
4584,2023-08-31,2023,1,26,Austin FC,Seattle Sounders,1484.970303771772,1484.3577965697593,120.6125072020127,120.6125072020127,0.6669231111325536
4585,2023-08-31,2023,3,20,Charlotte,Orlando City,1481.3160997876246,1562.8520790422936,38.46402074533103,38.46402074533103,0.5551291321960454
4586,2023-08-31,2023,4,30,Chicago Fire,Vancouver Whitecaps,1471.6625816287358,1504.3667379495676,87.29584367916823,87.29584367916823,0.6230502468620147
4587,2023-08-31,2023,11,7,Houston Dynamo,Columbus Crew,1470.7519607588704,1548.594327202774,42.15763355609647,42.15763355609647,0.560373702885571
4588,2023-08-31,2023,12,16,Inter Miami,Nashville SC,1439.9688767656125,1522.666628158268,37.30224860734461,37.30224860734461,0.553476930098274
4589,2023-08-31,2023,15,6,Minnesota United,Colorado Rapids,1513.3856421046812,1439.650353417629,193.73528868705216,193.73528868705216,0.7531028531583157
4590,2023-08-31,2023,17,19,New England Revolution,New York Red Bulls,1567.883566613916,1471.0109993120352,216.87256730188074,216.87256730188074,0.777026036776288
4591,2023-08-31,2023,18,2,New York City,CF Montreal,1507.1027747987696,1530.1286129327275,96.9741618660421,96.9741618660421,0.6360424690650127
4592,2023-08-31,2023,22,23,Portland Timbers,Real Salt Lake,1478.8121101858687,1527.4183390418616,71.39377114400713,71.39377114400713,0.6013217822458597
4593,2023-08-31,2023,25,14,San Jose Earthquakes,Los Angeles Galaxy,1492.3999016894147,1488.5727786893117,123.82712300010303,123.82712300010303,0.6710209348136713
4594,2023-08-31,2023,28,10,St. Louis City,FC Dallas,1531.499707739408,1517.816950859543,133.68275687986488,133.68275687986488,0.683421336549235
4595,2023-08-31,2023,29,21,Toronto FC,Philadelphia Union,1361.526144019506,1634.4361972268139,-152.91005320730778,152.91005320730778,0.29313197966438614
4596,2023-09-02,2023,18,30,New York City,Vancouver Whitecaps,1516.2017130721442,1519.9429941211179,116.25871895102637,116.25871895102637,0.6613327338198232
4597,2023-09-03,2023,2,7,CF Montreal,Columbus Crew,1521.0296746593528,1537.6036697749132,103.42600488443964,-103.42600488443964,0.6445958509309593
4598,2023-09-03,2023,8,4,DC United,Chicago Fire,1419.7718507538857,1456.0863254571855,83.68552529670023,83.68552529670023,0.6181569212759379
4599,2023-09-03,2023,9,20,FC Cincinnati,Orlando City,1611.0563996034118,1564.2303073471946,166.82609225621718,166.82609225621718,0.7231875079926594
4600,2023-09-03,2023,10,0,FC Dallas,Atlanta Utd,1509.902484273274,1516.5413436190213,113.36114065425272,113.36114065425272,0.6575869364208278
4601,2023-09-03,2023,14,11,Los Angeles Galaxy,Houston Dynamo,1505.3483020596534,1481.742618186731,143.60568387292233,143.60568387292233,0.6956484040525405
4602,2023-09-03,2023,16,3,Nashville SC,Charlotte,1524.0035514107249,1479.9378714827235,164.06567992800137,164.06567992800137,0.7199952348254761
4603,2023-09-03,2023,17,1,New England Revolution,Austin FC,1573.4579156945088,1468.2972259934581,225.16068970105061,225.16068970105061,0.785182799339864
4604,2023-09-03,2023,23,6,Real Salt Lake,Colorado Rapids,1517.451383598008,1433.477924746587,203.97345885142113,203.97345885142113,0.7638971445502328
4605,2023-09-03,2023,25,15,San Jose Earthquakes,Minnesota United,1475.624378319073,1519.5580707757233,76.0663075433497,76.0663075433497,0.6077520603994392
4606,2023-09-03,2023,26,22,Seattle Sounders,Portland Timbers,1501.0308743480732,1488.7790656297223,132.25180871835096,132.25180871835096,0.6816364772924343
4607,2023-09-03,2023,27,28,Sporting Kansas City,St. Louis City,1482.756369543485,1539.414174325677,63.34219521780801,63.34219521780801,0.5901600336733066
4608,2023-09-04,2023,13,12,Los Angeles FC,Inter Miami,1559.1446101620882,1438.6319535131556,240.51265664893253,240.51265664893253,0.7997130911872989
4609,2023-09-04,2023,21,19,Philadelphia Union,New York Red Bulls,1616.7644967184235,1465.4366502314424,271.3278464869811,271.3278464869811,0.8266241930181683
4610,2023-09-10,2023,8,25,DC United,San Jose Earthquakes,1429.3179277219872,1472.930576809087,76.38735091290027,76.38735091290027,0.6081925340315071
4611,2023-09-10,2023,12,27,Inter Miami,Sporting Kansas City,1458.624780792838,1493.0023687016524,85.62241209118565,85.62241209118565,0.6207851752924098
4612,2023-09-10,2023,15,17,Minnesota United,New England Revolution,1522.2518722857094,1566.3283457110122,75.92352657469723,75.92352657469723,0.6075561075551066
4613,2023-09-10,2023,22,13,Portland Timbers,Los Angeles FC,1493.319977562033,1539.1517828824058,74.16819467962728,-74.16819467962728,0.6051442733151631
4614,2023-09-11,2023,14,28,Los Angeles Galaxy,St. Louis City,1500.4570919583398,1529.1681751675098,91.28891679082994,91.28891679082994,0.6284332395527226
4615,2023-09-16,2023,0,12,Atlanta Utd,Inter Miami,1520.481017029542,1468.1051514105277,172.37586561901435,172.37586561901435,0.7295370918027202
4616,2023-09-16,2023,18,19,New York City,New York Red Bulls,1512.1683947266486,1461.1022550568966,171.06613966975192,171.06613966975192,0.7280469026845584
4617,2023-09-17,2023,2,4,CF Montreal,Chicago Fire,1504.914778386079,1446.540248489084,178.374529896995,178.374529896995,0.7362962687195739
4618,2023-09-17,2023,3,8,Charlotte,DC United,1485.4377523533603,1426.6131143711996,178.82463798216077,178.82463798216077,0.7367990456329209
4619,2023-09-17,2023,6,17,Colorado Rapids,New England Revolution,1427.5753533603427,1569.01724839989,-21.441895039547262,-21.441895039547262,0.469181748553797
4620,2023-09-17,2023,10,26,FC Dallas,Seattle Sounders,1505.9628108627533,1496.4899624157624,129.47284844699084,129.47284844699084,0.6781549595700088
4621,2023-09-17,2023,11,28,Houston Dynamo,St. Louis City,1486.6338282880447,1532.379006156328,74.25482213171676,74.25482213171676,0.6052634210603238
4622,2023-09-17,2023,13,14,Los Angeles FC,Los Angeles Galaxy,1529.2803897152849,1497.2462609695217,152.03412874576316,152.03412874576316,0.7058221539509164
4623,2023-09-17,2023,15,27,Minnesota United,Sporting Kansas City,1519.5629695968316,1483.5219980839627,156.04097151286896,156.04097151286896,0.7105885181182092
4624,2023-09-17,2023,20,7,Orlando City,Columbus Crew,1582.3099950470112,1553.718566048187,148.59142899882409,148.59142899882409,0.7016905288713086
4625,2023-09-17,2023,21,9,Philadelphia Union,FC Cincinnati,1621.0988918929693,1592.9767119035953,148.122179989374,148.122179989374,0.701124800281844
4626,2023-09-17,2023,25,23,San Jose Earthquakes,Real Salt Lake,1475.6353901598745,1523.3539549842524,72.28143517562216,72.28143517562216,0.6025461391328064
4627,2023-09-17,2023,29,30,Toronto FC,Vancouver Whitecaps,1379.1978445278965,1523.9763124666135,-24.778467938717085,24.778467938717085,0.4644012528008617
4628,2023-09-18,2023,1,22,Austin FC,Portland Timbers,1475.4267959769547,1503.191370729154,92.23542524780078,92.23542524780078,0.6297046076953265
4629,2023-09-21,2023,2,9,CF Montreal,FC Cincinnati,1499.0073716680897,1598.0048319106413,21.002539757448403,-21.002539757448403,0.5301883216865528
4630,2023-09-21,2023,3,21,Charlotte,Philadelphia Union,1479.5177762125372,1616.0707718859233,-16.55299567338602,-16.55299567338602,0.47619633215960866
4631,2023-09-21,2023,6,26,Colorado Rapids,Seattle Sounders,1440.8458096464976,1500.9438364050127,59.90197324148494,59.90197324148494,0.585361725176802
4632,2023-09-21,2023,7,4,Columbus Crew,Chicago Fire,1546.2608292699697,1452.4476552070732,213.81317406289645,213.81317406289645,0.7739598863378494
4633,2023-09-21,2023,8,0,DC United,Atlanta Utd,1432.5330905120227,1527.242589734474,25.290500777548687,25.290500777548687,0.5363318089608123
4634,2023-09-21,2023,11,30,Houston Dynamo,Vancouver Whitecaps,1484.0022427615365,1535.586343786635,68.41589897490144,68.41589897490144,0.5972052122582768
4635,2023-09-21,2023,12,29,Inter Miami,Toronto FC,1461.3435787055957,1367.587813207875,213.75576549772086,213.75576549772086,0.7739020666588735
4636,2023-09-21,2023,14,15,Los Angeles Galaxy,Minnesota United,1489.8918148182945,1501.7982566438764,108.09355817441815,108.09355817441815,0.6507270434584375
4637,2023-09-21,2023,18,20,New York City,Orlando City,1506.4672221595347,1589.7677318252286,36.69949033430612,36.69949033430612,0.5526192556764006
4638,2023-09-21,2023,19,1,New York Red Bulls,Austin FC,1466.8034276240105,1459.6841807845715,127.11924683943903,127.11924683943903,0.6751907610565308
4639,2023-09-21,2023,22,25,Portland Timbers,San Jose Earthquakes,1518.9339859215372,1485.5717366815543,153.36224923998293,153.36224923998293,0.70740709625939
4640,2023-09-21,2023,23,10,Real Salt Lake,FC Dallas,1513.4176084625726,1501.508936873503,131.90867158906963,131.90867158906963,0.6812076768368508
4641,2023-09-21,2023,27,16,Sporting Kansas City,Nashville SC,1501.286711036918,1518.503670540088,102.78304049682993,102.78304049682993,0.6437474822902441
4642,2023-09-21,2023,28,13,St. Louis City,Los Angeles FC,1535.010591682836,1536.634835866512,118.37575581632404,118.37575581632404,0.6640568082215521
4643,2023-09-24,2023,0,2,Atlanta Utd,CF Montreal,1528.1508849584943,1498.2526636259258,149.89822133256848,149.89822133256848,0.7032627530381318
4644,2023-09-24,2023,4,17,Chicago Fire,New England Revolution,1446.7966523655195,1555.746792113735,11.049860251784594,11.049860251784594,0.5158966677308301
4645,2023-09-24,2023,8,19,DC United,New York Red Bulls,1431.6247952880024,1462.4236585975973,89.20113669040506,89.20113669040506,0.625622619835764
4646,2023-09-24,2023,9,3,FC Cincinnati,Charlotte,1598.7595399528052,1480.112867908547,238.64667204425814,238.64667204425814,0.7979870675492197
4647,2023-09-24,2023,10,7,FC Dallas,Columbus Crew,1518.5391287944242,1551.9118321115234,86.6272966829008,86.6272966829008,0.6221459743080492
4648,2023-09-24,2023,15,28,Minnesota United,St. Louis City,1493.0664327303373,1530.9091714772974,82.1572612530399,82.1572612530399,0.6160782461446994
4649,2023-09-24,2023,18,29,New York City,Toronto FC,1517.6517407676247,1361.9353648743468,275.7163758932779,275.7163758932779,0.8302148970902852
4650,2023-09-24,2023,21,13,Philadelphia Union,Los Angeles FC,1615.4756801899134,1540.7362560720508,194.73942411786265,194.73942411786265,0.7541760570428482
4651,2023-09-24,2023,22,6,Portland Timbers,Colorado Rapids,1526.2488085150524,1426.2117665170776,220.0370419979747,220.0370419979747,0.7801661767481015
4652,2023-09-24,2023,23,30,Real Salt Lake,Vancouver Whitecaps,1496.3874165416514,1525.516474093092,90.87094244855939,90.87094244855939,0.627871240815047
4653,2023-09-24,2023,25,16,San Jose Earthquakes,Nashville SC,1478.2569140880391,1534.5973575973442,63.65955649069497,63.65955649069497,0.5906018299800538
4654,2023-09-24,2023,27,11,Sporting Kansas City,Houston Dynamo,1485.1930239796618,1494.0721124550796,111.1209115245822,111.1209115245822,0.6546773645863434
4655,2023-09-25,2023,1,14,Austin FC,Los Angeles Galaxy,1464.0639498109847,1498.6236387318336,85.44031107915112,85.44031107915112,0.620538372736849
4656,2023-09-25,2023,20,12,Orlando City,Inter Miami,1578.5832132171386,1466.9960270391239,231.5871861780147,231.5871861780147,0.7913567474856459
4657,2023-09-28,2023,6,30,Colorado Rapids,Vancouver Whitecaps,1420.71592093578,1516.2132551134682,24.502665822311883,-24.502665822311883,0.5352038257863557
4658,2023-09-28,2023,21,10,Philadelphia Union,FC Dallas,1609.1212787638422,1515.485479436723,213.63579932711923,213.63579932711923,0.7737812075937517
4659,2023-10-01,2023,6,1,Colorado Rapids,Austin FC,1419.8358252911212,1461.0504904925635,78.78533479855764,78.78533479855764,0.6114769695330321
4660,2023-10-01,2023,7,21,Columbus Crew,Philadelphia Union,1554.9654814692246,1602.2767485739985,72.68873289522617,72.68873289522617,0.6031074973711785
4661,2023-10-01,2023,11,10,Houston Dynamo,FC Dallas,1485.4390465697381,1522.3300096265666,83.10903694317153,83.10903694317153,0.6173733115468732
4662,2023-10-01,2023,12,18,Inter Miami,New York City,1474.279945726265,1521.8963683403676,72.3835773858973,72.3835773858973,0.6026869420910749
4663,2023-10-01,2023,14,22,Los Angeles Galaxy,Portland Timbers,1501.6370980502547,1531.74465409635,89.89244395390483,89.89244395390483,0.62655422359555
4664,2023-10-01,2023,15,25,Minnesota United,San Jose Earthquakes,1477.6644765767198,1475.9918683385379,121.67260823818197,121.67260823818197,0.6682773014793222
4665,2023-10-01,2023,16,26,Nashville SC,Seattle Sounders,1536.8624033468454,1515.5778795344327,141.28452381241277,141.28452381241277,0.6928120757437268
4666,2023-10-01,2023,17,3,New England Revolution,Charlotte,1556.1442088070057,1475.0625445972776,201.08166420972816,201.08166420972816,0.7608816312867895
4667,2023-10-01,2023,19,4,New York Red Bulls,Chicago Fire,1478.0642240934915,1446.3992356722488,151.6649884212427,151.6649884212427,0.7053807438595284
4668,2023-10-01,2023,20,2,Orlando City,CF Montreal,1571.2992945299975,1490.8342324518792,200.4650620781183,200.4650620781183,0.7602352442494528
4669,2023-10-01,2023,28,27,St. Louis City,Sporting Kansas City,1546.3111276309148,1493.8260898650033,172.48503776591156,172.48503776591156,0.7296610741864493
4670,2023-10-01,2023,29,9,Toronto FC,FC Cincinnati,1357.6907373016038,1603.8098632640747,-126.11912596247089,126.11912596247089,0.32607310225056807
4671,2023-10-01,2023,30,8,Vancouver Whitecaps,DC United,1517.0933507581271,1415.9842297921082,221.10912096601896,221.10912096601896,0.7812227812975665
4672,2023-10-02,2023,13,23,Los Angeles FC,Real Salt Lake,1547.090657498122,1505.6906355212752,161.4000219768468,161.4000219768468,0.7168912815646243
4673,2023-10-05,2023,1,8,Austin FC,DC United,1451.3374147308893,1423.0147993245473,148.32261540634204,148.32261540634204,0.7013665213763637
4674,2023-10-05,2023,2,11,CF Montreal,Houston Dynamo,1484.8401135581155,1482.5047137810664,122.33539977704913,122.33539977704913,0.669122551682727
4675,2023-10-05,2023,3,29,Charlotte,Toronto FC,1469.0845853794474,1349.5389097453397,239.54567563410774,239.54567563410774,0.7988200233727406
4676,2023-10-05,2023,4,12,Chicago Fire,Inter Miami,1464.033754268737,1471.712772173988,112.32098209474907,112.32098209474907,0.6562374533830252
4677,2023-10-05,2023,9,19,FC Cincinnati,New York Red Bulls,1611.9616908203388,1460.4297054970032,271.5319853233357,271.5319853233357,0.8267925422851699
4678,2023-10-05,2023,13,15,Los Angeles FC,Minnesota United,1529.1683754590065,1473.4575440397368,175.71083141926965,175.71083141926965,0.7333082899519182
4679,2023-10-05,2023,16,20,Nashville SC,Orlando City,1532.0421014532524,1577.2934134237612,74.74868802949118,74.74868802949118,0.6059424468964207
4680,2023-10-05,2023,17,7,New England Revolution,Columbus Crew,1562.122168024836,1552.3877940349453,129.73437398989063,129.73437398989063,0.6784834547688685
4681,2023-10-05,2023,21,0,Philadelphia Union,Atlanta Utd,1604.8544360082778,1535.569316132541,189.28511987573688,189.28511987573688,0.7483087907044579
4682,2023-10-05,2023,26,14,Seattle Sounders,Los Angeles Galaxy,1520.3981814280257,1498.473242460366,141.92493896765973,141.92493896765973,0.6935960969416941
4683,2023-10-05,2023,30,28,Vancouver Whitecaps,St. Louis City,1510.062781225688,1553.0696007762535,76.99318044943448,76.99318044943448,0.6090232559274615
4684,2023-10-08,2023,0,7,Atlanta Utd,Columbus Crew,1529.2770359001524,1569.349880404167,79.92715549598552,79.92715549598552,0.6130373511237867
4685,2023-10-08,2023,1,13,Austin FC,Los Angeles FC,1458.8032516964802,1535.8356682102085,42.96758348627168,-42.96758348627168,0.561521994677547
4686,2023-10-08,2023,2,22,CF Montreal,Portland Timbers,1480.6120497660472,1534.9085096862386,65.70354007980859,65.70354007980859,0.5934437120847499
4687,2023-10-08,2023,4,3,Chicago Fire,Charlotte,1472.6278179341614,1474.114084795129,118.51373313903241,118.51373313903241,0.6642339732014928
4688,2023-10-08,2023,8,18,DC United,New York City,1415.5489623589565,1524.4635418926446,11.085420466311916,-11.085420466311916,0.515947791097931
4689,2023-10-08,2023,10,25,FC Dallas,San Jose Earthquakes,1525.2643424152384,1480.1988008755209,165.06554153971751,165.06554153971751,0.7211541185799591
4690,2023-10-08,2023,11,6,Houston Dynamo,Colorado Rapids,1486.7327775731346,1429.5489010527954,177.18387652033925,177.18387652033925,0.734963323950972
4691,2023-10-08,2023,12,9,Inter Miami,FC Cincinnati,1463.1187085085637,1591.2918772632097,-8.173168754645985,-8.173168754645985,0.48824003387205483
4692,2023-10-08,2023,15,14,Minnesota United,Los Angeles Galaxy,1466.7902512885348,1490.8131448839083,95.97710640462651,95.97710640462651,0.6347127806558098
4693,2023-10-08,2023,19,29,New York Red Bulls,Toronto FC,1481.0995190541323,1344.509410329658,256.59010872447425,256.59010872447425,0.8141267986949767
4694,2023-10-08,2023,20,17,Orlando City,New England Revolution,1592.4419745961718,1545.1600816556142,167.28189294055755,167.28189294055755,0.7237124517482287
4695,2023-10-08,2023,21,16,Philadelphia Union,Nashville SC,1611.1467162406664,1516.8935402808418,214.2531759598246,214.2531759598246,0.7744026915565873
4696,2023-10-08,2023,23,27,Real Salt Lake,Sporting Kansas City,1523.6129175603908,1487.0676167196646,156.5453008407262,156.5453008407262,0.7111851935080846
4697,2023-10-08,2023,26,30,Seattle Sounders,Vancouver Whitecaps,1528.0582790044834,1519.8371998275015,128.2210791769819,128.2210791769819,0.6765802091047401
4698,2023-10-15,2023,10,6,FC Dallas,Colorado Rapids,1519.7354894507394,1422.9229841515696,216.81250529916974,216.81250529916974,0.7769661284997478
4699,2023-10-15,2023,14,23,Los Angeles Galaxy,Real Salt Lake,1481.6809644003035,1505.8332877226887,95.8476766776148,95.8476766776148,0.6345400199279744
4700,2023-10-15,2023,16,17,Nashville SC,New England Revolution,1523.7536075697565,1538.2528929493199,105.50071462043661,105.50071462043661,0.6473271455508802
4701,2023-10-19,2023,12,3,Inter Miami,Charlotte,1450.9127076617624,1490.7199341251662,80.19277353659618,80.19277353659618,0.6134000064910351
4702,2023-10-21,2023,3,12,Charlotte,Inter Miami,1493.5549342874422,1448.0777074994865,165.47722678795571,165.47722678795571,0.7216304240476283
4703,2023-10-21,2023,7,2,Columbus Crew,CF Montreal,1572.1758141822615,1490.7759569639284,201.39985721833318,201.39985721833318,0.7612147267908252
4704,2023-10-21,2023,9,0,FC Cincinnati,Atlanta Utd,1603.497878110011,1526.4511021220578,197.0467759879532,197.0467759879532,0.7566301802927392
4705,2023-10-21,2023,16,19,Nashville SC,New York Red Bulls,1532.5704289309845,1485.7463490867578,166.82407984422662,166.82407984422662,0.7231851889415647
4706,2023-10-21,2023,17,21,New England Revolution,Philadelphia Union,1529.4360715880919,1604.2866489517517,45.149422636340205,45.149422636340205,0.5646119475845729
4707,2023-10-21,2023,18,4,New York City,Chicago Fire,1512.362236670093,1456.0219686041241,176.34026806596876,176.34026806596876,0.7340162950438073
4708,2023-10-21,2023,29,20,Toronto FC,Orlando City,1339.8625802970325,1599.3491633024662,-139.48658300543366,139.48658300543366,0.30939498516281505
4709,2023-10-22,2023,6,23,Colorado Rapids,Real Salt Lake,1429.8471373640632,1509.196788220888,40.65034914317516,-40.65034914317516,0.5582350655260649
4710,2023-10-22,2023,14,10,Los Angeles Galaxy,FC Dallas,1478.3174639021042,1512.8113362382458,85.50612766385848,-85.50612766385848,0.6206275815391963
4711,2023-10-22,2023,22,11,Portland Timbers,Houston Dynamo,1524.7446024883575,1493.3586944743604,151.3859080139971,151.3859080139971,0.7050467695978946
4712,2023-10-22,2023,25,1,San Jose Earthquakes,Austin FC,1485.72765384002,1444.7652018295414,160.9624520104785,160.9624520104785,0.716379780145028
4713,2023-10-22,2023,27,15,Sporting Kansas City,Minnesota United,1504.8472465573666,1475.9224317721396,148.924814785227,148.924814785227,0.7020920858996921
4714,2023-10-22,2023,28,26,St. Louis City,Seattle Sounders,1543.29518217444,1523.643773776865,139.6514083975751,139.6514083975751,0.6908077104020032
4715,2023-10-22,2023,30,13,Vancouver Whitecaps,Los Angeles FC,1524.25170505512,1549.8737180771473,94.3779869779728,-94.3779869779728,0.6325758809676834
4716,2023-10-26,2023,19,3,New York Red Bulls,Charlotte,1503.8259788102969,1500.5141736862515,123.31180512404535,123.31180512404535,0.670365762857016
4717,2023-10-26,2023,27,25,Sporting Kansas City,San Jose Earthquakes,1512.2949444098742,1480.3181593363943,151.97678507347996,151.97678507347996,0.7057536089238904
4718,2023-10-28,2023,21,17,Philadelphia Union,New England Revolution,1593.401947641366,1540.3207728984776,173.08117474288838,173.08117474288838,0.7303374513803454
4719,2023-10-29,2023,11,23,Houston Dynamo,Real Salt Lake,1510.9848637143077,1523.1526648590398,107.83219885526796,107.83219885526796,0.6503850199813259
4720,2023-10-29,2023,13,30,Los Angeles FC,Vancouver Whitecaps,1553.1881151013392,1520.937308030928,152.25080707041116,152.25080707041116,0.7060810735231026
4721,2023-10-30,2023,9,19,FC Cincinnati,New York Red Bulls,1597.0821236026925,1512.0668347388714,205.01528886382107,205.01528886382107,0.7649770869476931
4722,2023-10-30,2023,20,16,Orlando City,Nashville SC,1607.0840379315366,1514.4907992074454,212.59323872409118,212.59323872409118,0.7727289629357934
4723,2023-10-30,2023,28,27,St. Louis City,Sporting Kansas City,1526.02498941439,1507.151104186777,138.87388522761285,138.87388522761285,0.6898509015269555
4724,2023-10-31,2023,26,10,Seattle Sounders,FC Dallas,1540.913966536915,1528.3270257767256,132.58694076018946,132.58694076018946,0.682054977315533
4725,2023-11-01,2023,7,0,Columbus Crew,Atlanta Utd,1578.145446012491,1532.8668566293763,165.27858938311465,165.27858938311465,0.7214006699003556
4726,2023-11-04,2023,19,9,New York Red Bulls,FC Cincinnati,1506.1912619125637,1602.9576964290002,23.233565483563552,23.233565483563552,0.5333860379769513
4727,2023-11-05,2023,10,26,FC Dallas,Seattle Sounders,1520.3784002096138,1548.8625921040268,91.51580810558698,91.51580810558698,0.6287381671042412
4728,2023-11-05,2023,27,28,Sporting Kansas City,St. Louis City,1524.3973767249508,1508.778716876216,135.61865984873475,135.61865984873475,0.6858274614291786
4729,2023-11-06,2023,30,13,Vancouver Whitecaps,Los Angeles FC,1513.5893348690056,1560.5360882632617,73.05324660574388,-73.05324660574388,0.6036096584845468
4730,2023-11-07,2023,23,11,Real Salt Lake,Houston Dynamo,1514.4122903585728,1519.7252382147747,114.68705214379816,114.68705214379816,0.6593034592187295
4731,2023-11-08,2023,0,7,Atlanta Utd,Columbus Crew,1525.9018733768853,1585.110429264982,60.791444111903274,60.791444111903274,0.5866039219998197
4732,2023-11-08,2023,16,20,Nashville SC,Orlando City,1508.8090232808402,1612.7658138581419,16.043209422698283,16.043209422698283,0.5230716386102673
4733,2023-11-09,2023,17,21,New England Revolution,Philadelphia Union,1533.5792091829862,1600.1435113568573,53.435697826128944,53.435697826128944,0.5762994877896019
4734,2023-11-11,2023,11,23,Houston Dynamo,Real Salt Lake,1523.7078246952428,1510.4297038781046,133.2781208171382,133.2781208171382,0.6829171678858152
4735,2023-11-11,2023,26,10,Seattle Sounders,FC Dallas,1539.5810462816328,1529.6599460320078,129.92110024962494,129.92110024962494,0.678717888624868
4736,2023-11-13,2023,7,0,Columbus Crew,Atlanta Utd,1574.7755273149776,1536.2367753268898,158.53875198808782,158.53875198808782,0.7135364905937363
4737,2023-11-25,2023,20,7,Orlando City,Columbus Crew,1625.8426048233985,1581.9371150501343,163.9054897732642,163.9054897732642,0.7198092940475733
4738,2023-11-26,2023,9,21,FC Cincinnati,Philadelphia Union,1603.792347378424,1614.5509985515973,109.24134882682665,109.24134882682665,0.6522272405749006
4739,2023-11-27,2023,11,27,Houston Dynamo,Sporting Kansas City,1519.1348954980974,1532.2516901892213,106.88320530887609,106.88320530887609,0.6491418360999809
4740,2023-11-27,2023,26,13,Seattle Sounders,Los Angeles FC,1547.613099066011,1575.6263297253754,91.98676934063565,91.98676934063565,0.6293707816478759
4741,2023-12-02,2023,9,7,FC Cincinnati,Columbus Crew,1612.4866663640514,1587.4323474013236,145.05431896272785,145.05431896272785,0.697411068242805
4742,2023-12-03,2023,13,11,Los Angeles FC,Houston Dynamo,1591.3605992665723,1527.906349595598,183.45424967097438,183.45424967097438,0.7419345030018761
4743,2023-12-09,2023,7,13,Columbus Crew,Los Angeles FC,1592.3676241073938,1597.8122366915254,114.55538741586838,114.55538741586838,0.6591331921572735
4744,2024-02-22,2024,12,23,Inter Miami,Real Salt Lake,1441.118468100677,1515.00263307525,46.11583502542703,46.11583502542703,0.5659790075380378
4745,2024-02-24,2024,7,0,Columbus Crew,Atlanta Utd,1600.889294303462,1529.075187591733,191.81410671172898,191.81410671172898,0.7510407638414476
4746,2024-02-24,2024,13,26,Los Angeles FC,Seattle Sounders,1589.2905664954571,1531.8788295248141,177.411736970643,177.411736970643,0.7352187483637812
4747,2024-02-25,2024,1,15,Austin FC,Minnesota United,1450.174696333167,1468.474733919632,101.6999624135351,101.6999624135351,0.6423163593552763
4748,2024-02-25,2024,3,18,Charlotte,New York City,1492.273317757677,1519.0118292939976,93.26148846367937,93.26148846367937,0.6310808064104152
4749,2024-02-25,2024,8,17,DC United,New England Revolution,1427.6502675815082,1519.1717219882462,28.47854559326197,28.47854559326197,0.54089238100452
4750,2024-02-25,2024,9,29,FC Cincinnati,Toronto FC,1607.5513896579812,1332.1277056679621,395.4236839900191,395.4236839900191,0.906890179563663
4751,2024-02-25,2024,10,25,FC Dallas,San Jose Earthquakes,1521.6278932476296,1485.4619995594915,156.1658936881381,156.1658936881381,0.710736382440269
4752,2024-02-25,2024,11,27,Houston Dynamo,Sporting Kansas City,1521.4547121706448,1523.4802360917208,117.974476078924,117.974476078924,0.6635412966414487
4753,2024-02-25,2024,16,19,Nashville SC,New York Red Bulls,1495.7322323155836,1505.35661096314,110.37562135244366,-110.37562135244366,0.6537068074844715
4754,2024-02-25,2024,20,2,Orlando City,CF Montreal,1620.3473724722091,1484.806325133699,255.54104733851023,255.54104733851023,0.8132112346388597
4755,2024-02-25,2024,21,4,Philadelphia Union,Chicago Fire,1605.85667956597,1449.3723759802194,276.48430358575047,276.48430358575047,0.8308370998510419
4756,2024-02-25,2024,22,6,Portland Timbers,Colorado Rapids,1507.1184332484102,1415.8912607259115,211.22717252249868,211.22717252249868,0.7713449858491105
4757,2024-02-25,2024,28,23,St. Louis City,Real Salt Lake,1500.9244034119456,1504.152108263701,116.77229514824467,116.77229514824467,0.6619945637714582
4758,2024-02-26,2024,14,12,Los Angeles Galaxy,Inter Miami,1462.8017743636244,1451.9689929122262,130.8327814513982,-130.8327814513982,0.6798612049353271
4759,2024-03-02,2024,12,20,Inter Miami,Orlando City,1456.4655230356093,1612.5170916062377,-36.05156857062843,-36.05156857062843,0.4483030317852553
4760,2024-03-02,2024,15,7,Minnesota United,Columbus Crew,1484.5326429035138,1607.1132752074259,-2.5806323039121253,2.5806323039121253,0.4962862398749749
4761,2024-03-02,2024,23,13,Real Salt Lake,Los Angeles FC,1508.2019723579874,1595.9100977863627,32.2918745716247,-32.2918745716247,0.5463383886522483
4762,2024-03-03,2024,4,9,Chicago Fire,FC Cincinnati,1457.6433034764955,1597.3791351688897,-19.735831692394186,-19.735831692394186,0.4716283643737624
4763,2024-03-03,2024,6,16,Colorado Rapids,Nashville SC,1410.1748853721392,1491.8895621284719,38.285323243667335,38.285323243667335,0.5548750777760248
4764,2024-03-03,2024,10,2,FC Dallas,CF Montreal,1528.8594836866228,1492.6366059996703,156.22287768695242,156.22287768695242,0.7108038167561552
4765,2024-03-03,2024,11,19,Houston Dynamo,New York Red Bulls,1517.3661797546085,1509.1992811502516,128.1668986043569,128.1668986043569,0.6765119580943335
4766,2024-03-03,2024,17,29,New England Revolution,Toronto FC,1507.6940315133593,1342.2999601570536,285.39407135630563,285.39407135630563,0.8379237681243491
4767,2024-03-03,2024,22,8,Portland Timbers,DC United,1512.8348086021824,1439.127958056395,193.70685054578735,193.70685054578735,0.7530724131152446
4768,2024-03-03,2024,25,14,San Jose Earthquakes,Los Angeles Galaxy,1478.2304091204983,1458.3052442402413,139.92516488025694,139.92516488025694,0.6911442028206971
4769,2024-03-03,2024,26,1,Seattle Sounders,Austin FC,1525.2592982339086,1434.1167873492852,211.14251088462333,211.14251088462333,0.7712590193620376
4770,2024-03-03,2024,27,21,Sporting Kansas City,Philadelphia Union,1527.568768507757,1597.5857520696939,49.98301643806326,49.98301643806326,0.5714391752156409
4771,2024-03-03,2024,28,18,St. Louis City,New York City,1496.8745393176591,1509.788849454258,107.08568986340106,107.08568986340106,0.6494072619667778
4772,2024-03-03,2024,30,3,Vancouver Whitecaps,Charlotte,1498.499093406892,1501.4962975974165,117.0027958094754,117.0027958094754,0.6622913970424839
4773,2024-03-09,2024,18,22,New York City,Portland Timbers,1501.0240310034276,1506.5079982743014,114.51603272912621,114.51603272912621,0.6590822912283842
4774,2024-03-09,2024,29,3,Toronto FC,Charlotte,1363.2480543601623,1505.5535825234786,-22.30552816331624,-22.30552816331624,0.4679437945282642
4775,2024-03-10,2024,0,17,Atlanta Utd,New England Revolution,1522.8512066877693,1486.7459373102506,156.10526937751865,156.10526937751865,0.7106646299782758
4776,2024-03-10,2024,1,28,Austin FC,St. Louis City,1440.8982628333363,1505.6393577684896,55.25890506484666,55.25890506484666,0.57886012078838
4777,2024-03-10,2024,7,4,Columbus Crew,Chicago Fire,1607.0204312043002,1445.8525943671514,281.1678368371488,281.1678368371488,0.8345925992192311
4778,2024-03-10,2024,9,8,FC Cincinnati,DC United,1609.1698442782338,1445.4547683842761,283.71507589395765,283.71507589395765,0.8366068874590682
4779,2024-03-10,2024,12,2,Inter Miami,CF Montreal,1470.257947240978,1510.4067014185741,79.85124582240383,79.85124582240383,0.6129336865778511
4780,2024-03-10,2024,13,27,Los Angeles FC,Sporting Kansas City,1584.568557502669,1525.7827891273662,178.78576837530272,178.78576837530272,0.7367556520641046
4781,2024-03-10,2024,16,14,Nashville SC,Los Angeles Galaxy,1493.2614390728725,1475.5838493107588,137.6775897621137,-137.6775897621137,0.6883755810829298
4782,2024-03-10,2024,19,10,New York Red Bulls,FC Dallas,1526.11208010261,1511.089388267719,135.02269183489102,135.02269183489102,0.685087790975671
4783,2024-03-10,2024,20,15,Orlando City,Minnesota United,1598.724667400869,1484.6254869066395,234.09918049422959,234.09918049422959,0.7937342314448678
4784,2024-03-10,2024,23,6,Real Salt Lake,Colorado Rapids,1519.5435126416812,1408.8030084277386,230.7405042139426,230.7405042139426,0.7905508701284283
4785,2024-03-10,2024,25,30,San Jose Earthquakes,Vancouver Whitecaps,1460.9518040499809,1494.4418084808299,86.50999556915099,86.50999556915099,0.6219872256778535
4786,2024-03-16,2024,4,2,Chicago Fire,CF Montreal,1441.7174093476322,1525.7300435830205,35.987365764611695,35.987365764611695,0.5516055589379248
4787,2024-03-16,2024,7,19,Columbus Crew,New York Red Bulls,1611.1556162238194,1533.9848853282183,197.17073089560108,197.17073089560108,0.7567615484979914
4788,2024-03-16,2024,8,12,DC United,Inter Miami,1453.8699405707528,1454.9346050765316,118.93533549422114,118.93533549422114,0.6647750305246543
4789,2024-03-16,2024,18,29,New York City,Toronto FC,1484.546973722718,1376.5494594969557,227.9975142257622,227.9975142257622,0.7879243770151719
4790,2024-03-16,2024,26,6,Seattle Sounders,Colorado Rapids,1518.4778227498575,1428.5667801809493,209.91104256890821,209.91104256890821,0.7700060014674692
4791,2024-03-17,2024,0,20,Atlanta Utd,Orlando City,1530.0845909383124,1578.8813116147473,71.20327932356508,71.20327932356508,0.6010588706839476
4792,2024-03-17,2024,1,21,Austin FC,Philadelphia Union,1438.9267598136269,1599.3717314500848,-40.44497163645792,40.44497163645792,0.44205650712058736
4793,2024-03-17,2024,10,30,FC Dallas,Vancouver Whitecaps,1503.2165830421106,1509.991489122776,113.22509391933454,113.22509391933454,0.6574105760911426
4794,2024-03-17,2024,11,22,Houston Dynamo,Portland Timbers,1500.4533808022502,1522.985055555011,97.46832524723914,97.46832524723914,0.63670072495525
4795,2024-03-17,2024,14,28,Los Angeles Galaxy,St. Louis City,1480.293238837832,1507.610860788199,92.68237804963292,92.68237804963292,0.6303043399350021
4796,2024-03-17,2024,15,13,Minnesota United,Los Angeles FC,1504.4688426927612,1578.6496662010663,45.81917649169486,-45.81917649169486,0.5655594684474304
4797,2024-03-17,2024,16,3,Nashville SC,Charlotte,1488.5520495457993,1492.2521773866852,116.2998721591141,116.2998721591141,0.6613857900067778
4798,2024-03-17,2024,17,9,New England Revolution,FC Cincinnati,1479.5125530597074,1600.7546720917571,-1.2421190320496862,-1.2421190320496862,0.49821245463643443
4799,2024-03-17,2024,27,25,Sporting Kansas City,San Jose Earthquakes,1531.7016804289688,1445.4021234080346,206.29955702093412,206.29955702093412,0.766303620221351
4800,2024-03-23,2024,3,7,Charlotte,Columbus Crew,1483.7868221368547,1617.2365775113697,-13.449755374515007,13.449755374515007,0.480653909034772
4801,2024-03-23,2024,9,18,FC Cincinnati,New York City,1613.209983457668,1489.8488642973387,243.36111916032928,243.36111916032928,0.8023265413061937
4802,2024-03-23,2024,17,4,New England Revolution,Chicago Fire,1467.0572416937966,1452.927270374184,134.12997131961265,134.12997131961265,0.6839780560406165
4803,2024-03-23,2024,19,12,New York Red Bulls,Inter Miami,1527.903924040668,1471.553980839648,176.3499432010201,176.3499432010201,0.7340271685049103
4804,2024-03-23,2024,20,1,Orlando City,Austin FC,1568.907783381846,1440.3753471356122,248.53243624623383,248.53243624623383,0.8070053309425029
4805,2024-03-23,2024,29,0,Toronto FC,Atlanta Utd,1371.247568922335,1540.0581191712138,-48.810550248878826,-48.810550248878826,0.43021448510487575
4806,2024-03-23,2024,30,23,Vancouver Whitecaps,Real Salt Lake,1526.4267535250547,1499.7797408884705,146.64701263658412,146.64701263658412,0.6993423314269587
4807,2024-03-24,2024,6,11,Colorado Rapids,Houston Dynamo,1435.3169302176361,1509.5358626783689,45.78106753926727,45.78106753926727,0.5655055673551099
4808,2024-03-24,2024,13,16,Los Angeles FC,Nashville SC,1567.788652912252,1497.0174047956298,190.77124811662225,190.77124811662225,0.749916607894749
4809,2024-03-24,2024,22,21,Portland Timbers,Philadelphia Union,1513.9025736788924,1597.9231441280995,35.97942955079293,35.97942955079293,0.5515942594454991
4810,2024-03-24,2024,25,26,San Jose Earthquakes,Seattle Sounders,1439.5597139135684,1511.7276727131707,47.832041200397725,47.832041200397725,0.5684042194624284
4811,2024-03-24,2024,27,14,Sporting Kansas City,Los Angeles Galaxy,1537.544089923435,1477.035630339457,180.50845958397804,180.50845958397804,0.7386744253730062
4812,2024-03-24,2024,28,8,St. Louis City,DC United,1510.868469286574,1437.2505648076365,193.6179044789376,193.6179044789376,0.7529771894123712
4813,2024-03-30,2024,3,9,Charlotte,FC Cincinnati,1496.7704744109853,1618.1518199250131,-1.381345514027771,-1.381345514027771,0.4980120944813756
4814,2024-03-30,2024,6,13,Colorado Rapids,Los Angeles FC,1421.1792910337583,1574.0407377148833,-32.86144668112502,32.86144668112502,0.45284909558681463
4815,2024-03-30,2024,8,2,DC United,CF Montreal,1443.5749945429457,1514.5201825564686,49.054811986477034,49.054811986477034,0.5701301542657057
4816,2024-03-30,2024,12,18,Inter Miami,New York City,1464.9046600522706,1484.9070278299935,99.99763222227716,99.99763222227716,0.6400618596874333
4817,2024-03-30,2024,20,19,Orlando City,New York Red Bulls,1573.7326501082835,1534.5532448280453,159.17940528023814,159.17940528023814,0.7142897106772464
4818,2024-03-30,2024,21,15,Philadelphia Union,Minnesota United,1611.713000614237,1515.3298559815755,216.38314463266147,216.38314463266147,0.7765375325726105
4819,2024-03-30,2024,29,27,Toronto FC,Sporting Kansas City,1385.492206794713,1519.0772292891097,-13.585022494396753,-13.585022494396753,0.4804595383690565
4820,2024-03-31,2024,0,4,Atlanta Utd,Chicago Fire,1525.8134812988358,1457.5267217751993,188.28675952363642,188.28675952363642,0.7472248365427507
4821,2024-03-31,2024,1,10,Austin FC,FC Dallas,1435.5504804091747,1486.781318639832,68.76916176934265,68.76916176934265,0.5976942867816248
4822,2024-03-31,2024,11,25,Houston Dynamo,San Jose Earthquakes,1523.6735018622467,1450.3496084270078,193.32389343523892,193.32389343523892,0.7526622521114633
4823,2024-03-31,2024,14,26,Los Angeles Galaxy,Seattle Sounders,1495.5024909737822,1500.9377781997314,114.5647127740508,114.5647127740508,0.6591452529375295
4824,2024-03-31,2024,16,7,Nashville SC,Columbus Crew,1490.7653199929985,1604.252925237239,6.5123947557594875,-6.5123947557594875,0.5093709919720418
4825,2024-03-31,2024,23,28,Real Salt Lake,St. Louis City,1517.2632991741445,1504.5440395512649,132.7192596228797,132.7192596228797,0.6822201311380026
4826,2024-03-31,2024,30,22,Vancouver Whitecaps,Portland Timbers,1508.9431952393807,1500.1127171927549,128.83047804662579,128.83047804662579,0.6773473477166405
4827,2024-04-07,2024,1,25,Austin FC,San Jose Earthquakes,1445.608123239634,1444.1661647297944,121.44195850983965,121.44195850983965,0.6679829016699046
4828,2024-04-07,2024,4,11,Chicago Fire,Houston Dynamo,1451.2073426887682,1529.85694555946,41.35039712930825,41.35039712930825,0.5592286147021448
4829,2024-04-07,2024,7,8,Columbus Crew,DC United,1604.4872000365401,1454.321740686303,270.16545935023714,270.16545935023714,0.8256631304242815
4830,2024-04-07,2024,9,19,FC Cincinnati,New York Red Bulls,1618.1021222870475,1539.9104875949765,198.19163469207092,198.19163469207092,0.7578416777484351
4831,2024-04-07,2024,12,6,Inter Miami,Colorado Rapids,1461.4031135600849,1434.858063644088,146.54504991599697,146.54504991599697,0.699218904470808
4832,2024-04-07,2024,13,14,Los Angeles FC,Los Angeles Galaxy,1560.3619651045537,1504.0238596503439,176.33810545420988,176.33810545420988,0.7340138645402834
4833,2024-04-07,2024,15,23,Minnesota United,Real Salt Lake,1509.7432942958908,1525.2077958956945,104.53549840019627,104.53549840019627,0.6460576514268888
4834,2024-04-07,2024,16,21,Nashville SC,Philadelphia Union,1490.5310451936973,1617.2995622999217,-6.768517106224408,-6.768517106224408,0.4902605529655384
4835,2024-04-07,2024,17,3,New England Revolution,Charlotte,1462.4577902927813,1496.820172048951,85.63761824383027,85.63761824383027,0.620805781453722
4836,2024-04-07,2024,18,0,New York City,Atlanta Utd,1488.4085743221792,1532.132860385267,76.27571393691233,76.27571393691233,0.6080393872991174
4837,2024-04-07,2024,26,2,Seattle Sounders,CF Montreal,1492.4164095231697,1503.7734364131113,108.64297311005839,108.64297311005839,0.6514455200669582
4838,2024-04-07,2024,27,22,Sporting Kansas City,Portland Timbers,1531.0887177483362,1492.046400885671,159.0423168626653,159.0423168626653,0.7141286349276403
4839,2024-04-07,2024,28,10,St. Louis City,FC Dallas,1496.599542829715,1476.7236758093727,139.87586702034218,139.87586702034218,0.6910836224751807
4840,2024-04-07,2024,30,29,Vancouver Whitecaps,Toronto FC,1517.0095115464646,1373.4807183354865,263.52879321097817,263.52879321097817,0.8200953575813376
4841,2024-04-13,2024,22,13,Portland Timbers,Los Angeles FC,1497.3996167588618,1567.0116184910466,50.38799826781519,-50.38799826781519,0.5720099978631609
4842,2024-04-14,2024,0,21,Atlanta Utd,Philadelphia Union,1534.8338450677447,1629.5560761240602,25.277768943684578,25.277768943684578,0.5363135830737574
4843,2024-04-14,2024,2,9,CF Montreal,FC Cincinnati,1495.0595744147852,1599.1560803433365,15.903494071448677,-15.903494071448677,0.5228709964561766
4844,2024-04-14,2024,3,29,Charlotte,Toronto FC,1487.340316585294,1368.98310227502,238.357214310274,238.357214310274,0.7977183280701288
4845,2024-04-14,2024,8,20,DC United,Orlando City,1462.46331894691,1568.3754073413522,14.087911605557792,14.087911605557792,0.5202630305152814
4846,2024-04-14,2024,10,26,FC Dallas,Seattle Sounders,1481.5007663712522,1501.1302715214958,100.37049484975637,-100.37049484975637,0.6405561973091551
4847,2024-04-14,2024,15,11,Minnesota United,Houston Dynamo,1506.0918530102185,1518.8376609270135,107.254192083205,107.254192083205,0.6496280718015165
4848,2024-04-14,2024,18,17,New York City,New England Revolution,1485.7075896397014,1471.9376457564383,133.76994388326307,133.76994388326307,0.6835299134988109
4849,2024-04-14,2024,19,4,New York Red Bulls,Chicago Fire,1558.8565295386875,1462.2266273212147,216.62990221747282,216.62990221747282,0.7767839223105711
4850,2024-04-14,2024,23,7,Real Salt Lake,Columbus Crew,1528.8592371813668,1596.345621775933,52.51361540543371,52.51361540543371,0.5750028831719438
4851,2024-04-14,2024,25,6,San Jose Earthquakes,Colorado Rapids,1435.865737271542,1439.8385362558581,116.02720101568389,116.02720101568389,0.661034177063366
4852,2024-04-14,2024,27,12,Sporting Kansas City,Inter Miami,1525.7355018751452,1456.4226409483147,189.31286092683058,-189.31286092683058,0.7483388660262412
4853,2024-04-14,2024,28,1,St. Louis City,Austin FC,1491.8224522678354,1453.9085506978865,157.91390156994885,157.91390156994885,0.7128007063411067
4854,2024-04-14,2024,30,14,Vancouver Whitecaps,Los Angeles Galaxy,1521.5071276069311,1497.374206263851,144.13292134308017,144.13292134308017,0.6962906024268609
4855,2024-04-21,2024,0,9,Atlanta Utd,FC Cincinnati,1533.9260054909007,1587.227855254741,66.69815023615979,66.69815023615979,0.5948243357972821
4856,2024-04-21,2024,2,20,CF Montreal,Orlando City,1506.9877995033808,1581.3819831042342,45.60581639914653,-45.60581639914653,0.5652576731844791
4857,2024-04-21,2024,3,15,Charlotte,Minnesota United,1492.3973583835407,1489.8511512151806,122.54620716836007,122.54620716836007,0.669391163547415
4858,2024-04-21,2024,4,23,Chicago Fire,Real Salt Lake,1469.146225378979,1526.9841651020681,62.16206027691078,62.16206027691078,0.5885159047044571
4859,2024-04-21,2024,6,10,Colorado Rapids,FC Dallas,1456.3643906824423,1477.9868614385234,98.37752924391884,98.37752924391884,0.6379105019103429
4860,2024-04-21,2024,7,22,Columbus Crew,Portland Timbers,1598.2206938552317,1495.5993668122828,222.6213270429489,222.6213270429489,0.7827069356465391
4861,2024-04-21,2024,11,1,Houston Dynamo,Austin FC,1535.0783627220515,1446.7285683564141,208.3497943656373,208.3497943656373,0.7684105247200679
4862,2024-04-21,2024,12,16,Inter Miami,Nashville SC,1475.1311125989707,1478.2745313695589,116.85658122941186,116.85658122941186,0.6621031201947503
4863,2024-04-21,2024,13,19,Los Angeles FC,New York Red Bulls,1568.8118684376257,1551.9369314809232,136.8749369567024,136.8749369567024,0.6873835671888642
4864,2024-04-21,2024,18,8,New York City,DC United,1493.619341802231,1449.456743184028,164.162598618203,164.162598618203,0.7201076966088176
4865,2024-04-21,2024,26,30,Seattle Sounders,Vancouver Whitecaps,1504.6441764542246,1504.0998625462596,120.54431390796503,120.54431390796503,0.6668359051887749
4866,2024-04-21,2024,27,28,Sporting Kansas City,St. Louis City,1507.0270302244892,1499.0024346093078,128.0245956151814,128.0245956151814,0.6763326639092343
4867,2024-04-21,2024,29,17,Toronto FC,New England Revolution,1363.9260604767733,1464.0258935939087,19.900166882864596,19.900166882864596,0.5286073651578541
4868,2024-04-22,2024,14,25,Los Angeles Galaxy,San Jose Earthquakes,1514.7814713245225,1419.3398828449579,215.44158847956464,215.44158847956464,0.7755956010589691
4869,2024-04-27,2024,1,14,Austin FC,Los Angeles Galaxy,1465.9388314744158,1520.3915812980483,65.54725017636747,-65.54725017636747,0.5932266303326443
4870,2024-04-28,2024,4,0,Chicago Fire,Atlanta Utd,1454.4333277613675,1519.0553970959686,55.377930665398935,55.377930665398935,0.5790271423714182
4871,2024-04-28,2024,7,2,Columbus Crew,CF Montreal,1591.1530204640683,1505.3563576737688,205.79666279029948,205.79666279029948,0.7657847964758399
4872,2024-04-28,2024,8,26,DC United,Seattle Sounders,1442.4594355992485,1487.9732788245053,74.48615677474322,74.48615677474322,0.6055815383219731
4873,2024-04-28,2024,9,6,FC Cincinnati,Colorado Rapids,1602.098463649673,1465.4166281346836,256.6818355149894,256.6818355149894,0.8142066880079215
4874,2024-04-28,2024,10,11,FC Dallas,Houston Dynamo,1468.934623986282,1515.8680996040498,73.06652438223227,-73.06652438223227,0.6036279460905227
4875,2024-04-28,2024,13,22,Los Angeles FC,Portland Timbers,1564.127279257904,1502.6670402034463,181.46023905445782,181.46023905445782,0.7397306550843901
4876,2024-04-28,2024,15,27,Minnesota United,Sporting Kansas City,1506.585930303866,1502.6187136267583,123.96721667710767,123.96721667710767,0.6711989342580775
4877,2024-04-28,2024,16,25,Nashville SC,San Jose Earthquakes,1469.8271093744277,1413.729772871432,176.09733650299563,176.09733650299563,0.7337431819943229
4878,2024-04-28,2024,17,12,New England Revolution,Inter Miami,1452.241077722855,1483.578534594102,88.66254312875299,-88.66254312875299,0.6248961664836626
4879,2024-04-28,2024,18,3,New York City,Charlotte,1500.6166493870105,1475.6625792948553,144.95407009215523,144.95407009215523,0.6972892740655858
4880,2024-04-28,2024,19,30,New York Red Bulls,Vancouver Whitecaps,1556.6215206606448,1520.770760175979,155.8507604846659,155.8507604846659,0.710363288530364
4881,2024-04-28,2024,20,29,Orlando City,Toronto FC,1583.0134249338462,1375.710876347827,327.30254858601916,327.30254858601916,0.8680819153009289
4882,2024-04-28,2024,21,23,Philadelphia Union,Real Salt Lake,1630.4639157009042,1541.6970627196795,208.7668529812247,208.7668529812247,0.7688374825106216
4883,2024-05-01,2024,21,26,Philadelphia Union,Seattle Sounders,1611.2429786381385,1478.1128172825547,253.13016135558382,253.13016135558382,0.8110939882731977
4884,2024-05-05,2024,0,15,Atlanta Utd,Minnesota United,1521.031075655254,1514.805956947414,126.22511870784001,126.22511870784001,0.6740609621607949
4885,2024-05-05,2024,3,22,Charlotte,Portland Timbers,1468.094811146495,1496.160306580556,91.93450456593905,91.93450456593905,0.629300599296993
4886,2024-05-05,2024,4,17,Chicago Fire,New England Revolution,1452.4576492020822,1436.6186735607635,135.8389756413187,135.8389756413187,0.6861006622631107
4887,2024-05-05,2024,8,21,DC United,Philadelphia Union,1452.3198971411991,1590.9656289313086,-18.645731790109494,-18.645731790109494,0.47319236639930534
4888,2024-05-05,2024,11,28,Houston Dynamo,St. Louis City,1505.9587982563128,1503.4107512070386,122.54804704927415,122.54804704927415,0.6693935074473378
4889,2024-05-05,2024,12,19,Inter Miami,New York Red Bulls,1499.2009387561934,1551.3624384473858,67.83850030880762,67.83850030880762,0.5964054169663986
4890,2024-05-05,2024,16,2,Nashville SC,CF Montreal,1463.9835298245696,1512.0009775856647,71.98255223890487,71.98255223890487,0.6021340317735145
4891,2024-05-05,2024,18,6,New York City,Colorado Rapids,1508.1844175353708,1460.7717953348817,167.41262220048907,167.41262220048907,0.7238628984699141
4892,2024-05-05,2024,20,9,Orlando City,FC Cincinnati,1561.311377051323,1606.7432964494749,74.56808060184812,74.56808060184812,0.605694173528542
4893,2024-05-05,2024,23,27,Real Salt Lake,Sporting Kansas City,1560.9179997824451,1494.3986869832104,186.51931279923474,186.51931279923474,0.7452982978312727
4894,2024-05-05,2024,25,13,San Jose Earthquakes,Los Angeles FC,1419.57335242129,1570.6340128807944,-31.060660459504334,31.060660459504334,0.4554188221590421
4895,2024-05-05,2024,26,14,Seattle Sounders,Los Angeles Galaxy,1498.3901669893846,1510.2222470563645,108.16791993302013,108.16791993302013,0.6508243273957297
4896,2024-05-05,2024,29,10,Toronto FC,FC Dallas,1397.4129242303502,1478.843925334019,38.568998896331095,38.568998896331095,0.5552783663133715
4897,2024-05-05,2024,30,1,Vancouver Whitecaps,Austin FC,1526.029842389238,1476.1081657160996,169.92167667313834,169.92167667313834,0.7267405446629339
4898,2024-05-12,2024,0,8,Atlanta Utd,DC United,1504.1795516012342,1452.9900879812164,171.1894636200177,171.1894636200177,0.7281874382259858
4899,2024-05-12,2024,2,12,CF Montreal,Inter Miami,1502.0543283800025,1509.2908033320334,112.7635250479691,-112.7635250479691,0.6568119105385021
4900,2024-05-12,2024,3,16,Charlotte,Nashville SC,1477.3622961640701,1473.9301790302318,123.43211713383835,123.43211713383835,0.6705187861560851
4901,2024-05-12,2024,6,25,Colorado Rapids,San Jose Earthquakes,1478.8683677966296,1433.187881867314,165.68048592931564,165.68048592931564,0.7218654034152843
4902,2024-05-12,2024,7,9,Columbus Crew,FC Cincinnati,1584.5084005521724,1621.8856507876885,82.62274976448384,82.62274976448384,0.6167118355953646
4903,2024-05-12,2024,10,1,FC Dallas,Austin FC,1467.7258844918533,1481.776679332673,105.94920515918034,105.94920515918034,0.6479163139416497
4904,2024-05-12,2024,13,30,Los Angeles FC,Vancouver Whitecaps,1557.0194834347706,1520.3613287726646,156.65815466210597,156.65815466210597,0.7113186115410695
4905,2024-05-12,2024,14,23,Los Angeles Galaxy,Real Salt Lake,1513.9928552412578,1567.2855423366634,66.70731290459435,66.70731290459435,0.5948370476126819
4906,2024-05-12,2024,19,17,New York Red Bulls,New England Revolution,1541.2725738715458,1453.7711901173411,207.50138375420465,207.50138375420465,0.7675402773339796
4907,2024-05-12,2024,21,20,Philadelphia Union,Orlando City,1590.2954380912913,1546.1690227131094,164.12641537818195,164.12641537818195,0.7200657138021703
4908,2024-05-12,2024,22,26,Portland Timbers,Seattle Sounders,1486.8928215629808,1494.6195588044914,112.27326275848941,-112.27326275848941,0.656175482412251
4909,2024-05-12,2024,27,11,Sporting Kansas City,Houston Dynamo,1488.031144428992,1501.7239605701293,106.3071838588628,106.3071838588628,0.6483862569475174
4910,2024-05-12,2024,28,4,St. Louis City,Chicago Fire,1507.645588893222,1435.3051326455045,192.3404562477176,192.3404562477176,0.7516068612278841
4911,2024-05-12,2024,29,18,Toronto FC,New York City,1408.530965072516,1490.087845073623,38.44311999889305,38.44311999889305,0.5550994190689912
4912,2024-05-16,2024,1,11,Austin FC,Houston Dynamo,1472.9745871812142,1517.9336169938172,75.04097018739708,75.04097018739708,0.6063441188668889
4913,2024-05-16,2024,2,7,CF Montreal,Columbus Crew,1485.63403061654,1569.0906046622883,36.54342595425169,-36.54342595425169,0.5523971379131416
4914,2024-05-16,2024,4,3,Chicago Fire,Charlotte,1429.0953041762016,1485.599326510168,63.49597766603347,63.49597766603347,0.5903741313136821
4915,2024-05-16,2024,6,30,Colorado Rapids,Vancouver Whitecaps,1460.8217327112475,1513.1442940611914,67.67743865005605,67.67743865005605,0.5961822275680307
4916,2024-05-16,2024,8,19,DC United,New York Red Bulls,1471.194773936866,1547.0840669381962,44.11070699866991,44.11070699866991,0.5631415138420897
4917,2024-05-16,2024,9,0,FC Cincinnati,Atlanta Utd,1637.3034466775725,1485.9748656455845,271.32858103198805,271.32858103198805,0.8266247990146682
4918,2024-05-16,2024,15,14,Minnesota United,Los Angeles Galaxy,1531.6574810014338,1511.6219290509407,140.03555195049307,140.03555195049307,0.6912798296379461
4919,2024-05-16,2024,16,29,Nashville SC,Toronto FC,1465.6931486841338,1394.6534795957912,191.03966908834263,191.03966908834263,0.7502062770171887
4920,2024-05-16,2024,20,12,Orlando City,Inter Miami,1564.1706655581636,1525.711101095496,158.4595644626677,158.4595644626677,0.7134433068331312
4921,2024-05-16,2024,21,18,Philadelphia Union,New York City,1572.293795246237,1503.9653305503477,188.32846469588935,188.32846469588935,0.7472701790506726
4922,2024-05-16,2024,22,25,Portland Timbers,San Jose Earthquakes,1470.4884345026744,1451.2345169526961,139.25391754997827,139.25391754997827,0.6903187675236526
4923,2024-05-16,2024,23,26,Real Salt Lake,Seattle Sounders,1569.6564685269805,1511.0239458647977,178.63252266218274,178.63252266218274,0.7365845255715059
4924,2024-05-16,2024,28,13,St. Louis City,Los Angeles FC,1513.855417362525,1564.2365181462437,69.6188992162813,69.6188992162813,0.5988699079768948
4925,2024-05-18,2024,16,0,Nashville SC,Atlanta Utd,1471.9379917587041,1481.6404856209513,110.29750613775286,110.29750613775286,0.6536050073619502
4926,2024-05-19,2024,1,27,Austin FC,Sporting Kansas City,1482.815984209542,1471.8214880053042,130.99449620423775,130.99449620423775,0.6800637824149631
4927,2024-05-19,2024,3,14,Charlotte,Los Angeles Galaxy,1500.3586797930102,1516.4039247918893,103.95475500112093,103.95475500112093,0.6452928380341454
4928,2024-05-19,2024,4,7,Chicago Fire,Columbus Crew,1414.3359508933595,1582.9005331101168,-48.564582216757344,48.564582216757344,0.43056160031090346
4929,2024-05-19,2024,9,28,FC Cincinnati,St. Louis City,1641.6378267022058,1498.8836696631026,262.7541570391031,262.7541570391031,0.8194365178072068
4930,2024-05-19,2024,11,10,Houston Dynamo,FC Dallas,1508.0922199654894,1476.527976643312,151.5642433221774,151.5642433221774,0.7052602080545272
4931,2024-05-19,2024,12,8,Inter Miami,DC United,1531.0471837663242,1457.1162360908138,193.93094767551042,193.93094767551042,0.753312217170599
4932,2024-05-19,2024,15,22,Minnesota United,Portland Timbers,1526.8754852604852,1478.2304653145832,168.64501994590205,168.64501994590205,0.725278681427334
4933,2024-05-19,2024,17,21,New England Revolution,Philadelphia Union,1447.9596970506907,1553.6120407699702,14.347656280720457,-14.347656280720457,0.5206362078559481
4934,2024-05-19,2024,18,19,New York City,New York Red Bulls,1522.6470850266146,1561.1626047842485,81.48448024236609,81.48448024236609,0.6151618088467228
4935,2024-05-19,2024,23,6,Real Salt Lake,Colorado Rapids,1576.2418553876928,1470.9171770220466,225.32467836564615,225.32467836564615,0.7853419807777303
4936,2024-05-19,2024,25,20,San Jose Earthquakes,Orlando City,1443.4924861407874,1558.8345828873353,4.657903253452105,4.657903253452105,0.5067028600481
4937,2024-05-19,2024,26,30,Seattle Sounders,Vancouver Whitecaps,1504.4385590040854,1503.0488497503923,121.38970925369313,121.38970925369313,0.667916192805943
4938,2024-05-19,2024,29,2,Toronto FC,CF Montreal,1388.4086365212208,1471.8241021687115,36.58453435250931,36.58453435250931,0.5524556472452192
4939,2024-05-26,2024,0,13,Atlanta Utd,Los Angeles FC,1485.480610805,1579.2082658456661,26.27234495933385,-26.27234495933385,0.5377370434465637
4940,2024-05-26,2024,2,16,CF Montreal,Nashville SC,1460.635493349842,1468.0978665746554,112.53762677518648,-112.53762677518648,0.656518733238457
4941,2024-05-26,2024,3,21,Charlotte,Philadelphia Union,1496.7263588421565,1566.627945966369,50.09841287578752,50.09841287578752,0.5716018461473741
4942,2024-05-26,2024,6,15,Colorado Rapids,Minnesota United,1465.55072654149,1533.7435182248018,51.80720831668805,51.80720831668805,0.5740088551436863
4943,2024-05-26,2024,8,4,DC United,Chicago Fire,1450.9490415200787,1403.571910885587,167.37713063449178,167.37713063449178,0.7238220588397023
4944,2024-05-26,2024,10,23,FC Dallas,Real Salt Lake,1481.6594818446752,1581.6083058682495,20.05117597642561,-20.05117597642561,0.5288239679115518
4945,2024-05-26,2024,14,11,Los Angeles Galaxy,Houston Dynamo,1520.036245742743,1502.9607147641264,137.0755309786166,137.0755309786166,0.6876316465438187
4946,2024-05-26,2024,17,18,New England Revolution,New York City,1434.943791854292,1532.2680398054465,22.675752048845425,22.675752048845425,0.5325867740224829
4947,2024-05-26,2024,20,7,Orlando City,Columbus Crew,1571.5021543885377,1593.6645731178894,97.83758127064834,97.83758127064834,0.6371922626431256
4948,2024-05-26,2024,22,27,Portland Timbers,Sporting Kansas City,1471.3624323502665,1463.8230825656783,127.53934978458824,127.53934978458824,0.675720890737805
4949,2024-05-26,2024,25,1,San Jose Earthquakes,Austin FC,1430.824914639585,1490.8143896491679,60.010524990417025,60.010524990417025,0.5855133823840677
4950,2024-05-26,2024,28,26,St. Louis City,Seattle Sounders,1494.3695826082828,1500.2406541839368,114.12892842434599,114.12892842434599,0.6585814192872299
4951,2024-05-26,2024,29,9,Toronto FC,FC Cincinnati,1399.5972453400905,1646.1519137570256,-126.5546684169351,126.5546684169351,0.3255223904409247
4952,2024-05-26,2024,30,12,Vancouver Whitecaps,Inter Miami,1507.2467545705408,1537.2143783370593,90.0323762334815,90.0323762334815,0.626742682007245
4953,2024-05-30,2024,1,22,Austin FC,Portland Timbers,1492.9522242087696,1479.4694100818215,133.48281412694814,133.48281412694814,0.6831722655370914
4954,2024-05-30,2024,2,8,CF Montreal,DC United,1456.7225250188806,1445.353490049086,131.36903496979448,-131.36903496979448,0.680532700288882
4955,2024-05-30,2024,4,20,Chicago Fire,Orlando City,1409.1674623565796,1555.5723478224595,-26.404885465879943,26.404885465879943,0.4620733074272586
4956,2024-05-30,2024,9,16,FC Cincinnati,Nashville SC,1654.2899735180488,1472.0108349056168,302.279138612432,302.279138612432,0.8506945081262882
4957,2024-05-30,2024,11,6,Houston Dynamo,Colorado Rapids,1495.151505927722,1463.7005051628978,151.45100076482413,151.45100076482413,0.7051246854878048
4958,2024-05-30,2024,12,0,Inter Miami,Atlanta Utd,1552.8829453872404,1472.037184718836,200.8457606684044,200.8457606684044,0.7606344736610664
4959,2024-05-30,2024,13,15,Los Angeles FC,Minnesota United,1592.65169193183,1535.593739603394,177.05795232843616,177.05795232843616,0.7348220993130891
4960,2024-05-30,2024,14,10,Los Angeles Galaxy,FC Dallas,1527.8454545791474,1480.9388826468864,166.90657193226093,166.90657193226093,0.7232802408426139
4961,2024-05-30,2024,19,3,New York Red Bulls,Charlotte,1551.5416500054166,1494.936312688472,176.60533731694454,176.60533731694454,0.7343140922696997
4962,2024-05-30,2024,21,29,Philadelphia Union,Toronto FC,1568.4179921200534,1391.4591855790673,296.9588065409862,296.9588065409862,0.8467626368198944
4963,2024-05-30,2024,26,23,Seattle Sounders,Real Salt Lake,1516.7051896661176,1582.3289050660383,54.376284600079316,54.376284600079316,0.5776210309409117
4964,2024-05-30,2024,27,30,Sporting Kansas City,Vancouver Whitecaps,1455.7161048341234,1491.5781875203597,84.13791731376364,-84.13791731376364,0.6187714192160739
4965,2024-06-01,2024,18,25,New York City,San Jose Earthquakes,1545.5827091560086,1428.6870800799832,236.89562907602544,236.89562907602544,0.7963572827162214
4966,2024-06-02,2024,0,3,Atlanta Utd,Charlotte,1491.0530465603626,1488.2941649952145,122.75888156514816,122.75888156514816,0.6696620424812694
4967,2024-06-02,2024,4,14,Chicago Fire,Los Angeles Galaxy,1410.115629670898,1534.763448558082,-4.64781888718403,-4.64781888718403,0.49331164991909043
4968,2024-06-02,2024,8,29,DC United,Toronto FC,1437.3668075563082,1400.1282514995646,157.23855605674362,157.23855605674362,0.7120041947661364
4969,2024-06-02,2024,12,28,Inter Miami,St. Louis City,1533.8670835457137,1477.905047126102,175.96203641961165,175.96203641961165,0.7335909949695216
4970,2024-06-02,2024,13,10,Los Angeles FC,FC Dallas,1599.281139449003,1474.0208886679518,245.26025078105113,245.26025078105113,0.8040546575145237
4971,2024-06-02,2024,15,27,Minnesota United,Sporting Kansas City,1528.9642920862211,1440.2468193537215,208.71747273249957,208.71747273249957,0.7687869589301232
4972,2024-06-02,2024,16,17,Nashville SC,New England Revolution,1493.278197608774,1421.6291225037298,191.64907510504418,191.64907510504418,0.7508630921931227
4973,2024-06-02,2024,19,20,New York Red Bulls,Orlando City,1558.1837976986742,1554.624180508141,123.55961719053312,123.55961719053312,0.6706809123971937
4974,2024-06-02,2024,21,2,Philadelphia Union,CF Montreal,1559.748926199556,1464.7092075116584,215.03971868789768,215.03971868789768,0.7751927128654612
4975,2024-06-02,2024,22,11,Portland Timbers,Houston Dynamo,1496.5487167202489,1502.5233887905267,114.02532792972215,114.02532792972215,0.6584473111239801
4976,2024-06-02,2024,23,1,Real Salt Lake,Austin FC,1584.269430839561,1475.8729175703422,228.39651326921876,228.39651326921876,0.7883079213219593
4977,2024-06-02,2024,30,6,Vancouver Whitecaps,Colorado Rapids,1507.0474730007616,1456.328622300093,170.71885070066855,170.71885070066855,0.7276509001638983
4978,2024-06-09,2024,15,10,Minnesota United,FC Dallas,1534.744618112968,1469.122255105815,185.62236300715313,185.62236300715313,0.7443169222652918
4979,2024-06-09,2024,17,19,New England Revolution,New York Red Bulls,1440.4006998085579,1566.4167748887444,-6.016075080186511,-6.016075080186511,0.49134303719529937
4980,2024-06-09,2024,27,26,Sporting Kansas City,Seattle Sounders,1434.4664933269746,1514.7646638925949,39.70182943437976,39.70182943437976,0.5568881280217155
4981,2024-06-09,2024,28,22,St. Louis City,Portland Timbers,1483.74482200034,1492.5875339421493,111.15728805819072,111.15728805819072,0.6547247031758411
4982,2024-06-15,2024,18,7,New York City,Columbus Crew,1550.6737770881032,1609.5943796839676,61.079397404135534,61.079397404135534,0.5870058299715185
4983,2024-06-16,2024,0,11,Atlanta Utd,Houston Dynamo,1474.311495498331,1506.4845715686263,87.82692392970466,87.82692392970466,0.6237679729019147
4984,2024-06-16,2024,2,23,CF Montreal,Real Salt Lake,1471.589025333295,1589.561732806512,2.027292526782958,-2.027292526782958,0.5029174753588042
4985,2024-06-16,2024,3,8,Charlotte,DC United,1505.0357160572462,1432.066702687155,192.96901337009126,192.96901337009126,0.7522817545235567
4986,2024-06-16,2024,6,1,Colorado Rapids,Austin FC,1449.5198948041905,1470.5806156033912,98.93927920079932,98.93927920079932,0.6386570888920906
4987,2024-06-16,2024,10,28,FC Dallas,St. Louis City,1475.2301781624471,1479.876704420944,115.3534737415032,115.3534737415032,0.6601646353413538
4988,2024-06-16,2024,14,27,Los Angeles Galaxy,Sporting Kansas City,1522.0962398060592,1445.5442901264316,196.55194967962757,196.55194967962757,0.7561052808032923
4989,2024-06-16,2024,17,30,New England Revolution,Vancouver Whitecaps,1453.1171238786753,1513.856200496664,59.26092338201124,59.26092338201124,0.5844657880186604
4990,2024-06-16,2024,19,16,New York Red Bulls,Nashville SC,1553.700350818627,1474.506620303946,199.19373051468096,199.19373051468096,0.7588987292710132
4991,2024-06-16,2024,20,13,Orlando City,Los Angeles FC,1546.391203318071,1604.1797730111398,62.211430306931106,-62.211430306931106,0.5885847254571983
4992,2024-06-16,2024,21,12,Philadelphia Union,Inter Miami,1552.8691083779195,1528.0273086714758,144.84179970644368,144.84179970644368,0.6971528418068692
4993,2024-06-16,2024,25,9,San Jose Earthquakes,FC Cincinnati,1423.5960121478886,1633.0226108148916,-89.42659866700296,89.42659866700296,0.37407344553290167
4994,2024-06-16,2024,26,15,Seattle Sounders,Minnesota United,1503.6868670931378,1528.6366950563358,95.050172036802,95.050172036802,0.6334747606612702
4995,2024-06-16,2024,29,4,Toronto FC,Chicago Fire,1405.428356368718,1422.7828384229208,102.64551794579711,102.64551794579711,0.6435659087737767
4996,2024-06-20,2024,1,13,Austin FC,Los Angeles FC,1461.5470428256933,1618.8943911475696,-37.347348321876325,37.347348321876325,0.44645890952818373
4997,2024-06-20,2024,2,19,CF Montreal,New York Red Bulls,1471.5160884493248,1547.2278825868516,44.288205862473205,-44.288205862473205,0.563392865375758
4998,2024-06-20,2024,3,20,Charlotte,Orlando City,1511.2286721941573,1531.676585181641,99.55208701251627,99.55208701251627,0.6394707703936102
4999,2024-06-20,2024,8,0,DC United,Atlanta Utd,1425.8737465502438,1471.217296175783,74.65645037446075,74.65645037446075,0.6058156585308245
5000,2024-06-20,2024,9,21,FC Cincinnati,Philadelphia Union,1642.3744469532141,1535.4402873327476,226.93415962046652,226.93415962046652,0.7868997310522947
5001,2024-06-20,2024,10,15,FC Dallas,Minnesota United,1483.7260622789133,1519.4735640728677,84.25249820604563,84.25249820604563,0.6189269977083904
5002,2024-06-20,2024,11,26,Houston Dynamo,Seattle Sounders,1509.5787708911741,1512.849998076606,116.72877281456817,116.72877281456817,0.6619385024147106
5003,2024-06-20,2024,12,7,Inter Miami,Columbus Crew,1545.4561297166474,1624.2695254332557,41.186604283391716,-41.186604283391716,0.5589961924925063
5004,2024-06-20,2024,14,18,Los Angeles Galaxy,New York City,1528.1936077859768,1535.9986313388151,112.19497644716171,112.19497644716171,0.6560738039594282
5005,2024-06-20,2024,25,22,San Jose Earthquakes,Portland Timbers,1414.244176009566,1496.4556515215454,37.788524488020585,37.788524488020585,0.5541686281648358
5006,2024-06-20,2024,27,23,Sporting Kansas City,Real Salt Lake,1439.446922146514,1589.6346696904823,-30.18774754396827,-30.18774754396827,0.45666533456429825
5007,2024-06-20,2024,28,6,St. Louis City,Colorado Rapids,1471.3808203044778,1458.5534675818883,132.82735272258947,132.82735272258947,0.6823550135511821
5008,2024-06-20,2024,29,16,Toronto FC,Nashville SC,1389.3392086493734,1480.9790885357213,28.3601201136521,28.3601201136521,0.5407230882763356
5009,2024-06-23,2024,6,2,Colorado Rapids,CF Montreal,1475.6123429206677,1469.931266814931,125.68107610573679,125.68107610573679,0.6733725308530257
5010,2024-06-23,2024,7,27,Columbus Crew,Sporting Kansas City,1613.2444302455683,1428.0302887824066,305.2141414631617,305.2141414631617,0.8528277383913895
5011,2024-06-23,2024,8,11,DC United,Houston Dynamo,1410.7283550869731,1505.5303083308063,25.198046756166832,25.198046756166832,0.5361994568875393
5012,2024-06-23,2024,9,17,FC Cincinnati,New England Revolution,1647.7019536769067,1463.5054791782088,304.19647449869785,304.19647449869785,0.85209094454089
5013,2024-06-23,2024,13,25,Los Angeles FC,San Jose Earthquakes,1617.5558638857742,1400.3899603054451,337.1659035803291,337.1659035803291,0.8744491136779444
5014,2024-06-23,2024,15,1,Minnesota United,Austin FC,1509.9467390155774,1462.8855700874888,167.0611689280886,167.0611689280886,0.7234583216858149
5015,2024-06-23,2024,16,18,Nashville SC,New York City,1494.4971657426297,1527.4004764378008,87.09668930482894,87.09668930482894,0.6227809611538171
5016,2024-06-23,2024,19,29,New York Red Bulls,Toronto FC,1548.8127042212454,1375.821131442465,292.99157277878044,292.99157277878044,0.8437758534020399
5017,2024-06-23,2024,20,4,Orlando City,Chicago Fire,1535.1633544414813,1438.8719861422653,216.29136829921595,216.29136829921595,0.7764458436466618
5018,2024-06-23,2024,21,3,Philadelphia Union,Charlotte,1530.112780609055,1507.741902934317,142.37087767473804,142.37087767473804,0.6941413721931818
5019,2024-06-23,2024,22,30,Portland Timbers,Vancouver Whitecaps,1510.3098672256663,1503.4678451971306,126.84202202853567,126.84202202853567,0.674840683716025
5020,2024-06-23,2024,23,14,Real Salt Lake,Los Angeles Galaxy,1601.0513030545897,1536.7917626869912,184.25954036759845,184.25954036759845,0.7428210797113446
5021,2024-06-23,2024,26,10,Seattle Sounders,FC Dallas,1516.8984606369738,1493.2528873362035,143.64557330077037,143.64557330077037,0.6956970178300211
5022,2024-06-23,2024,28,0,St. Louis City,Atlanta Utd,1454.3219449656983,1486.3626876390538,87.95925732664455,87.95925732664455,0.6239467298895089
5023,2024-06-29,2024,18,20,New York City,Orlando City,1517.9700004666463,1540.7522083503147,97.21779211633157,97.21779211633157,0.6363670633060405
5024,2024-06-30,2024,0,29,Atlanta Utd,Toronto FC,1489.4613558862916,1371.915527777516,237.5458281087756,237.5458281087756,0.7969635957278101
5025,2024-06-30,2024,2,21,CF Montreal,Philadelphia Union,1461.7655800862567,1512.7592463042256,69.0063337820311,69.0063337820311,0.5980225305211248
5026,2024-06-30,2024,10,9,FC Dallas,FC Cincinnati,1485.645312781954,1626.3996800633845,-20.754367281430405,20.754367281430405,0.4701675405736726
5027,2024-06-30,2024,11,3,Houston Dynamo,Charlotte,1518.9352947529949,1525.0954372391466,113.8398575138483,113.8398575138483,0.65820716116683
5028,2024-06-30,2024,13,6,Los Angeles FC,Colorado Rapids,1620.6946360438255,1483.778029649342,256.91660639448355,256.91660639448355,0.8144110406339327
5029,2024-06-30,2024,16,12,Nashville SC,Inter Miami,1503.9276417137842,1556.4812249043348,67.44641680944937,67.44641680944937,0.5958620221462333
5030,2024-06-30,2024,17,7,New England Revolution,Columbus Crew,1484.807752791731,1616.9237367857836,-12.115983994052613,12.115983994052613,0.4825707620688748
5031,2024-06-30,2024,19,8,New York Red Bulls,DC United,1552.7183078861945,1397.3233686647845,275.3949392214099,275.3949392214099,0.8299539175033841
5032,2024-06-30,2024,22,15,Portland Timbers,Minnesota United,1518.4388501327655,1491.860280973432,146.57856915933348,146.57856915933348,0.6992594830565619
5033,2024-06-30,2024,25,14,San Jose Earthquakes,Los Angeles Galaxy,1397.2511881473938,1555.362289679775,-38.1111015323811,38.1111015323811,0.4453726410240552
5034,2024-06-30,2024,26,4,Seattle Sounders,Chicago Fire,1524.5060351912232,1433.2831322334318,211.22290295779135,211.22290295779135,0.7713406510239676
5035,2024-06-30,2024,27,1,Sporting Kansas City,Austin FC,1424.3509822421913,1480.972028129634,63.37895411255727,63.37895411255727,0.590211212928048
5036,2024-06-30,2024,30,28,Vancouver Whitecaps,St. Louis City,1495.3388622900313,1451.2232767184605,164.11558557157082,164.11558557157082,0.7200531474107494
5037,2024-07-03,2024,7,16,Columbus Crew,Nashville SC,1628.9880058375054,1489.0310911601284,259.956914677377,259.956914677377,0.8170417621057263
5038,2024-07-04,2024,3,12,Charlotte,Inter Miami,1516.5506162683173,1571.3777754579905,65.17284081032676,65.17284081032676,0.5927064395455812
5039,2024-07-04,2024,4,21,Chicago Fire,Philadelphia Union,1427.566648509031,1502.7098095672536,44.85683894177737,44.85683894177737,0.5641978720711187
5040,2024-07-04,2024,8,9,DC United,FC Cincinnati,1405.572216602369,1638.1538685777264,-112.58165197535732,112.58165197535732,0.34342412021551627
5041,2024-07-04,2024,15,30,Minnesota United,Vancouver Whitecaps,1484.341768049846,1502.3375336047625,102.00423444508351,102.00423444508351,0.6427186662147022
5042,2024-07-04,2024,17,0,New England Revolution,Atlanta Utd,1472.7434837400092,1494.5372659930963,98.2062177469129,98.2062177469129,0.6376826897400869
5043,2024-07-04,2024,18,2,New York City,CF Montreal,1527.0608238839952,1471.8150168232287,175.24580706076654,175.24580706076654,0.7327844500567694
5044,2024-07-04,2024,23,11,Real Salt Lake,Houston Dynamo,1582.480776061806,1527.4801157238242,175.0006603379818,175.0006603379818,0.7325080345656586
5045,2024-07-04,2024,28,25,St. Louis City,San Jose Earthquakes,1444.2246054037294,1386.1168721217923,178.10773328193704,178.10773328193704,0.7359979624109657
5046,2024-07-04,2024,29,20,Toronto FC,Orlando City,1366.8396176707113,1531.6613849329658,-44.821767262254525,-44.821767262254525,0.4358517687182735
5047,2024-07-05,2024,6,27,Colorado Rapids,Sporting Kansas City,1479.1383056651903,1434.59570191899,164.54260374620026,164.54260374620026,0.7205483776183608
5048,2024-07-05,2024,10,22,FC Dallas,Portland Timbers,1473.8911242676122,1525.9573630563516,67.93376121126062,67.93376121126062,0.5965374049297052
5049,2024-07-05,2024,14,13,Los Angeles Galaxy,Los Angeles FC,1566.4966057053764,1625.3343600279773,61.16224567739914,-61.16224567739914,0.5871214431831394
5050,2024-07-07,2024,1,18,Austin FC,New York City,1470.7273084528354,1533.741212632576,56.98609582025938,-56.98609582025938,0.5812819975705402
5051,2024-07-07,2024,2,30,CF Montreal,Vancouver Whitecaps,1465.134628074648,1518.40550026013,66.72912781451782,66.72912781451782,0.5948673119859892
5052,2024-07-07,2024,7,29,Columbus Crew,Toronto FC,1633.5619617848622,1355.9433234527544,397.6186383321078,397.6186383321078,0.9079516272251109
5053,2024-07-07,2024,9,12,FC Cincinnati,Inter Miami,1646.7394715831142,1586.19543644663,180.54403513648413,180.54403513648413,0.7387139548528457
5054,2024-07-07,2024,20,8,Orlando City,DC United,1542.5576791509227,1396.9866135969812,265.5710655539415,265.5710655539415,0.8218233421376353
5055,2024-07-07,2024,21,19,Philadelphia Union,New York Red Bulls,1491.8147563690316,1544.46945994861,67.34529642042162,-67.34529642042162,0.5957218395749366
5056,2024-07-07,2024,23,0,Real Salt Lake,Atlanta Utd,1589.1680751976644,1485.4793332365984,223.68874196106594,223.68874196106594,0.7837501628149628
5057,2024-07-07,2024,26,17,Seattle Sounders,New England Revolution,1530.222518915624,1481.801416496507,168.421102419117,168.421102419117,0.7250217796385587
5058,2024-07-08,2024,6,28,Colorado Rapids,St. Louis City,1486.1245962247312,1450.8246563434552,155.29993988127603,155.29993988127603,0.7097104746130115
5059,2024-07-08,2024,14,15,Los Angeles Galaxy,Minnesota United,1551.8185696257979,1468.2738013944784,203.5447682313195,203.5447682313195,0.7634517770708482
5060,2024-07-08,2024,22,16,Portland Timbers,Nashville SC,1515.8707981795942,1484.4571352127716,151.41366296682259,151.41366296682259,0.7050799936842285
5061,2024-07-08,2024,25,4,San Jose Earthquakes,Chicago Fire,1379.5168211820665,1438.461701707253,61.05511947481341,61.05511947481341,0.5869719487580881
5062,2024-07-08,2024,27,10,Sporting Kansas City,FC Dallas,1427.609411359449,1483.9776891443696,63.631722215079435,63.631722215079435,0.5905630879289415
5063,2024-07-14,2024,2,0,CF Montreal,Atlanta Utd,1462.7629452749982,1480.0730873069724,102.68985796802576,-102.68985796802576,0.6436244562196126
5064,2024-07-14,2024,4,18,Chicago Fire,New York City,1428.1360004262053,1523.2732625718395,24.862737854365832,24.862737854365832,0.5357194045215926
5065,2024-07-14,2024,6,19,Colorado Rapids,New York Red Bulls,1493.381834359406,1546.8625059379833,66.51932842142264,66.51932842142264,0.594576222162127
5066,2024-07-14,2024,8,16,DC United,Nashville SC,1392.532197150422,1477.0841350548774,35.44806209554463,35.44806209554463,0.5508375837997305
5067,2024-07-14,2024,9,3,FC Cincinnati,Charlotte,1653.271622711793,1501.7329552796778,271.5386674321153,271.5386674321153,0.8267980507035336
5068,2024-07-14,2024,10,14,FC Dallas,Los Angeles Galaxy,1473.741766342593,1557.7322751990266,36.00949114356649,-36.00949114356649,0.5516370605235335
5069,2024-07-14,2024,11,15,Houston Dynamo,Minnesota United,1520.7928165879657,1462.3600958212496,178.4327207667161,178.4327207667161,0.7363613034046709
5070,2024-07-14,2024,13,7,Los Angeles FC,Columbus Crew,1640.0123961075558,1635.8631711042344,124.14922500332136,124.14922500332136,0.6714301159810537
5071,2024-07-14,2024,17,20,New England Revolution,Orlando City,1474.926960987471,1547.012095597482,47.91486538998902,-47.91486538998902,0.5685211783433048
5072,2024-07-14,2024,22,23,Portland Timbers,Real Salt Lake,1523.2437983374884,1594.5743211272904,48.66947721019801,48.66947721019801,0.5695864380541615
5073,2024-07-14,2024,25,27,San Jose Earthquakes,Sporting Kansas City,1389.8425224631142,1437.8453341612255,71.99718830188863,71.99718830188863,0.6021542157251285
5074,2024-07-14,2024,28,30,St. Louis City,Vancouver Whitecaps,1443.5674182087805,1520.7771830597799,42.79023514900064,42.79023514900064,0.561270618195424
5075,2024-07-14,2024,29,21,Toronto FC,Philadelphia Union,1353.6421141333822,1489.4217103796582,-15.779596246276014,-15.779596246276014,0.47730693667268276
5076,2024-07-18,2024,0,18,Atlanta Utd,New York City,1471.1636987124627,1524.1662476848794,66.99745102758334,66.99745102758334,0.5952395044832927
5077,2024-07-18,2024,7,3,Columbus Crew,Charlotte,1652.6489240037608,1522.4029065472662,250.24601745649466,250.24601745649466,0.8085370015752569
5078,2024-07-18,2024,9,4,FC Cincinnati,Chicago Fire,1632.6016714442046,1427.2430153131654,325.3586561310392,325.3586561310392,0.8667952046375642
5079,2024-07-18,2024,10,1,FC Dallas,Austin FC,1484.9508398295047,1481.1952585135718,123.75558131593289,123.75558131593289,0.670930016835003
5080,2024-07-18,2024,12,29,Inter Miami,Toronto FC,1579.6632853179512,1366.709440716565,332.9538446013862,332.9538446013862,0.8717628786493751
5081,2024-07-18,2024,13,23,Los Angeles FC,Real Salt Lake,1623.2266432080294,1583.8139820786444,159.41266112938501,159.41266112938501,0.7145636557587621
5082,2024-07-18,2024,14,6,Los Angeles Galaxy,Colorado Rapids,1546.523201712115,1491.017428805353,175.5057729067621,175.5057729067621,0.7330773765276969
5083,2024-07-18,2024,15,8,Minnesota United,DC United,1468.2691284063665,1403.7612575554288,184.5078708509377,184.5078708509377,0.743094074603971
5084,2024-07-18,2024,16,20,Nashville SC,Orlando City,1465.8550746498706,1561.2251250560646,24.62994959380603,-24.62994959380603,0.5353860891013931
5085,2024-07-18,2024,19,2,New York Red Bulls,CF Montreal,1549.2269114920364,1471.6723338695078,197.55457762252854,197.55457762252854,0.7571680464171537
5086,2024-07-18,2024,21,17,Philadelphia Union,New England Revolution,1476.3543837964753,1460.7139315288882,135.64045226758708,135.64045226758708,0.685854490685852
5087,2024-07-18,2024,25,11,San Jose Earthquakes,Houston Dynamo,1374.7886670699859,1514.8837840028489,-20.095116932862993,20.095116932862993,0.4711130065803703
5088,2024-07-18,2024,26,28,Seattle Sounders,St. Louis City,1537.0969744246602,1429.535652753895,227.5613216707652,227.5613216707652,0.7875044990383405
5089,2024-07-18,2024,30,27,Vancouver Whitecaps,Sporting Kansas City,1534.8089485146654,1452.8991895543538,201.9097589603116,201.9097589603116,0.7617478452803063
5090,2024-07-21,2024,0,7,Atlanta Utd,Columbus Crew,1468.7827111003805,1644.9354989643793,-56.15278786399881,56.15278786399881,0.4198859901164291
5091,2024-07-21,2024,1,3,Austin FC,Charlotte,1472.9685089344468,1530.1163315866477,62.85217734779917,62.85217734779917,0.589477597727809
5092,2024-07-21,2024,2,29,CF Montreal,Toronto FC,1478.1015350299367,1363.5035126827995,234.5980223471372,234.5980223471372,0.7942039680339299
5093,2024-07-21,2024,6,23,Colorado Rapids,Real Salt Lake,1484.3443632185454,1589.1780734726135,15.166289745931863,15.166289745931863,0.5218121927733969
5094,2024-07-21,2024,12,4,Inter Miami,Chicago Fire,1582.8692133517168,1448.9128954291045,253.95631792261224,253.95631792261224,0.8118215873594073
5095,2024-07-21,2024,14,22,Los Angeles Galaxy,Portland Timbers,1553.1962672989225,1534.0041373861345,139.192129912788,139.192129912788,0.6902427259234923
5096,2024-07-21,2024,15,25,Minnesota United,San Jose Earthquakes,1449.6917765412672,1363.0108419054766,206.68093463579066,206.68093463579066,0.766696545302909
5097,2024-07-21,2024,17,10,New England Revolution,FC Dallas,1452.8602937960345,1493.1775894086297,79.68270438740478,79.68270438740478,0.6127034847302554
5098,2024-07-21,2024,19,9,New York Red Bulls,FC Cincinnati,1542.7977103316075,1610.9317913282655,51.865919003342015,51.865919003342015,0.5740914934017345
5099,2024-07-21,2024,20,18,Orlando City,New York City,1574.6097772835994,1526.5472352969616,168.06254198663783,168.06254198663783,0.7246100908760346
5100,2024-07-21,2024,21,16,Philadelphia Union,Nashville SC,1484.208021529329,1452.4704224223358,151.73759910699323,151.73759910699323,0.7054676006299991
5101,2024-07-21,2024,26,13,Seattle Sounders,Los Angeles FC,1542.4093619487016,1617.8625518140602,44.54681013464142,44.54681013464142,0.5637590098643831
5102,2024-07-21,2024,27,28,Sporting Kansas City,St. Louis City,1446.9428856863615,1424.2232652298535,142.71962045650798,142.71962045650798,0.6945674218445109
5103,2024-07-21,2024,30,11,Vancouver Whitecaps,Houston Dynamo,1540.7652523826578,1526.6616091673582,134.1036432152996,134.1036432152996,0.6839452958209653
5104,2024-08-25,2024,2,17,CF Montreal,New England Revolution,1458.2464358290886,1450.0427066777781,128.20372915131043,128.20372915131043,0.6765583541777552
5105,2024-08-25,2024,3,19,Charlotte,New York Red Bulls,1532.353271529843,1553.445422996564,98.90784853327887,98.90784853327887,0.6386153339897483
5106,2024-08-25,2024,8,10,DC United,FC Dallas,1422.338609420528,1495.995176526886,46.343432893641875,46.343432893641875,0.5663008159143427
5107,2024-08-25,2024,11,29,Houston Dynamo,Toronto FC,1543.7602415628824,1383.3586118836477,280.4016296792347,280.4016296792347,0.8339828207930358
5108,2024-08-25,2024,12,9,Inter Miami,FC Cincinnati,1587.5736736677316,1600.284078663309,107.28959500442261,107.28959500442261,0.6496744565961556
5109,2024-08-25,2024,14,0,Los Angeles Galaxy,Atlanta Utd,1560.9401991508353,1483.2855613474699,197.6546378033654,197.6546378033654,0.7572739353946129
5110,2024-08-25,2024,16,1,Nashville SC,Austin FC,1445.1071124380858,1470.7315689912516,94.37554344683417,94.37554344683417,0.6325726116684282
5111,2024-08-25,2024,18,4,New York City,Chicago Fire,1532.1624875688624,1444.2084351130898,207.95405245577263,207.95405245577263,0.7680048804809047
5112,2024-08-25,2024,22,28,Portland Timbers,St. Louis City,1526.2602055342218,1429.0874507759663,217.17275475825545,217.17275475825545,0.7773252839141732
5113,2024-08-25,2024,23,25,Real Salt Lake,San Jose Earthquakes,1577.2233782919484,1357.1782555380494,340.045122753899,340.045122753899,0.8762574861788676
5114,2024-08-25,2024,27,20,Sporting Kansas City,Orlando City,1442.0787001402487,1568.9945250116987,-6.915824871450013,6.915824871450013,0.49004864224908
5115,2024-08-29,2024,21,7,Philadelphia Union,Columbus Crew,1491.571331513579,1630.43264871729,-18.861317203710996,-18.861317203710996,0.47288301623130147
5116,2024-09-01,2024,1,30,Austin FC,Vancouver Whitecaps,1486.5458842829623,1523.6666199871336,82.87926429582876,82.87926429582876,0.6170608155194892
5117,2024-09-01,2024,3,0,Charlotte,Atlanta Utd,1528.8878881800993,1477.2174097323352,171.67047844776403,171.67047844776403,0.7287351502478441
5118,2024-09-01,2024,4,12,Chicago Fire,Inter Miami,1450.9085571251123,1596.3318122528276,-25.423255127715265,-25.423255127715265,0.4634781561956319
5119,2024-09-01,2024,7,18,Columbus Crew,New York City,1642.2547241230725,1525.4623655568398,236.79235856623268,236.79235856623268,0.7962608586672617
5120,2024-09-01,2024,9,2,FC Cincinnati,CF Montreal,1591.525940078213,1441.3324769746446,270.1934631035683,270.1934631035683,0.8256863332712862
5121,2024-09-01,2024,10,6,FC Dallas,Colorado Rapids,1510.1526969247448,1496.2990583992105,133.85363852553428,133.85363852553428,0.683634122477159
5122,2024-09-01,2024,13,11,Los Angeles FC,Houston Dynamo,1631.9565270606697,1522.9106710430565,229.04585601761323,229.04585601761323,0.7889310272894323
5123,2024-09-01,2024,19,21,New York Red Bulls,Philadelphia Union,1556.9108063463077,1479.7492561077966,197.16155023851115,197.16155023851115,0.7567518204289595
5124,2024-09-01,2024,20,16,Orlando City,Nashville SC,1556.2457410679256,1429.292797146375,246.9529439215505,246.9529439215505,0.8055852735072794
5125,2024-09-01,2024,22,26,Portland Timbers,Seattle Sounders,1519.3270734363675,1528.3153867020922,111.01168673427537,111.01168673427537,0.6545352065180682
5126,2024-09-01,2024,23,17,Real Salt Lake,New England Revolution,1555.3169411374768,1466.9566655322221,208.36027560525463,208.36027560525463,0.7684212614848108
5127,2024-09-01,2024,25,15,San Jose Earthquakes,Minnesota United,1379.084692692521,1455.5243629086945,43.560329783826546,43.560329783826546,0.562361933304225
5128,2024-09-01,2024,28,14,St. Louis City,Los Angeles Galaxy,1436.0205828738206,1567.00835076597,-10.98776789214935,-10.98776789214935,0.4841926005393917
5129,2024-09-01,2024,29,8,Toronto FC,DC United,1404.2081824034735,1408.1810890226693,116.02709338080422,116.02709338080422,0.6610340382316804
5130,2024-09-08,2024,4,8,Chicago Fire,DC United,1439.3216032202215,1424.7069399784614,134.61466324176013,134.61466324176013,0.6845808345107565
5131,2024-09-08,2024,7,26,Columbus Crew,Seattle Sounders,1647.3482026563909,1519.6787668650438,247.66943579134704,247.66943579134704,0.8062304224615551
5132,2024-09-08,2024,11,13,Houston Dynamo,Los Angeles FC,1542.6339467252924,1612.2332513784338,50.40069534685858,50.40069534685858,0.572027891329402
5133,2024-09-08,2024,17,28,New England Revolution,St. Louis City,1461.1671970693424,1448.9157678603358,132.25142920900657,132.25142920900657,0.6816360032093405
5134,2024-09-08,2024,19,27,New York Red Bulls,Sporting Kansas City,1537.9920108355836,1454.8274840840218,203.16452675156188,203.16452675156188,0.7630562585491549
5135,2024-09-08,2024,30,10,Vancouver Whitecaps,FC Dallas,1539.0931403751208,1493.0618438628157,166.03129651230506,166.03129651230506,0.7222706738658202
5136,2024-09-15,2024,0,16,Atlanta Utd,Nashville SC,1495.4357884885312,1424.432428984057,191.00335950447425,191.00335950447425,0.7501671062664965
5137,2024-09-15,2024,2,3,CF Montreal,Charlotte,1436.9746353064268,1510.669509423903,46.305125882523726,-46.305125882523726,0.5662466562323912
5138,2024-09-15,2024,4,19,Chicago Fire,New York Red Bulls,1422.2070823574527,1531.4156043718547,10.791477985598021,-10.791477985598021,0.5155251929084627
5139,2024-09-15,2024,6,22,Colorado Rapids,Portland Timbers,1513.3899114611395,1527.9636932734159,105.42621818772363,105.42621818772363,0.6472292383895067
5140,2024-09-15,2024,8,18,DC United,New York City,1441.8214608412302,1520.3688870235214,41.45257381770875,41.45257381770875,0.5593735903827975
5141,2024-09-15,2024,9,7,FC Cincinnati,Columbus Crew,1595.8837817464307,1627.192442094852,88.6913396515788,88.6913396515788,0.6249350214125129
5142,2024-09-15,2024,11,23,Houston Dynamo,Real Salt Lake,1540.8332494420574,1561.1064096003565,99.7268398417009,99.7268398417009,0.6397026593825004
5143,2024-09-15,2024,12,21,Inter Miami,Philadelphia Union,1607.9187661577184,1498.6680516185206,229.25071453919782,229.25071453919782,0.7891273294882962
5144,2024-09-15,2024,14,13,Los Angeles Galaxy,Los Angeles FC,1554.1131657794547,1614.0339486616688,60.0792171177859,-60.0792171177859,0.585609343504944
5145,2024-09-15,2024,20,17,Orlando City,New England Revolution,1561.1061092302436,1456.6262969891088,224.47981224113482,224.47981224113482,0.784520964483684
5146,2024-09-15,2024,28,15,St. Louis City,Minnesota United,1453.4566679405693,1469.5834112413002,103.87325669926918,103.87325669926918,0.6451854488222244
5147,2024-09-15,2024,29,1,Toronto FC,Austin FC,1387.6823314476815,1471.119363894975,36.56296755270637,36.56296755270637,0.5524249515318542
5148,2024-09-15,2024,30,25,Vancouver Whitecaps,San Jose Earthquakes,1533.5363735284752,1365.0256443599153,288.5107291685599,288.5107291685599,0.8403455334078989
5149,2024-09-16,2024,26,27,Seattle Sounders,Sporting Kansas City,1539.8345274265828,1461.4038905477507,198.43063687883205,198.43063687883205,0.7580940731009477
5150,2024-09-19,2024,0,12,Atlanta Utd,Inter Miami,1476.6816108318687,1613.1905829205111,-16.508972088642395,-16.508972088642395,0.4762595439802732
5151,2024-09-19,2024,11,30,Houston Dynamo,Vancouver Whitecaps,1549.840682957495,1537.5277351932777,132.31294776421714,132.31294776421714,0.6817128472787563
5152,2024-09-19,2024,13,1,Los Angeles FC,Austin FC,1603.6741822492925,1459.9299876832715,263.74419456602095,263.74419456602095,0.82027822589431
5153,2024-09-19,2024,15,9,Minnesota United,FC Cincinnati,1485.7130474618557,1592.760406211118,12.95264125073777,12.95264125073777,0.5186317181940515
5154,2024-09-19,2024,16,4,Nashville SC,Chicago Fire,1443.1866066407194,1434.3189525347411,128.86765410597832,128.86765410597832,0.6773941157642601
5155,2024-09-19,2024,17,2,New England Revolution,CF Montreal,1451.2393211012009,1447.818468900617,123.4208522005838,123.4208522005838,0.6705044599653238
5156,2024-09-19,2024,18,21,New York City,Philadelphia Union,1521.8532267830915,1493.396234855728,148.45699192736356,148.45699192736356,0.7015285138926854
5157,2024-09-19,2024,20,3,Orlando City,Charlotte,1566.4930851181516,1499.8256758297127,186.66740928843888,186.66740928843888,0.7454600952545551
5158,2024-09-19,2024,22,14,Portland Timbers,Los Angeles Galaxy,1519.1444242331536,1564.472932191831,74.67149204132261,74.67149204132261,0.6058363355317232
5159,2024-09-19,2024,23,10,Real Salt Lake,FC Dallas,1552.098976084919,1498.6186107094613,173.48036537545772,173.48036537545772,0.7307897760178089
5160,2024-09-19,2024,26,25,Seattle Sounders,San Jose Earthquakes,1545.882175599059,1361.0342826951128,304.84789290394633,304.84789290394633,0.8525629237950664
5161,2024-09-19,2024,27,6,Sporting Kansas City,Colorado Rapids,1455.3562423752744,1522.2091805014018,53.147061873872644,53.147061873872644,0.5758937286546643
5162,2024-09-19,2024,29,7,Toronto FC,Columbus Crew,1398.871707659385,1630.3158176301647,-111.44410997077966,111.44410997077966,0.34490214872899355
5163,2024-09-21,2024,3,17,Charlotte,New England Revolution,1493.4621782110767,1446.9767096020678,166.48546860900888,166.48546860900888,0.7227948114725646
5164,2024-09-21,2024,18,12,New York City,Inter Miami,1504.3150139357745,1612.597071520018,11.717942415756397,11.717942415756397,0.5168570835049306
5165,2024-09-22,2024,1,11,Austin FC,Houston Dynamo,1467.9369433306292,1545.297861775526,42.6390815551033,-42.6390815551033,0.5610563457482657
5166,2024-09-22,2024,2,4,CF Montreal,Chicago Fire,1452.0810803997501,1426.2538054288477,145.8272749709024,145.8272749709024,0.6983492140128585
5167,2024-09-22,2024,6,29,Colorado Rapids,Toronto FC,1511.6065237177684,1390.24915394116,241.35736977660827,241.35736977660827,0.8004908024484095
5168,2024-09-22,2024,7,20,Columbus Crew,Orlando City,1638.9383713483896,1572.8565827367877,186.08178861160195,186.08178861160195,0.7448199014297561
5169,2024-09-22,2024,10,13,FC Dallas,Los Angeles FC,1491.8883551099066,1595.6672266019348,16.221128507971798,16.221128507971798,0.5233271335226563
5170,2024-09-22,2024,14,30,Los Angeles Galaxy,Vancouver Whitecaps,1554.618840580124,1542.0705563752467,132.5482842048773,132.5482842048773,0.682006719478265
5171,2024-09-22,2024,16,9,Nashville SC,FC Cincinnati,1451.2517537466128,1605.7261991659693,-34.47444541935647,34.47444541935647,0.45054946996868167
5172,2024-09-22,2024,19,0,New York Red Bulls,Atlanta Utd,1519.3037341945662,1477.2751222323618,162.02861196220442,162.02861196220442,0.717625099831706
5173,2024-09-22,2024,21,8,Philadelphia Union,DC United,1510.934447703045,1440.3371210816601,190.5973266213848,190.5973266213848,0.7497287993173615
5174,2024-09-22,2024,23,22,Real Salt Lake,Portland Timbers,1558.8292316844738,1528.9985158448605,149.83071583961328,149.83071583961328,0.7031816534237443
5175,2024-09-22,2024,25,28,San Jose Earthquakes,St. Louis City,1369.8483557899895,1437.3270317200138,52.52132406997566,52.52132406997566,0.5750137271693468
5176,2024-09-22,2024,27,15,Sporting Kansas City,Minnesota United,1465.9588991589078,1472.7472545070043,113.2116446519035,113.2116446519035,0.6573931391517741
5177,2024-09-29,2024,1,23,Austin FC,Real Salt Lake,1453.9105346869226,1553.7496903488802,20.160844338042352,20.160844338042352,0.5289812660042755
5178,2024-09-29,2024,2,25,CF Montreal,San Jose Earthquakes,1459.6223500494286,1355.4730126107559,224.14933743867277,224.14933743867277,0.7841991996142487
5179,2024-09-29,2024,4,29,Chicago Fire,Toronto FC,1418.7125357791692,1385.2614240023704,153.45111177679883,153.45111177679883,0.7075129634825075
5180,2024-09-29,2024,8,7,DC United,Columbus Crew,1434.0803410645942,1645.3178738126458,-91.23753274805154,-91.23753274805154,0.3716358315624155
5181,2024-09-29,2024,9,13,FC Cincinnati,Los Angeles FC,1604.4899359151864,1583.750404940001,140.7395309751853,140.7395309751853,0.6921439956893284
5182,2024-09-29,2024,10,20,FC Dallas,Orlando City,1503.8051767718403,1566.4770802725316,57.328096499308685,57.328096499308685,0.5817610924632571
5183,2024-09-29,2024,12,3,Inter Miami,Charlotte,1613.0184986076413,1500.3923079242625,232.6261906833788,232.6261906833788,0.7923425555031877
5184,2024-09-29,2024,15,6,Minnesota United,Colorado Rapids,1489.1820829857986,1516.594253656558,92.58782932924055,92.58782932924055,0.6301775056125231
5185,2024-09-29,2024,17,16,New England Revolution,Nashville SC,1440.046579888882,1452.4880169973958,107.55856289148619,107.55856289148619,0.6500267650023391
5186,2024-09-29,2024,19,18,New York Red Bulls,New York City,1513.8631066987737,1503.8935868481512,129.96951985062242,129.96951985062242,0.6787786644842843
5187,2024-09-29,2024,21,0,Philadelphia Union,Atlanta Utd,1517.1912277201109,1482.7157497281544,154.4754779919565,154.4754779919565,0.708731727468704
5188,2024-09-29,2024,26,11,Seattle Sounders,Houston Dynamo,1537.0681025041824,1559.3242704192326,97.74383208494987,97.74383208494987,0.6370674948824984
5189,2024-09-29,2024,28,27,St. Louis City,Sporting Kansas City,1451.7023748992474,1449.5240706801135,122.1783042191339,122.1783042191339,0.6689223079953356
5190,2024-09-29,2024,30,22,Vancouver Whitecaps,Portland Timbers,1534.1207243622034,1534.0780571804542,120.04266718174927,120.04266718174927,0.666194045905068
5191,2024-10-03,2024,0,2,Atlanta Utd,CF Montreal,1487.934042914872,1465.0173700590724,142.91667285579956,142.91667285579956,0.6948080083731482
5192,2024-10-03,2024,3,4,Charlotte,Chicago Fire,1507.7008718118423,1413.5247116921066,214.17616011973564,214.17616011973564,0.7743252294414271
5193,2024-10-03,2024,6,14,Colorado Rapids,Los Angeles Galaxy,1507.348691296871,1562.5686725931673,64.78001870370372,64.78001870370372,0.5921604432773244
5194,2024-10-03,2024,7,12,Columbus Crew,Inter Miami,1642.1087696017062,1605.7099347200615,156.3988348816447,156.3988348816447,0.7110119839445407
5195,2024-10-03,2024,11,17,Houston Dynamo,New England Revolution,1550.250957791295,1448.7959107638235,221.45504702747144,221.45504702747144,0.7815629330358506
5196,2024-10-03,2024,13,28,Los Angeles FC,St. Louis City,1601.0540048322343,1459.979317199364,261.07468763287034,261.07468763287034,0.8180016465966913
5197,2024-10-03,2024,16,8,Nashville SC,DC United,1443.7386861224543,1437.2894452755338,126.44924084692047,126.44924084692047,0.6743443481892587
5198,2024-10-03,2024,18,9,New York City,FC Cincinnati,1520.8630534602582,1587.1863360229531,53.676717437305115,53.676717437305115,0.5766382299555034
5199,2024-10-03,2024,20,21,Orlando City,Philadelphia Union,1581.021107584113,1511.9729345333933,189.0481730507197,189.0481730507197,0.7480518088060263
5200,2024-10-03,2024,22,1,Portland Timbers,Austin FC,1538.2329083280808,1453.1860030368157,205.04690529126515,205.04690529126515,0.7650098064115827
5201,2024-10-03,2024,23,15,Real Salt Lake,Minnesota United,1554.474221998987,1498.4276453454856,176.04657665350146,176.04657665350146,0.7336860932488835
5202,2024-10-03,2024,25,10,San Jose Earthquakes,FC Dallas,1350.077992601112,1489.2611494602588,-19.18315685914672,19.18315685914672,0.47242123738336295
5203,2024-10-03,2024,29,19,Toronto FC,New York Red Bulls,1390.449248089433,1496.8936400866667,13.555608002766348,-13.555608002766348,0.5194981952876857
5204,2024-10-03,2024,30,26,Vancouver Whitecaps,Seattle Sounders,1529.9658732145767,1546.14141513212,103.82445808245666,103.82445808245666,0.6451211405405425
5205,2024-10-05,2024,29,12,Toronto FC,Inter Miami,1377.4617932072408,1623.485234318675,-126.0234411114343,-126.0234411114343,0.326194153212391
5206,2024-10-06,2024,0,19,Atlanta Utd,New York Red Bulls,1470.5638427055433,1509.8810949688589,80.6827477366844,80.6827477366844,0.614068651112133
5207,2024-10-06,2024,3,2,Charlotte,CF Montreal,1513.3427410758065,1482.387570268401,150.95517080740547,150.95517080740547,0.7045308763955547
5208,2024-10-06,2024,6,26,Colorado Rapids,Seattle Sounders,1492.544680214938,1562.2694436456336,50.2752365693043,-50.2752365693043,0.5718510792248592
5209,2024-10-06,2024,7,21,Columbus Crew,Philadelphia Union,1624.3334700030925,1505.674229753544,238.65924024954847,238.65924024954847,0.7979987301289648
5210,2024-10-06,2024,9,20,FC Cincinnati,Orlando City,1576.6022917718408,1587.3198123639622,109.28247940787855,109.28247940787855,0.6522809436781335
5211,2024-10-06,2024,14,1,Los Angeles Galaxy,Austin FC,1577.3726836751005,1472.3112481971052,225.06143547799525,225.06143547799525,0.7850864130464753
5212,2024-10-06,2024,17,8,New England Revolution,DC United,1443.3349840897197,1454.1480539802653,109.18693010945435,109.18693010945435,0.6521561815570728
5213,2024-10-06,2024,18,16,New York City,Nashville SC,1531.4470977113706,1426.8800774177228,224.56702029364783,224.56702029364783,0.7846058160426755
5214,2024-10-06,2024,25,23,San Jose Earthquakes,Real Salt Lake,1363.267461666528,1548.632069667765,-65.364608001237,65.364608001237,0.4070271000354694
5215,2024-10-06,2024,27,13,Sporting Kansas City,Los Angeles FC,1441.2471283799969,1605.603963667317,-44.35683528732011,44.35683528732011,0.43650995899851835
5216,2024-10-06,2024,28,11,St. Louis City,Houston Dynamo,1455.4293583642814,1555.7118844653987,19.717473898882645,-19.717473898882645,0.5283453016225862
5217,2024-10-06,2024,30,15,Vancouver Whitecaps,Minnesota United,1513.8378447010632,1504.2697976767076,129.56804702435556,129.56804702435556,0.6782745563563783
5218,2024-10-07,2024,22,10,Portland Timbers,FC Dallas,1519.1076631677913,1476.0716803948428,163.0359827729485,163.0359827729485,0.718798699094178
5219,2024-10-13,2024,7,17,Columbus Crew,New England Revolution,1629.3835017498684,1427.0310795507928,322.3524221990756,322.3524221990756,0.8647844022654306
5220,2024-10-14,2024,30,13,Vancouver Whitecaps,Los Angeles FC,1496.8809807921537,1616.51671264228,0.36426814987362377,-0.36426814987362377,0.5005242238152615
5221,2024-10-19,2024,2,18,CF Montreal,New York City,1475.00084217829,1536.8319523103037,58.16888986798631,-58.16888986798631,0.5829382684801558
5222,2024-10-19,2024,4,16,Chicago Fire,Nashville SC,1407.8828424281423,1421.4952228187897,106.38761960935267,106.38761960935267,0.6484918109272998
5223,2024-10-19,2024,8,3,DC United,Charlotte,1470.4519585191922,1520.7294691659176,69.72248935327457,69.72248935327457,0.5990131486067936
5224,2024-10-19,2024,12,17,Inter Miami,New England Revolution,1631.640088148985,1423.6506896074286,327.9893985415563,327.9893985415563,0.8685340319182984
5225,2024-10-19,2024,19,7,New York Red Bulls,Columbus Crew,1500.232811246662,1632.7638916932326,-12.531080446570513,-12.531080446570513,0.4819741412598159
5226,2024-10-19,2024,20,0,Orlando City,Atlanta Utd,1603.6268359559156,1480.21212642774,243.41470952817554,243.41470952817554,0.8023754629960084
5227,2024-10-19,2024,21,9,Philadelphia Union,FC Cincinnati,1500.6241980067682,1560.2952681798874,60.32892982688077,60.32892982688077,0.5859581308986269
5228,2024-10-20,2024,1,6,Austin FC,Colorado Rapids,1466.938408523267,1478.2484032343164,108.69000528895072,108.69000528895072,0.6515069926918543
5229,2024-10-20,2024,10,27,FC Dallas,Sporting Kansas City,1481.5416478721972,1430.3343794050338,171.20726846716343,171.20726846716343,0.7282077242294862
5230,2024-10-20,2024,11,14,Houston Dynamo,Los Angeles Galaxy,1543.9205170059633,1582.7455233489386,81.17499365702474,81.17499365702474,0.6147399627320425
5231,2024-10-20,2024,13,25,Los Angeles FC,San Jose Earthquakes,1629.0298182376616,1353.0917841656415,395.9380340720202,395.9380340720202,0.907139892756161
5232,2024-10-20,2024,15,28,Minnesota United,St. Louis City,1521.2266615856172,1467.2207258237167,174.00593576190045,174.00593576190045,0.7313845707729961
5233,2024-10-20,2024,23,30,Real Salt Lake,Vancouver Whitecaps,1558.8077471686518,1484.367875196772,194.4398719718797,194.4398719718797,0.7538562298876306
5234,2024-10-20,2024,26,22,Seattle Sounders,Portland Timbers,1576.5657206262551,1513.6376956904369,182.92802493581826,182.92802493581826,0.7413540854572912
5235,2024-10-23,2024,2,0,CF Montreal,Atlanta Utd,1485.427385466286,1500.2715130026402,105.15587246364589,105.15587246364589,0.6468738319078409
5236,2024-10-24,2024,30,22,Vancouver Whitecaps,Portland Timbers,1478.2142809439629,1519.671547826869,78.5427331170938,-78.5427331170938,0.6111451408510579
5237,2024-10-26,2024,12,0,Inter Miami,Atlanta Utd,1634.9267373510274,1503.9433588003362,250.9833785506912,250.9833785506912,0.809193224857624
5238,2024-10-27,2024,14,6,Los Angeles Galaxy,Colorado Rapids,1573.1140224172398,1469.5360780516128,223.577944365627,223.577944365627,0.7836420448020207
5239,2024-10-27,2024,20,3,Orlando City,Charlotte,1583.5674493810154,1535.7047978810874,167.862651499928,167.862651499928,0.724380416559129
5240,2024-10-28,2024,9,18,FC Cincinnati,New York City,1574.944221452353,1526.4054090223076,168.53881243004548,168.53881243004548,0.7251568475602662
5241,2024-10-28,2024,13,30,Los Angeles FC,Vancouver Whitecaps,1631.3513209187577,1487.9356524226864,263.41566849607125,263.41566849607125,0.8199992604463868
5242,2024-10-29,2024,7,19,Columbus Crew,New York Red Bulls,1644.813245224728,1488.1834577151667,276.6297875095613,276.6297875095613,0.8309547713725535
5243,2024-10-29,2024,26,11,Seattle Sounders,Houston Dynamo,1570.531868489823,1553.5520179376622,136.97985055216077,136.97985055216077,0.6875133297052172
5244,2024-10-30,2024,23,15,Real Salt Lake,Minnesota United,1564.961341421461,1527.9420473162922,157.01929410516868,157.01929410516868,0.7117453115733348
5245,2024-11-01,2024,3,20,Charlotte,Orlando City,1528.8143082950655,1590.4579389670373,58.35636932802822,58.35636932802822,0.5832006259213643
5246,2024-11-02,2024,0,12,Atlanta Utd,Inter Miami,1499.173189421777,1639.6969067295868,-20.523717307809875,20.523717307809875,0.4704983039752172
5247,2024-11-02,2024,6,14,Colorado Rapids,Los Angeles Galaxy,1464.1271291716632,1578.5229712971893,5.604157874473913,-5.604157874473913,0.508064332110203
5248,2024-11-02,2024,18,9,New York City,FC Cincinnati,1519.5343302113142,1581.8153002633464,57.71902994796778,57.71902994796778,0.5823085463564156
5249,2024-11-03,2024,11,26,Houston Dynamo,Seattle Sounders,1558.2398511802926,1565.8440352471926,112.39581593310004,112.39581593310004,0.6563346260348412
5250,2024-11-03,2024,15,23,Minnesota United,Real Salt Lake,1533.2356801056255,1559.6677086321276,93.56797147349789,93.56797147349789,0.6314914620464932
5251,2024-11-03,2024,19,7,New York Red Bulls,Columbus Crew,1508.9573269994805,1624.0393759404142,4.917951059066354,4.917951059066354,0.5070770278435777
5252,2024-11-04,2024,30,13,Vancouver Whitecaps,Los Angeles FC,1483.435633933846,1635.851339407598,-32.41570547375204,-32.41570547375204,0.45348494081478496
5253,2024-11-09,2024,9,18,FC Cincinnati,New York City,1571.3730139222569,1529.9766165524038,161.39639736985305,161.39639736985305,0.7168870468404374
5254,2024-11-09,2024,13,30,Los Angeles FC,Vancouver Whitecaps,1622.1884629279677,1497.0985104134763,245.08995251449142,245.08995251449142,0.803900161999614
5255,2024-11-09,2024,20,3,Orlando City,Charlotte,1592.5379546150714,1526.7342926470315,185.80366196803993,185.80366196803993,0.7445154860898989
5256,2024-11-10,2024,12,0,Inter Miami,Atlanta Utd,1626.4593643289672,1512.4107318223964,234.0486325065708,234.0486325065708,0.7936865884607427
5257,2024-11-23,2024,18,19,New York City,New York Red Bulls,1535.3987927234148,1508.780401303391,146.61839142002373,146.61839142002373,0.6993076880553514
5258,2024-11-24,2024,13,26,Los Angeles FC,Seattle Sounders,1627.0909588779773,1569.7524008980636,177.33855797991373,177.33855797991373,0.7351367341841304
5259,2024-11-24,2024,14,15,Los Angeles Galaxy,Minnesota United,1591.2245795999445,1529.948393554463,181.27618604548138,181.27618604548138,0.7395266196785958
5260,2024-11-24,2024,20,0,Orlando City,Atlanta Utd,1586.425067462824,1532.252896533915,174.17217092890905,174.17217092890905,0.7315725280598616
5261,2024-12-01,2024,14,26,Los Angeles Galaxy,Seattle Sounders,1597.7364141079795,1575.630819252667,142.10559485531257,142.10559485531257,0.6938170608205771
5262,2024-12-01,2024,20,19,Orlando City,New York Red Bulls,1593.1357542613275,1526.2630935047748,186.8726607565527,186.8726607565527,0.745684223330268
5263,2024-12-07,2024,14,19,Los Angeles Galaxy,New York Red Bulls,1605.3909875874651,1544.9051990880316,180.4857884994335,180.4857884994335,0.7386492325695775
5264,2025-02-22,2025,13,15,Los Angeles FC,Minnesota United,1621.212540523374,1523.436559046428,217.77598147694584,217.77598147694584,0.7779257541822903
5265,2025-02-23,2025,0,2,Atlanta Utd,CF Montreal,1525.5422097354115,1481.75553966859,163.78667006682144,163.78667006682144,0.7196713253292312
5266,2025-02-23,2025,1,27,Austin FC,Sporting Kansas City,1475.6507337059707,1423.539572510771,172.11116119519966,172.11116119519966,0.7292363292036663
5267,2025-02-23,2025,7,4,Columbus Crew,Chicago Fire,1624.2163016365037,1391.6705471549599,352.5457544815438,352.5457544815438,0.8838511899586424
5268,2025-02-23,2025,8,29,DC United,Toronto FC,1455.4766298040224,1369.306939376931,206.16969042709138,206.16969042709138,0.7661697165583311
5269,2025-02-23,2025,9,19,FC Cincinnati,New York Red Bulls,1565.950837751246,1538.371429902271,147.57940784897482,147.57940784897482,0.7004696648342549
5270,2025-02-23,2025,11,10,Houston Dynamo,FC Dallas,1554.3314855294216,1488.33645476646,185.9950307629615,185.9950307629615,0.7447249687721202
5271,2025-02-23,2025,12,18,Inter Miami,New York City,1606.6171996174487,1517.916100522031,208.7010990954177,208.7010990954177,0.7687702044794417
5272,2025-02-23,2025,16,17,Nashville SC,New England Revolution,1437.7075180919721,1420.364040405386,137.34347768658608,137.34347768658608,0.6879628548739273
5273,2025-02-23,2025,20,21,Orlando City,Philadelphia Union,1574.4936486780707,1485.9752447343026,208.51840394376813,208.51840394376813,0.7685832026770487
5274,2025-02-23,2025,25,23,San Jose Earthquakes,Real Salt Lake,1350.7702814845454,1562.95499518329,-92.18471369874464,-92.18471369874464,0.37036346362815203
5275,2025-02-23,2025,26,3,Seattle Sounders,Charlotte,1567.9762457731813,1532.8471797992788,155.12906597390247,155.12906597390247,0.7095077840226536
5276,2025-02-23,2025,28,6,St. Louis City,Colorado Rapids,1460.5053400930417,1451.425520868908,129.07981922413364,129.07981922413364,0.6776609547304089
5277,2025-02-24,2025,14,24,Los Angeles Galaxy,San Diego FC,1611.9247567732257,1500.0,231.92475677322568,231.92475677322568,0.7916774120796122
5278,2025-03-01,2025,3,0,Charlotte,Atlanta Utd,1538.0848743998451,1532.5504266021808,125.53444779766437,125.53444779766437,0.6731868593920416
5279,2025-03-01,2025,23,26,Real Salt Lake,Seattle Sounders,1547.214081773994,1562.738551172615,104.47553060137898,104.47553060137898,0.6459787109944763
5280,2025-03-02,2025,4,8,Chicago Fire,DC United,1388.766826903926,1448.822386890064,59.94444001386182,59.94444001386182,0.5854210572601191
5281,2025-03-02,2025,6,10,Colorado Rapids,FC Dallas,1455.8670447371683,1506.954578985763,68.9124657514053,68.9124657514053,0.5978926285757524
5282,2025-03-02,2025,13,18,Los Angeles FC,New York City,1626.7643966688167,1524.635355634017,222.12904103479968,222.12904103479968,0.7822245814995394
5283,2025-03-02,2025,15,2,Minnesota United,CF Montreal,1517.8847029009853,1474.7473228018207,163.1373800991646,163.1373800991646,0.7189166635953559
5284,2025-03-02,2025,17,7,New England Revolution,Columbus Crew,1425.0631117772343,1627.1200218875376,-82.0569101103033,82.0569101103033,0.38405839633194194
5285,2025-03-02,2025,19,16,New York Red Bulls,Nashville SC,1530.8831715231274,1433.0084467201239,217.87472480300357,217.87472480300357,0.7780239360252943
5286,2025-03-02,2025,20,29,Orlando City,Toronto FC,1555.2790686111446,1375.9611822908894,299.3178863202552,299.3178863202552,0.8485164274193383
5287,2025-03-02,2025,21,9,Philadelphia Union,FC Cincinnati,1505.1898248012287,1573.4390961303895,51.75072867083918,-51.75072867083918,0.5739293532868345
5288,2025-03-02,2025,22,1,Portland Timbers,Austin FC,1509.9501763481455,1482.419825475879,147.53035087226658,-147.53035087226658,0.7004104117166455
5289,2025-03-02,2025,24,28,San Diego FC,St. Louis City,1519.7919353019904,1456.0638162247815,183.72811907720893,183.72811907720893,0.7422362403193252
5290,2025-03-02,2025,27,25,Sporting Kansas City,San Jose Earthquakes,1416.7704807408627,1366.5111948938415,170.25928584702115,170.25928584702115,0.7271263187536724
5291,2025-03-02,2025,30,14,Vancouver Whitecaps,Los Angeles Galaxy,1492.1960144634668,1592.1328214712353,20.063192992231507,20.063192992231507,0.528841204280618
5292,2025-03-03,2025,11,12,Houston Dynamo,Inter Miami,1535.7133613101187,1599.8979445054626,55.815416804656024,55.815416804656024,0.5796408850986136
5293,2025-03-08,2025,7,11,Columbus Crew,Houston Dynamo,1636.721481795836,1521.2223391826533,235.4991426131828,235.4991426131828,0.7950505017375601
5294,2025-03-08,2025,26,13,Seattle Sounders,Los Angeles FC,1553.888018947477,1632.2087821313282,41.67923681614866,41.67923681614866,0.5596951600706743
5295,2025-03-09,2025,0,19,Atlanta Utd,New York Red Bulls,1524.380098086982,1536.4325731224951,107.94752496448677,107.94752496448677,0.6505359586545439
5296,2025-03-09,2025,1,6,Austin FC,Colorado Rapids,1474.9300857687952,1453.4197290227744,141.51035674602076,141.51035674602076,0.6930886766863875
5297,2025-03-09,2025,8,27,DC United,Sporting Kansas City,1450.957913321567,1398.592322772021,172.36559054954614,172.36559054954614,0.7295254209805567
5298,2025-03-09,2025,9,29,FC Cincinnati,Toronto FC,1562.7873299625603,1372.1740929763728,310.61323698618753,310.61323698618753,0.8566860114265074
5299,2025-03-09,2025,10,4,FC Dallas,Chicago Fire,1509.4018947001568,1386.631300472423,242.7705942277339,242.7705942277339,0.8017868572404637
5300,2025-03-09,2025,12,3,Inter Miami,Charlotte,1614.388966632928,1546.255202915044,188.133763717884,188.133763717884,0.7470584510472944
5301,2025-03-09,2025,14,28,Los Angeles Galaxy,St. Louis City,1580.3538515782507,1462.1197222327646,238.23412934548605,238.23412934548605,0.7976039722135905
5302,2025-03-09,2025,16,22,Nashville SC,Portland Timbers,1427.4590451207562,1517.4399160552293,30.01912906552684,30.01912906552684,0.5430938165966158
5303,2025-03-09,2025,17,21,New England Revolution,Philadelphia Union,1415.4616518689359,1515.841590969058,19.6200608998779,19.6200608998779,0.5282055613719792
5304,2025-03-09,2025,18,20,New York City,Orlando City,1519.1909701715056,1559.0661579256612,80.1248122458444,80.1248122458444,0.613307229091277
5305,2025-03-09,2025,23,24,Real Salt Lake,San Diego FC,1556.064613999132,1513.7360292940073,162.32858470512474,162.32858470512474,0.7179748822057749
5306,2025-03-09,2025,25,15,San Jose Earthquakes,Minnesota United,1384.6893528626833,1524.9117863111014,-20.222433448418087,-20.222433448418087,0.47093039882881554
5307,2025-03-09,2025,30,2,Vancouver Whitecaps,CF Montreal,1503.9749843564514,1467.7202393917046,156.2547449647468,156.2547449647468,0.7108415241204215
5308,2025-03-15,2025,3,9,Charlotte,FC Cincinnati,1539.9316641912264,1566.3701796768976,93.56148451432887,93.56148451432887,0.6314827721614414
5309,2025-03-15,2025,8,2,DC United,CF Montreal,1457.7197777970532,1460.4912774947152,117.22850030233803,117.22850030233803,0.6625819300724358
5310,2025-03-15,2025,13,1,Los Angeles FC,Austin FC,1621.2011611330952,1457.6028688516355,283.59829228145963,283.59829228145963,0.8365149714722127
5311,2025-03-15,2025,18,17,New York City,New England Revolution,1528.8582894442236,1402.2565128346364,246.6017766095872,246.6017766095872,0.8052684782496452
5312,2025-03-15,2025,19,20,New York Red Bulls,Orlando City,1540.1959720888588,1549.3988386529431,110.79713343591561,110.79713343591561,0.6542558810456742
5313,2025-03-15,2025,29,4,Toronto FC,Chicago Fire,1368.5912432620355,1406.6759719034346,81.91527135860088,81.91527135860088,0.6157487110427601
5314,2025-03-16,2025,0,12,Atlanta Utd,Inter Miami,1520.6166991206183,1620.7125053567456,19.904193763872627,-19.904193763872627,0.5286131413310735
5315,2025-03-16,2025,10,30,FC Dallas,Vancouver Whitecaps,1489.3572232691452,1511.2039462534408,98.15327701570436,98.15327701570436,0.6376122759755043
5316,2025-03-16,2025,11,23,Houston Dynamo,Real Salt Lake,1528.5986017260923,1538.1152419439877,110.48335978210457,110.48335978210457,0.6538471896340211
5317,2025-03-16,2025,21,16,Philadelphia Union,Nashville SC,1529.0467300033574,1438.8816997058407,210.16503029751675,210.16503029751675,0.7702648272622926
5318,2025-03-16,2025,22,14,Portland Timbers,Los Angeles Galaxy,1506.0172614701448,1560.4137522729109,65.60350919723396,65.60350919723396,0.5933047765395284
5319,2025-03-16,2025,24,7,San Diego FC,Columbus Crew,1531.6854013491516,1629.345219252397,22.34018209675446,22.34018209675446,0.5321058711831679
5320,2025-03-16,2025,25,6,San Jose Earthquakes,Colorado Rapids,1372.916092891963,1470.746945939934,22.169146952028996,22.169146952028996,0.5318607389641539
5321,2025-03-16,2025,27,15,Sporting Kansas City,Minnesota United,1391.8304582965347,1536.6850462818218,-24.854587985287026,-24.854587985287026,0.464292264245393
5322,2025-03-16,2025,28,26,St. Louis City,Seattle Sounders,1482.0598215381044,1564.89563994571,37.16418159239447,37.16418159239447,0.5532805002441544
5323,2025-03-22,2025,3,25,Charlotte,San Jose Earthquakes,1549.1445948871904,1359.6195744178592,309.52502046933114,309.52502046933114,0.8559151943797865
5324,2025-03-22,2025,7,18,Columbus Crew,New York City,1630.1478660319763,1533.7265774879825,216.4212885439938,216.4212885439938,0.7765756322757082
5325,2025-03-22,2025,9,0,FC Cincinnati,Atlanta Utd,1557.1572489809337,1507.4013705873415,169.75587839359218,169.75587839359218,0.7265509682656739
5326,2025-03-22,2025,15,14,Minnesota United,Los Angeles Galaxy,1535.7923528879567,1562.746371686399,93.04598120155765,93.04598120155765,0.6307919351066374
5327,2025-03-22,2025,19,29,New York Red Bulls,Toronto FC,1536.339575062717,1353.1975254859665,303.1420495767504,303.1420495767504,0.8513243250375677
5328,2025-03-22,2025,20,8,Orlando City,DC United,1553.255235679085,1453.6552295452423,219.60000613384273,219.60000613384273,0.779734398866359
5329,2025-03-22,2025,21,28,Philadelphia Union,St. Louis City,1509.7901093218002,1493.2278090320006,136.56230028979962,136.56230028979962,0.6869967079946565
5330,2025-03-23,2025,1,24,Austin FC,San Diego FC,1478.515743138441,1530.8827545695724,67.63298856886854,67.63298856886854,0.596120624350473
5331,2025-03-23,2025,6,22,Colorado Rapids,Portland Timbers,1484.0434644140378,1503.6846420566567,100.35882235738109,100.35882235738109,0.640540726549643
5332,2025-03-23,2025,16,2,Nashville SC,CF Montreal,1458.138320387398,1464.5558257465261,113.5824946408718,113.5824946408718,0.6578737893516508
5333,2025-03-23,2025,23,10,Real Salt Lake,FC Dallas,1554.4614216848383,1473.4169163697575,201.04450531508087,201.04450531508087,0.760842711293448
5334,2025-03-23,2025,26,11,Seattle Sounders,Houston Dynamo,1553.7276524518138,1512.2524219852417,161.47523046657216,161.47523046657216,0.7169791409827214
5335,2025-03-23,2025,27,13,Sporting Kansas City,Los Angeles FC,1392.7231516903998,1600.2882868462898,-87.56513515588995,87.56513515588995,0.3765857526876883
5336,2025-03-23,2025,30,4,Vancouver Whitecaps,Chicago Fire,1527.1442531528285,1422.0696896795037,225.07456347332482,225.07456347332482,0.7850991635133804
5337,2025-03-29,2025,0,18,Atlanta Utd,New York City,1513.0651447939833,1540.6409682948752,92.42417649910817,92.42417649910817,0.6299579276914995
5338,2025-03-29,2025,6,3,Colorado Rapids,Charlotte,1468.0299462502967,1552.7467150276957,35.28323122260099,35.28323122260099,0.5506028140446038
5339,2025-03-29,2025,8,7,DC United,Columbus Crew,1448.1485895169012,1623.2334752250836,-55.084885708182355,-55.084885708182355,0.42138410275514215
5340,2025-03-29,2025,12,21,Inter Miami,Philadelphia Union,1633.9278338900224,1517.6151916219337,236.31264226808867,236.31264226808867,0.7958125003995707
5341,2025-03-29,2025,17,19,New England Revolution,New York Red Bulls,1397.3882247908775,1540.0564669367777,-22.668242145900194,22.668242145900194,0.46742398770543353
5342,2025-03-29,2025,29,30,Toronto FC,Vancouver Whitecaps,1349.4806336119057,1507.516774064994,-38.036140453088365,38.036140453088365,0.44547923350804236
5343,2025-03-30,2025,4,2,Chicago Fire,CF Montreal,1441.697168767338,1456.0026704803174,105.69449828702068,105.69449828702068,0.6475817683602134
5344,2025-03-30,2025,10,27,FC Dallas,Sporting Kansas City,1492.4379841520936,1383.3085078732076,229.12947627888593,229.12947627888593,0.7890111711474567
5345,2025-03-30,2025,14,20,Los Angeles Galaxy,Orlando City,1566.016170064065,1558.761875707426,127.25429435663887,-127.25429435663887,0.6753612271470008
5346,2025-03-30,2025,15,23,Minnesota United,Real Salt Lake,1532.5225545102908,1535.4403539025022,117.08220060778854,117.08220060778854,0.6623936230640272
5347,2025-03-30,2025,16,9,Nashville SC,FC Cincinnati,1466.6914756536066,1551.4934747742918,35.198000879314804,35.198000879314804,0.5504814110263674
5348,2025-03-30,2025,24,13,San Diego FC,Los Angeles FC,1520.7857701783341,1609.702930663482,31.08283951485214,31.08283951485214,0.5446128421395482
5349,2025-03-30,2025,25,26,San Jose Earthquakes,Seattle Sounders,1356.0174542773539,1548.3031739272458,-72.28571964989192,72.28571964989192,0.3974479543813679
5350,2025-03-30,2025,28,1,St. Louis City,Austin FC,1485.402726731867,1488.6127275296792,116.7899992021878,116.7899992021878,0.662017367158554
5351,2025-03-31,2025,22,11,Portland Timbers,Houston Dynamo,1519.6981602203978,1517.6769005098097,122.02125971058808,122.02125971058808,0.6687220682210689
5352,2025-04-05,2025,3,16,Charlotte,Nashville SC,1541.5117853788108,1452.9294403779475,208.58234500086337,208.58234500086337,0.768648663029668
5353,2025-04-05,2025,23,14,Real Salt Lake,Los Angeles Galaxy,1527.000194479103,1549.1321393853898,97.86805509371311,97.86805509371311,0.6372328152913216
5354,2025-04-06,2025,0,10,Atlanta Utd,FC Dallas,1522.3161966016958,1497.7127048734071,144.60349172828865,144.60349172828865,0.696863132004609
5355,2025-04-06,2025,1,22,Austin FC,Portland Timbers,1505.163161708643,1527.980108514871,97.18305319377191,97.18305319377191,0.636320787414913
5356,2025-04-06,2025,7,2,Columbus Crew,CF Montreal,1633.7680777939622,1459.6922146893228,294.07586310463944,294.07586310463944,0.8445968554557769
5357,2025-04-06,2025,9,17,FC Cincinnati,New England Revolution,1565.255510049951,1410.7026250982417,274.5528849517093,274.5528849517093,0.8292687280143514
5358,2025-04-06,2025,11,13,Houston Dynamo,Los Angeles FC,1509.3949522153364,1598.3182517169707,31.076700498365653,31.076700498365653,0.5446040777062784
5359,2025-04-06,2025,18,15,New York City,Minnesota United,1531.3899164871627,1540.96271393369,110.42720255347263,110.42720255347263,0.6537740206400676
5360,2025-04-06,2025,19,4,New York Red Bulls,Chicago Fire,1526.7420666294136,1438.0076245583327,208.73444207108082,208.73444207108082,0.7688043220411753
5361,2025-04-06,2025,21,20,Philadelphia Union,Orlando City,1512.510504131923,1575.6459063861012,56.86459774582181,56.86459774582181,0.5811117588796979
5362,2025-04-06,2025,24,26,San Diego FC,Seattle Sounders,1532.1704491248454,1545.73937278678,106.4310763380654,106.4310763380654,0.6485488321515378
5363,2025-04-06,2025,25,8,San Jose Earthquakes,DC United,1358.5812554178196,1437.6139869480226,40.96726846979709,40.96726846979709,0.5586849142759062
5364,2025-04-06,2025,27,28,Sporting Kansas City,St. Louis City,1378.033787151894,1468.8522925529032,29.181494598990867,29.181494598990867,0.541897071821408
5365,2025-04-06,2025,30,6,Vancouver Whitecaps,Colorado Rapids,1506.153754902695,1479.2648758991816,146.88887900351347,146.88887900351347,0.6996349977100791
5366,2025-04-07,2025,12,29,Inter Miami,Toronto FC,1639.0325213800331,1350.8436527742047,408.1888686058285,408.1888686058285,0.9129122879006135
5367,2025-04-12,2025,20,19,Orlando City,New York Red Bulls,1577.6737003580936,1532.521958578384,165.15174177970948,165.15174177970948,0.7212538906147867
5368,2025-04-12,2025,29,15,Toronto FC,Minnesota United,1361.16645997172,1557.3070644496918,-76.14060447797169,76.14060447797169,0.39214598808556506
5369,2025-04-13,2025,2,3,CF Montreal,Charlotte,1455.8071360757172,1547.295568803069,28.511567272648108,28.511567272648108,0.5409395847913825
5370,2025-04-13,2025,4,12,Chicago Fire,Inter Miami,1432.2277326093622,1628.7097141825177,-76.48198157315551,76.48198157315551,0.391677665651314
5371,2025-04-13,2025,6,24,Colorado Rapids,San Diego FC,1471.7557508419336,1540.956728321057,50.79902252087663,-50.79902252087663,0.5725891413798252
5372,2025-04-13,2025,8,9,DC United,FC Cincinnati,1426.5811098049203,1569.5237918495923,-22.942682044671983,-22.942682044671983,0.46703073374471227
5373,2025-04-13,2025,10,26,FC Dallas,Seattle Sounders,1502.6342831735224,1536.9530935905684,85.68118958295395,-85.68118958295395,0.6208648234324314
5374,2025-04-13,2025,13,25,Los Angeles FC,San Jose Earthquakes,1586.9333536596278,1369.614132560922,337.31922109870584,337.31922109870584,0.8745459767580351
5375,2025-04-13,2025,14,11,Los Angeles Galaxy,Houston Dynamo,1540.0629597676727,1520.7798502726794,139.28310949499337,139.28310949499337,0.6903546902596672
5376,2025-04-13,2025,16,23,Nashville SC,Real Salt Lake,1447.1456569536892,1536.06937409682,31.076282856869284,31.076282856869284,0.5446034814548761
5377,2025-04-13,2025,18,21,New York City,Philadelphia Union,1515.045565971161,1510.4827101599305,124.56285581123052,124.56285581123052,0.6719551890044776
5378,2025-04-13,2025,27,22,Sporting Kansas City,Portland Timbers,1389.486360356359,1531.388128200244,-21.901767843884954,-21.901767843884954,0.46852250681248503
5379,2025-04-13,2025,30,1,Vancouver Whitecaps,Austin FC,1513.662879959943,1501.75514202327,131.9077379366729,131.9077379366729,0.6812065096813401
5380,2025-04-14,2025,28,7,St. Louis City,Columbus Crew,1457.3997193484383,1637.6531564075678,-60.25343705912951,60.25343705912951,0.4141473049037263
5381,2025-04-19,2025,1,14,Austin FC,Los Angeles Galaxy,1493.7853047653036,1535.3040925111811,78.48121225412251,78.48121225412251,0.6110609767091953
5382,2025-04-19,2025,7,12,Columbus Crew,Inter Miami,1648.006839030161,1626.0016558238005,142.00518320636047,142.00518320636047,0.6936942562860329
5383,2025-04-20,2025,2,20,CF Montreal,Orlando City,1442.2836464559325,1572.1423530927239,-9.85870663679134,9.85870663679134,0.48581598733900977
5384,2025-04-20,2025,3,24,Charlotte,San Diego FC,1560.8190584228537,1530.2714568555525,150.54760156730117,150.54760156730117,0.7040422493697179
5385,2025-04-20,2025,4,9,Chicago Fire,FC Cincinnati,1434.9357909680793,1581.1995601932101,-26.263769225130773,-26.263769225130773,0.4622752277486775
5386,2025-04-20,2025,11,6,Houston Dynamo,Colorado Rapids,1525.538717529171,1482.441022307438,163.09769522173292,163.09769522173292,0.7188704982478996
5387,2025-04-20,2025,15,10,Minnesota United,FC Dallas,1554.610714151831,1487.1126625877116,187.49805156411935,187.49805156411935,0.7463663280078441
5388,2025-04-20,2025,17,18,New England Revolution,New York City,1406.4343432986004,1523.2466862460492,3.1876570525512307,3.1876570525512307,0.5045872785426738
5389,2025-04-20,2025,19,8,New York Red Bulls,DC United,1538.0533058437538,1414.9053414613024,243.1479643824514,243.1479643824514,0.8021318657739537
5390,2025-04-20,2025,21,0,Philadelphia Union,Atlanta Utd,1502.2815898850424,1517.3946183015805,104.8869715834619,104.8869715834619,0.6465201636634657
5391,2025-04-20,2025,22,13,Portland Timbers,Los Angeles FC,1543.1011908705561,1590.0697042406769,73.03148662987928,73.03148662987928,0.6035796876396052
5392,2025-04-20,2025,23,29,Real Salt Lake,Toronto FC,1524.684461133192,1363.862810269581,280.821650863611,280.821650863611,0.8343173131958493
5393,2025-04-20,2025,25,27,San Jose Earthquakes,Sporting Kansas City,1366.4777819798728,1377.7732976860468,108.704484293826,108.704484293826,0.6515259162185375
5394,2025-04-20,2025,26,16,Seattle Sounders,Nashville SC,1552.4747141763792,1458.5305699173173,213.9441442590619,213.9441442590619,0.7740917552525147
5395,2025-04-20,2025,28,30,St. Louis City,Vancouver Whitecaps,1447.0460367258452,1521.6327172179094,45.41331950793574,-45.41331950793574,0.5649853471444767
5396,2025-04-26,2025,9,27,FC Cincinnati,Sporting Kansas City,1592.756440886927,1394.0614455915102,318.6949952954169,318.6949952954169,0.8623035658299899
5397,2025-04-26,2025,19,2,New York Red Bulls,CF Montreal,1518.000009199405,1442.6382467724573,195.36176242694773,195.36176242694773,0.7548396219514232
5398,2025-04-26,2025,21,8,Philadelphia Union,DC United,1511.1185857934558,1434.9586381056513,196.15994768780456,196.15994768780456,0.755688910725058
5399,2025-04-26,2025,29,18,Toronto FC,New York City,1384.7207430994772,1510.861368209616,-6.140625110138899,6.140625110138899,0.49116385014541586
5400,2025-04-27,2025,3,17,Charlotte,New England Revolution,1568.2180021886106,1418.8196613350335,269.3983408535771,269.3983408535771,0.8250265774005302
5401,2025-04-27,2025,6,26,Colorado Rapids,Seattle Sounders,1487.9127847636355,1558.1224202950664,49.79036446856912,-49.79036446856912,0.5711675650664285
5402,2025-04-27,2025,7,25,Columbus Crew,San Jose Earthquakes,1630.6644826230101,1350.1896340744095,400.4748485486007,400.4748485486007,0.9093165614107102
5403,2025-04-27,2025,11,1,Houston Dynamo,Austin FC,1520.0669550729735,1503.5087803475737,136.5581747253998,136.5581747253998,0.686991601245121
5404,2025-04-27,2025,12,10,Inter Miami,FC Dallas,1643.3440122309514,1493.2718207879077,270.0721914430437,270.0721914430437,0.8255858346066415
5405,2025-04-27,2025,15,30,Minnesota United,Vancouver Whitecaps,1548.4515559516349,1523.2573508965213,145.19420505511357,145.19420505511357,0.6975809720278812
5406,2025-04-27,2025,16,4,Nashville SC,Chicago Fire,1452.88286379863,1423.3789102743624,149.50395352426767,149.50395352426767,0.7027889073803184
5407,2025-04-27,2025,20,0,Orlando City,Atlanta Utd,1571.787752776199,1508.557622393167,183.23013038303202,183.23013038303202,0.7416874068627507
5408,2025-04-27,2025,24,23,San Diego FC,Real Salt Lake,1522.8725130897956,1503.8265283032956,139.04598478649996,139.04598478649996,0.6900628252148165
5409,2025-04-28,2025,13,28,Los Angeles FC,St. Louis City,1592.659196431667,1445.4214030472333,267.23779338443364,267.23779338443364,0.8232239205569243
5410,2025-04-28,2025,14,22,Los Angeles Galaxy,Portland Timbers,1525.580616928911,1540.511698679566,105.06891824934496,105.06891824934496,0.6467594841277863
5411,2025-05-03,2025,0,16,Atlanta Utd,Nashville SC,1502.0998075647358,1460.3131411141221,161.78666645061367,161.78666645061367,0.7173427883372012
5412,2025-05-03,2025,29,17,Toronto FC,New England Revolution,1372.441646845842,1439.4453257700468,52.996321075795095,52.996321075795095,0.575681779286755
5413,2025-05-04,2025,1,15,Austin FC,Minnesota United,1495.6835703787017,1531.0120316509378,84.67153872776385,84.67153872776385,0.6194957649134174
5414,2025-05-04,2025,2,21,CF Montreal,Philadelphia Union,1436.5092373212428,1517.2263630253294,39.282874295913416,-39.282874295913416,0.5562929266249547
5415,2025-05-04,2025,4,20,Chicago Fire,Orlando City,1415.9486329588703,1578.2455676046304,-42.296934645760075,42.296934645760075,0.43942875915087254
5416,2025-05-04,2025,7,3,Columbus Crew,Charlotte,1632.9315685877423,1547.5923377535973,205.33923083414493,205.33923083414493,0.7653121811261872
5417,2025-05-04,2025,8,6,DC United,Colorado Rapids,1428.8508608737777,1486.1335956369749,62.71726523680286,62.71726523680286,0.5892896483206991
5418,2025-05-04,2025,12,19,Inter Miami,New York Red Bulls,1622.7043663657853,1524.1290186506194,218.5753477151659,218.5753477151659,0.7787196838348823
5419,2025-05-04,2025,13,11,Los Angeles FC,Houston Dynamo,1584.578598417744,1527.8921650418456,176.68643337589833,176.68643337589833,0.7344051587012119
5420,2025-05-04,2025,18,9,New York City,FC Cincinnati,1523.1404644632514,1596.1988517411774,46.94161272207407,46.94161272207407,0.567146335528001
5421,2025-05-04,2025,24,10,San Diego FC,FC Dallas,1505.6209424594251,1513.9114666530738,111.70947580635129,111.70947580635129,0.6554429154001796
5422,2025-05-04,2025,25,22,San Jose Earthquakes,Portland Timbers,1347.9225481096773,1556.6806857827607,-88.75813767308341,-88.75813767308341,0.3749748547230527
5423,2025-05-04,2025,26,28,Seattle Sounders,St. Louis City,1559.901609421727,1453.5020010611563,226.3996083605707,226.3996083605707,0.7863832770082915
5424,2025-05-04,2025,30,23,Vancouver Whitecaps,Real Salt Lake,1540.6968751972183,1521.078098933666,139.61877626355226,139.61877626355226,0.6907675865545987
5425,2025-05-05,2025,27,14,Sporting Kansas City,Los Angeles Galaxy,1390.6190347372599,1509.4116298257163,1.2074049115435628,1.2074049115435628,0.5017375883491629
5426,2025-05-10,2025,4,0,Chicago Fire,Atlanta Utd,1417.4629139800986,1496.6662378563058,40.79667612379285,40.79667612379285,0.5584427801786738
5427,2025-05-10,2025,15,12,Minnesota United,Inter Miami,1546.4994257737733,1628.2363742699133,38.26305150385997,38.26305150385997,0.5548434120079823
5428,2025-05-10,2025,29,8,Toronto FC,DC United,1358.049602363673,1439.1186196657602,38.930982697912896,38.930982697912896,0.5557928761298869
5429,2025-05-11,2025,6,25,Colorado Rapids,San Jose Earthquakes,1475.8658368449924,1363.548176741601,232.3176601033913,232.3176601033913,0.7920501807718084
5430,2025-05-11,2025,9,1,FC Cincinnati,Austin FC,1585.3775101293775,1480.1961762558662,225.18133387351122,225.18133387351122,0.7852028430580158
5431,2025-05-11,2025,10,23,FC Dallas,Real Salt Lake,1505.2975395380784,1513.3472885975311,111.95025094054722,111.95025094054722,0.6557558616576751
5432,2025-05-11,2025,11,26,Houston Dynamo,Seattle Sounders,1521.2522940093759,1565.2420274965198,76.0102665128561,-76.0102665128561,0.6076751537282861
5433,2025-05-11,2025,16,3,Nashville SC,Charlotte,1465.7467108225521,1541.7251422817521,44.02156854079999,44.02156854079999,0.5630152749437973
5434,2025-05-11,2025,18,2,New York City,CF Montreal,1533.9618060750513,1422.601914155619,231.35989191943236,231.35989191943236,0.7911406317717247
5435,2025-05-11,2025,19,14,New York Red Bulls,Los Angeles Galaxy,1518.5970107464914,1496.9550695344453,141.64194121204605,141.64194121204605,0.6932497777843878
5436,2025-05-11,2025,20,17,Orlando City,New England Revolution,1576.7312865834022,1453.8373702522156,242.89391633118657,242.89391633118657,0.8018996535656541
5437,2025-05-11,2025,21,7,Philadelphia Union,Columbus Crew,1531.1336861909533,1638.7987640595875,12.334922131365829,-12.334922131365829,0.517743925429376
5438,2025-05-11,2025,22,27,Portland Timbers,Sporting Kansas City,1541.055057150837,1403.0755950285309,257.97946212230613,257.97946212230613,0.8153340153843461
5439,2025-05-11,2025,28,24,St. Louis City,San Diego FC,1448.1615829863636,1514.2348695744206,53.926713411942956,-53.926713411942956,0.5769895118877094
5440,2025-05-12,2025,30,13,Vancouver Whitecaps,Los Angeles FC,1548.4276855333533,1591.2184694502137,77.20921608313961,77.20921608313961,0.6093193344852893
5441,2025-05-15,2025,1,0,Austin FC,Atlanta Utd,1474.8262473323166,1485.6273073607726,109.19893997154395,109.19893997154395,0.6521718644094412
5442,2025-05-15,2025,2,7,CF Montreal,Columbus Crew,1442.380429949912,1639.242362195322,-76.86193224540989,76.86193224540989,0.3911566600044343
5443,2025-05-15,2025,8,18,DC United,New York City,1428.0134415690075,1514.1832902807582,33.830151288249226,33.830151288249226,0.5485322183397399
5444,2025-05-15,2025,11,15,Houston Dynamo,Minnesota United,1506.0604151661687,1557.6283404735736,68.43207469259505,68.43207469259505,0.5972276109553618
5445,2025-05-15,2025,13,26,Los Angeles FC,Seattle Sounders,1593.951452812346,1580.433906339727,133.51754647261896,133.51754647261896,0.6832155395654029
5446,2025-05-15,2025,16,19,Nashville SC,New York Red Bulls,1476.6713289489571,1526.2657663018817,70.40556264707539,70.40556264707539,0.5999572527017875
5447,2025-05-15,2025,20,3,Orlando City,Charlotte,1569.1837952442609,1530.8005241553471,158.38327108891372,158.38327108891372,0.7133535116070882
5448,2025-05-15,2025,21,14,Philadelphia Union,Los Angeles Galaxy,1530.690088055219,1489.286313979055,161.40377407616393,161.40377407616393,0.7168956652010899
5449,2025-05-15,2025,23,22,Real Salt Lake,Portland Timbers,1517.241185138973,1545.6717067662285,91.56947837274447,91.56947837274447,0.6288102815561258
5450,2025-05-15,2025,24,6,San Diego FC,Colorado Rapids,1528.6596073716134,1456.064582325697,192.59502504591637,192.59502504591637,0.7518803446620473
5451,2025-05-15,2025,25,12,San Jose Earthquakes,Inter Miami,1383.3494312608964,1617.107459570113,-113.75802830921657,-113.75802830921657,0.34189881835303715
5452,2025-05-15,2025,28,27,St. Louis City,Sporting Kansas City,1433.7368451891707,1398.4589454131394,155.2778997760313,155.2778997760313,0.7096843353405036
5453,2025-05-15,2025,29,9,Toronto FC,FC Cincinnati,1369.1547804604259,1590.7474390529271,-101.59265859250127,101.59265859250127,0.3578255650590925
5454,2025-05-17,2025,2,29,CF Montreal,Toronto FC,1445.1015134498011,1360.2091413339485,204.8923721158526,204.8923721158526,0.7648498518856977
5455,2025-05-17,2025,18,19,New York City,New York Red Bulls,1515.3965957392518,1516.2646976194264,119.13189811982534,119.13189811982534,0.6650271385612998
5456,2025-05-18,2025,0,21,Atlanta Utd,Philadelphia Union,1489.4316039710086,1537.7676964251916,71.66390754581698,71.66390754581698,0.6016945168753491
5457,2025-05-18,2025,1,30,Austin FC,Vancouver Whitecaps,1471.0219507220806,1545.694702171221,45.32724855085962,-45.32724855085962,0.5648635695545893
5458,2025-05-18,2025,3,4,Charlotte,Chicago Fire,1523.6343619455245,1428.5018444756317,215.13251746989272,215.13251746989272,0.7752857923972919
5459,2025-05-18,2025,6,23,Colorado Rapids,Real Salt Lake,1449.8615909422483,1514.0209281000698,55.84066284217852,55.84066284217852,0.5796762948904204
5460,2025-05-18,2025,7,9,Columbus Crew,FC Cincinnati,1636.5212786954328,1599.6930781794044,156.82820051602835,156.82820051602835,0.7115195739566199
5461,2025-05-18,2025,10,11,FC Dallas,Houston Dynamo,1501.4036429966366,1516.1297248922847,105.27391810435188,105.27391810435188,0.6470290390765739
5462,2025-05-18,2025,15,28,Minnesota United,St. Louis City,1547.5590307474577,1428.494736805658,239.06429394179963,239.06429394179963,0.798374327667109
5463,2025-05-18,2025,16,8,Nashville SC,DC United,1486.6723976314124,1426.800136110514,179.87226152089852,179.87226152089852,0.7379668669461901
5464,2025-05-18,2025,17,25,New England Revolution,San Jose Earthquakes,1461.3848615913569,1387.3019608020704,194.08290078928644,194.08290078928644,0.7534747315178592
5465,2025-05-18,2025,22,26,Portland Timbers,Seattle Sounders,1548.8919638051316,1572.514294828862,96.37766897626966,-96.37766897626966,0.6352472252776955
5466,2025-05-18,2025,24,27,San Diego FC,Sporting Kansas City,1534.8625987550622,1403.701053796652,251.1615449584101,251.1615449584101,0.809351528101589
5467,2025-05-19,2025,12,20,Inter Miami,Orlando City,1613.154930028939,1576.3499574540836,156.80497257485536,156.80497257485536,0.711492127777071
5468,2025-05-19,2025,14,13,Los Angeles Galaxy,Los Angeles FC,1482.2087056090822,1601.871064323211,0.3376412858713138,-0.3376412858713138,0.5004859047168015
5469,2025-05-24,2025,24,14,San Diego FC,Los Angeles Galaxy,1527.1288105525225,1482.1965579911623,164.9322525613602,164.9322525613602,0.7209998008104456
5470,2025-05-24,2025,26,10,Seattle Sounders,FC Dallas,1575.8954754608044,1485.227917019722,210.6675584410823,210.6675584410823,0.7707763252571367
5471,2025-05-25,2025,2,13,CF Montreal,Los Angeles FC,1425.9802671526586,1601.8832119411309,-55.90294478847227,55.90294478847227,0.42023635270043636
5472,2025-05-25,2025,3,7,Charlotte,Columbus Crew,1504.2522171355922,1631.2332893465173,-6.981072210925049,6.981072210925049,0.48995478132636594
5473,2025-05-25,2025,6,28,Colorado Rapids,St. Louis City,1460.3696835699877,1423.4540949973357,156.91558857265204,156.91558857265204,0.711622817942845
5474,2025-05-25,2025,8,19,DC United,New York Red Bulls,1432.7493077841686,1507.890376083459,44.85893170070972,-44.85893170070972,0.5642008341413812
5475,2025-05-25,2025,15,1,Minnesota United,Austin FC,1552.59967255578,1469.4003614832159,203.19931107256411,203.19931107256411,0.7630924593477998
5476,2025-05-25,2025,18,4,New York City,Chicago Fire,1523.7709172752193,1447.883989285564,195.8869279896553,195.8869279896553,0.7553986352297734
5477,2025-05-25,2025,20,22,Orlando City,Portland Timbers,1594.1372606485104,1545.510783173189,168.62647747532128,168.62647747532128,0.7252574132137398
5478,2025-05-25,2025,21,12,Philadelphia Union,Inter Miami,1552.8100593470754,1595.367626834512,77.4424325125633,77.4424325125633,0.6096388691055377
5479,2025-05-25,2025,23,30,Real Salt Lake,Vancouver Whitecaps,1503.5128354723304,1547.3162914100858,76.19654406224458,76.19654406224458,0.6079307669555727
5480,2025-05-25,2025,25,11,San Jose Earthquakes,Houston Dynamo,1393.638829090017,1532.305450869199,-18.666621779181924,-18.666621779181924,0.4731623898044068
5481,2025-05-25,2025,27,17,Sporting Kansas City,New England Revolution,1411.4348419991918,1455.0479933034103,76.38684869578151,76.38684869578151,0.608191845123651
5482,2025-05-25,2025,29,16,Toronto FC,Nashville SC,1379.330387631091,1480.7232259577577,18.607161673333394,-18.607161673333394,0.5267522859713852
5483,2025-05-26,2025,0,9,Atlanta Utd,FC Cincinnati,1474.3892410491248,1604.98106752832,-10.591826479195106,10.591826479195106,0.4847618567813914
5484,2025-05-29,2025,0,20,Atlanta Utd,Orlando City,1487.2701946295902,1601.005825318167,6.264369311423252,-6.264369311423252,0.5090141753303944
5485,2025-05-29,2025,1,23,Austin FC,Real Salt Lake,1475.9776729669109,1488.3145662984412,107.66310666846971,107.66310666846971,0.6501636578420512
5486,2025-05-29,2025,7,16,Columbus Crew,Nashville SC,1618.4821588796765,1493.8920331070424,244.5901257726341,244.5901257726341,0.8034461846903945
5487,2025-05-29,2025,8,17,DC United,New England Revolution,1418.644286930634,1457.7527894315015,80.89149749913258,80.89149749913258,0.6143533915140714
5488,2025-05-29,2025,9,10,FC Cincinnati,FC Dallas,1592.1001139478547,1479.4973251511506,232.6027887967041,232.6027887967041,0.7923203896649574
5489,2025-05-29,2025,12,2,Inter Miami,CF Montreal,1598.1085985621505,1427.9743583351476,290.1342402270029,290.1342402270029,0.841595411259352
5490,2025-05-29,2025,14,25,Los Angeles Galaxy,San Jose Earthquakes,1475.2215530114233,1394.3097693449067,200.9117836665166,200.9117836665166,0.7607036640105388
5491,2025-05-29,2025,18,11,New York City,Houston Dynamo,1529.885951394475,1531.6345106143092,118.2514407801657,118.2514407801657,0.6638971462796799
5492,2025-05-29,2025,19,3,New York Red Bulls,Charlotte,1521.9953969369935,1517.003347602433,124.99204933456053,124.99204933456053,0.6724995633557475
5493,2025-05-29,2025,22,6,Portland Timbers,Colorado Rapids,1538.6422185035326,1467.5791131214166,191.06310538211596,191.06310538211596,0.7502315578970552
5494,2025-05-29,2025,26,24,Seattle Sounders,San Diego FC,1581.626067329376,1534.1038155322615,167.52225179711445,167.52225179711445,0.7239890240648712
5495,2025-05-29,2025,29,21,Toronto FC,Philadelphia Union,1366.1615804818064,1550.069087619437,-63.907507137630546,63.907507137630546,0.40905310145602747
5496,2025-05-29,2025,30,15,Vancouver Whitecaps,Minnesota United,1562.514560583975,1546.022361072085,136.49219951189002,136.49219951189002,0.6869099289503712
5497,2025-05-31,2025,16,18,Nashville SC,New York City,1501.4781877243022,1513.288522737483,108.18966498681925,108.18966498681925,0.6508527730377818
5498,2025-05-31,2025,28,25,St. Louis City,San Jose Earthquakes,1416.2446654459068,1413.32736094517,122.91730450073669,122.91730450073669,0.66986374935369
5499,2025-06-01,2025,2,17,CF Montreal,New England Revolution,1424.0142436166313,1460.6116242193532,83.40261939727816,83.40261939727816,0.6177724491662586
5500,2025-06-01,2025,9,8,FC Cincinnati,DC United,1584.7921042062308,1415.7854521427823,289.0066520634484,289.0066520634484,0.8407281702400882
5501,2025-06-01,2025,10,21,FC Dallas,Philadelphia Union,1486.8053348927745,1560.2954151558376,46.50991973693681,46.50991973693681,0.5665361819436897
5502,2025-06-01,2025,11,27,Houston Dynamo,Sporting Kansas City,1548.2319392713011,1408.7300458711006,259.5018934002005,259.5018934002005,0.8166498901538776
5503,2025-06-01,2025,12,7,Inter Miami,Columbus Crew,1602.0687132806668,1610.8960042624167,111.17270901825009,111.17270901825009,0.6547447703111561
5504,2025-06-01,2025,14,23,Los Angeles Galaxy,Real Salt Lake,1456.20396141116,1492.0686577444924,84.1353036666676,84.1353036666676,0.6187678701088635
5505,2025-06-01,2025,19,0,New York Red Bulls,Atlanta Utd,1530.1829078530998,1499.5448402463303,150.63806760676948,150.63806760676948,0.7041507478262644
5506,2025-06-01,2025,20,4,Orlando City,Chicago Fire,1588.7311797014268,1441.7689551663084,266.96222453511837,266.96222453511837,0.8229929535526749
5507,2025-06-01,2025,24,1,San Diego FC,Austin FC,1527.2035411338832,1472.2235815208596,174.97995961302354,174.97995961302354,0.7324846851283393
5508,2025-06-01,2025,26,15,Seattle Sounders,Minnesota United,1588.5263417277542,1550.6951092958443,157.83123243190994,157.83123243190994,0.7127032759222051
5509,2025-06-01,2025,29,3,Toronto FC,Charlotte,1355.9352529454056,1508.8158366863267,-32.88058374092111,32.88058374092111,0.4528218001982476
5510,2025-06-08,2025,6,1,Colorado Rapids,Austin FC,1461.3349020688431,1465.535698649068,115.79920341977504,115.79920341977504,0.6607400347344875
5511,2025-06-08,2025,8,4,DC United,Chicago Fire,1436.8036563987846,1462.3437790051253,94.45987739365933,-94.45987739365933,0.6326854384175173
5512,2025-06-09,2025,13,27,Los Angeles FC,Sporting Kansas City,1599.8891207586419,1429.1462931249475,290.74282763369433,290.74282763369433,0.842061887916646
5513,2025-06-09,2025,22,28,Portland Timbers,St. Louis City,1544.8864295561061,1424.4980717120645,240.3883578440416,240.3883578440416,0.7995984600645824
5514,2025-06-09,2025,30,26,Vancouver Whitecaps,Seattle Sounders,1557.8418123602157,1570.7087598296991,107.13305253051658,-107.13305253051658,0.6494693337485241
5515,2025-06-13,2025,18,0,New York City,Atlanta Utd,1517.0598420634274,1492.1486089419868,144.91123312144055,144.91123312144055,0.6972372221916088
5516,2025-06-14,2025,22,25,Portland Timbers,San Jose Earthquakes,1549.8964680544916,1405.0739546790123,264.8225133754793,264.8225133754793,0.8211914993162452
5517,2025-06-14,2025,28,14,St. Louis City,Los Angeles Galaxy,1419.488033213679,1465.7347646584385,73.75326855524054,73.75326855524054,0.6045734092304735
5518,2025-06-15,2025,1,19,Austin FC,New York Red Bulls,1482.0541995174303,1537.5791391574433,64.47506035998708,64.47506035998708,0.5917364147130277
5519,2025-06-15,2025,4,16,Chicago Fire,Nashville SC,1478.1609149655633,1497.7068683983578,100.45404656720552,-100.45404656720552,0.6406669284946837
5520,2025-06-15,2025,6,20,Colorado Rapids,Orlando City,1444.8164012004809,1568.1563558626099,-3.339954662129003,3.339954662129003,0.49519356692269256
5521,2025-06-15,2025,7,30,Columbus Crew,Vancouver Whitecaps,1602.2646235201955,1566.6050790165027,155.6595445036928,155.6595445036928,0.7101367643696496
5522,2025-06-15,2025,11,2,Houston Dynamo,CF Montreal,1527.8156920174542,1408.5699323874749,239.24575962997937,239.24575962997937,0.7985424274797105
5523,2025-06-15,2025,15,24,Minnesota United,San Diego FC,1568.5126911938994,1533.8914240056747,154.6212671882247,154.6212671882247,0.7089049402751494
5524,2025-06-15,2025,17,9,New England Revolution,FC Cincinnati,1476.0559354485097,1563.7738999502285,32.282035498281175,-32.282035498281175,0.546324350666943
5525,2025-06-15,2025,21,3,Philadelphia Union,Charlotte,1561.95881970443,1520.1363816912828,161.82243801314712,161.82243801314712,0.7173845387695779
5526,2025-06-15,2025,23,8,Real Salt Lake,DC United,1482.537854497214,1420.9865204383466,181.5513340588675,181.5513340588675,0.7398316018229258
5527,2025-06-15,2025,27,10,Sporting Kansas City,FC Dallas,1425.1978403228636,1485.1419303441821,60.055909978681484,60.055909978681484,0.5855767847637848
5528,2025-06-26,2025,2,9,CF Montreal,FC Cincinnati,1428.5334930744675,1577.4320087169021,-28.89851564243463,28.89851564243463,0.4585073357288426
5529,2025-06-26,2025,4,21,Chicago Fire,Philadelphia Union,1462.1442417531962,1569.0242062351906,13.12003551800558,13.12003551800558,0.5188722790672192
5530,2025-06-26,2025,6,14,Colorado Rapids,Los Angeles Galaxy,1432.4365620274136,1468.3490998892003,84.08746213821337,84.08746213821337,0.6187029032010894
5531,2025-06-26,2025,7,0,Columbus Crew,Atlanta Utd,1609.5112044109542,1484.579539496777,244.9316649141772,244.9316649141772,0.8037564800576289
5532,2025-06-26,2025,10,25,FC Dallas,San Jose Earthquakes,1499.7813499632769,1413.1037421619185,206.67760780135836,206.67760780135836,0.7666931197255515
5533,2025-06-26,2025,15,11,Minnesota United,Houston Dynamo,1550.7900676870206,1507.8521313304616,162.93793635655902,162.93793635655902,0.7186846043463191
5534,2025-06-26,2025,17,16,New England Revolution,Nashville SC,1462.397826681836,1513.7235416107249,68.67428507111117,-68.67428507111117,0.5975629538234026
5535,2025-06-26,2025,27,3,Sporting Kansas City,Charlotte,1410.558420703769,1513.0709951605222,17.487425543246673,17.487425543246673,0.525145197690509
5536,2025-06-26,2025,28,20,St. Louis City,Orlando City,1416.8736979829173,1580.536195035677,-43.66249705275982,43.66249705275982,0.43749332870245805
5537,2025-06-26,2025,29,19,Toronto FC,New York Red Bulls,1344.6147079404495,1527.372549525269,-62.757841584819516,62.757841584819516,0.41065382101930203
5538,2025-06-26,2025,30,24,Vancouver Whitecaps,San Diego FC,1559.358498125744,1551.6140475125535,127.74445061319057,127.74445061319057,0.675979544790342
5539,2025-06-29,2025,2,18,CF Montreal,New York City,1417.0708096812464,1524.6289115086372,12.441898172609172,-12.441898172609172,0.5178976807592925
5540,2025-06-29,2025,4,3,Chicago Fire,Charlotte,1449.1724347765157,1501.199625102785,67.97280967373081,67.97280967373081,0.596591504170192
5541,2025-06-29,2025,7,21,Columbus Crew,Philadelphia Union,1614.4172924095135,1581.996013211871,152.42127919764243,152.42127919764243,0.7062846855125645
5542,2025-06-29,2025,8,16,DC United,Nashville SC,1414.4823104839197,1528.6626154563098,5.819695027609896,-5.819695027609896,0.5083744311759872
5543,2025-06-29,2025,10,24,FC Dallas,San Diego FC,1480.614021970138,1568.513536132312,32.100485837826,-32.100485837826,0.5460653098789535
5544,2025-06-29,2025,11,28,Houston Dynamo,St. Louis City,1500.8192464391195,1405.9363647653558,214.88288167376368,214.88288167376368,0.775035339144232
5545,2025-06-29,2025,17,6,New England Revolution,Colorado Rapids,1447.458752836251,1441.9689894473863,125.48976338886473,125.48976338886473,0.6731302659382321
5546,2025-06-29,2025,19,15,New York Red Bulls,Minnesota United,1525.1388950507517,1557.8229525783627,87.315942472389,87.315942472389,0.6230774191389264
5547,2025-06-29,2025,20,9,Orlando City,FC Cincinnati,1591.4735282532386,1588.8946921101233,122.57883614311527,122.57883614311527,0.6694327296915041
5548,2025-06-29,2025,25,14,San Jose Earthquakes,Los Angeles Galaxy,1432.2710701550573,1458.8166724692276,93.45439768582969,93.45439768582969,0.6313393070684389
5549,2025-06-29,2025,26,1,Seattle Sounders,Austin FC,1561.9454931734122,1492.2607891496045,189.68470402380763,189.68470402380763,0.7487417675495899
5550,2025-06-29,2025,27,23,Sporting Kansas City,Real Salt Lake,1422.4297907615062,1489.042064451641,53.38772630986523,53.38772630986523,0.5762320574241389
5551,2025-06-29,2025,29,22,Toronto FC,Portland Timbers,1346.848362414967,1541.8666805715854,-75.01831815661853,75.01831815661853,0.39368700580456356
5552,2025-06-30,2025,13,30,Los Angeles FC,Vancouver Whitecaps,1603.8375735607258,1542.4590095059855,181.3785640547403,181.3785640547403,0.7396401255223476
5553,2025-07-04,2025,18,29,New York City,Toronto FC,1512.5763535276194,1362.0061872698527,270.5701662577667,270.5701662577667,0.8259982184301505
5554,2025-07-05,2025,6,27,Colorado Rapids,Sporting Kansas City,1446.2972460958422,1420.5239893259027,145.7732567699395,145.7732567699395,0.6982837052033543
5555,2025-07-05,2025,10,15,FC Dallas,Minnesota United,1466.9623892231643,1560.8998880568358,26.062501166328502,-26.062501166328502,0.5374367605353971
5556,2025-07-05,2025,14,30,Los Angeles Galaxy,Vancouver Whitecaps,1462.1001551459385,1560.9500126440441,21.15014250189438,21.15014250189438,0.5303999593361617
5557,2025-07-06,2025,2,12,CF Montreal,Inter Miami,1429.1233676622642,1610.700094022888,-61.57672636062375,61.57672636062375,0.41230030129210726
5558,2025-07-06,2025,3,20,Charlotte,Orlando City,1491.1144127070397,1574.7377100109509,36.37670269608884,-36.37670269608884,0.5521598268594983
5559,2025-07-06,2025,8,0,DC United,Atlanta Utd,1401.77294970452,1479.6734514982177,42.099498206302314,42.099498206302314,0.56029125753534
5560,2025-07-06,2025,9,4,FC Cincinnati,Chicago Fire,1605.630510352411,1459.257647172261,266.37286318015003,266.37286318015003,0.8224981876435348
5561,2025-07-06,2025,16,21,Nashville SC,Philadelphia Union,1541.3719762357096,1574.6531303496852,86.71884588602438,86.71884588602438,0.6222698535815097
5562,2025-07-06,2025,22,17,Portland Timbers,New England Revolution,1526.7088557166996,1443.1304961877952,203.57835952890446,203.57835952890446,0.7634866960591731
5563,2025-07-06,2025,23,28,Real Salt Lake,St. Louis City,1490.9478658872445,1400.3122482439617,210.63561764328279,210.63561764328279,0.7707438381593708
5564,2025-07-06,2025,24,11,San Diego FC,Houston Dynamo,1582.1651688792858,1506.4433629605137,195.72180591877213,195.72180591877213,0.7552229637313208
5565,2025-07-06,2025,25,19,San Jose Earthquakes,New York Red Bulls,1428.9875874783463,1522.0619595722785,26.925627906067803,26.925627906067803,0.5386717040274431
5566,2025-07-06,2025,26,7,Seattle Sounders,Columbus Crew,1568.2269489846724,1621.7601752716994,66.46677371297301,66.46677371297301,0.5945032937924623
5567,2025-07-10,2025,13,6,Los Angeles FC,Colorado Rapids,1585.3465704226671,1428.8401534657582,276.5064169569089,276.5064169569089,0.8308549899756665
5568,2025-07-10,2025,17,12,New England Revolution,Inter Miami,1437.2176635892745,1621.0076015551906,-63.789937965916124,63.789937965916124,0.4092167092614085
5569,2025-07-13,2025,1,17,Austin FC,New England Revolution,1485.9793333383443,1426.9872458577393,178.99208748060505,178.99208748060505,0.7369859316940361
5570,2025-07-13,2025,3,18,Charlotte,New York City,1489.8104170355523,1516.9263980668657,92.88401896868663,92.88401896868663,0.6305747751760462
5571,2025-07-13,2025,4,24,Chicago Fire,San Diego FC,1454.8201018633492,1563.2845947860028,11.535507077346438,11.535507077346438,0.516594831750836
5572,2025-07-13,2025,6,30,Colorado Rapids,Vancouver Whitecaps,1424.61152821515,1549.2100116274482,-4.598483412298265,-4.598483412298265,0.4933826368047274
5573,2025-07-13,2025,9,7,FC Cincinnati,Columbus Crew,1610.0680556613227,1624.1227576165109,105.9452980448118,105.9452980448118,0.6479111832243754
5574,2025-07-13,2025,12,16,Inter Miami,Nashville SC,1631.2380192867258,1550.8152298961718,200.42278939055404,200.42278939055404,0.7601908857954293
5575,2025-07-13,2025,13,10,Los Angeles FC,FC Dallas,1589.5751956732754,1453.5264702097795,256.0487254634959,256.0487254634959,0.8136547417792444
5576,2025-07-13,2025,14,8,Los Angeles Galaxy,DC United,1473.8401561625344,1400.2656682661366,193.57448789639784,193.57448789639784,0.7529306996133273
5577,2025-07-13,2025,15,25,Minnesota United,San Jose Earthquakes,1574.3358070702207,1428.0207948776601,266.3150121925605,266.3150121925605,0.8224495636240636
5578,2025-07-13,2025,20,2,Orlando City,CF Montreal,1576.0417056824383,1418.8158601299615,277.2258455524768,277.2258455524768,0.8314361992518514
5579,2025-07-13,2025,21,19,Philadelphia Union,New York Red Bulls,1565.209876689223,1523.0287521729647,162.18112451625825,162.18112451625825,0.7178029695452914
5580,2025-07-13,2025,23,11,Real Salt Lake,Houston Dynamo,1496.6792699332602,1525.3239370537967,91.3553328794635,91.3553328794635,0.6285225091688301
5581,2025-07-13,2025,27,26,Sporting Kansas City,Seattle Sounders,1437.9810819559866,1565.864366639861,-7.883284683874308,7.883284683874308,0.4886569878932918
5582,2025-07-13,2025,29,0,Toronto FC,Atlanta Utd,1357.6561427306065,1481.180732936601,-3.5245902059946275,-3.5245902059946275,0.49492788095181534
5583,2025-07-14,2025,28,22,St. Louis City,Portland Timbers,1394.580844197946,1532.6216883152204,-18.040844117274446,-18.040844117274446,0.47406044754318843
5584,2025-07-17,2025,0,4,Atlanta Utd,Chicago Fire,1481.0539299603965,1441.9052310695783,159.1486988908182,159.1486988908182,0.7142536361062413
5585,2025-07-17,2025,3,8,Charlotte,DC United,1499.0460476561511,1394.0889357564697,224.95711189968142,224.95711189968142,0.7849850700239488
5586,2025-07-17,2025,9,12,FC Cincinnati,Inter Miami,1593.8702760807132,1637.2332471418401,76.63702893887307,-76.63702893887307,0.6085349722338574
5587,2025-07-17,2025,11,30,Houston Dynamo,Vancouver Whitecaps,1516.0369997830176,1536.5445775475664,99.49242223545116,99.49242223545116,0.639391583063918
5588,2025-07-17,2025,14,1,Los Angeles Galaxy,Austin FC,1480.0168886722013,1480.0546850459934,119.96220362620784,119.96220362620784,0.6660910350084205
5589,2025-07-17,2025,15,13,Minnesota United,Los Angeles FC,1578.774567979619,1594.2338271287942,104.5407408508247,104.5407408508247,0.6460645521076223
5590,2025-07-17,2025,16,7,Nashville SC,Columbus Crew,1544.8200020410575,1640.3205371971203,24.499464843937176,24.499464843937176,0.5351992420411039
5591,2025-07-17,2025,19,17,New York Red Bulls,New England Revolution,1515.973826411597,1432.9118941500901,203.06193226150685,203.06193226150685,0.7629494640217765
5592,2025-07-17,2025,20,18,Orlando City,New York City,1567.755800701142,1507.6907674462668,180.0650332548753,180.0650332548753,0.7381813916996921
5593,2025-07-17,2025,21,2,Philadelphia Union,CF Montreal,1572.2648024505907,1427.1017651112577,265.16303733933296,265.16303733933296,0.8214791480706437
5594,2025-07-17,2025,22,23,Portland Timbers,Real Salt Lake,1519.4731995038,1505.9662072040394,133.50699229976067,133.50699229976067,0.6832023901532032
5595,2025-07-17,2025,24,29,San Diego FC,Toronto FC,1576.1994655797737,1357.782945706811,338.4165198729627,338.4165198729627,0.8752373620428305
5596,2025-07-17,2025,25,10,San Jose Earthquakes,FC Dallas,1423.5820339682618,1448.8678387542607,94.71419521400117,94.71419521400117,0.633025591213196
5597,2025-07-17,2025,26,6,Seattle Sounders,Colorado Rapids,1578.0807913371932,1437.2769622950318,260.8038290421614,260.8038290421614,0.8177694075459903
5598,2025-07-20,2025,0,3,Atlanta Utd,Charlotte,1475.6975890577405,1504.4214209055524,91.27616815218812,91.27616815218812,0.628416103152134
5599,2025-07-20,2025,2,4,CF Montreal,Chicago Fire,1422.638743813024,1447.2615719722344,95.37717184078952,-95.37717184078952,0.6339117060513642
5600,2025-07-20,2025,7,8,Columbus Crew,DC United,1628.700518248148,1388.7135625070684,359.98695574107956,359.98695574107956,0.8881767727112212
5601,2025-07-20,2025,10,28,FC Dallas,St. Louis City,1452.1934785345907,1407.7293330093662,164.46414552522447,164.46414552522447,0.7204574266791802
5602,2025-07-20,2025,11,21,Houston Dynamo,Philadelphia Union,1500.0522102064197,1576.7278237488244,43.32438645759521,43.32438645759521,0.562027637350009
5603,2025-07-20,2025,13,14,Los Angeles FC,Los Angeles Galaxy,1610.3854409314847,1463.3646127969907,267.02082813449397,267.02082813449397,0.8230420917632975
5604,2025-07-20,2025,16,29,Nashville SC,Toronto FC,1556.4400209900298,1379.6638797578817,296.7761412321481,296.7761412321481,0.8466261481905808
5605,2025-07-20,2025,17,20,New England Revolution,Orlando City,1426.9856307506345,1549.3012659086498,-2.3156351580153114,2.3156351580153114,0.4966675824710531
5606,2025-07-20,2025,19,12,New York Red Bulls,Inter Miami,1521.9000898110526,1627.4466214476865,14.453468363366028,14.453468363366028,0.5207882223795707
5607,2025-07-20,2025,22,15,Portland Timbers,Minnesota United,1502.39313974997,1562.6229541769285,59.770185573041545,-59.770185573041545,0.5851775834179803
5608,2025-07-20,2025,23,9,Real Salt Lake,FC Cincinnati,1523.0462669578694,1603.6569017748668,39.38936518300261,39.38936518300261,0.5564442315386139
5609,2025-07-20,2025,24,30,San Diego FC,Vancouver Whitecaps,1554.318531528703,1552.5293671241643,121.78916440453872,121.78916440453872,0.6684260229953933
5610,2025-07-20,2025,26,25,Seattle Sounders,San Jose Earthquakes,1570.1365561485434,1420.2563941879318,269.88016196061153,269.88016196061153,0.8254266049770982
5611,2025-07-20,2025,27,18,Sporting Kansas City,New York City,1425.7646572586543,1526.145302238759,19.619355019895238,-19.619355019895238,0.5282045487615401
5612,2025-07-26,2025,7,20,Columbus Crew,Orlando City,1631.4960989303675,1561.7179554704262,189.77814345994125,189.77814345994125,0.7488429441667481
5613,2025-07-26,2025,10,18,FC Dallas,New York City,1459.1820428676112,1526.8504159577976,52.33162690981362,52.33162690981362,0.5747468538392593
5614,2025-07-26,2025,13,22,Los Angeles FC,Portland Timbers,1602.3093886374022,1500.2637001645205,222.0456884728817,222.0456884728817,0.7821428341326524
5615,2025-07-26,2025,17,2,New England Revolution,CF Montreal,1414.5689411888582,1406.7909511617397,127.77799002711845,127.77799002711845,0.6760218313537864
5616,2025-07-26,2025,24,16,San Diego FC,Nashville SC,1550.1078809538183,1560.2743672852653,109.833513668553,109.833513668553,0.6530000405329024
5617,2025-07-27,2025,0,26,Atlanta Utd,Seattle Sounders,1459.9871864789372,1574.5008910241158,5.486295454821402,5.486295454821402,0.5078947576556108
5618,2025-07-27,2025,3,29,Charlotte,Toronto FC,1520.1318234843557,1375.8295334626462,264.3022900217095,264.3022900217095,0.8207513543361241
5619,2025-07-27,2025,4,19,Chicago Fire,New York Red Bulls,1463.1093646235186,1508.8803842515633,74.22898037195523,74.22898037195523,0.6052278795087604
5620,2025-07-27,2025,8,1,DC United,Austin FC,1385.917981824849,1496.706960921204,9.211020903645021,-9.211020903645021,0.5132526198868372
5621,2025-07-27,2025,12,9,Inter Miami,FC Cincinnati,1640.4663270071758,1617.5680075633322,142.89831944384355,142.89831944384355,0.694785604691275
5622,2025-07-27,2025,21,6,Philadelphia Union,Colorado Rapids,1578.2785146825747,1445.2211974836816,253.0573171988931,253.0573171988931,0.8110297307429103
5623,2025-07-27,2025,23,25,Real Salt Lake,San Jose Earthquakes,1509.135161169404,1415.8920593123594,213.24310185704462,213.24310185704462,0.7733852676294213
5624,2025-07-27,2025,28,15,St. Louis City,Minnesota United,1400.7407686763456,1564.752393762378,-44.01162508603238,-44.01162508603238,0.4369988075964217
5625,2025-07-27,2025,30,27,Vancouver Whitecaps,Sporting Kansas City,1556.740017699049,1425.0595435396158,251.6804741594333,251.6804741594333,0.8098120315224497
5626,2025-08-10,2025,1,11,Austin FC,Houston Dynamo,1509.5382764183748,1498.5015192726694,131.03675714570545,131.03675714570545,0.6801167108303583
5627,2025-08-10,2025,2,0,CF Montreal,Atlanta Utd,1423.6914969455843,1459.789817537547,83.90167940803735,-83.90167940803735,0.6184505773277468
5628,2025-08-10,2025,4,13,Chicago Fire,Los Angeles FC,1472.9786676357996,1582.7558177840858,10.222849851713818,10.222849851713818,0.5147076193908964
5629,2025-08-10,2025,9,3,FC Cincinnati,Charlotte,1622.4376476806142,1524.6130396259525,217.82460805466167,217.82460805466167,0.7779741081326544
5630,2025-08-10,2025,10,22,FC Dallas,Portland Timbers,1444.8133715216297,1519.817271017837,44.99610050379283,44.99610050379283,0.564394971504766
5631,2025-08-10,2025,15,6,Minnesota United,Colorado Rapids,1575.6773639522885,1440.4969407522544,255.18042320003406,255.18042320003406,0.8128957000842761
5632,2025-08-10,2025,17,8,New England Revolution,DC United,1397.6683954050136,1373.0866663276781,144.58172907733547,144.58172907733547,0.6968366674583798
5633,2025-08-10,2025,19,23,New York Red Bulls,Real Salt Lake,1499.0110812392822,1514.8005294786685,104.21055176061373,104.21055176061373,0.6456298028497903
5634,2025-08-10,2025,21,29,Philadelphia Union,Toronto FC,1583.002771414002,1371.3483173210493,331.6544540929526,331.6544540929526,0.8709243559292027
5635,2025-08-10,2025,25,30,San Jose Earthquakes,Vancouver Whitecaps,1410.2266910030949,1561.4947169109878,-31.268025907892934,31.268025907892934,0.4551227875187369
5636,2025-08-10,2025,27,24,Sporting Kansas City,San Diego FC,1420.304844327677,1558.7828799404956,-18.47803561281853,18.47803561281853,0.47343301306837215
5637,2025-08-10,2025,28,16,St. Louis City,Nashville SC,1389.8157984864351,1551.599368298588,-41.78356981215279,41.78356981215279,0.44015683819535584
5638,2025-08-11,2025,14,26,Los Angeles Galaxy,Seattle Sounders,1471.4406650910732,1574.6982599655062,16.742405125567075,16.742405125567075,0.5240756250722631
5639,2025-08-11,2025,20,12,Orlando City,Inter Miami,1580.4390290745948,1635.5966868898938,64.84234218470101,64.84234218470101,0.5922470839418841
5640,2025-08-17,2025,1,10,Austin FC,FC Dallas,1505.0353586476158,1455.7034972340107,169.3318614136051,169.3318614136051,0.7260657675575858
5641,2025-08-17,2025,2,8,CF Montreal,DC United,1420.7302325123906,1365.5075830141377,175.22264949825285,175.22264949825285,0.7327583464817107
5642,2025-08-17,2025,3,23,Charlotte,Real Salt Lake,1544.062392329269,1505.9412745499133,158.1211177793557,158.1211177793557,0.7130448360505603
5643,2025-08-17,2025,4,28,Chicago Fire,St. Louis City,1472.6109771510273,1403.8118775315513,188.799099619476,188.799099619476,0.7477814874022559
5644,2025-08-17,2025,6,0,Colorado Rapids,Atlanta Utd,1460.8193332543613,1462.7510819707406,118.06825128362061,118.06825128362061,0.6636618016486664
5645,2025-08-17,2025,12,14,Inter Miami,Los Angeles Galaxy,1625.402863988441,1458.3387744642666,287.0640895241743,287.0640895241743,0.8392251023128795
5646,2025-08-17,2025,15,26,Minnesota United,Seattle Sounders,1555.3549714501817,1587.8001505923128,87.55482085786889,87.55482085786889,0.6234003080701179
5647,2025-08-17,2025,17,13,New England Revolution,Los Angeles FC,1405.247478718554,1583.1235082688581,-57.87602955030411,57.87602955030411,0.4174716521350048
5648,2025-08-17,2025,18,16,New York City,Nashville SC,1541.2190873037791,1537.6032892534718,123.61579805030738,123.61579805030738,0.6707523378418841
5649,2025-08-17,2025,19,21,New York Red Bulls,Philadelphia Union,1507.8703361680375,1573.729662515772,54.140673652265605,54.140673652265605,0.577290096396104
5650,2025-08-17,2025,20,27,Orlando City,Sporting Kansas City,1590.6328519760477,1408.4690190009678,302.1638329750799,302.1638329750799,0.8506101830508822
5651,2025-08-17,2025,22,9,Portland Timbers,FC Cincinnati,1508.927145305456,1602.9882949772978,25.938850328158196,-25.938850328158196,0.5372598055506409
5652,2025-08-17,2025,29,7,Toronto FC,Columbus Crew,1380.6214262192793,1612.7750253261988,-112.1535991069195,112.1535991069195,0.3439799428099358
5653,2025-08-18,2025,25,24,San Jose Earthquakes,San Diego FC,1423.8486213151264,1570.6187052672049,-26.770083952078494,-26.770083952078494,0.46155081036021334
5654,2025-08-18,2025,30,11,Vancouver Whitecaps,Houston Dynamo,1547.8727865989563,1503.0044370434284,164.86834955552786,164.86834955552786,0.7209257973641404
5655,2025-08-24,2025,0,29,Atlanta Utd,Toronto FC,1454.3426270119573,1384.5219276490309,189.82069936292646,189.82069936292646,0.7488890149034902
5656,2025-08-24,2025,2,1,CF Montreal,Austin FC,1414.9112738503477,1499.3837144586762,35.5275593916715,-35.5275593916715,0.5509508042604838
5657,2025-08-24,2025,7,17,Columbus Crew,New England Revolution,1608.8745238964473,1394.8106874151788,334.0638364812685,334.0638364812685,0.8724754949402252
5658,2025-08-24,2025,8,12,DC United,Inter Miami,1371.3265416761806,1629.422236430619,-138.09569475443845,138.09569475443845,0.31110835805739895
5659,2025-08-24,2025,9,18,FC Cincinnati,New York City,1616.4197901160637,1549.450278857732,186.96951125833175,186.96951125833175,0.7457899358284676
5660,2025-08-24,2025,10,13,FC Dallas,Los Angeles FC,1461.3551414229503,1593.5602995722334,-12.20515814928308,12.20515814928308,0.4824425872309712
5661,2025-08-24,2025,11,25,Houston Dynamo,San Jose Earthquakes,1508.527581977532,1412.309851056121,216.21773092141098,216.21773092141098,0.7763722570327994
5662,2025-08-24,2025,14,6,Los Angeles Galaxy,Colorado Rapids,1454.3194020220885,1469.2277882131445,105.09161380894398,105.09161380894398,0.6467893311893698
5663,2025-08-24,2025,16,20,Nashville SC,Orlando City,1529.372097699519,1594.3675973997756,55.00450029974331,55.00450029974331,0.5785030691589811
5664,2025-08-24,2025,21,4,Philadelphia Union,Chicago Fire,1563.1619149256744,1478.916439965971,204.24547495970342,204.24547495970342,0.7641794419865341
5665,2025-08-24,2025,23,15,Real Salt Lake,Minnesota United,1498.7673954511772,1564.7699637484286,53.9974317027486,53.9974317027486,0.5770888676111957
5666,2025-08-24,2025,24,22,San Diego FC,Portland Timbers,1582.1574755262102,1495.49565016669,206.6618253595202,206.6618253595202,0.7666768683723298
5667,2025-08-24,2025,30,28,Vancouver Whitecaps,St. Louis City,1542.3496416648527,1397.5064147166077,264.84322694824505,264.84322694824505,0.8212090069190668
5668,2025-08-25,2025,3,19,Charlotte,New York Red Bulls,1551.236271428005,1518.438083758135,152.79818766987,152.79818766987,0.7067345725449026
5669,2025-08-25,2025,26,27,Seattle Sounders,Sporting Kansas City,1578.3851582940658,1404.73427357724,293.6508847168259,293.6508847168259,0.8442754909871151
5670,2025-08-31,2025,1,25,Austin FC,San Jose Earthquakes,1488.1574845651883,1431.719157481941,176.43832708324726,176.43832708324726,0.7341264861619676
5671,2025-08-31,2025,9,21,FC Cincinnati,Philadelphia Union,1597.775041720352,1569.057428876011,148.71761284434092,-148.71761284434092,0.7018425515823596
5672,2025-08-31,2025,15,22,Minnesota United,Portland Timbers,1579.1971854387084,1502.1625718759983,197.0346135627101,197.0346135627101,0.7566172878840269
5673,2025-08-31,2025,16,0,Nashville SC,Atlanta Utd,1539.9095209705445,1448.1204016393701,211.78911933117433,211.78911933117433,0.7719150173837644
5674,2025-08-31,2025,17,3,New England Revolution,Charlotte,1416.6225747886845,1558.5679071143825,-21.94533232569802,-21.94533232569802,0.4684600614550761
5675,2025-08-31,2025,18,8,New York City,DC United,1568.0950272534437,1376.0488327247456,312.04619452869815,312.04619452869815,0.8576957778130869
5676,2025-08-31,2025,19,7,New York Red Bulls,Columbus Crew,1511.1064480717575,1587.0626365229416,44.04381154881594,44.04381154881594,0.5630467765098806
5677,2025-08-31,2025,27,6,Sporting Kansas City,Colorado Rapids,1400.8411608519177,1460.3975214928787,60.443639359039025,60.443639359039025,0.5861183231059665
5678,2025-08-31,2025,28,11,St. Louis City,Houston Dynamo,1393.0366398895844,1489.118275551712,23.91836433787239,23.91836433787239,0.5343670184893643
5679,2025-08-31,2025,29,2,Toronto FC,CF Montreal,1390.744153021618,1426.1375037438356,84.60664927778248,84.60664927778248,0.6194077113355198
5680,2025-09-01,2025,13,24,Los Angeles FC,San Diego FC,1593.1213642530076,1575.4905538169019,137.63081043610578,137.63081043610578,0.6883178129111329
5681,2025-09-07,2025,4,17,Chicago Fire,New England Revolution,1473.0209260156344,1404.9110732523075,188.1098527633269,188.1098527633269,0.7470324409404435
5682,2025-09-07,2025,11,14,Houston Dynamo,Los Angeles Galaxy,1502.4774510139462,1463.1496687423544,159.3277822715918,159.3277822715918,0.714463988860834
5683,2025-09-07,2025,28,10,St. Louis City,FC Dallas,1379.6774644273503,1461.794076742176,37.883387685174284,37.883387685174284,0.554303540965968
5684,2025-09-08,2025,27,1,Sporting Kansas City,Austin FC,1411.1882027742686,1494.804322411139,36.38388036312949,36.38388036312949,0.5521700439190431
5685,2025-09-14,2025,0,7,Atlanta Utd,Columbus Crew,1467.4182770739642,1588.6388059356887,-1.2205288617244605,1.2205288617244605,0.49824352499888963
5686,2025-09-14,2025,2,28,CF Montreal,St. Louis City,1429.1226965272235,1378.3198759032011,170.8028206240224,170.8028206240224,0.7277466814521272
5687,2025-09-14,2025,3,12,Charlotte,Inter Miami,1570.2794086507595,1624.699945382054,65.57946326870547,-65.57946326870547,0.5932713762851738
5688,2025-09-14,2025,4,18,Chicago Fire,New York City,1479.3451149921232,1546.6526328081166,52.69248218400662,52.69248218400662,0.5752544815360302
5689,2025-09-14,2025,6,11,Colorado Rapids,Houston Dynamo,1450.0504795705278,1497.1158512924253,72.93462827810254,72.93462827810254,0.6034462715037275
5690,2025-09-14,2025,8,20,DC United,Orlando City,1397.4912271700728,1583.83017412875,-66.3389469586773,66.3389469586773,0.4056741044188735
5691,2025-09-14,2025,9,16,FC Cincinnati,Nashville SC,1580.228977930793,1520.6116455359504,179.6173323948426,179.6173323948426,0.7376829967239509
5692,2025-09-14,2025,10,1,FC Dallas,Austin FC,1463.1516652663252,1508.608573509115,74.54309175721005,-74.54309175721005,0.6056598181239834
5693,2025-09-14,2025,17,29,New England Revolution,Toronto FC,1398.5868842758186,1387.7589602382302,130.82792403758845,130.82792403758845,0.6798551190810335
5694,2025-09-14,2025,22,19,Portland Timbers,New York Red Bulls,1508.578004073099,1509.5302786590105,119.04772541408852,119.04772541408852,0.6649191915316117
5695,2025-09-14,2025,23,27,Real Salt Lake,Sporting Kansas City,1484.3401737608974,1397.3839516762926,206.95622208460486,206.95622208460486,0.7669798822348582
5696,2025-09-14,2025,24,15,San Diego FC,Minnesota United,1592.6984991396803,1572.7817532416077,139.91674589807258,139.91674589807258,0.6911338575052435
5697,2025-09-14,2025,25,13,San Jose Earthquakes,Los Angeles FC,1425.0723196359902,1575.9134189302292,-30.84109929423903,30.84109929423903,0.4557323017278073
5698,2025-09-14,2025,26,14,Seattle Sounders,Los Angeles Galaxy,1582.278271019388,1468.5112684638752,233.76700255551282,233.76700255551282,0.793420994759775
5699,2025-09-14,2025,30,21,Vancouver Whitecaps,Philadelphia Union,1546.819416491876,1586.60349266557,80.21592382630593,80.21592382630593,0.6134316082446386
5700,2025-09-17,2025,12,26,Inter Miami,Seattle Sounders,1614.5317297891834,1574.9427461503938,159.5889836387896,159.5889836387896,0.7147706313067832
5701,2025-09-18,2025,18,7,New York City,Columbus Crew,1561.0339948465173,1601.0948940606609,79.93910078585645,79.93910078585645,0.6130536630405957
5702,2025-09-18,2025,23,13,Real Salt Lake,Los Angeles FC,1490.165676705026,1587.3067264734243,22.85895023160174,-22.85895023160174,0.532849288505393
5703,2025-09-20,2025,0,24,Atlanta Utd,San Diego FC,1454.962188948992,1575.420152702049,-0.457963753057129,-0.457963753057129,0.49934093756237147
5704,2025-09-20,2025,18,3,New York City,Charlotte,1570.7076532705025,1580.4476242436301,110.26002902687242,110.26002902687242,0.6535561620185315
5705,2025-09-20,2025,21,17,Philadelphia Union,New England Revolution,1576.939282871686,1394.090506298793,302.84877657289303,302.84877657289303,0.8511105188328293
5706,2025-09-21,2025,2,19,CF Montreal,New York Red Bulls,1410.9290294909204,1501.1532584473007,29.77577104361967,-29.77577104361967,0.5427461768653904
5707,2025-09-21,2025,7,29,Columbus Crew,Toronto FC,1591.4212356366756,1392.255338215256,319.1658974214197,319.1658974214197,0.8626251114840834
5708,2025-09-21,2025,10,6,FC Dallas,Colorado Rapids,1473.0101698132255,1459.9643227829347,133.04584703029082,133.04584703029082,0.6826275650418413
5709,2025-09-21,2025,11,22,Houston Dynamo,Portland Timbers,1487.2020080800185,1516.9550242848088,90.24698379520964,90.24698379520964,0.6270316370452091
5710,2025-09-21,2025,12,8,Inter Miami,DC United,1621.6624640065138,1399.8493745596008,341.81308944691295,341.81308944691295,0.8773567877967655
5711,2025-09-21,2025,14,9,Los Angeles Galaxy,FC Cincinnati,1475.8467933328695,1586.7869030126942,9.059890320175327,-9.059890320175327,0.5130352757976535
5712,2025-09-21,2025,15,4,Minnesota United,Chicago Fire,1590.0600996792389,1464.9637529537224,245.09634672551647,245.09634672551647,0.8039059645264193
5713,2025-09-21,2025,20,16,Orlando City,Nashville SC,1581.472026739222,1514.0537204540492,187.41830628517278,187.41830628517278,0.7462794182103735
5714,2025-09-21,2025,25,28,San Jose Earthquakes,St. Louis City,1413.6790120927951,1396.5135429395043,137.16546915329081,137.16546915329081,0.6877428403137651
5715,2025-09-21,2025,27,30,Sporting Kansas City,Vancouver Whitecaps,1391.558448732164,1556.48362628576,-44.925177553596086,44.925177553596086,0.43570540450382444
5716,2025-09-22,2025,1,26,Austin FC,Seattle Sounders,1498.7500689622148,1567.8120119330633,50.93805702915142,-50.93805702915142,0.5727849995570677
5717,2025-09-22,2025,13,23,Los Angeles FC,Real Salt Lake,1600.6279586860592,1476.8444444923912,243.783514193668,243.783514193668,0.802711890691916
5718,2025-09-25,2025,18,12,New York City,Inter Miami,1579.3687492200393,1624.7285443115948,74.6402049084445,74.6402049084445,0.6057933263039399
5719,2025-09-25,2025,30,22,Vancouver Whitecaps,Portland Timbers,1567.3762613983556,1507.630815210939,179.74544618741652,179.74544618741652,0.7378256795365326
5720,2025-09-27,2025,29,12,Toronto FC,Inter Miami,1401.320966002358,1639.8733774691932,-118.55241146683511,118.55241146683511,0.33571637152928013
5721,2025-09-28,2025,3,2,Charlotte,CF Montreal,1571.7865282940934,1397.3603750692855,294.4261532248079,294.4261532248079,0.8448613343581376
5722,2025-09-28,2025,4,7,Chicago Fire,Columbus Crew,1485.061402066883,1582.3556078495735,22.705794217309403,22.705794217309403,0.5326298242945329
5723,2025-09-28,2025,6,15,Colorado Rapids,Minnesota United,1452.0300119089807,1569.9624505660784,2.0675613429023088,2.0675613429023088,0.5029754248311183
5724,2025-09-28,2025,8,21,DC United,Philadelphia Union,1396.78329425452,1580.6615199008652,-63.8782256463453,63.8782256463453,0.40909384733518495
5725,2025-09-28,2025,14,27,Los Angeles Galaxy,Sporting Kansas City,1463.0209114379281,1380.6658136195683,202.3550978183598,202.3550978183598,0.762212791588681
5726,2025-09-28,2025,16,11,Nashville SC,Houston Dynamo,1507.7107059093084,1496.5262171538882,131.18448875542026,131.18448875542026,0.6803016962856329
5727,2025-09-28,2025,17,0,New England Revolution,Atlanta Utd,1390.3682692696136,1454.9786655099326,55.389603759680995,55.389603759680995,0.5790435215607028
5728,2025-09-28,2025,19,18,New York Red Bulls,New York City,1514.7219128689355,1564.2239160624408,70.49799680649471,70.49799680649471,0.6000849529655069
5729,2025-09-28,2025,22,10,Portland Timbers,FC Dallas,1513.5764571993525,1480.9444806871795,152.63197651217297,152.63197651217297,0.7065362285958119
5730,2025-09-28,2025,23,1,Real Salt Lake,Austin FC,1471.912241759689,1509.430443973288,82.4817977864011,82.4817977864011,0.616520023641379
5731,2025-09-28,2025,24,25,San Diego FC,San Jose Earthquakes,1575.4036761411085,1396.485441084951,298.9182350561575,298.9182350561575,0.8482204825313352
5732,2025-09-28,2025,26,30,Seattle Sounders,Vancouver Whitecaps,1557.13163692199,1561.4306194099422,115.70101751204788,115.70101751204788,0.6606133257126571
5733,2025-09-28,2025,28,13,St. Louis City,Los Angeles FC,1413.7071139473485,1605.5601614187613,-71.85304747141276,71.85304747141276,0.3980445776911417
5734,2025-09-29,2025,9,20,FC Cincinnati,Orlando City,1599.6127849076356,1587.8150412839627,131.7977436236729,131.7977436236729,0.6810689902776209
5735,2025-10-01,2025,12,4,Inter Miami,Chicago Fire,1635.7662867574252,1496.7456564595195,259.02063029790565,259.02063029790565,0.816234710354154
5736,2025-10-04,2025,2,16,CF Montreal,Nashville SC,1418.481908428239,1515.7031635021676,22.77874492607134,-22.77874492607134,0.5327343602593572
5737,2025-10-04,2025,8,3,DC United,Charlotte,1386.5559480711402,1550.66499493514,-44.109046863999765,-44.109046863999765,0.43686083718481605
5738,2025-10-04,2025,10,14,FC Dallas,Los Angeles Galaxy,1486.1078864020749,1468.965591648211,137.14229475386378,137.14229475386378,0.6877141910447846
5739,2025-10-05,2025,1,28,Austin FC,St. Louis City,1499.8434445643225,1403.75599950507,216.08744505925256,216.08744505925256,0.7762420187430659
5740,2025-10-05,2025,4,29,Chicago Fire,Toronto FC,1517.1515242183734,1405.4280567141261,231.7234675042473,231.7234675042473,0.7914862473833951
5741,2025-10-05,2025,11,24,Houston Dynamo,San Diego FC,1488.533759561029,1554.1981640778251,54.33559548320386,-54.33559548320386,0.5775638847696507
5742,2025-10-05,2025,12,17,Inter Miami,New England Revolution,1615.3604189985713,1400.892181230596,334.4682377679753,334.4682377679753,0.8727342795852402
5743,2025-10-05,2025,15,27,Minnesota United,Sporting Kansas City,1570.0368361868564,1374.7211334092854,315.315702777571,315.315702777571,0.8599774987806291
5744,2025-10-05,2025,19,9,New York Red Bulls,FC Cincinnati,1499.7197890447978,1595.0860601506952,24.63372889410266,-24.63372889410266,0.5353915007059789
5745,2025-10-05,2025,20,7,Orlando City,Columbus Crew,1592.3417660409032,1570.671353456937,141.67041258396625,141.67041258396625,0.6932846295641539
5746,2025-10-05,2025,21,18,Philadelphia Union,New York City,1590.888866084245,1579.2260398865785,131.6628261976664,131.6628261976664,0.6809002679123752
5747,2025-10-05,2025,23,6,Real Salt Lake,Colorado Rapids,1481.4992411686546,1451.9556262882027,149.54361488045197,149.54361488045197,0.7028365936182703
5748,2025-10-05,2025,26,22,Seattle Sounders,Portland Timbers,1553.1163037791737,1508.4130514844571,164.70325229471655,164.70325229471655,0.7207345493269329
5749,2025-10-05,2025,30,25,Vancouver Whitecaps,San Jose Earthquakes,1565.4459525527586,1417.6909531482343,267.75499940452437,267.75499940452437,0.8236567758124301
5750,2025-10-06,2025,13,0,Los Angeles FC,Atlanta Utd,1615.5112758610398,1444.4547535489503,291.05652231208956,291.05652231208956,0.8423018958016303
5751,2025-10-09,2025,13,29,Los Angeles FC,Toronto FC,1619.4537284659991,1412.715212898711,326.73851556728823,326.73851556728823,0.8677096571411884
5752,2025-10-12,2025,12,0,Inter Miami,Atlanta Utd,1618.5420620089403,1440.512300943991,298.0297610649493,298.0297610649493,0.8475608599072246
5753,2025-10-12,2025,14,10,Los Angeles Galaxy,FC Dallas,1461.1584464243308,1493.9150316259552,87.24341479837562,-87.24341479837562,0.6229793627431182
5754,2025-10-12,2025,20,30,Orlando City,Vancouver Whitecaps,1587.5096503017994,1569.8545331574478,137.6551171443516,137.6551171443516,0.6883478301950472
5755,2025-10-12,2025,26,23,Seattle Sounders,Real Salt Lake,1560.0979400460003,1488.928326328198,191.16961371780235,191.16961371780235,0.7503464276141193
5756,2025-10-13,2025,1,13,Austin FC,Los Angeles FC,1480.4373940957457,1622.7609870374695,-22.323592941723746,22.323592941723746,0.4679179041680331
5757,2025-10-18,2025,0,8,Atlanta Utd,DC United,1436.7013224416717,1375.6344271415198,181.06689530015183,181.06689530015183,0.7392944806452015
5758,2025-10-18,2025,3,21,Charlotte,Philadelphia Union,1561.5865158647603,1598.8663593864355,82.72015647832472,82.72015647832472,0.6168443685407489
5759,2025-10-18,2025,7,19,Columbus Crew,New York Red Bulls,1575.5034691960407,1486.3350015271483,209.1684676688924,209.1684676688924,0.7692481092399953
5760,2025-10-18,2025,9,2,FC Cincinnati,CF Montreal,1608.4708476683447,1417.663549421755,310.80729824658965,310.80729824658965,0.8568231096242195
5761,2025-10-18,2025,16,12,Nashville SC,Inter Miami,1516.5215225086515,1622.3530405112597,14.168481997391837,-14.168481997391837,0.5203787891077722
5762,2025-10-18,2025,17,4,New England Revolution,Chicago Fire,1397.710538220227,1509.8643680337887,7.846170186438258,-7.846170186438258,0.5112896274110251
5763,2025-10-18,2025,18,26,New York City,Seattle Sounders,1571.248546584388,1566.3392793556472,124.90926722874065,124.90926722874065,0.6723946014396563
5764,2025-10-18,2025,29,20,Toronto FC,Orlando City,1409.4079543272405,1570.3009545469233,-40.89300021968279,40.89300021968279,0.4414204966180177
5765,2025-10-19,2025,6,13,Colorado Rapids,Los Angeles FC,1444.5265411286593,1609.4589346416703,-44.93239351301099,44.93239351301099,0.4356951916419753
5766,2025-10-19,2025,14,15,Los Angeles Galaxy,Minnesota United,1470.5839623557529,1573.5373987173407,17.04656363841218,17.04656363841218,0.5245123109679352
5767,2025-10-19,2025,22,24,Portland Timbers,San Diego FC,1501.4314152176305,1568.6372611970664,52.794154020564065,-52.794154020564065,0.5753974782447983
5768,2025-10-19,2025,25,1,San Jose Earthquakes,Austin FC,1413.282372543545,1493.7394464915449,39.54292605200021,39.54292605200021,0.5566623962168731
5769,2025-10-19,2025,27,11,Sporting Kansas City,Houston Dynamo,1371.220570878801,1474.0946624417877,17.125908437013322,17.125908437013322,0.5246262215976584
5770,2025-10-19,2025,28,23,St. Louis City,Real Salt Lake,1423.1620499736466,1482.686987018551,60.47506295509561,60.47506295509561,0.5861622030750273
5771,2025-10-19,2025,30,10,Vancouver Whitecaps,FC Dallas,1587.063228912324,1484.489515694533,222.57371321779078,222.57371321779078,0.7826603161619885
5772,2025-10-23,2025,4,20,Chicago Fire,Orlando City,1510.1466087190643,1556.3364669623738,73.81014175669043,73.81014175669043,0.6046516734778534
5773,2025-10-23,2025,22,23,Portland Timbers,Real Salt Lake,1487.0464782615106,1484.8410420954267,122.20543616608393,122.20543616608393,0.6689568964211149
5774,2025-10-25,2025,12,16,Inter Miami,Nashville SC,1635.362510238954,1503.5120527809572,251.85045745799675,251.85045745799675,0.8099626913765122
5775,2025-10-26,2025,21,4,Philadelphia Union,Chicago Fire,1589.2874685999543,1520.0303168821179,189.25715171783645,189.25715171783645,0.748278466751377
5776,2025-10-26,2025,30,10,Vancouver Whitecaps,FC Dallas,1567.496721008274,1504.056023598583,183.4406974096912,183.4406974096912,0.7419195657339076
5777,2025-10-27,2025,9,7,FC Cincinnati,Columbus Crew,1612.0502699277392,1581.2722664650407,150.7780034626985,150.7780034626985,0.7043185313800943
5778,2025-10-27,2025,24,22,San Diego FC,Portland Timbers,1583.0221981531863,1495.3225558509828,207.69964230220353,207.69964230220353,0.7677438426934021
5779,2025-10-28,2025,3,18,Charlotte,New York City,1571.1654066512415,1554.4386815483965,136.72672510284497,-136.72672510284497,0.687200201110879
5780,2025-10-28,2025,15,26,Minnesota United,Seattle Sounders,1561.6502064915392,1583.1491443916386,98.50106209990054,-98.50106209990054,0.6380747390046706
5781,2025-10-30,2025,13,1,Los Angeles FC,Austin FC,1607.8513144327196,1482.6560063969666,245.195308035753,245.195308035753,0.8039957519637773
5782,2025-11-01,2025,4,21,Chicago Fire,Philadelphia Union,1526.2372785509024,1583.0805069311698,63.15677161973258,63.15677161973258,0.5899018394275134
5783,2025-11-01,2025,16,12,Nashville SC,Inter Miami,1498.76112006537,1640.1134429545411,-21.35232288917109,21.35232288917109,0.4693101655614926
5784,2025-11-01,2025,18,3,New York City,Charlotte,1571.6186865761686,1553.9854016234694,137.6332849526991,137.6332849526991,0.6883208688586698
5785,2025-11-02,2025,7,9,Columbus Crew,FC Cincinnati,1573.880229749543,1619.4423066432369,74.43792310630624,74.43792310630624,0.6055152177013482
5786,2025-11-02,2025,10,30,FC Dallas,Vancouver Whitecaps,1497.6040127419305,1573.9487318649265,43.65528087700409,-43.65528087700409,0.5624964486581856
5787,2025-11-02,2025,22,24,Portland Timbers,San Diego FC,1489.5161519183177,1588.8286020858513,20.687549832466402,-20.687549832466402,0.5297366426025925
5788,2025-11-03,2025,1,13,Austin FC,Los Angeles FC,1477.755900196061,1612.7514206336252,-14.99552043756421,14.99552043756421,0.47843310155975777
5789,2025-11-04,2025,26,15,Seattle Sounders,Minnesota United,1586.6010128667554,1558.1983380164224,148.40267485033291,148.40267485033291,0.7014630400805824
5790,2025-11-08,2025,3,18,Charlotte,New York City,1558.6934233449363,1566.9106648547017,111.78275849023453,-111.78275849023453,0.6555381784843399
5791,2025-11-08,2025,9,7,FC Cincinnati,Columbus Crew,1609.5801870857706,1583.7423493070094,145.83783777876124,-145.83783777876124,0.6983620227687598
5792,2025-11-08,2025,15,26,Minnesota United,Seattle Sounders,1550.734914018437,1594.0644368647409,76.67047715369608,-76.67047715369608,0.6085808389952226
5793,2025-11-09,2025,12,16,Inter Miami,Nashville SC,1626.8461970935784,1512.0283659263328,234.81783116724569,234.81783116724569,0.7944107002510532
5794,2025-11-10,2025,24,22,San Diego FC,Portland Timbers,1589.5720181509162,1488.772735853253,220.79928229766324,220.79928229766324,0.7809177909571551
5795,2025-11-23,2025,9,12,FC Cincinnati,Inter Miami,1617.1211365165516,1631.985929587302,105.13520692924953,-105.13520692924953,0.6468466575424956
5796,2025-11-23,2025,30,13,Vancouver Whitecaps,Los Angeles FC,1575.511143081381,1624.7122481726192,70.7988949087619,70.7988949087619,0.6005005574620461
5797,2025-11-24,2025,21,18,Philadelphia Union,New York City,1597.8280529168576,1583.2991193168102,134.52893360004737,134.52893360004737,0.6844742635026381
5798,2025-11-25,2025,24,15,San Diego FC,Minnesota United,1595.0490733769873,1548.0203930435564,167.02868033343088,167.02868033343088,0.723420903831257
5799,2025-11-29,2025,12,18,Inter Miami,New York City,1648.1570960258643,1600.410975904376,167.74612012148827,167.74612012148827,0.7242464671781667
5800,2025-11-30,2025,24,30,San Diego FC,Vancouver Whitecaps,1601.9635507812059,1572.99862914483,148.96492163637595,148.96492163637595,0.7021403728877982
5801,2025-12-06,2025,12,30,Inter Miami,Vancouver Whitecaps,1655.0509343464103,1590.5521384670249,184.4987958793854,184.4987958793854,0.7430841016364604
5802,2026-02-21,2026,9,0,FC Cincinnati,Atlanta Utd,1600.9499700779893,1430.7189604255416,290.2310096524477,290.2310096524477,0.8416696588445984
5803,2026-02-21,2026,28,3,St. Louis City,Charlotte,1421.007994896771,1542.3049688828278,-1.2969739860568552,-1.2969739860568552,0.49813351306602793
5804,2026-02-22,2026,1,15,Austin FC,Minnesota United,1465.795072657067,1541.1059156393378,44.68915701772926,44.68915701772926,0.5639605218637679
5805,2026-02-22,2026,8,21,DC United,Philadelphia Union,1381.61678915765,1580.7161963292917,-79.09940717164181,79.09940717164181,0.3880935982071101
5806,2026-02-22,2026,10,29,FC Dallas,Toronto FC,1496.041601525476,1423.37244191179,192.6691596136859,192.6691596136859,0.7519599495382971
5807,2026-02-22,2026,11,4,Houston Dynamo,Chicago Fire,1474.710317981729,1511.4897325652146,83.2205854165145,83.2205854165145,0.6175249850414282
5808,2026-02-22,2026,13,12,Los Angeles FC,Inter Miami,1627.2247621091703,1661.4738318054988,85.75093030367157,85.75093030367157,0.6209593191626473
5809,2026-02-22,2026,16,17,Nashville SC,New England Revolution,1506.8886334326091,1397.4282975349513,229.46033589765784,229.46033589765784,0.7893280570764994
5810,2026-02-22,2026,20,19,Orlando City,New York Red Bulls,1546.4527587993202,1480.5662042581482,185.88655454117202,185.88655454117202,0.744606238665256
5811,2026-02-22,2026,22,7,Portland Timbers,Columbus Crew,1483.2956806271818,1576.2013998762284,27.09428075095343,-27.09428075095343,0.5389129540074388
5812,2026-02-22,2026,24,2,San Diego FC,CF Montreal,1584.410041459011,1414.0841271623606,290.32591429665035,290.32591429665035,0.8417424482067352
5813,2026-02-22,2026,25,27,San Jose Earthquakes,Sporting Kansas City,1424.3658126381233,1370.6049153388597,173.76089729926366,173.76089729926366,0.7311073610863374
5814,2026-02-22,2026,30,23,Vancouver Whitecaps,Real Salt Lake,1584.1292410079363,1476.5649645059545,227.5642765019818,227.5642765019818,0.7875073453931464
5815,2026-02-23,2026,14,18,Los Angeles Galaxy,New York City,1482.4711545815544,1593.5171375838302,8.954016997724239,8.954016997724239,0.5128830141917416
5816,2026-02-23,2026,26,6,Seattle Sounders,Colorado Rapids,1596.7789578396214,1446.13416133761,270.64479650201133,270.64479650201133,0.8260599550062842
5817,2026-02-28,2026,4,2,Chicago Fire,CF Montreal,1501.9278571912503,1410.127688367529,211.80016882372138,211.80016882372138,0.7719262158024579
5818,2026-02-28,2026,6,22,Colorado Rapids,Portland Timbers,1441.7856602127672,1494.8228567769959,66.96280343577132,66.96280343577132,0.5951914507797
5819,2026-02-28,2026,15,9,Minnesota United,FC Cincinnati,1542.704928685932,1604.9082286068742,57.7967000790577,57.7967000790577,0.5824172896542781
5820,2026-02-28,2026,19,17,New York Red Bulls,New England Revolution,1499.1813602247796,1392.1614989618638,227.0198612629158,227.0198612629158,0.7869824465263909
5821,2026-03-01,2026,1,8,Austin FC,DC United,1464.196059610473,1396.9144492024723,187.2816104080007,187.2816104080007,0.7461303955110855
5822,2026-03-01,2026,10,16,FC Dallas,Nashville SC,1502.2426027870185,1512.1554320056966,110.0871707813219,-110.0871707813219,0.6533308274193829
5823,2026-03-01,2026,11,13,Houston Dynamo,Los Angeles FC,1484.2721933556934,1636.7007791301041,-32.42858577441075,32.42858577441075,0.4534665650593076
5824,2026-03-01,2026,14,3,Los Angeles Galaxy,Charlotte,1482.149079226761,1542.2583067094786,59.89077251728236,59.89077251728236,0.5853460757692088
5825,2026-03-01,2026,21,18,Philadelphia Union,New York City,1565.4185362844694,1593.8392129386236,91.57932334584575,91.57932334584575,0.6288235092042409
5826,2026-03-01,2026,23,26,Real Salt Lake,Seattle Sounders,1471.2526481407833,1601.1274589644643,-9.874810823680946,9.874810823680946,0.4857928302321552
5827,2026-03-01,2026,25,0,San Jose Earthquakes,Atlanta Utd,1431.088128610965,1426.7607018966567,124.32742671430833,124.32742671430833,0.6716563822075938
5828,2026-03-01,2026,27,7,Sporting Kansas City,Columbus Crew,1363.882599366018,1564.6742237264143,-80.79162436039633,80.79162436039633,0.3857828284350349
5829,2026-03-01,2026,30,29,Vancouver Whitecaps,Toronto FC,1589.4415573731076,1417.1714406502474,292.27011672286017,292.27011672286017,0.843227626048951
5830,2026-03-02,2026,20,12,Orlando City,Inter Miami,1527.8376028326888,1651.997814784565,-4.160211951876136,4.160211951876136,0.49401325985435607
5831,2026-03-02,2026,24,28,San Diego FC,St. Louis City,1588.3664802538426,1421.0546570701201,287.3118231837225,287.3118231837225,0.8394174235777532
5832,2026-03-07,2026,8,12,DC United,Inter Miami,1390.5677090902493,1664.3481462809239,-153.78043719067455,153.78043719067455,0.2920948875978115
5833,2026-03-07,2026,18,20,New York City,Orlando City,1609.5598006687296,1515.48727133633,214.07252933239965,214.07252933239965,0.774220968419151
5834,2026-03-08,2026,0,23,Atlanta Utd,Real Salt Lake,1418.5521114518465,1484.1078273849794,54.44428406686711,54.44428406686711,0.5777165287233582
5835,2026-03-08,2026,3,1,Charlotte,Austin FC,1531.8919586037089,1470.542799722696,181.34915888101295,181.34915888101295,0.7396075274754633
5836,2026-03-08,2026,6,14,Colorado Rapids,Los Angeles Galaxy,1451.9058739432746,1492.5154273325306,79.390446610744,79.390446610744,0.6123041859672665
5837,2026-03-08,2026,7,4,Columbus Crew,Chicago Fire,1561.81879443729,1507.6297017961888,174.1890926411013,174.1890926411013,0.7315916562797061
5838,2026-03-08,2026,9,29,FC Cincinnati,Toronto FC,1594.4686608482311,1413.252131301471,301.21652954676006,301.21652954676006,0.8499159161973758
5839,2026-03-08,2026,13,10,Los Angeles FC,FC Dallas,1648.0374432565868,1498.409332101534,269.6281111550529,269.6281111550529,0.8252174321143265
5840,2026-03-08,2026,16,15,Nashville SC,Minnesota United,1515.9887026911813,1553.144496444575,82.84420624660629,82.84420624660629,0.6170131272592129
5841,2026-03-08,2026,19,2,New York Red Bulls,CF Montreal,1504.5067990616199,1404.4258437625904,220.08095529902948,220.08095529902948,0.7802095281009419
5842,2026-03-08,2026,21,25,Philadelphia Union,San Jose Earthquakes,1549.6979485543634,1439.2967190557752,230.40122949858824,230.40122949858824,0.7902273048236882
5843,2026-03-08,2026,22,30,Portland Timbers,Vancouver Whitecaps,1484.7026430464884,1593.360866721884,11.341776324604552,-11.341776324604552,0.5163163327753029
5844,2026-03-08,2026,27,24,Sporting Kansas City,San Diego FC,1366.7380286551422,1592.3810446643988,-105.6430160092566,105.6430160092566,0.352485868809111
5845,2026-03-08,2026,28,26,St. Louis City,Seattle Sounders,1417.040092659564,1588.2722797202682,-51.23218706070429,51.23218706070429,0.4268007341719835
5846,2026-03-14,2026,0,21,Atlanta Utd,Philadelphia Union,1404.1091982337625,1529.9422659337713,-5.833067700008769,-5.833067700008769,0.4916063294124928
5847,2026-03-14,2026,3,12,Charlotte,Inter Miami,1538.4017704168223,1671.6505184708692,-13.248748054046928,-13.248748054046928,0.4809427551897949
5848,2026-03-14,2026,7,16,Columbus Crew,Nashville SC,1556.0290030302974,1525.563374509701,150.4656285205965,150.4656285205965,0.7039439168828431
5849,2026-03-14,2026,18,6,New York City,Colorado Rapids,1615.204276458251,1461.598269294093,273.606007164158,273.606007164158,0.8284956255519073
5850,2026-03-14,2026,20,2,Orlando City,CF Montreal,1509.8427955468087,1423.931081965114,205.9117135816948,205.9117135816948,0.7659035620778275
5851,2026-03-14,2026,29,19,Toronto FC,New York Red Bulls,1434.5000292064055,1485.0015608590963,69.4984683473092,69.4984683473092,0.5987033593705792
5852,2026-03-15,2026,4,8,Chicago Fire,DC United,1513.4194932031814,1383.265336900304,250.15415630287748,250.15415630287748,0.8084551281047259
5853,2026-03-15,2026,10,24,FC Dallas,San Diego FC,1494.039767904392,1601.1931913846265,12.84657651976545,12.84657651976545,0.5184792889965771
5854,2026-03-15,2026,11,22,Houston Dynamo,Portland Timbers,1472.9355292292107,1471.7947347271058,121.14079450210488,121.14079450210488,0.6675983001939209
5855,2026-03-15,2026,13,28,Los Angeles FC,St. Louis City,1652.4070074537287,1406.3700743052643,366.0369331484644,366.0369331484644,0.8915892184653427
5856,2026-03-15,2026,14,27,Los Angeles Galaxy,Sporting Kansas City,1482.8230319817123,1357.9258819349145,244.89715004679783,244.89715004679783,0.8037251394127568
5857,2026-03-15,2026,17,9,New England Revolution,FC Cincinnati,1386.8360601250236,1573.2207629432967,-66.38470281827313,-66.38470281827313,0.4056106015182105
5858,2026-03-15,2026,23,1,Real Salt Lake,Austin FC,1498.5507406030633,1464.0329879095825,154.51775269348082,154.51775269348082,0.7087819604831628
5859,2026-03-15,2026,25,26,San Jose Earthquakes,Seattle Sounders,1459.0524016763673,1598.9422980745678,-19.889896398200563,-19.889896398200563,0.47140736689854623
5860,2026-03-15,2026,30,15,Vancouver Whitecaps,Minnesota United,1606.2687750412665,1543.5698246260554,182.69895041521113,182.69895041521113,0.7411011545097135
5861,2026-03-21,2026,0,8,Atlanta Utd,DC United,1416.8190399984503,1403.476715102922,133.34232489552824,133.34232489552824,0.6829971936276716
5862,2026-03-21,2026,3,19,Charlotte,New York Red Bulls,1538.8782015370773,1487.469144843361,171.40905669371637,171.40905669371637,0.7284375658921012
5863,2026-03-21,2026,16,20,Nashville SC,Orlando City,1543.161972431772,1515.695206494863,147.46676593690904,147.46676593690904,0.7003336011277206
5864,2026-03-21,2026,21,4,Philadelphia Union,Chicago Fire,1517.2324241690835,1493.2081150005633,144.02430916852018,144.02430916852018,0.6961583705207326
5865,2026-03-21,2026,29,7,Toronto FC,Columbus Crew,1432.0324452221412,1538.4304051082263,13.602040113914882,-13.602040113914882,0.5195649145027288
5866,2026-03-22,2026,1,13,Austin FC,Los Angeles FC,1456.7525369216617,1655.1172769920952,-78.36474007043353,78.36474007043353,0.3890983821852626
5867,2026-03-22,2026,9,2,FC Cincinnati,CF Montreal,1558.361027981252,1418.0786710170596,260.28235696419233,260.28235696419233,0.8173216395550841
5868,2026-03-22,2026,10,11,FC Dallas,Houston Dynamo,1493.5777856794775,1481.2455717243627,132.33221395511487,132.33221395511487,0.6817369110334476
5869,2026-03-22,2026,15,26,Minnesota United,Seattle Sounders,1537.0973534887983,1610.7274822470315,46.36987124176676,46.36987124176676,0.5663381943759987
5870,2026-03-22,2026,18,12,New York City,Inter Miami,1619.4918858194533,1671.1740873506142,68.3177984688391,68.3177984688391,0.5970693627078714
5871,2026-03-22,2026,22,14,Portland Timbers,Los Angeles Galaxy,1463.4846922319539,1462.7299034963935,120.7547887355604,-120.7547887355604,0.6671050247065275
5872,2026-03-22,2026,24,23,San Diego FC,Real Salt Lake,1601.655173609541,1505.8311915909842,215.82398201855676,215.82398201855676,0.7759784869700344
5873,2026-03-22,2026,27,6,Sporting Kansas City,Colorado Rapids,1378.0190104202334,1457.3106599328905,40.70835048734284,40.70835048734284,0.5583174022647933
5874,2026-03-22,2026,28,17,St. Louis City,New England Revolution,1403.6598047668979,1401.6957950870683,121.96400967982959,121.96400967982959,0.6686490563079465
5875,2026-03-22,2026,30,25,Vancouver Whitecaps,San Jose Earthquakes,1612.7412461785236,1447.2672175039036,285.47402867462006,285.47402867462006,0.8379862667125321
5876,2026-04-04,2026,17,2,New England Revolution,CF Montreal,1393.412021494767,1413.5117120059367,99.90030948883032,99.90030948883032,0.6399327811960084
5877,2026-04-04,2026,23,27,Real Salt Lake,Sporting Kansas City,1512.730653765235,1364.0610753636136,268.6695784016215,268.6695784016215,0.8244201572189999
5878,2026-04-04,2026,29,6,Toronto FC,Colorado Rapids,1444.043322359573,1471.2685949895103,92.77472737006269,92.77472737006269,0.6304282064612075
5879,2026-04-05,2026,0,7,Atlanta Utd,Columbus Crew,1412.2441101577585,1526.4195279707944,5.824582186964108,-5.824582186964108,0.5083814623890222
5880,2026-04-05,2026,3,21,Charlotte,Philadelphia Union,1545.6672623897748,1499.8284649060652,165.83879748370964,165.83879748370964,0.7220483362738597
5881,2026-04-05,2026,4,16,Chicago Fire,Nashville SC,1510.6120742635817,1550.653632403579,79.95844186000272,79.95844186000272,0.6130800737490945
5882,2026-04-05,2026,8,10,DC United,FC Dallas,1408.0516449436138,1501.5343629036413,26.517282039972542,26.517282039972542,0.5380875096169487
5883,2026-04-05,2026,11,26,Houston Dynamo,Seattle Sounders,1473.288994500199,1612.3859371064316,-19.096942606232687,-19.096942606232687,0.4725449338857072
5884,2026-04-05,2026,12,1,Inter Miami,Austin FC,1686.100821418311,1459.52507736703,346.57574405128094,346.57574405128094,0.8802764166774694
5885,2026-04-05,2026,13,20,Los Angeles FC,Orlando City,1652.3447365467268,1508.203546523056,264.1411900236708,264.1411900236708,0.8206148809729433
5886,2026-04-05,2026,14,15,Los Angeles Galaxy,Minnesota United,1466.9075291140566,1535.4388986293982,51.46863048465843,51.46863048465843,0.5735322092100913
5887,2026-04-05,2026,18,28,New York City,St. Louis City,1604.5651517517565,1411.9435783591991,312.62157339255737,312.62157339255737,0.8580995589636979
5888,2026-04-05,2026,19,9,New York Red Bulls,FC Cincinnati,1480.6800839906634,1562.9279869923748,37.75209699828861,37.75209699828861,0.5541168194958466
5889,2026-04-05,2026,25,24,San Jose Earthquakes,San Diego FC,1468.2168741717169,1594.75571143529,-6.538837263573214,-6.538837263573214,0.4905909676214591
5890,2026-04-05,2026,30,22,Vancouver Whitecaps,Portland Timbers,1591.7915895107103,1459.3070666142908,252.48452289641955,252.48452289641955,0.8105238712918793
5891,2026-04-11,2026,1,14,Austin FC,Los Angeles Galaxy,1469.0319877839668,1452.5692238838044,136.46276390016237,136.46276390016237,0.6868734861614263
5892,2026-04-11,2026,2,21,CF Montreal,Philadelphia Union,1404.510031535837,1492.8796733129116,31.63035822292545,31.63035822292545,0.5453944013697244
5893,2026-04-11,2026,22,13,Portland Timbers,Los Angeles FC,1454.5701633965878,1656.8293645224032,-82.25920112581548,82.25920112581548,0.3837829668561421
5894,2026-04-11,2026,29,9,Toronto FC,FC Cincinnati,1453.2826171980428,1551.780907479771,21.50170971827174,21.50170971827174,0.5309040037537646
5895,2026-04-12,2026,3,16,Charlotte,Nashville SC,1552.6160539829284,1540.9806342473064,131.635419735622,131.635419735622,0.6808659886860785
5896,2026-04-12,2026,4,0,Chicago Fire,Atlanta Utd,1520.2850724198543,1399.534573598033,240.75049882182134,240.75049882182134,0.7999322975158212
5897,2026-04-12,2026,6,11,Colorado Rapids,Houston Dynamo,1462.0293001510406,1461.4753711530561,120.55392899798449,120.55392899798449,0.6668482017084415
5898,2026-04-12,2026,10,28,FC Dallas,St. Louis City,1514.9865506440651,1420.8960673332915,214.0904833107736,214.0904833107736,0.774239034028785
5899,2026-04-12,2026,12,19,Inter Miami,New York Red Bulls,1676.5939110013742,1491.8271635032672,304.76674749810695,304.76674749810695,0.8525041986218804
5900,2026-04-12,2026,17,8,New England Revolution,DC United,1402.4137019648667,1394.59945720319,127.81424476167672,127.81424476167672,0.676067538166666
5901,2026-04-12,2026,24,15,San Diego FC,Minnesota United,1582.0204856258265,1549.7772038596504,152.2432817661761,152.2432817661761,0.7060720833974891
5902,2026-04-12,2026,27,25,Sporting Kansas City,San Jose Earthquakes,1359.6715792940886,1480.9520999811805,-1.2805206870918937,1.2805206870918937,0.49815719094081773
5903,2026-04-12,2026,30,18,Vancouver Whitecaps,New York City,1596.5284927284133,1595.6126627776641,120.91582995074918,120.91582995074918,0.6673108633377668
5904,2026-04-13,2026,7,20,Columbus Crew,Orlando City,1539.12906453052,1503.7189185473796,155.4101459831404,155.4101459831404,0.7098411567205009
5905,2026-04-18,2026,2,19,CF Montreal,New York Red Bulls,1390.875171501594,1500.6397684688143,10.235403032779686,-10.235403032779686,0.5147256692201805
5906,2026-04-18,2026,6,12,Colorado Rapids,Inter Miami,1470.3580951083295,1667.7813060358271,-77.42321092749762,77.42321092749762,0.39038746322996115
5907,2026-04-18,2026,29,1,Toronto FC,Austin FC,1452.5100171041986,1451.860150629931,120.64986647426758,120.64986647426758,0.6669708815218267
5908,2026-04-18,2026,30,27,Vancouver Whitecaps,Sporting Kansas City,1604.845721144969,1347.217649520568,377.62807162440095,377.62807162440095,0.8978721219941174
5909,2026-04-19,2026,0,16,Atlanta Utd,Nashville SC,1394.5328810359285,1558.0022839644585,-43.46940292852992,43.46940292852992,0.4377668895867183
5910,2026-04-19,2026,9,4,FC Cincinnati,Chicago Fire,1552.5535075736152,1525.2867649819586,147.26674259165657,-147.26674259165657,0.7000918995204655
5911,2026-04-19,2026,10,14,FC Dallas,Los Angeles Galaxy,1508.1305747933454,1469.7410610378402,158.38951375550528,158.38951375550528,0.7133608596881315
5912,2026-04-19,2026,15,22,Minnesota United,Portland Timbers,1567.4290059445875,1469.9755892251842,217.45341671940332,217.45341671940332,0.777604807408529
5913,2026-04-19,2026,17,7,New England Revolution,Columbus Crew,1410.5120135107002,1533.8830356125075,-3.3710221018072843,3.3710221018072843,0.4951488614530564
5914,2026-04-19,2026,18,3,New York City,Charlotte,1587.2954343611084,1535.5944042657763,171.70103009533204,171.70103009533204,0.72876991475697
5915,2026-04-19,2026,20,11,Orlando City,Houston Dynamo,1508.9649474653922,1453.1465761957672,175.818371269625,-175.818371269625,0.7334293381981744
5916,2026-04-19,2026,21,8,Philadelphia Union,DC United,1506.5145333471546,1386.5011456573566,240.01338768979804,240.01338768979804,0.7992523564175911
5917,2026-04-19,2026,23,24,Real Salt Lake,San Diego FC,1517.12014983476,1564.3686835408894,72.75146629387064,72.75146629387064,0.6031939356202712
5918,2026-04-19,2026,26,28,Seattle Sounders,St. Louis City,1624.1995604535743,1427.7520431840112,316.44751726956315,316.44751726956315,0.8607602017071618
5919,2026-04-20,2026,13,25,Los Angeles FC,San Jose Earthquakes,1641.4239386938068,1493.406029754701,268.01790893910584,268.01790893910584,0.8238764880891171
5920,2026-04-23,2026,0,17,Atlanta Utd,New England Revolution,1383.5887087962606,1423.1332919743738,80.45541682188673,80.45541682188673,0.6137584767111016
5921,2026-04-23,2026,7,14,Columbus Crew,Los Angeles Galaxy,1521.2617571488338,1475.0750825300433,166.18667461879045,166.18667461879045,0.7224500567009572
5922,2026-04-23,2026,10,15,FC Dallas,Minnesota United,1502.7965533011422,1572.9888857593744,49.80766754176784,49.80766754176784,0.5711919615384033
5923,2026-04-23,2026,11,24,Houston Dynamo,San Diego FC,1471.4823096507216,1554.4485319313962,37.03377771932537,37.03377771932537,0.5530949575697546
5924,2026-04-23,2026,13,6,Los Angeles FC,Colorado Rapids,1620.8270264915789,1460.5984085275804,280.22861796399843,280.22861796399843,0.8338448822006708
5925,2026-04-23,2026,18,9,New York City,FC Cincinnati,1569.0761864921842,1547.5512100856035,141.52497640658066,141.52497640658066,0.6931065781130893
5926,2026-04-23,2026,19,8,New York Red Bulls,DC United,1488.5079101993188,1393.9824545677964,214.5254556315224,214.5254556315224,0.7746763978912683
5927,2026-04-23,2026,20,3,Orlando City,Charlotte,1490.6292140104379,1553.8136521347005,56.81556187573733,-56.81556187573733,0.5810430461255133
5928,2026-04-23,2026,23,12,Real Salt Lake,Inter Miami,1527.0403014442531,1677.5409926165762,-30.50069117232306,-30.50069117232306,0.45621839042006346
5929,2026-04-23,2026,25,1,San Jose Earthquakes,Austin FC,1514.002941956929,1456.0344226679767,177.96851928895217,177.96851928895217,0.7358422208230113
5930,2026-04-23,2026,29,21,Toronto FC,Philadelphia Union,1448.3357450661529,1499.0332244367148,69.30252062943805,-69.30252062943805,0.5984323268308536
5931,2026-04-25,2026,2,18,CF Montreal,New York City,1403.0070297710895,1564.2485220393569,-41.24149226826739,41.24149226826739,0.4409259185172136
5932,2026-04-25,2026,15,13,Minnesota United,Los Angeles FC,1587.2686847978346,1612.480904436562,94.78778036127255,-94.78778036127255,0.6331239874366742
5933,2026-04-25,2026,29,0,Toronto FC,Atlanta Utd,1445.8749368953816,1368.244746878483,197.6301900168985,197.6301900168985,0.7572480663500615
5934,2026-04-26,2026,1,11,Austin FC,Houston Dynamo,1449.4304781885521,1482.6549357114777,86.7755424770744,-86.7755424770744,0.6223465642414631
5935,2026-04-26,2026,4,27,Chicago Fire,Sporting Kansas City,1530.2890624699703,1344.664452570421,305.62460989954934,305.62460989954934,0.8531240581647794
5936,2026-04-26,2026,7,21,Columbus Crew,Philadelphia Union,1528.20050573131,1501.4940326074861,146.7064731238238,146.7064731238238,0.6994142956478219
5937,2026-04-26,2026,8,20,DC United,Orlando City,1400.8493645150782,1501.1031378573,19.746226657778152,19.746226657778152,0.5283865469918612
5938,2026-04-26,2026,9,19,FC Cincinnati,New York Red Bulls,1552.3788745384309,1481.641000252037,190.7378742863939,190.7378742863939,0.7498805765539195
5939,2026-04-26,2026,12,17,Inter Miami,New England Revolution,1688.9464523770778,1438.4772538921513,370.46919848492644,370.46919848492644,0.8940308373257726
5940,2026-04-26,2026,16,3,Nashville SC,Charlotte,1568.9464562041264,1543.3397282878384,145.60672791628804,145.60672791628804,0.6980817019389541
5941,2026-04-26,2026,24,22,San Diego FC,Portland Timbers,1543.2759058706401,1464.4157094103973,198.86019646024283,198.86019646024283,0.7585472538141079
5942,2026-04-26,2026,26,10,Seattle Sounders,FC Dallas,1627.6805554108953,1488.516754262682,259.1638011482132,259.1638011482132,0.8163582981667041
5943,2026-04-26,2026,28,25,St. Louis City,San Jose Earthquakes,1424.2710482266903,1520.6068864363535,23.66416179033672,23.66416179033672,0.5340029016709434
5944,2026-04-26,2026,30,6,Vancouver Whitecaps,Colorado Rapids,1607.3989180951162,1468.9445305825973,258.4543875125189,258.4543875125189,0.8157452872900662
5945,2026-04-27,2026,14,23,Los Angeles Galaxy,Real Salt Lake,1468.1363339475672,1515.6348416837516,72.50149226381563,72.50149226381563,0.6028494665157488
5946,2026-05-02,2026,23,22,Real Salt Lake,Portland Timbers,1505.7060783466452,1483.37939075575,142.3266875908953,142.3266875908953,0.6940873626337446
5947,2026-05-02,2026,27,26,Sporting Kansas City,Seattle Sounders,1340.9925540245404,1632.2715979567276,-171.27904393218728,171.27904393218728,0.27171050781290906
5948,2026-05-02,2026,29,25,Toronto FC,San Jose Earthquakes,1426.9437352366301,1533.9569589781272,12.986776258502914,-12.986776258502914,0.5186807740271996
5949,2026-05-03,2026,0,2,Atlanta Utd,CF Montreal,1387.1759485372345,1416.9838818081591,90.19206672907535,90.19206672907535,0.6269577034355268
5950,2026-05-03,2026,1,28,Austin FC,St. Louis City,1458.8718140825156,1410.9209756849166,167.950838397599,167.950838397599,0.724481757996529
5951,2026-05-03,2026,4,9,Chicago Fire,FC Cincinnati,1533.960961015851,1558.6318601245828,95.32910089126813,95.32910089126813,0.63384748622863
5952,2026-05-03,2026,7,15,Columbus Crew,Minnesota United,1535.7151483401144,1571.4405851119177,84.27456322819671,84.27456322819671,0.618956954901088
5953,2026-05-03,2026,11,6,Houston Dynamo,Colorado Rapids,1473.2135998175143,1464.338162764849,128.87543705266535,128.87543705266535,0.6774039063799947
5954,2026-05-03,2026,12,20,Inter Miami,Orlando City,1679.0956814439335,1489.3128015320965,309.782879911837,309.782879911837,0.8560981552421048
5955,2026-05-03,2026,14,30,Los Angeles Galaxy,Vancouver Whitecaps,1478.0650972846736,1612.0052859128646,-13.940188628190981,13.940188628190981,0.4799492144321855
5956,2026-05-03,2026,17,3,New England Revolution,Charlotte,1448.3280248252956,1535.7917708363123,32.53625398898339,32.53625398898339,0.546687035457333
5957,2026-05-03,2026,18,8,New York City,DC United,1550.2716700022872,1412.6397008402816,257.6319691620056,257.6319691620056,0.8150326467446063
5958,2026-05-03,2026,19,10,New York Red Bulls,FC Dallas,1475.388014665885,1483.9257117168497,111.46230294903535,111.46230294903535,0.6551215134381732
5959,2026-05-03,2026,21,16,Philadelphia Union,Nashville SC,1493.9793899986817,1576.4944136556526,37.484976343029075,37.484976343029075,0.553736873696711
5960,2026-05-03,2026,24,13,San Diego FC,Los Angeles FC,1524.3122245252875,1628.3090041224789,16.003220402808665,16.003220402808665,0.52301421201293
5961,2026-05-09,2026,2,20,CF Montreal,Orlando City,1407.6578243940473,1510.7152554131492,16.94256898089816,16.94256898089816,0.5243630081346186
5962,2026-05-09,2026,4,19,Chicago Fire,New York Red Bulls,1518.114773860135,1459.0099768299308,179.10479703020428,179.10479703020428,0.7371116758476048
5963,2026-05-09,2026,29,12,Toronto FC,Inter Miami,1426.4767158859502,1657.6932275628808,-111.21651167693062,111.21651167693062,0.3451982327508062
5964,2026-05-10,2026,0,14,Atlanta Utd,Los Angeles Galaxy,1396.5020059513463,1478.566366923869,37.93563902747724,37.93563902747724,0.554377848506816
5965,2026-05-10,2026,3,9,Charlotte,FC Cincinnati,1524.4589467227456,1574.4780472802986,69.98089944244703,69.98089944244703,0.5993703948006548
5966,2026-05-10,2026,6,28,Colorado Rapids,St. Louis City,1456.2732604243488,1404.0330196348298,172.24024078951902,172.24024078951902,0.7293830183532203
5967,2026-05-10,2026,10,23,FC Dallas,Real Salt Lake,1500.303749552804,1513.3538942808016,106.94985527200242,106.94985527200242,0.6492292140680886
5968,2026-05-10,2026,16,8,Nashville SC,DC United,1577.8378354980703,1433.0155170088967,264.82231848917354,264.82231848917354,0.8211913345873509
5969,2026-05-10,2026,17,21,New England Revolution,Philadelphia Union,1459.6608489388623,1492.635968156264,87.0248807825983,87.0248807825983,0.6226838469722571
5970,2026-05-10,2026,18,7,New York City,Columbus Crew,1529.8958538336722,1520.2412244675872,129.65462936608492,129.65462936608492,0.678383308384182
5971,2026-05-10,2026,22,27,Portland Timbers,Sporting Kansas City,1475.7315748215935,1346.6997913292175,249.031783492376,249.031783492376,0.8074526286658059
5972,2026-05-10,2026,25,30,San Jose Earthquakes,Vancouver Whitecaps,1534.4239783288072,1611.504016273669,42.91996205513806,-42.91996205513806,0.5614544983649437
5973,2026-05-10,2026,26,24,Seattle Sounders,San Diego FC,1626.5643606520505,1523.7368692249643,222.82749142708622,222.82749142708622,0.7829087112469776
5974,2026-05-11,2026,13,11,Los Angeles FC,Houston Dynamo,1628.8843594228022,1481.2785021580144,267.6058572647878,267.6058572647878,0.8235320426921269
5975,2026-05-11,2026,15,1,Minnesota United,Austin FC,1586.9145089844449,1465.7597701326024,241.15473885184247,241.15473885184247,0.8003044509491191
5976,2026-05-14,2026,2,22,CF Montreal,Portland Timbers,1419.548749190682,1480.5452591049484,59.003490085733574,59.003490085733574,0.584105839342674
5977,2026-05-14,2026,3,18,Charlotte,New York City,1521.9746868527293,1537.9362711240676,104.03841572866168,104.03841572866168,0.645403061418398
5978,2026-05-14,2026,8,4,DC United,Chicago Fire,1441.0453003735804,1499.6869819639448,61.35831840963556,-61.35831840963556,0.5873950207098372
5979,2026-05-14,2026,9,12,FC Cincinnati,Inter Miami,1576.962307150315,1666.323183381651,30.63912376866392,-30.63912376866392,0.5439792957059439
5980,2026-05-14,2026,10,30,FC Dallas,Vancouver Whitecaps,1509.0730192011017,1613.0403787327928,16.032640468308955,-16.032640468308955,0.5230564610260039
5981,2026-05-14,2026,15,6,Minnesota United,Colorado Rapids,1579.406897710717,1438.0386849655183,261.36821274519866,261.36821274519866,0.8182530604490597
5982,2026-05-14,2026,17,16,New England Revolution,Nashville SC,1469.0937527645558,1569.8080521333866,19.28570063116922,-19.28570063116922,0.5277258836007175
5983,2026-05-14,2026,19,7,New York Red Bulls,Columbus Crew,1477.437768726121,1512.2008071771918,85.23696154892923,-85.23696154892923,0.6202626982268143
5984,2026-05-14,2026,20,21,Orlando City,Philadelphia Union,1498.8243306165145,1483.2030643305704,135.6212662859441,135.6212662859441,0.6858306942739021
5985,2026-05-14,2026,23,11,Real Salt Lake,Houston Dynamo,1504.5846246325038,1501.8668032253174,122.71782140718642,122.71782140718642,0.669609753775831
5986,2026-05-14,2026,24,1,San Diego FC,Austin FC,1530.8095870061386,1473.2673814063303,177.5422055998083,177.5422055998083,0.7353649286693269
5987,2026-05-14,2026,26,25,Seattle Sounders,San Jose Earthquakes,1619.4916428708761,1532.8876158696835,206.60402700119266,206.60402700119266,0.7666173460470349
5988,2026-05-14,2026,27,14,Sporting Kansas City,Los Angeles Galaxy,1341.8861070458627,1492.4258131365395,-30.539706090676873,30.539706090676873,0.45616267448398445
5989,2026-05-14,2026,28,13,St. Louis City,Los Angeles FC,1422.2675950936602,1608.296058355499,-66.02846326183885,66.02846326183885,0.40610509675224826
5990,2026-05-16,2026,2,4,CF Montreal,Chicago Fire,1417.4461032071151,1514.3718574816908,23.074245725424362,-23.074245725424362,0.5331577736864216
5991,2026-05-17,2026,1,27,Austin FC,Sporting Kansas City,1466.6515046230634,1355.482040183763,231.16946443930033,231.16946443930033,0.7909594428880472
5992,2026-05-17,2026,3,29,Charlotte,Toronto FC,1505.8396103172693,1417.84676006718,207.9928502500893,207.9928502500893,0.7680446709964661
5993,2026-05-17,2026,8,28,DC United,St. Louis City,1426.3604248558345,1437.1149676748541,109.24545718098034,109.24545718098034,0.6522326049174495
5994,2026-05-17,2026,11,30,Houston Dynamo,Vancouver Whitecaps,1493.6070470697132,1626.116790258443,-12.509743188729772,12.509743188729772,0.48200480819965563
5995,2026-05-17,2026,12,22,Inter Miami,Portland Timbers,1679.9226657742995,1482.6479050885152,317.27476068578426,317.27476068578426,0.8613299569241809
5996,2026-05-17,2026,17,15,New England Revolution,Minnesota United,1455.900605674538,1558.9505711994905,16.95003447504746,16.95003447504746,0.524373726325127
5997,2026-05-17,2026,19,18,New York Red Bulls,New York City,1486.9312012704506,1554.0713476595276,52.85985361092298,-52.85985361092298,0.5754898749518322
5998,2026-05-17,2026,20,0,Orlando City,Atlanta Utd,1506.678563259667,1382.6425597386758,244.03600352099124,244.03600352099124,0.8029419650487107
5999,2026-05-17,2026,21,7,Philadelphia Union,Columbus Crew,1475.348831687418,1502.7073746328622,92.64145705455576,92.64145705455576,0.6302494478329949
6000,2026-05-17,2026,23,6,Real Salt Lake,Colorado Rapids,1512.844380788108,1458.4950114767448,174.34936931136326,174.34936931136326,0.7317727894326918
6001,2026-05-17,2026,24,9,San Diego FC,FC Cincinnati,1537.4254637894055,1563.3628247576664,94.06263903173908,94.06263903173908,0.6321538635196613
6002,2026-05-17,2026,25,10,San Jose Earthquakes,FC Dallas,1527.0530495208593,1495.9966076754515,151.0564418454078,151.0564418454078,0.7046522156443602
6003,2026-05-17,2026,26,14,Seattle Sounders,Los Angeles Galaxy,1625.3262092197003,1478.8298799986392,266.49632922106116,266.49632922106116,0.8226019264889558
6004,2026-05-18,2026,16,13,Nashville SC,Los Angeles FC,1583.0011992234045,1593.4486857743052,109.55251344909925,109.55251344909925,0.6526334237096313
6005,2026-05-23,2026,15,23,Minnesota United,Real Salt Lake,1547.0599143576187,1519.5500610522909,147.50985330532785,147.50985330532785,0.7003856518905731
6006,2026-05-23,2026,28,1,St. Louis City,Austin FC,1440.9207827977905,1446.8775185508623,114.04326424692817,114.04326424692817,0.658470531037888
6007,2026-05-24,2026,3,17,Charlotte,New England Revolution,1511.6384935423575,1467.7912625164097,163.84723102594785,163.84723102594785,0.7197416514889796
6008,2026-05-24,2026,4,29,Chicago Fire,Toronto FC,1527.7008018238514,1412.0478768420917,235.65292498175972,235.65292498175972,0.7951947100753631
6009,2026-05-24,2026,6,10,Colorado Rapids,FC Dallas,1451.789331212562,1513.6129130665606,58.176418146001424,58.176418146001424,0.5829488044057254
6010,2026-05-24,2026,7,0,Columbus Crew,Atlanta Utd,1505.963610828687,1390.2161088648936,235.7475019637934,235.7475019637934,0.7952833615571994
6011,2026-05-24,2026,8,2,DC United,CF Montreal,1422.5546097328981,1404.1171588649545,138.43745086794365,138.43745086794365,0.6893131181726221
6012,2026-05-24,2026,9,20,FC Cincinnati,Orlando City,1566.666671345658,1499.1050141334492,187.56165721220873,187.56165721220873,0.7464356340579281
6013,2026-05-24,2026,14,11,Los Angeles Galaxy,Houston Dynamo,1499.3949281608632,1506.5569268647218,112.83800129614133,112.83800129614133,0.6569085417694422
6014,2026-05-24,2026,16,18,Nashville SC,New York City,1591.6853636306637,1555.9585945333235,155.72676909734014,155.72676909734014,0.7102164139874156
6015,2026-05-24,2026,22,25,Portland Timbers,San Jose Earthquakes,1479.1811540116198,1509.4367441297502,89.74440988186961,89.74440988186961,0.6263548119997328
6016,2026-05-24,2026,24,30,San Diego FC,Vancouver Whitecaps,1534.121617201414,1613.1669104634343,40.95470673797968,-40.95470673797968,0.5586670854487147
6017,2026-05-24,2026,27,19,Sporting Kansas City,New York Red Bulls,1375.2560262559641,1485.0439543966547,10.21207185930939,-10.21207185930939,0.5146921220196561
6018,2026-05-25,2026,12,21,Inter Miami,Philadelphia Union,1683.389416851195,1472.092595491593,331.29682135960184,331.29682135960184,0.8706927501958346
6019,2026-05-25,2026,13,26,Los Angeles FC,Seattle Sounders,1584.764521367046,1604.7611610574763,100.00336030956964,100.00336030956964,0.6400694561803432
6020,2026-07-17,2026,2,29,CF Montreal,Toronto FC,1408.84998681927,1406.9277445939758,121.92224222529421,121.92224222529421,0.6685957844600228
6021,2026-07-17,2026,26,22,Seattle Sounders,Portland Timbers,1595.762897461985,1463.5222837116264,252.24061375035853,252.24061375035853,0.810308149800082
6022,2026-07-17,2026,28,27,St. Louis City,Sporting Kansas City,1449.4590195218432,1362.3887232054726,207.07029631637056,207.07029631637056,0.7670972218048514
6023,2026-07-18,2026,14,13,Los Angeles Galaxy,Los Angeles FC,1495.472214616627,1593.7627849625374,21.709429654089718,-21.709429654089718,0.5312017837389621
6024,2026-07-18,2026,16,0,Nashville SC,Atlanta Utd,1598.9299532809782,1385.0981929038237,333.8317603771545,333.8317603771545,0.8723267818826205
6025,2026-07-23,2026,1,26,Austin FC,Seattle Sounders,1438.3392818268096,1575.5051937169828,-17.16591189017322,17.16591189017322,0.4753163487839608
6026,2026-07-23,2026,3,0,Charlotte,Atlanta Utd,1518.6449522551331,1381.9063624508892,256.73858980424393,256.73858980424393,0.8142561047995669
6027,2026-07-23,2026,6,24,Colorado Rapids,San Diego FC,1437.215611102419,1520.1549400651961,37.060671037222846,37.060671037222846,0.5531332234286997
6028,2026-07-23,2026,7,18,Columbus Crew,New York City,1511.081526789757,1548.714004883009,82.36752190674792,82.36752190674792,0.6163644867470789
6029,2026-07-23,2026,9,30,FC Cincinnati,Vancouver Whitecaps,1573.0057804942098,1627.1335875996522,65.87219289455766,-65.87219289455766,0.5936779245875154
6030,2026-07-23,2026,11,8,Houston Dynamo,DC United,1510.479640408958,1417.8217817785826,212.65785863037536,212.65785863037536,0.7727942833971266
6031,2026-07-23,2026,12,4,Inter Miami,Chicago Fire,1686.6220980962992,1532.8209340719673,273.8011640243319,-273.8011640243319,0.8286551931304295
6032,2026-07-23,2026,13,23,Los Angeles FC,Real Salt Lake,1607.0428295560114,1524.5597023495552,202.48312720645617,202.48312720645617,0.7623463422827951
6033,2026-07-23,2026,14,28,Los Angeles Galaxy,St. Louis City,1482.192170023153,1455.2815889767219,146.91058104643116,146.91058104643116,0.6996612499484
6034,2026-07-23,2026,16,2,Nashville SC,CF Montreal,1602.1217837339127,1404.6350922077695,317.4866915261432,317.4866915261432,0.861475606963486
6035,2026-07-23,2026,17,29,New England Revolution,Toronto FC,1460.784803803634,1411.1426392054764,169.6421645981577,169.6421645981577,0.7264208986902502
6036,2026-07-23,2026,21,19,Philadelphia Union,New York Red Bulls,1468.8599142464889,1497.9112574471462,90.94865679934264,90.94865679934264,0.6279757599715974
6037,2026-07-23,2026,22,10,Portland Timbers,FC Dallas,1483.7799874566285,1528.1866331767037,75.59335427992482,75.59335427992482,0.6071028459320102
6038,2026-07-23,2026,25,20,San Jose Earthquakes,Orlando City,1525.0956144297436,1492.7659049848974,152.32970944484623,152.32970944484623,0.7061753247987725
6039,2026-07-23,2026,27,15,Sporting Kansas City,Minnesota United,1356.566153750594,1542.0502730603544,-65.48411930976044,65.48411930976044,0.4068610667829068
