game_id,game_date,season,home_id,away_id,home_name,away_name,elo_home,elo_away,elo_diff,elo_e_home
0,2012-03-10,2012,6,7,Colorado Rapids,Columbus Crew,1500.0,1500.0,140.0,0.691236152414763
1,2012-03-10,2012,30,2,Vancouver Whitecaps,CF Montreal,1500.0,1500.0,140.0,0.691236152414763
2,2012-03-11,2012,5,11,Chivas USA,Houston Dynamo,1500.0,1500.0,140.0,0.691236152414763
3,2012-03-11,2012,8,27,DC United,Sporting Kansas City,1500.0,1500.0,140.0,0.691236152414763
4,2012-03-11,2012,10,19,FC Dallas,New York Red Bulls,1500.0,1500.0,140.0,0.691236152414763
5,2012-03-11,2012,14,23,Los Angeles Galaxy,Real Salt Lake,1500.0,1500.0,140.0,0.691236152414763
6,2012-03-11,2012,25,17,San Jose Earthquakes,New England Revolution,1500.0,1500.0,140.0,0.691236152414763
7,2012-03-13,2012,22,21,Portland Timbers,Philadelphia Union,1500.0,1500.0,140.0,0.691236152414763
8,2012-03-17,2012,25,11,San Jose Earthquakes,Houston Dynamo,1512.3505539034095,1527.6494460965905,124.70110780681898,0.6721305936692528
9,2012-03-18,2012,5,30,Chivas USA,Vancouver Whitecaps,1472.3505539034095,1512.3505539034095,100.0,0.6400649998028851
10,2012-03-18,2012,10,22,FC Dallas,Portland Timbers,1512.3505539034095,1512.3505539034095,140.0,0.691236152414763
11,2012-03-18,2012,14,8,Los Angeles Galaxy,DC United,1472.3505539034095,1472.3505539034095,140.0,0.691236152414763
12,2012-03-18,2012,21,6,Philadelphia Union,Colorado Rapids,1487.6494460965905,1512.3505539034095,115.29889219318102,0.6600941426279604
13,2012-03-18,2012,23,19,Real Salt Lake,New York Red Bulls,1527.6494460965905,1487.6494460965905,180.0,0.7381090325404187
14,2012-03-18,2012,26,29,Seattle Sounders,Toronto FC,1500.0,1500.0,140.0,0.691236152414763
15,2012-03-18,2012,27,17,Sporting Kansas City,New England Revolution,1527.6494460965905,1487.6494460965905,180.0,0.7381090325404187
16,2012-03-24,2012,7,2,Columbus Crew,CF Montreal,1487.6494460965905,1487.6494460965905,140.0,0.691236152414763
17,2012-03-24,2012,17,22,New England Revolution,Portland Timbers,1477.1738073982071,1520.0,97.17380739820715,0.6363084706196084
18,2012-03-24,2012,26,11,Seattle Sounders,Houston Dynamo,1512.3505539034095,1554.5346698433607,97.8158840600488,0.6371633881694293
19,2012-03-24,2012,29,25,Toronto FC,San Jose Earthquakes,1487.6494460965905,1485.4653301566393,142.1841159399512,0.693913073789107
20,2012-03-25,2012,4,21,Chicago Fire,Philadelphia Union,1500.0,1461.245680391472,178.75431960852802,0.7367205396684082
21,2012-03-25,2012,19,6,New York Red Bulls,Colorado Rapids,1477.1738073982071,1538.754319608528,78.41948778967912,0.6109765273748514
22,2012-03-25,2012,23,5,Real Salt Lake,Chivas USA,1538.1250847949739,1446.7479539112942,231.37713088367968,0.7911570286800491
23,2012-03-25,2012,30,8,Vancouver Whitecaps,DC United,1537.9531538955248,1460.0,217.9531538955248,0.7781018970385721
24,2012-03-26,2012,27,10,Sporting Kansas City,FC Dallas,1538.1250847949739,1504.701107806819,173.4239769881549,0.7307259111649927
25,2012-03-31,2012,8,10,DC United,FC Dallas,1471.124075881543,1493.9301442534188,117.19393162812412,0.662537440278423
26,2012-03-31,2012,19,2,New York Red Bulls,CF Montreal,1492.7347463032131,1475.298892193181,157.4358541100321,0.7122370267334983
27,2012-03-31,2012,21,30,Philadelphia Union,Vancouver Whitecaps,1450.7145019782083,1526.8290780139819,63.88542396422645,0.5909161694080787
28,2012-03-31,2012,29,7,Toronto FC,Columbus Crew,1459.8929231450263,1500.0,99.89292314502632,0.6399229839110068
29,2012-04-01,2012,14,17,Los Angeles Galaxy,New England Revolution,1484.701107806819,1491.7214685734227,132.97963923339626,0.6825449901366704
30,2012-04-01,2012,22,23,Portland Timbers,Real Salt Lake,1505.4523388247844,1506.4788036477719,138.97353517701254,0.6899736203646423
31,2012-04-01,2012,26,25,Seattle Sounders,San Jose Earthquakes,1526.8640183766324,1513.2218531082035,153.64216526842893,0.7077405007575648
32,2012-04-02,2012,5,27,Chivas USA,Sporting Kansas City,1478.3942350584962,1548.896048348374,69.49818671012213,0.5987029698566579
33,2012-04-02,2012,6,4,Colorado Rapids,Chicago Fire,1523.193380703522,1510.5311784132637,152.6622022902584,0.7065723036099142
34,2012-04-05,2012,23,2,Real Salt Lake,CF Montreal,1534.0777484623575,1463.788373262521,210.2893751998365,0.7703914661874124
35,2012-04-06,2012,10,17,FC Dallas,New England Revolution,1480.4316418645558,1519.0232681788896,101.40837368566622,0.6419306340386564
36,2012-04-07,2012,2,29,CF Montreal,Toronto FC,1454.6040319100175,1434.296003788586,160.30802812143156,0.7156137444780339
37,2012-04-07,2012,7,19,Columbus Crew,New York Red Bulls,1525.5969193564404,1504.2452652338732,161.3516541225672,0.7168347689649824
38,2012-04-07,2012,27,14,Sporting Kansas City,Los Angeles Galaxy,1572.8441671426403,1457.3993082013521,255.4448589412882,0.8131271129814945
39,2012-04-08,2012,8,26,DC United,Seattle Sounders,1484.622578270406,1498.55439834633,126.06817992407605,0.6738624487719791
40,2012-04-08,2012,22,5,Portland Timbers,Chivas USA,1477.8533940101988,1454.4461162642299,163.40727774596894,0.7192305125384485
41,2012-04-08,2012,23,6,Real Salt Lake,Colorado Rapids,1543.262089814861,1534.9304885591255,148.33160125573545,0.701377355501161
42,2012-04-08,2012,25,30,San Jose Earthquakes,Vancouver Whitecaps,1541.531473138506,1530.465724790305,151.06574834820094,0.7046633649029115
43,2012-04-14,2012,17,8,New England Revolution,DC United,1504.700493540436,1477.6680803195268,167.03241322090912,0.7234252032418121
44,2012-04-14,2012,21,7,Philadelphia Union,Columbus Crew,1447.077855201885,1496.9235285978411,90.15432660404394,0.6269068913140143
45,2012-04-14,2012,26,6,Seattle Sounders,Colorado Rapids,1505.508896297209,1522.9855827791719,122.52331351803718,0.6693619976818858
46,2012-04-14,2012,29,5,Toronto FC,Chivas USA,1422.9205535677072,1483.215336765768,79.70521680193929,0.6127342361641148
47,2012-04-15,2012,10,2,FC Dallas,CF Montreal,1494.7544165030095,1465.9794821308963,168.7749343721132,0.7254276645833136
48,2012-04-15,2012,14,22,Los Angeles Galaxy,Portland Timbers,1449.9243927206119,1449.0841735086608,140.84021921195108,0.6922674852202765
49,2012-04-15,2012,19,25,New York Red Bulls,San Jose Earthquakes,1532.9186559924724,1553.3449385423896,119.57371745008277,0.6655934651157746
50,2012-04-15,2012,27,23,Sporting Kansas City,Real Salt Lake,1580.3190826233806,1555.2069955948145,165.11208702856607,0.7212079951425867
51,2012-04-16,2012,4,11,Chicago Fire,Houston Dynamo,1498.7940705576602,1540.0212053701377,98.77286518752248,0.6384359879848603
52,2012-04-19,2012,8,2,DC United,CF Montreal,1506.6050884491992,1454.996588714229,191.60849973497034,0.7508193961148929
53,2012-04-19,2012,30,27,Vancouver Whitecaps,Sporting Kansas City,1518.6522593864215,1591.470762817677,67.18149656874448,0.5954947317112953
54,2012-04-21,2012,29,4,Toronto FC,Chicago Fire,1398.4111841211427,1493.2566310382658,45.15455308287687,0.5646192075843284
55,2012-04-22,2012,5,21,Chivas USA,Philadelphia Union,1507.7247062123324,1462.0015795493246,185.72312666300786,0.7444272940177324
56,2012-04-22,2012,6,14,Colorado Rapids,Los Angeles Galaxy,1509.7600626864473,1462.2336933118008,187.5263693746465,0.7463971852333526
57,2012-04-22,2012,7,11,Columbus Crew,Houston Dynamo,1481.9998042504017,1545.5586448895322,76.4411593608695,0.6082663423646404
58,2012-04-22,2012,8,19,DC United,New York Red Bulls,1496.5723126046034,1526.2949173878415,110.27739521676199,0.6535787964364682
59,2012-04-22,2012,22,27,Portland Timbers,Sporting Kansas City,1436.7748729174718,1615.2905520861289,-38.515679168657016,0.4447974303338077
60,2012-04-22,2012,25,23,San Jose Earthquakes,Real Salt Lake,1559.9686771470206,1544.055315400518,155.91336174650246,0.7104374263783622
61,2012-04-22,2012,30,10,Vancouver Whitecaps,FC Dallas,1494.8324701179697,1505.7373099196768,129.0951601982929,0.6776802445071143
62,2012-04-26,2012,10,23,FC Dallas,Real Salt Lake,1492.8445196999614,1532.4728124556525,100.37170724430894,0.6405578042041025
63,2012-04-28,2012,2,22,CF Montreal,Portland Timbers,1465.0293645588247,1458.9829757041196,146.04638885470513,0.6986148543406608
64,2012-04-28,2012,19,17,New York Red Bulls,New England Revolution,1512.4380692453,1475.7634854107635,176.67458383453663,0.7343918535585148
65,2012-04-29,2012,4,26,Chicago Fire,Seattle Sounders,1515.8413993416389,1518.7344163899336,137.10698295170528,0.687670534195898
66,2012-04-29,2012,6,5,Colorado Rapids,Chivas USA,1479.9041752771132,1477.9476144516232,141.95656082549,0.6936347807041076
67,2012-04-29,2012,7,30,Columbus Crew,Vancouver Whitecaps,1477.669150555816,1507.725260337685,109.94389021813095,0.6531439975740682
68,2012-04-29,2012,8,11,DC United,Houston Dynamo,1510.4291607471448,1549.8892985841178,100.53986216302701,0.6407806444041292
69,2012-04-29,2012,14,10,Los Angeles Galaxy,FC Dallas,1492.089580721135,1487.2222075317973,144.86737318933774,0.6971839220549148
70,2012-04-29,2012,21,25,Philadelphia Union,San Jose Earthquakes,1491.7786713100338,1571.5511800918862,60.227491218147634,0.5858164564230295
71,2012-04-29,2012,23,29,Real Salt Lake,Toronto FC,1538.0951246238167,1375.8264158177697,302.268708806047,0.8506868822369351
72,2012-05-03,2012,17,6,New England Revolution,Colorado Rapids,1465.139159553104,1492.1587840489487,112.98037550415529,0.6570932328675172
73,2012-05-03,2012,25,8,San Jose Earthquakes,DC United,1594.9838383488075,1524.7979349709797,210.1859033778278,0.7702860888501998
74,2012-05-03,2012,26,14,Seattle Sounders,Los Angeles Galaxy,1546.2412377577696,1484.2022238389384,202.0390139188312,0.7618828554207819
75,2012-05-05,2012,5,4,Chivas USA,Chicago Fire,1465.6930056797876,1488.3345779738029,117.3584277059847,0.6627491205565107
76,2012-05-05,2012,26,21,Seattle Sounders,Philadelphia Union,1555.7659235409383,1468.3460130531125,227.41991048782575,0.787368246731324
77,2012-05-05,2012,29,8,Toronto FC,DC United,1369.8538911072471,1515.6093785249877,-5.755487417740596,0.4917179453661647
78,2012-05-06,2012,14,19,Los Angeles Galaxy,New York Red Bulls,1474.6775380557697,1523.0623951029595,91.61514295281017,0.6288716345882077
79,2012-05-06,2012,22,7,Portland Timbers,Columbus Crew,1446.927569877746,1451.5433906528533,135.3841792248927,0.6855365541219062
80,2012-05-06,2012,23,17,Real Salt Lake,New England Revolution,1544.0676493343392,1478.8554302384034,205.21221909593578,0.7651808363016184
81,2012-05-06,2012,27,2,Sporting Kansas City,CF Montreal,1593.0824492994811,1477.0847703851982,255.99767891428291,0.8136101842995179
82,2012-05-06,2012,30,25,Vancouver Whitecaps,San Jose Earthquakes,1533.8510202406478,1604.1723947947994,69.67862544584841,0.598952497272883
83,2012-05-07,2012,10,6,FC Dallas,Colorado Rapids,1495.109564413994,1478.4425133636494,156.66705105034453,0.711329127470964
84,2012-05-10,2012,4,23,Chicago Fire,Real Salt Lake,1514.8445427960633,1553.4604158822744,101.3841269137888,0.6418985511476901
85,2012-05-10,2012,10,26,FC Dallas,Seattle Sounders,1466.6563993151553,1564.2711936716853,42.385205643470044,0.560696404910479
86,2012-05-10,2012,19,11,New York Red Bulls,Houston Dynamo,1548.2172604864877,1535.520524360283,152.69673612620477,0.7066135171952795
87,2012-05-12,2012,2,14,CF Montreal,Los Angeles Galaxy,1509.629177757179,1449.5226726722415,200.10650508493745,0.7598588175500572
88,2012-05-12,2012,11,8,Houston Dynamo,DC United,1523.785065048094,1535.2780963396344,128.50696870845968,0.6769402182609858
89,2012-05-13,2012,4,27,Chicago Fire,Sporting Kansas City,1509.1686007501557,1560.5380419275004,88.6305588226553,0.6248530084172292
90,2012-05-13,2012,7,10,Columbus Crew,FC Dallas,1458.9648528177295,1444.228543118736,154.7363096989934,0.7090415799414205
91,2012-05-13,2012,17,30,New England Revolution,Vancouver Whitecaps,1469.4626636904682,1549.8929203497325,59.56974334073561,0.5848974677099966
92,2012-05-13,2012,21,19,Philadelphia Union,New York Red Bulls,1459.8407429223655,1559.9527197986765,39.88802312368898,0.5571525974514712
93,2012-05-13,2012,26,23,Seattle Sounders,Real Salt Lake,1586.6990498681046,1559.136357928182,167.56269193992262,0.7240355402474065
94,2012-05-14,2012,25,5,San Jose Earthquakes,Chivas USA,1588.1304946857147,1439.1830408575272,288.94745382818746,0.8406825340425208
95,2012-05-16,2012,11,22,Houston Dynamo,Portland Timbers,1536.7074563176548,1439.5061077128698,237.20134860478493,0.7966425350194608
96,2012-05-17,2012,8,6,DC United,Colorado Rapids,1522.3557050700738,1506.895678462488,155.46002660758586,0.7099002935989953
97,2012-05-19,2012,30,26,Vancouver Whitecaps,Seattle Sounders,1533.2888190581325,1557.7376282582084,115.55119079992414,0.6604199298404763
98,2012-05-20,2012,2,19,CF Montreal,New York Red Bulls,1499.2348250551765,1582.2388236967354,56.99600135844116,0.5812958759982356
99,2012-05-20,2012,5,14,Chivas USA,Los Angeles Galaxy,1452.810342219228,1459.9170253742438,132.89331684498416,0.6824373108918338
100,2012-05-20,2012,6,27,Colorado Rapids,Sporting Kansas City,1495.2916902064478,1545.5321622641895,89.75952794225827,0.6263751789878084
101,2012-05-20,2012,8,29,DC United,Toronto FC,1533.959693326114,1350.1851732926004,323.77452003351345,0.8657387846819229
102,2012-05-20,2012,10,21,FC Dallas,Philadelphia Union,1432.5902063163928,1437.5546390243067,135.03556729208617,0.6851037809632073
103,2012-05-20,2012,17,11,New England Revolution,Houston Dynamo,1486.0667649820682,1524.8417549168764,101.22501006519178,0.6416879790812396
104,2012-05-20,2012,25,7,San Jose Earthquakes,Columbus Crew,1574.5031933240139,1470.6031896200727,243.90000370394114,0.8028180639048204
105,2012-05-21,2012,22,4,Portland Timbers,Chicago Fire,1451.3718091136482,1524.1744804134667,67.19732870018152,0.5955166846876682
106,2012-05-24,2012,4,10,Chicago Fire,FC Dallas,1507.9951478009734,1425.1860550778645,222.80909272310896,0.7828907097150857
107,2012-05-24,2012,14,25,Los Angeles Galaxy,San Jose Earthquakes,1447.2145178099172,1562.390470767821,24.824047042096254,0.5356640076922844
108,2012-05-24,2012,19,5,New York Red Bulls,Chivas USA,1605.4906587366647,1465.5128497835547,279.97780895311007,0.8336447545365524
109,2012-05-24,2012,26,7,Seattle Sounders,Columbus Crew,1564.1544254518274,1482.7159121762656,221.43851327556172,0.7815466839459063
110,2012-05-26,2012,11,14,Houston Dynamo,Los Angeles Galaxy,1530.509274080126,1425.7879575022257,244.72131657790032,0.8035654180644336
111,2012-05-26,2012,29,21,Toronto FC,Philadelphia Union,1344.8147246798774,1444.958790262835,39.85593441704236,0.5571070209741015
112,2012-05-27,2012,5,26,Chivas USA,Seattle Sounders,1478.8586399650167,1532.892558093991,85.96608187102561,0.6212507825931258
113,2012-05-27,2012,6,2,Colorado Rapids,CF Montreal,1490.2366830469355,1475.9829900152472,154.25369303168827,0.7084681073597685
114,2012-05-27,2012,7,4,Columbus Crew,Chicago Fire,1513.977779534102,1516.67951941237,137.29826012173203,0.6879069750023293
115,2012-05-27,2012,8,17,DC United,New England Revolution,1539.330141938837,1480.3992458188186,198.93089612001836,0.758621785699813
116,2012-05-27,2012,22,30,Portland Timbers,Vancouver Whitecaps,1467.5511417261414,1526.8720218645135,80.6791198616279,0.6140637019003564
117,2012-05-27,2012,23,10,Real Salt Lake,FC Dallas,1588.0977795380782,1416.501683466468,311.5960960716102,0.8573792464712272
118,2012-05-27,2012,27,25,Sporting Kansas City,San Jose Earthquakes,1550.5871694237019,1583.8170310755122,106.77013834818968,0.6489935826714471
119,2012-06-03,2012,17,4,New England Revolution,Chicago Fire,1470.7441172468111,1504.195798412463,106.54831883434804,0.6487026493409666
120,2012-06-11,2012,30,11,Vancouver Whitecaps,Houston Dynamo,1531.4345699405278,1538.3666573575488,133.06791258297903,0.6826550828258651
121,2012-06-17,2012,2,26,CF Montreal,Seattle Sounders,1464.3217143096379,1537.742589397716,66.57912491192178,0.5946591946293265
122,2012-06-17,2012,4,19,Chicago Fire,New York Red Bulls,1490.1439043861017,1592.1448685552027,37.99903583089895,0.5544680029373563
123,2012-06-17,2012,5,23,Chivas USA,Real Salt Lake,1474.0086086612916,1593.8026096792291,20.20599898206251,0.5290460299527608
124,2012-06-17,2012,11,10,Houston Dynamo,FC Dallas,1525.6728606705833,1410.796853325317,254.87600734526632,0.8126290267199391
125,2012-06-17,2012,17,7,New England Revolution,Columbus Crew,1484.7960112731726,1526.4615005340088,98.33451073916376,0.637853301187226
126,2012-06-17,2012,21,8,Philadelphia Union,DC United,1427.2430711017992,1548.9852705108444,18.25780059095473,0.5262509274562975
127,2012-06-17,2012,27,29,Sporting Kansas City,Toronto FC,1564.627426116844,1362.5304438409132,342.0969822759307,0.8775325243243911
128,2012-06-17,2012,30,6,Vancouver Whitecaps,Colorado Rapids,1544.1283666274933,1501.8979587525448,182.23040787494847,0.7405833157276479
129,2012-06-18,2012,14,22,Los Angeles Galaxy,Portland Timbers,1417.930574224803,1462.988593650127,94.94198057467588,0.6333301441171612
130,2012-06-21,2012,5,2,Chivas USA,CF Montreal,1452.8467674631813,1480.5353465244648,112.31142093871654,0.6562250371627527
131,2012-06-21,2012,6,25,Colorado Rapids,San Jose Earthquakes,1491.5212913816508,1569.7767743823701,61.74451699928068,0.5879337201894763
132,2012-06-21,2012,11,29,Houston Dynamo,Toronto FC,1533.1676996017857,1357.6317448138889,315.5359547878968,0.860130101499161
133,2012-06-21,2012,23,14,Real Salt Lake,Los Angeles Galaxy,1614.9644508773395,1432.5973684601165,322.36708241722295,0.8647942699986765
134,2012-06-21,2012,26,27,Seattle Sounders,Sporting Kansas City,1521.5289571828891,1569.5261251438683,92.00283203902086,0.6293923499141869
135,2012-06-21,2012,30,19,Vancouver Whitecaps,New York Red Bulls,1554.5050339983873,1574.323588672697,120.18144532569022,0.6663716749245384
136,2012-06-23,2012,29,17,Toronto FC,New England Revolution,1372.0369488738554,1479.2818792256835,32.75506964817191,0.5469991725738607
137,2012-06-24,2012,2,11,CF Montreal,Houston Dynamo,1466.7843480109748,1518.7624955418191,88.02185246915565,0.6240312721414696
138,2012-06-24,2012,4,7,Chicago Fire,Columbus Crew,1507.9651842686073,1531.9756325814978,115.9895516871095,0.6609856137942505
139,2012-06-24,2012,10,5,FC Dallas,Chivas USA,1403.3020143941146,1466.5977659766713,76.7042484174433,0.6086271468004221
140,2012-06-24,2012,14,30,Los Angeles Galaxy,Vancouver Whitecaps,1467.1891392600635,1547.8501670014057,59.338972258657805,0.5845748998252773
141,2012-06-24,2012,21,27,Philadelphia Union,Sporting Kansas City,1406.1930340035472,1574.7018191404359,-28.50878513688872,0.4590643921840572
142,2012-06-24,2012,22,26,Portland Timbers,Seattle Sounders,1448.3217994148135,1516.3532631863216,71.96853622849198,0.6021147025835601
143,2012-06-24,2012,23,25,Real Salt Lake,San Jose Earthquakes,1580.3726800773925,1593.2941231899492,127.07855688744326,0.6751393903475685
144,2012-06-25,2012,19,8,New York Red Bulls,DC United,1580.9784556696786,1570.0353076090964,150.9431480605822,0.7045164692587
145,2012-06-28,2012,2,29,CF Montreal,Toronto FC,1481.823097125316,1370.156981970901,251.66611515441514,0.8097993006422789
146,2012-06-30,2012,27,4,Sporting Kansas City,Chicago Fire,1553.0643948277982,1521.5257597168372,171.53863511096097,0.7285850945461484
147,2012-07-01,2012,6,22,Colorado Rapids,Portland Timbers,1468.0039425740717,1464.2372113114711,143.76673126260062,0.6958446478631489
148,2012-07-01,2012,7,23,Columbus Crew,Real Salt Lake,1518.415057133268,1553.3671044634898,105.04795266977817,0.6467319111559083
149,2012-07-01,2012,8,2,DC United,CF Montreal,1558.2159663794444,1449.431125099625,248.78484127981937,0.8072315252484678
150,2012-07-01,2012,11,21,Houston Dynamo,Philadelphia Union,1503.7237464274779,1427.8304583161848,215.89328811129303,0.7760478325363788
151,2012-07-01,2012,17,26,New England Revolution,Seattle Sounders,1481.161846128638,1500.437851289664,120.72399483897402,0.6670656574944605
152,2012-07-01,2012,25,14,San Jose Earthquakes,Los Angeles Galaxy,1620.299698803852,1483.8061432670524,276.4935555367995,0.830844585033216
153,2012-07-01,2012,29,19,Toronto FC,New York Red Bulls,1402.548953996592,1592.7977968993307,-50.248842902738716,0.42818612034877457
154,2012-07-04,2012,11,4,Houston Dynamo,Chicago Fire,1512.6818331260226,1550.6691634986832,102.01266962733939,0.642729816305359
155,2012-07-04,2012,22,25,Portland Timbers,San Jose Earthquakes,1452.0709972259972,1627.0659154025234,-34.9949181765262,0.4498078863712981
156,2012-07-05,2012,2,27,CF Montreal,Sporting Kansas City,1441.7203861095636,1523.9209910459522,57.79939506361143,0.5824210626663106
157,2012-07-05,2012,6,30,Colorado Rapids,Vancouver Whitecaps,1480.1701566595457,1531.2331629944167,88.93699366512897,0.625266415034957
158,2012-07-05,2012,10,29,FC Dallas,Toronto FC,1398.9569285220978,1405.421509182641,133.53541933945667,0.6832378066487901
159,2012-07-05,2012,14,21,Los Angeles Galaxy,Philadelphia Union,1477.039926668381,1418.87237161764,198.16755505074093,0.7578162388022063
160,2012-07-05,2012,23,26,Real Salt Lake,Seattle Sounders,1539.2363809097262,1507.1204775894423,172.1159033202839,0.7292417191528977
161,2012-07-08,2012,4,14,Chicago Fire,Los Angeles Galaxy,1556.3783561508976,1446.7272771162927,249.6510790346049,0.8080062745670864
162,2012-07-08,2012,5,30,Chivas USA,Vancouver Whitecaps,1470.9428518486882,1556.243819595815,54.69903225287317,0.5780742428597113
163,2012-07-08,2012,10,25,FC Dallas,San Jose Earthquakes,1391.6274162561463,1605.0582308573753,-73.43081460122903,0.39587042674366013
164,2012-07-08,2012,21,29,Philadelphia Union,Toronto FC,1449.1850211697283,1412.7510214485926,176.4339997211357,0.7341216240222235
165,2012-07-08,2012,23,22,Real Salt Lake,Portland Timbers,1530.0667121436104,1474.0786817711453,195.98803037246512,0.7555061548197184
166,2012-07-08,2012,26,6,Seattle Sounders,Colorado Rapids,1516.2901463555581,1455.1595000581474,201.13064629741075,0.7609329281819898
167,2012-07-08,2012,27,11,Sporting Kansas City,Houston Dynamo,1547.2178335526046,1506.9726404738083,180.24519307879632,0.7383817788857976
168,2012-07-09,2012,2,7,CF Montreal,Columbus Crew,1418.4235436029112,1532.5457806870315,25.877762915879657,0.5371723807427026
169,2012-07-09,2012,17,19,New England Revolution,New York Red Bulls,1474.4792198288596,1589.9252417132816,24.553978115578047,0.5352773032838941
170,2012-07-12,2012,29,30,Toronto FC,Vancouver Whitecaps,1402.1158864094816,1559.3667893102036,-17.25090290072194,0.4751943364537201
171,2012-07-15,2012,4,30,Chicago Fire,Vancouver Whitecaps,1524.058105168214,1538.3745627683525,125.68354239986161,0.6733756533900649
172,2012-07-15,2012,6,10,Colorado Rapids,FC Dallas,1445.596817185427,1395.7925991864,189.80421799902706,0.7488711729553522
173,2012-07-15,2012,7,27,Columbus Crew,Sporting Kansas City,1514.0326759167397,1537.6825623971727,116.350113519567,0.6614505574650897
174,2012-07-15,2012,17,29,New England Revolution,Toronto FC,1493.0681276975038,1423.1081129513327,209.96001474617105,0.770055922397237
175,2012-07-15,2012,19,26,New York Red Bulls,Seattle Sounders,1571.3363338446375,1525.8528292282786,185.4835046163589,0.7441647720740868
176,2012-07-15,2012,21,2,Philadelphia Union,CF Montreal,1459.8201562088393,1436.936648373203,162.88350783563624,0.7186212547537142
177,2012-07-15,2012,22,14,Portland Timbers,Los Angeles Galaxy,1464.298927963934,1479.0475280989763,125.25139986495765,0.672828289932412
178,2012-07-15,2012,25,23,San Jose Earthquakes,Real Salt Lake,1600.8930479271216,1539.8464659508218,201.04658197629988,0.7608448864899772
179,2012-07-16,2012,11,8,Houston Dynamo,DC United,1516.5079116292402,1565.9267053695057,90.58120625973447,0.6274814650812498
180,2012-07-18,2012,5,22,Chivas USA,Portland Timbers,1467.8198821342996,1437.3857963666374,170.43408576766228,0.7273259227183763
181,2012-07-18,2012,19,4,New York Red Bulls,Chicago Fire,1561.569742961674,1537.1230790326115,164.44666392906242,0.7204371590618078
182,2012-07-19,2012,2,17,CF Montreal,New England Revolution,1425.6814985633516,1462.2658908016142,103.41560776173742,0.6445821395049516
183,2012-07-19,2012,11,27,Houston Dynamo,Sporting Kansas City,1531.4086530259901,1564.1405846957762,107.26806833021396,0.6496462527533047
184,2012-07-19,2012,25,10,San Jose Earthquakes,FC Dallas,1610.4592524675224,1425.747446104614,324.7118063629084,0.8663646893871881
185,2012-07-19,2012,29,6,Toronto FC,Colorado Rapids,1453.9103498472223,1415.6419702672129,178.26837958000942,0.7361776075661186
186,2012-07-19,2012,30,14,Vancouver Whitecaps,Los Angeles Galaxy,1525.309588903955,1505.9606596962728,159.3489292076822,0.7144888220812792
187,2012-07-21,2012,19,21,New York Red Bulls,Philadelphia Union,1572.7522565992017,1471.0753060186908,241.67695058051095,0.8007844426520424
188,2012-07-22,2012,7,8,Columbus Crew,DC United,1487.5746536181362,1551.0259639727558,76.54868964538036,0.608413825393521
189,2012-07-22,2012,10,22,FC Dallas,Portland Timbers,1420.4020336801016,1426.4788332753724,133.9232004047292,0.6837207205905765
190,2012-07-22,2012,11,2,Houston Dynamo,CF Montreal,1545.422802915858,1439.8982129831536,245.52458993270443,0.8042942850576591
191,2012-07-22,2012,14,5,Los Angeles Galaxy,Chivas USA,1514.540212579524,1478.7268452255646,175.8133673539594,0.7334237065018606
192,2012-07-22,2012,23,6,Real Salt Lake,Colorado Rapids,1530.280261410421,1405.0890745698575,265.19118684056343,0.8215029104142874
193,2012-07-22,2012,27,17,Sporting Kansas City,New England Revolution,1550.1264348059083,1448.0491763818122,242.07725842409604,0.8011517990190301
194,2012-07-23,2012,30,25,Vancouver Whitecaps,San Jose Earthquakes,1516.730036020704,1615.804664892035,40.925371128668985,0.5586254489199302
195,2012-07-28,2012,23,30,Real Salt Lake,Vancouver Whitecaps,1537.4201449938494,1534.3850180639067,143.03512692994263,0.6949525809581074
196,2012-07-28,2012,29,11,Toronto FC,Houston Dynamo,1464.4632455445776,1553.2510315135517,51.21221403102595,0.5731711381370084
197,2012-07-29,2012,2,19,CF Montreal,New York Red Bulls,1432.06998438546,1580.72087889312,-8.650894507660041,0.4875529342201645
198,2012-07-29,2012,6,26,Colorado Rapids,Seattle Sounders,1397.9491909864291,1535.619420111242,2.329770875187023,0.50335275955206
199,2012-07-29,2012,10,14,FC Dallas,Los Angeles Galaxy,1433.0532048564785,1525.2032643194495,47.84994053702894,0.5684294963766852
200,2012-07-29,2012,22,5,Portland Timbers,Chivas USA,1413.8276620989955,1468.063793485639,85.76386861335641,0.62097684901666
201,2012-07-29,2012,25,4,San Jose Earthquakes,Chicago Fire,1598.149682848832,1525.9405653950837,212.20911745374838,0.7723404037839633
202,2012-07-29,2012,27,7,Sporting Kansas City,Columbus Crew,1538.080362845147,1503.2381006023952,174.84226224275176,0.7323293360939215
203,2012-07-30,2012,21,17,Philadelphia Union,New England Revolution,1463.1066837247724,1460.0952483425735,143.0114353821989,0.6949236686206421
204,2012-08-04,2012,11,19,Houston Dynamo,New York Red Bulls,1576.177877039032,1560.2229962619267,155.95488077710525,0.7104865906170196
205,2012-08-05,2012,2,21,CF Montreal,Philadelphia Union,1452.5678670166535,1475.3097369799468,117.25813003670669,0.6626200611726087
206,2012-08-05,2012,4,29,Chicago Fire,Toronto FC,1536.8341815464423,1441.5364000190973,235.29778152734502,0.7948615628633552
207,2012-08-05,2012,6,23,Colorado Rapids,Real Salt Lake,1377.8150806043468,1549.622041755525,-31.806961151178257,0.45435355311506537
208,2012-08-05,2012,8,7,DC United,Columbus Crew,1535.3625169884967,1532.531274046152,142.83124294234472,0.6947037177621247
209,2012-08-05,2012,17,27,New England Revolution,Sporting Kansas City,1447.8921950873992,1508.7871894013902,79.10500568600901,0.6119140550870106
210,2012-08-06,2012,22,10,Portland Timbers,FC Dallas,1388.988588138329,1410.3160250014112,118.67256313691792,0.6644378561121379
211,2012-08-06,2012,26,14,Seattle Sounders,Los Angeles Galaxy,1555.7535304933244,1547.9404441745169,147.81308631880756,0.7007518195926125
212,2012-08-11,2012,19,11,New York Red Bulls,Houston Dynamo,1548.6424598866074,1587.7584134143513,100.88404647225616,0.6412365706757027
213,2012-08-12,2012,10,6,FC Dallas,Colorado Rapids,1416.8935392458966,1399.6409384797441,157.25260076615245,0.7120207726741559
214,2012-08-12,2012,25,26,San Jose Earthquakes,Seattle Sounders,1587.2560666974734,1567.7234577096199,159.53260898785356,0.7147044659330489
215,2012-08-12,2012,27,8,Sporting Kansas City,DC United,1533.2637516048705,1547.5743682780117,125.68938332685889,0.6733830484365417
216,2012-08-12,2012,30,23,Vancouver Whitecaps,Real Salt Lake,1522.183121302231,1527.7961838801277,134.3869374221033,0.6842977045549145
217,2012-08-13,2012,5,14,Chivas USA,Los Angeles Galaxy,1492.9028674463054,1535.9705169582214,96.93235048808401,0.6359867503334188
218,2012-08-13,2012,17,2,New England Revolution,CF Montreal,1423.4156328839188,1466.0630645697493,97.3525683141695,0.6365465754516041
219,2012-08-13,2012,21,4,Philadelphia Union,Chicago Fire,1461.814539426851,1545.0397190319081,56.774820394942935,0.5809859537030074
220,2012-08-16,2012,7,14,Columbus Crew,Los Angeles Galaxy,1520.319422756637,1561.4099869715583,98.90943578507881,0.6386174426666406
221,2012-08-16,2012,29,22,Toronto FC,Portland Timbers,1433.3308625336315,1382.4110738938436,190.91978863978784,0.7500769345182354
222,2012-08-16,2012,30,10,Vancouver Whitecaps,FC Dallas,1534.8112131200344,1428.4127083389303,246.39850478110407,0.8050849237828873
223,2012-08-18,2012,26,30,Seattle Sounders,Vancouver Whitecaps,1556.311636346942,1502.607816168719,193.70382017822294,0.7530691692763682
224,2012-08-18,2012,29,27,Toronto FC,Sporting Kansas City,1423.3277851529022,1546.328429667409,16.999355485493197,0.5244445358067406
225,2012-08-19,2012,2,25,CF Montreal,San Jose Earthquakes,1491.5249275878134,1598.6678880601514,32.85703952766198,0.5471446184039247
226,2012-08-19,2012,4,17,Chicago Fire,New England Revolution,1568.2791571800285,1397.9537698658546,310.3253873141739,0.8564824533440253
227,2012-08-19,2012,6,5,Colorado Rapids,Chivas USA,1388.1217693867104,1467.4633974329686,60.658371953741835,0.586418148824981
228,2012-08-19,2012,8,21,DC United,Philadelphia Union,1534.5096902154733,1438.5751012787307,235.93458893674256,0.7954586430868076
229,2012-08-19,2012,23,10,Real Salt Lake,FC Dallas,1515.1680920623244,1460.6161052902457,194.55198677207864,0.7539759659189652
230,2012-08-20,2012,11,7,Houston Dynamo,Columbus Crew,1573.4078762413794,1514.7747250499715,198.63315119140793,0.7583077956429306
231,2012-08-20,2012,19,22,New York Red Bulls,Portland Timbers,1562.9929970595792,1392.414151274573,310.57884578500625,0.8566617037209301
232,2012-08-23,2012,7,29,Columbus Crew,Toronto FC,1525.1070368756887,1402.3500037206325,262.7570331550562,0.8194389674627878
233,2012-08-23,2012,8,4,DC United,Chicago Fire,1522.691344492001,1574.0198590462676,88.67148544573342,0.6249082324560892
234,2012-08-25,2012,2,8,CF Montreal,DC United,1509.6391428516565,1537.6950151937574,111.94412765789912,0.6557479046253245
235,2012-08-25,2012,21,23,Philadelphia Union,Real Salt Lake,1450.393447002203,1485.0090534255658,105.3843935766372,0.6471742648484774
236,2012-08-26,2012,5,26,Chivas USA,Seattle Sounders,1470.9201233859678,1566.188869575887,44.731253810080716,0.5640201117400924
237,2012-08-26,2012,7,17,Columbus Crew,New England Revolution,1532.3294781771772,1392.2130679996155,280.11641017756165,0.8337553722479825
238,2012-08-26,2012,11,29,Houston Dynamo,Toronto FC,1563.0755644156623,1395.127562419144,307.9480019965183,0.8547920285284754
239,2012-08-26,2012,22,30,Portland Timbers,Vancouver Whitecaps,1386.6806194234102,1492.7305829397737,33.950036483636495,0.548703115794324
240,2012-08-26,2012,25,6,San Jose Earthquakes,Colorado Rapids,1580.5536727963083,1384.6650434337112,335.88862936259716,0.8736396645851523
241,2012-08-27,2012,14,10,Los Angeles Galaxy,FC Dallas,1566.9546846782239,1490.7751439270044,216.17954075121952,0.7763340863995098
242,2012-08-27,2012,27,19,Sporting Kansas City,New York Red Bulls,1567.3062110996786,1568.726528910742,138.57968218893666,0.6894884347833804
243,2012-08-30,2012,8,19,DC United,New York Red Bulls,1523.9249313787705,1576.3060663020772,87.61886507669328,0.623486857226874
244,2012-08-30,2012,17,5,New England Revolution,Chivas USA,1385.5632828895348,1448.3593189163641,77.20396397317063,0.6093121373805759
245,2012-08-30,2012,21,7,Philadelphia Union,Columbus Crew,1444.5064764082638,1538.979263287258,45.52721312100584,0.565146477594268
246,2012-09-01,2012,22,6,Portland Timbers,Colorado Rapids,1404.7324947916372,1379.6106300171173,165.12186477451996,0.721219312105346
247,2012-09-02,2012,7,2,Columbus Crew,CF Montreal,1561.5851223910286,1523.4092266666435,178.1758957243851,0.736074195674629
248,2012-09-02,2012,14,30,Los Angeles Galaxy,Vancouver Whitecaps,1575.9013212222435,1474.6787075715467,241.22261365069676,0.8003668872133722
249,2012-09-02,2012,17,21,New England Revolution,Philadelphia Union,1381.1907973943116,1421.9006173044932,99.29018008981848,0.6391231100924644
250,2012-09-02,2012,23,8,Real Salt Lake,DC United,1490.896024019505,1518.9854570896955,111.91056692980942,0.6557042918582692
251,2012-09-02,2012,27,29,Sporting Kansas City,Toronto FC,1559.7266737083435,1409.319243560283,290.4074301480605,0.8418049470230495
252,2012-09-03,2012,4,11,Chicago Fire,Houston Dynamo,1559.0161883445112,1548.8838832745232,150.13230506998798,0.7035438768410412
253,2012-09-03,2012,10,26,FC Dallas,Seattle Sounders,1481.8285073829848,1588.7496740454908,33.07883333749396,0.5474609485517561
254,2012-09-03,2012,25,5,San Jose Earthquakes,Chivas USA,1585.6080862129022,1452.7318044115873,272.8762818013149,0.8278979305648922
255,2012-09-06,2012,6,22,Colorado Rapids,Portland Timbers,1368.4594025013312,1415.8837223074233,92.57568019390783,0.6301612066019591
256,2012-09-06,2012,17,7,New England Revolution,Columbus Crew,1375.625872990613,1572.1421545640435,-56.51628157343043,0.4193763960292136
257,2012-09-07,2012,11,23,Houston Dynamo,Real Salt Lake,1537.0256383481649,1504.6678523451742,172.35778600299068,0.7295165560623137
258,2012-09-08,2012,26,5,Seattle Sounders,Chivas USA,1590.648111987561,1445.847721634183,284.8003903533779,0.837459109390863
259,2012-09-13,2012,29,4,Toronto FC,Chicago Fire,1402.9914414412049,1570.8744332708695,-27.88299182966466,0.45995907555939186
260,2012-09-15,2012,14,6,Los Angeles Galaxy,Colorado Rapids,1583.8866457337085,1383.2529542372529,340.63369149645564,0.8766243880033585
261,2012-09-15,2012,22,26,Portland Timbers,Seattle Sounders,1401.0901705715016,1597.1497476119264,-56.059577040424756,0.42001669308137035
262,2012-09-15,2012,27,11,Sporting Kansas City,Houston Dynamo,1566.0544758274216,1547.8449761056722,158.20949972174935,0.7131489246207245
263,2012-09-15,2012,29,21,Toronto FC,Philadelphia Union,1384.5930784188292,1427.4655417081917,97.12753671063751,0.6362468283945637
264,2012-09-16,2012,4,2,Chicago Fire,CF Montreal,1589.2727962932452,1512.8521944936285,216.42060179961663,0.7765749463681618
265,2012-09-16,2012,5,25,Chivas USA,San Jose Earthquakes,1439.3460860098176,1592.4921689903065,-13.146082980488927,0.48109028913051965
266,2012-09-16,2012,8,17,DC United,New England Revolution,1505.2136287640262,1398.8508171494445,246.3628116145817,0.8050526793216735
267,2012-09-16,2012,10,30,FC Dallas,Vancouver Whitecaps,1479.9300694409146,1466.6933830600817,153.2366863808329,0.7072574674613585
268,2012-09-16,2012,19,7,New York Red Bulls,Columbus Crew,1581.2455405911521,1548.917210405212,172.3283301859401,0.7294830965573034
269,2012-09-20,2012,7,5,Columbus Crew,Chivas USA,1538.0965342675042,1420.1024744445967,257.9940598229075,0.8153466671491175
270,2012-09-20,2012,19,27,New York Red Bulls,Sporting Kansas City,1592.06621672886,1557.5285188425926,174.53769788626732,0.731985525856681
271,2012-09-20,2012,25,22,San Jose Earthquakes,Portland Timbers,1611.7357805555273,1404.289502848247,347.4462777072804,0.8808035400936863
272,2012-09-21,2012,21,8,Philadelphia Union,DC United,1432.9154148439743,1513.0115215911592,59.903893252815124,0.5853644077574668
273,2012-09-22,2012,2,27,CF Montreal,Sporting Kansas City,1503.915192348355,1586.8079398768598,57.10725247149526,0.5814517385985825
274,2012-09-23,2012,4,7,Chicago Fire,Columbus Crew,1598.2097984385186,1545.4826675815395,192.7271308569791,0.7520221864901884
275,2012-09-23,2012,14,29,Los Angeles Galaxy,Toronto FC,1588.8216702135742,1379.1432052830467,349.6784649305275,0.8821460048649916
276,2012-09-23,2012,17,19,New England Revolution,New York Red Bulls,1391.0529243223116,1562.7867956945927,-31.7338713722811,0.45445786311378117
277,2012-09-23,2012,21,11,Philadelphia Union,Houston Dynamo,1409.5008385336757,1556.3709330905012,-6.8700945568255065,0.4901144275649928
278,2012-09-23,2012,23,22,Real Salt Lake,Portland Timbers,1493.8485145876668,1419.5216444519945,214.32687013567238,0.7744767951167031
279,2012-09-23,2012,26,25,Seattle Sounders,San Jose Earthquakes,1593.950415335181,1596.5036389517797,137.44677638340136,0.6880904909002767
280,2012-09-24,2012,8,5,DC United,Chivas USA,1536.4260979014578,1412.7163411305614,263.7097567708963,0.820248999146678
281,2012-09-24,2012,30,6,Vancouver Whitecaps,Colorado Rapids,1454.983681758536,1378.3179297573872,216.6657520011488,0.7768197025407344
282,2012-09-29,2012,27,4,Sporting Kansas City,Chicago Fire,1590.066009420803,1608.128910978911,121.93709844189198,0.6686147331556814
283,2012-09-30,2012,5,23,Chivas USA,Real Salt Lake,1405.5263010964286,1502.8694427829987,42.65685831342989,0.5610815469241525
284,2012-09-30,2012,7,21,Columbus Crew,Philadelphia Union,1535.563555041147,1429.896261431076,245.66729361007106,0.8044235559605801
285,2012-09-30,2012,11,17,Houston Dynamo,New England Revolution,1535.975510193101,1392.8746097977603,283.10090039534066,0.8361230270813576
286,2012-09-30,2012,19,29,New York Red Bulls,Toronto FC,1560.965110219144,1374.4290454776462,326.53606474149774,0.8675758239229394
287,2012-09-30,2012,22,8,Portland Timbers,DC United,1410.5007162566626,1543.6161379355906,6.884578321072013,0.5099064080822918
288,2012-09-30,2012,25,10,San Jose Earthquakes,FC Dallas,1624.0272585877908,1491.6397707424603,272.3874878453305,0.8274966528898817
289,2012-09-30,2012,30,26,Vancouver Whitecaps,Seattle Sounders,1443.9108936569066,1566.42679569917,17.484097957736594,0.5251404210191329
290,2012-10-01,2012,6,14,Colorado Rapids,Los Angeles Galaxy,1389.3907178590166,1593.5358300189746,-64.14511215995799,0.4087225147591316
291,2012-10-04,2012,4,21,Chicago Fire,Philadelphia Union,1594.8735003051384,1422.0732036694992,312.80029663563914,0.8582247860129296
292,2012-10-04,2012,30,5,Vancouver Whitecaps,Chivas USA,1442.9052768161414,1383.0830392194625,199.82223759667886,0.7595600956536943
293,2012-10-06,2012,19,4,New York Red Bulls,Chicago Fire,1566.2620772622265,1560.544508864621,145.71756839760542,0.6982161624908758
294,2012-10-06,2012,29,8,Toronto FC,DC United,1369.1320784345637,1544.0123942588823,-34.880315824318586,0.44997115585534364
295,2012-10-07,2012,6,25,Colorado Rapids,San Jose Earthquakes,1393.0418172686514,1610.9273924721956,-77.88557520354425,0.389754231335814
296,2012-10-07,2012,7,27,Columbus Crew,Sporting Kansas City,1543.386612802724,1603.3214200945758,80.06519270814806,0.6132258326677678
297,2012-10-07,2012,11,2,Houston Dynamo,CF Montreal,1542.5305891098467,1500.6571228044118,181.87346630543493,0.7401883683451398
298,2012-10-07,2012,14,23,Los Angeles Galaxy,Real Salt Lake,1589.8847306093398,1525.3127046599648,204.57202594937507,0.7645180271860725
299,2012-10-07,2012,21,17,Philadelphia Union,New England Revolution,1456.4021951100165,1386.3195308810145,210.08266422900192,0.7701809146503458
300,2012-10-08,2012,5,10,Chivas USA,FC Dallas,1373.4654430456103,1504.7396368580555,8.725806187554781,0.5125548049636103
301,2012-10-08,2012,26,22,Seattle Sounders,Portland Timbers,1567.4324125399353,1410.104459933371,297.3279526065644,0.8470381613292476
302,2012-10-18,2012,26,23,Seattle Sounders,Real Salt Lake,1573.5508860867653,1555.8934257474077,157.6574603393576,0.7124984110318605
303,2012-10-20,2012,29,2,Toronto FC,CF Montreal,1351.13323220035,1510.2646575382173,-19.131425337867313,0.4724954591399787
304,2012-10-21,2012,5,6,Chivas USA,Colorado Rapids,1372.9632508470659,1377.4516480152188,135.51160283184709,0.6856946597239444
305,2012-10-21,2012,8,7,DC United,Columbus Crew,1562.011240493096,1538.8575794960132,163.15366099708285,0.7189356017993396
306,2012-10-21,2012,11,21,Houston Dynamo,Philadelphia Union,1532.9230543760411,1465.5949585240025,207.3280958520386,0.767362249169253
307,2012-10-21,2012,17,4,New England Revolution,Chicago Fire,1377.1267674670285,1588.4731553642562,-71.34638789722771,0.3987436093531679
308,2012-10-21,2012,19,27,New York Red Bulls,Sporting Kansas City,1538.3334307625914,1607.8504534012866,70.48297736130485,0.6000642041252273
309,2012-10-22,2012,25,14,San Jose Earthquakes,Los Angeles Galaxy,1626.5175617256282,1559.304009521897,207.2135522037313,0.7672445200535188
310,2012-10-22,2012,26,10,Seattle Sounders,FC Dallas,1565.0509496454908,1505.2418290566,199.8091205888909,0.7595463055455401
311,2012-10-22,2012,30,22,Vancouver Whitecaps,Portland Timbers,1452.5228729899936,1403.9859863865408,188.53688660345279,0.7474966978915466
312,2012-10-25,2012,27,21,Sporting Kansas City,Philadelphia Union,1611.8530215662956,1456.2894484907727,295.563573075523,0.8457175850087257
313,2012-10-27,2012,2,17,CF Montreal,New England Revolution,1509.1644759038165,1401.1770230929017,247.98745281091487,0.8065162521365751
314,2012-10-27,2012,4,8,Chicago Fire,DC United,1564.422899738383,1573.2538164211223,131.16908331726063,0.6802824086682575
315,2012-10-27,2012,21,19,Philadelphia Union,New York Red Bulls,1450.1181518911217,1534.3308625975824,55.78728929353929,0.5796014328208987
316,2012-10-27,2012,22,25,Portland Timbers,San Jose Earthquakes,1433.8858543022027,1615.8277809234874,-41.941926621284665,0.4399322212328604
317,2012-10-28,2012,6,11,Colorado Rapids,Houston Dynamo,1404.8794344041767,1542.228564409271,2.6508699949056336,0.5038148345581387
318,2012-10-28,2012,7,29,Columbus Crew,Toronto FC,1527.6150035679868,1352.2334138347508,315.38158973323607,0.8600231634967557
319,2012-10-28,2012,10,5,FC Dallas,Chivas USA,1495.6236812784216,1345.535464458108,290.0882168203136,0.8415600892924244
320,2012-10-28,2012,23,30,Real Salt Lake,Vancouver Whitecaps,1564.3933621886822,1422.6230050743318,281.7703571143504,0.8350708467003676
321,2012-10-29,2012,14,26,Los Angeles Galaxy,Seattle Sounders,1569.9937903240377,1574.6690974236692,135.32469290036852,0.6854627295038896
322,2012-11-01,2012,4,11,Chicago Fire,Houston Dynamo,1557.2116033916527,1522.3811577915965,174.83044560005624,0.7323160019888727
323,2012-11-02,2012,14,30,Los Angeles Galaxy,Vancouver Whitecaps,1582.5752811438822,1436.0258389423466,286.5494422015356,0.8388249747421096
324,2012-11-03,2012,26,23,Seattle Sounders,Real Salt Lake,1562.0876066038247,1550.9905283206674,151.09707828315732,0.704700896597645
325,2012-11-04,2012,8,19,DC United,New York Red Bulls,1580.4651127678526,1557.5149199104183,162.95019285743433,0.7186988685436803
326,2012-11-04,2012,11,27,Houston Dynamo,Sporting Kansas City,1551.6737978711515,1618.0243181659466,73.64947970520484,0.6044305696942314
327,2012-11-05,2012,14,25,Los Angeles Galaxy,San Jose Earthquakes,1589.022282154198,1613.4250697728019,115.59721238139605,0.6604793400578326
328,2012-11-08,2012,25,14,San Jose Earthquakes,Los Angeles Galaxy,1639.8442433751152,1562.6031085518846,217.2411348232306,0.7773934096954841
329,2012-11-08,2012,27,11,Sporting Kansas City,Houston Dynamo,1602.201540953716,1567.4965750833821,174.7049658703338,0.7321743824843041
330,2012-11-09,2012,19,8,New York Red Bulls,DC United,1566.2628746521655,1571.7171580261054,134.54571662606008,0.6844951281061846
331,2012-11-09,2012,23,26,Real Salt Lake,Seattle Sounders,1559.1785641845731,1553.899570739919,145.27899344465413,0.6976839285668504
332,2012-11-11,2012,11,8,Houston Dynamo,DC United,1556.7835503827544,1599.0969631503528,97.68658723240151,0.6369913004806597
333,2012-11-12,2012,14,26,Los Angeles Galaxy,Seattle Sounders,1593.698844939704,1581.806927882593,151.89191705711096,0.7056521459354382
334,2012-11-18,2012,8,11,DC United,Houston Dynamo,1584.5766151695793,1571.3038983635279,153.27271680605145,0.7073004082268334
335,2012-11-19,2012,26,14,Seattle Sounders,Los Angeles Galaxy,1570.0330137200106,1605.4727591022865,104.56025461772401,0.6460902377042592
336,2012-12-01,2012,14,11,Los Angeles Galaxy,Houston Dynamo,1591.316368610457,1579.5959146926011,151.72045391785582,0.7054470929310747
337,2013-03-02,2013,21,27,Philadelphia Union,Sporting Kansas City,1426.9340945782858,1612.9145656543437,-45.98047107605794,0.43421241456344795
338,2013-03-02,2013,30,29,Vancouver Whitecaps,Toronto FC,1429.5788379320309,1346.634340374621,222.94449755740993,0.7830231663267309
339,2013-03-03,2013,5,7,Chivas USA,Columbus Crew,1359.197868029805,1533.2140770281167,-34.01620899831164,0.45120255959190914
340,2013-03-03,2013,10,6,FC Dallas,Colorado Rapids,1481.9612777067246,1424.7268410218512,197.23443668487334,0.7568290455786316
341,2013-03-03,2013,11,8,Houston Dynamo,DC United,1567.8137984098441,1576.284598840506,131.52919956933806,0.680733113029368
342,2013-03-03,2013,14,4,Los Angeles Galaxy,Chicago Fire,1603.098484893214,1527.9189633120977,215.1795215811162,0.7753329282696627
343,2013-03-03,2013,26,2,Seattle Sounders,CF Montreal,1584.1894042118402,1476.9038258183534,247.28557839348673,0.8058849891776727
344,2013-03-04,2013,22,19,Portland Timbers,New York Red Bulls,1436.2885654528882,1538.883069527918,37.40549592497018,0.5536238105786514
345,2013-03-04,2013,25,23,San Jose Earthquakes,Real Salt Lake,1608.7485069872957,1531.271207041899,217.47729994539668,0.7776285821849691
346,2013-03-09,2013,29,27,Toronto FC,Sporting Kansas City,1337.95526702769,1630.2830622368817,-152.32779520919166,0.2938269616047908
347,2013-03-10,2013,4,17,Chicago Fire,New England Revolution,1518.9322804428843,1433.4376731783648,225.49460726451957,0.7855068378695217
348,2013-03-10,2013,5,10,Chivas USA,FC Dallas,1341.1497656461286,1491.6881158835793,-10.538350237450686,0.4848387441602541
349,2013-03-10,2013,6,21,Colorado Rapids,Philadelphia Union,1415.0000028449965,1409.5655979957478,145.43440484924872,0.6978725893831483
350,2013-03-10,2013,8,23,DC United,Real Salt Lake,1563.5139233616808,1562.3763503292978,141.137573032383,0.6926320154327711
351,2013-03-10,2013,22,2,Portland Timbers,CF Montreal,1434.143613029742,1509.1392253854603,65.00438764428168,0.5924723289476835
352,2013-03-10,2013,30,7,Vancouver Whitecaps,Columbus Crew,1438.2579112789617,1551.262179411793,26.995731867168615,0.5387719866603807
353,2013-03-11,2013,25,19,San Jose Earthquakes,New York Red Bulls,1577.643363699897,1541.0280219510641,176.61534174883286,0.7343253277760904
354,2013-03-16,2013,2,29,CF Montreal,Toronto FC,1532.8381185433677,1366.2021885634983,306.6359299798694,0.8538520291507411
355,2013-03-16,2013,7,25,Columbus Crew,San Jose Earthquakes,1532.8130588782083,1588.2703505888535,84.54270828935478,0.6193209371155416
356,2013-03-16,2013,19,8,New York Red Bulls,DC United,1530.4010350621077,1575.80864274437,94.59239231773768,0.6328626950516039
357,2013-03-16,2013,21,17,Philadelphia Union,New England Revolution,1437.4805015710738,1464.8579466931455,112.62255487792822,0.6566289693939925
358,2013-03-16,2013,23,6,Real Salt Lake,Colorado Rapids,1550.0816309466086,1387.0850992696705,302.99653167693805,0.8512182691261803
359,2013-03-16,2013,27,4,Sporting Kansas City,Chicago Fire,1602.0361407010735,1487.5120069281036,254.5241337729699,0.812320415334327
360,2013-03-17,2013,10,11,FC Dallas,Houston Dynamo,1471.0816656499894,1580.5844738886694,30.497191761319982,0.5437766121313222
361,2013-03-17,2013,14,5,Los Angeles Galaxy,Chivas USA,1612.0851677624273,1361.7562158797184,390.3289518827089,0.9043840160869215
362,2013-03-17,2013,26,22,Seattle Sounders,Portland Timbers,1551.9540046447332,1410.4447198718346,281.5092847728986,0.8348637582011074
363,2013-03-23,2013,2,19,CF Montreal,New York Red Bulls,1538.684037377338,1525.0865272600436,153.5975101172944,0.7076873275161235
364,2013-03-23,2013,8,7,DC United,Columbus Crew,1581.123150546434,1528.0402213935865,193.08292915284756,0.7524039362516673
365,2013-03-23,2013,17,27,New England Revolution,Sporting Kansas City,1451.1231054689054,1589.5433240877003,1.5797813812050663,0.502273472493607
366,2013-03-24,2013,4,5,Chicago Fire,Chivas USA,1500.0048235414768,1377.9315765231952,262.07324701828156,0.8188558413592048
367,2013-03-24,2013,10,23,FC Dallas,Real Salt Lake,1489.3306011647364,1536.0329001815614,93.29770098317499,0.6311293373605004
368,2013-03-24,2013,11,30,Houston Dynamo,Vancouver Whitecaps,1562.3355383739224,1456.7070318125466,245.62850656137584,0.8043884263547918
369,2013-03-24,2013,14,6,Los Angeles Galaxy,Colorado Rapids,1595.9098071189505,1401.1338300347177,334.77597708423286,0.8729309075914339
370,2013-03-24,2013,25,26,San Jose Earthquakes,Seattle Sounders,1593.0431880734752,1538.559454316689,194.48373375678625,0.7539030779395982
371,2013-03-30,2013,6,22,Colorado Rapids,Portland Timbers,1396.051066338375,1423.839270199879,112.21179613849608,0.6560956506224335
372,2013-03-30,2013,17,10,New England Revolution,FC Dallas,1451.032166569161,1504.0854276703164,86.94673889884461,0.6225781563312713
373,2013-03-30,2013,19,21,New York Red Bulls,Philadelphia Union,1513.3940203606885,1451.215342795314,202.17867756537453,0.7620286785752302
374,2013-03-30,2013,29,14,Toronto FC,Los Angeles Galaxy,1360.356269729528,1600.9925708152932,-100.63630108576513,0.3590915813841013
375,2013-03-31,2013,5,30,Chivas USA,Vancouver Whitecaps,1410.6858101775633,1448.8825688667382,101.80324131082511,0.6424529366774501
376,2013-03-31,2013,11,25,Houston Dynamo,San Jose Earthquakes,1570.1600013197308,1602.8870649558912,107.27293636383956,0.6496526308507504
377,2013-03-31,2013,23,26,Real Salt Lake,Seattle Sounders,1521.2780736759814,1528.715577434273,132.56249624170846,0.6820244618694925
378,2013-03-31,2013,27,2,Sporting Kansas City,CF Montreal,1589.6342629874446,1550.376544276693,179.25771871075153,0.7372822207255137
379,2013-04-06,2013,7,21,Columbus Crew,Philadelphia Union,1558.1363788436531,1441.696489938323,256.43988890533,0.8139959077145202
380,2013-04-06,2013,27,8,Sporting Kansas City,DC United,1600.142974158424,1551.0269930963675,189.11598106205656,0.7481253681036879
381,2013-04-06,2013,29,10,Toronto FC,FC Dallas,1365.992606474164,1528.9885539235672,-22.995947449403275,0.46695441272538457
382,2013-04-07,2013,4,19,Chicago Fire,New York Red Bulls,1467.2505898871086,1522.9128732176794,84.33771666942926,0.6190426919277696
383,2013-04-07,2013,6,23,Colorado Rapids,Real Salt Lake,1389.8072403134777,1533.9970952012018,-4.1898548877240955,0.49397060640002316
384,2013-04-07,2013,22,11,Portland Timbers,Houston Dynamo,1430.0830962247762,1584.1738960857008,-14.090799860924562,0.4797328197790527
385,2013-04-07,2013,25,30,San Jose Earthquakes,Vancouver Whitecaps,1588.8731701899212,1434.5806863338362,294.292483856085,0.8447604536044401
386,2013-04-13,2013,21,29,Philadelphia Union,Toronto FC,1454.2563262469039,1367.3144299651485,226.94189628175536,0.7869071991007439
387,2013-04-13,2013,26,17,Seattle Sounders,New England Revolution,1515.9965559090526,1426.1290403159103,229.86751559314234,0.7897175606364226
388,2013-04-13,2013,30,23,Vancouver Whitecaps,Real Salt Lake,1448.3711044780139,1513.7559194572027,74.61518502081117,0.6057589312396209
389,2013-04-14,2013,2,7,CF Montreal,Columbus Crew,1539.8678331057135,1545.5765425350723,134.2912905706412,0.684178746663225
390,2013-04-14,2013,5,6,Chivas USA,Colorado Rapids,1424.9876927104654,1410.0484160574767,154.9392766529886,0.7092825580312644
391,2013-04-14,2013,8,19,DC United,New York Red Bulls,1540.952007820515,1507.67458089479,173.27742692572497,0.7305598854755619
392,2013-04-14,2013,10,14,FC Dallas,Los Angeles Galaxy,1527.6667304325827,1595.3562340706574,72.31049636192529,0.6025862016850164
393,2013-04-14,2013,11,4,Houston Dynamo,Chicago Fire,1563.363208876863,1482.4888822099979,220.87432666686504,0.7809916891010659
394,2013-04-15,2013,22,25,Portland Timbers,San Jose Earthquakes,1450.893783433614,1575.0827520457435,15.811031387870571,0.5227382087596402
395,2013-04-18,2013,19,27,New York Red Bulls,Sporting Kansas City,1536.8969763138125,1610.2179594342765,66.679016879536,0.5947977907514141
396,2013-04-20,2013,6,26,Colorado Rapids,Seattle Sounders,1438.4197183787273,1504.4078534835958,74.01186489513157,0.6049292250907857
397,2013-04-20,2013,29,11,Toronto FC,Houston Dynamo,1378.7907179291783,1572.1235413128202,-53.33282338364188,0.4238451194465197
398,2013-04-21,2013,4,7,Chicago Fire,Columbus Crew,1473.7285497740404,1552.9436924016013,60.78485737243909,0.58659472727104
399,2013-04-21,2013,8,21,DC United,Philadelphia Union,1511.7296124014927,1442.780038282874,208.94957411861856,0.7690243671567084
400,2013-04-21,2013,10,30,FC Dallas,Vancouver Whitecaps,1543.563282365182,1444.140747228429,239.4225351367529,0.7987060817815209
401,2013-04-21,2013,14,27,Los Angeles Galaxy,Sporting Kansas City,1579.459682138058,1634.009871064333,85.44981107372496,0.6205512496776462
402,2013-04-21,2013,19,17,New York Red Bulls,New England Revolution,1513.105064683756,1437.7177427413671,215.38732194238878,0.7755412269820444
403,2013-04-21,2013,23,5,Real Salt Lake,Chivas USA,1517.9862767067875,1396.6163903892148,261.36988631757276,0.8182544931436099
404,2013-04-22,2013,25,22,San Jose Earthquakes,Portland Timbers,1555.9922803961292,1469.9842550832284,226.00802531290083,0.7860043728592033
405,2013-04-27,2013,2,4,CF Montreal,Chicago Fire,1532.5006832391846,1490.2647606831988,182.23592255598578,0.7405894145306698
406,2013-04-27,2013,29,19,Toronto FC,New York Red Bulls,1381.8369131513175,1522.083415604474,-0.24650245315660868,0.49964525451325803
407,2013-04-27,2013,30,10,Vancouver Whitecaps,FC Dallas,1436.08899049969,1551.615039093921,24.473951405768958,0.5351627070297436
408,2013-04-28,2013,5,25,Chivas USA,San Jose Earthquakes,1389.3465701149591,1544.5521054817611,-15.205535366801996,0.4781314360005661
409,2013-04-28,2013,7,8,Columbus Crew,DC United,1536.407481492443,1480.9686377152243,195.4388437772186,0.7549217252998217
410,2013-04-28,2013,11,6,Houston Dynamo,Colorado Rapids,1569.077346090681,1414.222549375096,294.85479671558505,0.845184472183186
411,2013-04-28,2013,17,21,New England Revolution,Philadelphia Union,1428.739391820649,1473.5410129691425,95.1983788515065,0.6336728255957897
412,2013-04-28,2013,23,14,Real Salt Lake,Los Angeles Galaxy,1525.2560969810431,1594.6376321509522,70.61846483009094,0.6002513623467713
413,2013-04-28,2013,27,22,Sporting Kansas City,Portland Timbers,1618.831921051439,1481.4244299975965,277.4074910538425,0.8315826943404793
414,2013-05-03,2013,22,17,Portland Timbers,New England Revolution,1514.6877377712156,1443.3924787968174,211.29525897439817,0.7714141051918989
415,2013-05-04,2013,7,19,Columbus Crew,New York Red Bulls,1546.21061248045,1542.0692257850044,144.1413866954456,0.6963009073640088
416,2013-05-04,2013,21,26,Philadelphia Union,Seattle Sounders,1458.887925992974,1528.6050224872272,70.28290350574684,0.599787774845863
417,2013-05-04,2013,25,2,San Jose Earthquakes,CF Montreal,1543.6773629217837,1542.8771066579577,140.800256263826,0.6922184757798504
418,2013-05-05,2013,6,29,Colorado Rapids,Toronto FC,1428.0299282624233,1361.8511029707872,206.17882529163603,0.7661791371345762
419,2013-05-05,2013,23,30,Real Salt Lake,Vancouver Whitecaps,1501.2460424871722,1434.6824822185004,206.56356026867184,0.7665756660169527
420,2013-05-05,2013,27,5,Sporting Kansas City,Chivas USA,1585.5686132778198,1390.2213126749366,335.34730060288325,0.8732952627085057
421,2013-05-06,2013,14,11,Los Angeles Galaxy,Houston Dynamo,1618.6476866448231,1555.2699672033536,203.37771944146948,0.7632780728646044
422,2013-05-09,2013,8,11,DC United,Houston Dynamo,1471.1655067272172,1585.8010901179377,25.364416609279488,0.5364376191043062
423,2013-05-09,2013,10,22,FC Dallas,Portland Timbers,1553.0215473751107,1503.8311735635396,189.19037381157113,0.748206054248783
424,2013-05-09,2013,17,23,New England Revolution,Real Salt Lake,1454.2490430044934,1510.5830158464942,83.66602715799922,0.6181304278408803
425,2013-05-09,2013,19,2,New York Red Bulls,CF Montreal,1569.9212620795647,1550.5658456891517,159.35541639041298,0.7144964398345909
426,2013-05-09,2013,25,29,San Jose Earthquakes,Toronto FC,1535.9886238905897,1352.4982684561703,323.49035543441937,0.8655485354445708
427,2013-05-09,2013,27,26,Sporting Kansas City,Seattle Sounders,1590.6368027694796,1532.5965334810617,198.0402692884179,0.757681737502383
428,2013-05-11,2013,2,23,CF Montreal,Real Salt Lake,1539.1457032825354,1535.3082329601293,143.83747032240603,0.695930824213148
429,2013-05-11,2013,4,21,Chicago Fire,Philadelphia Union,1479.8883372644257,1454.8964149991396,164.99192226528612,0.7210688909814932
430,2013-05-11,2013,26,25,Seattle Sounders,San Jose Earthquakes,1562.903802981157,1541.3666824728068,161.5371205083502,0.7170514292580823
431,2013-05-12,2013,7,6,Columbus Crew,Colorado Rapids,1518.3585761858897,1437.3827627770402,220.9758134088495,0.7810915972050657
432,2013-05-12,2013,10,8,FC Dallas,DC United,1543.0933052051594,1449.708001963045,233.38530324211433,0.793060626229928
433,2013-05-12,2013,17,19,New England Revolution,New York Red Bulls,1429.5238258908582,1581.341404486181,-11.817578595322857,0.48299969287636896
434,2013-05-12,2013,22,5,Portland Timbers,Chivas USA,1513.7594157334909,1385.1531231832769,268.606292550214,0.824367417609668
435,2013-05-12,2013,30,14,Vancouver Whitecaps,Los Angeles Galaxy,1425.3455088591784,1588.116563730239,-22.77105487106064,0.4672766592010392
436,2013-05-13,2013,11,27,Houston Dynamo,Sporting Kansas City,1607.25859488211,1560.3295332693842,186.92906161272572,0.7457457884895051
437,2013-05-16,2013,21,14,Philadelphia Union,Los Angeles Galaxy,1483.7391706383992,1566.8076300982807,56.931540540118476,0.5812055590845474
438,2013-05-18,2013,29,7,Toronto FC,Columbus Crew,1347.1202098739532,1487.114912297687,0.005297576266229953,0.5000076238250867
439,2013-05-19,2013,8,27,DC United,Sporting Kansas City,1441.4304270122423,1590.1593648089645,-8.72893779672222,0.48744069113101374
440,2013-05-19,2013,11,17,Houston Dynamo,New England Revolution,1577.4287633425297,1430.2038381758034,287.2249251667263,0.839349983867085
441,2013-05-19,2013,19,14,New York Red Bulls,Los Angeles Galaxy,1580.661392201236,1590.0558524616627,130.60553973957326,0.6795764282404996
442,2013-05-19,2013,21,4,Philadelphia Union,Chicago Fire,1460.4909482750172,1451.045581625166,149.44536664985117,0.7027184582497418
443,2013-05-19,2013,25,6,San Jose Earthquakes,Colorado Rapids,1530.0487396431301,1468.626426665243,201.42231297788726,0.7612382222264954
444,2013-05-19,2013,26,10,Seattle Sounders,FC Dallas,1574.2217458108337,1551.3708801559621,162.85086565487154,0.7185832582138579
445,2013-05-19,2013,30,22,Vancouver Whitecaps,Portland Timbers,1446.6544424911367,1520.784719029104,65.86972346203265,0.5936744955300904
446,2013-05-20,2013,5,23,Chivas USA,Real Salt Lake,1378.1278198876637,1523.1454659286553,-5.017646040991622,0.4927795288738429
447,2013-05-26,2013,2,21,CF Montreal,Philadelphia Union,1551.3084703140094,1472.3822099450276,218.92626036898173,0.7790675675247527
448,2013-05-26,2013,6,5,Colorado Rapids,Chivas USA,1479.0759555543027,1358.41663873271,260.6593168215927,0.8176454059677593
449,2013-05-26,2013,8,22,DC United,Portland Timbers,1441.9327993670017,1524.5316988503077,57.40110051669399,0.5818633408896955
450,2013-05-26,2013,10,25,FC Dallas,San Jose Earthquakes,1540.1142104845164,1519.5992107540703,160.5149997304461,0.7158561497984629
451,2013-05-26,2013,17,29,New England Revolution,Toronto FC,1463.7778375304867,1327.1199049209497,276.65793260953706,0.8309775283987201
452,2013-05-26,2013,19,7,New York Red Bulls,Columbus Crew,1593.478335071616,1507.1152172506904,226.36311782092548,0.786347988636041
453,2013-05-26,2013,23,4,Real Salt Lake,Chicago Fire,1542.856647083609,1439.1543199551556,243.70232712845336,0.8026378680494924
454,2013-05-26,2013,27,11,Sporting Kansas City,Houston Dynamo,1589.656992454205,1543.8547639878464,185.80222846635866,0.7445139164750572
455,2013-05-27,2013,14,26,Los Angeles Galaxy,Seattle Sounders,1577.2389095912827,1585.4784154822794,131.76049410900328,0.6810224122567434
456,2013-06-01,2013,29,21,Toronto FC,Philadelphia Union,1320.3590060568986,1463.5449126460178,-3.185906589119213,0.4954152403647798
457,2013-06-02,2013,4,8,Chicago Fire,DC United,1451.2598346771354,1418.6582657314138,172.6015689457215,0.7297933744425944
458,2013-06-02,2013,5,26,Chivas USA,Seattle Sounders,1351.1224549714204,1572.7193119725491,-81.59685700112868,0.3846850586572903
459,2013-06-02,2013,6,10,Colorado Rapids,FC Dallas,1486.3701393155923,1551.479964492578,74.89017482301438,0.6061369045935706
460,2013-06-02,2013,7,11,Columbus Crew,Houston Dynamo,1518.5691367961322,1553.6353206468486,104.93381614928353,0.6465817868956129
461,2013-06-02,2013,14,17,Los Angeles Galaxy,New England Revolution,1589.998013101013,1470.5387363945379,259.45927670647507,0.8166131546273621
462,2013-06-02,2013,19,30,New York Red Bulls,Vancouver Whitecaps,1582.0244155261742,1442.907462669933,279.11695285624114,0.832956385174253
463,2013-06-02,2013,23,25,Real Salt Lake,San Jose Earthquakes,1530.7511323616293,1508.2334567460089,162.51767561562042,0.7181952358906538
464,2013-06-02,2013,27,2,Sporting Kansas City,CF Montreal,1579.8764357952027,1560.1457676130192,159.73066818218354,0.7149368818301486
465,2013-06-06,2013,21,7,Philadelphia Union,Columbus Crew,1463.361522260609,1512.7058653203076,90.65565694030147,0.6275816377914475
466,2013-06-09,2013,4,22,Chicago Fire,Portland Timbers,1462.0680996994315,1547.8062324858956,54.26186721353588,0.5774603311942823
467,2013-06-09,2013,17,8,New England Revolution,DC United,1503.2032625796323,1407.8500007091177,235.35326187051464,0.7949136334505923
468,2013-06-09,2013,23,14,Real Salt Lake,Los Angeles Galaxy,1542.0233229260032,1557.3334869159185,124.68983601008472,0.6721162945840349
469,2013-06-09,2013,26,30,Seattle Sounders,Vancouver Whitecaps,1588.1067143188407,1476.2257180769031,251.8809962419375,0.8099897488759151
470,2013-06-15,2013,22,10,Portland Timbers,FC Dallas,1550.904645733667,1555.7254406763207,135.17920505734628,0.6852821344721363
471,2013-06-16,2013,6,25,Colorado Rapids,San Jose Earthquakes,1482.1246631318495,1496.961266181635,125.16339695021452,0.6727167653110327
472,2013-06-16,2013,7,2,Columbus Crew,CF Montreal,1497.8091308319654,1588.743242886225,49.065887945740315,0.5701457802037542
473,2013-06-16,2013,8,29,DC United,Toronto FC,1419.6465460471413,1320.5423964423073,239.104149604834,0.7984112567393505
474,2013-06-16,2013,30,17,Vancouver Whitecaps,New England Revolution,1468.6253080319398,1491.4067172416087,117.21859079033106,0.6625691768504918
475,2013-06-20,2013,2,11,CF Montreal,Houston Dynamo,1571.5490740943753,1559.4985921226732,152.05048197170208,0.705841699864258
476,2013-06-20,2013,4,6,Chicago Fire,Colorado Rapids,1458.9696864516602,1455.2159925194082,143.75369393225196,0.6958287639133883
477,2013-06-20,2013,14,22,Los Angeles Galaxy,Portland Timbers,1544.21813869928,1563.4933603547815,120.72477834449842,0.6670666591643316
478,2013-06-20,2013,30,5,Vancouver Whitecaps,Chivas USA,1482.1225409579201,1335.735052625129,286.38748833279124,0.8386988926812613
479,2013-06-23,2013,7,4,Columbus Crew,Chicago Fire,1515.003299623815,1471.1365358951248,183.86676372869033,0.7423889050985117
480,2013-06-23,2013,8,25,DC United,San Jose Earthquakes,1387.7100957775674,1523.8699367940762,3.8401589834911647,0.5055262079826932
481,2013-06-23,2013,10,27,FC Dallas,Sporting Kansas City,1543.136726055206,1551.2789605219969,131.8577655332092,0.6811440360421437
482,2013-06-23,2013,11,29,Houston Dynamo,Toronto FC,1547.7322601172436,1352.4788467118813,335.2534134053624,0.8732354485981527
483,2013-06-23,2013,21,19,Philadelphia Union,New York Red Bulls,1478.2582567489512,1548.706160119204,69.55209662974721,0.5987775268582375
484,2013-06-23,2013,23,26,Real Salt Lake,Seattle Sounders,1555.1386711426417,1595.707124363804,99.43154677883763,0.6393107811006055
485,2013-06-24,2013,5,14,Chivas USA,Los Angeles Galaxy,1329.2830083323793,1537.5354723327066,-68.25246400032734,0.4030211207080376
486,2013-06-24,2013,22,6,Portland Timbers,Colorado Rapids,1570.176026721355,1443.0491430759437,267.1268836454112,0.8231309904416023
487,2013-06-29,2013,21,10,Philadelphia Union,FC Dallas,1494.3071556746218,1535.8909646135203,98.41619106110147,0.6379619063121774
488,2013-06-29,2013,29,23,Toronto FC,Real Salt Lake,1367.4082646558074,1569.5662398986174,-62.157975242809925,0.41148978989975854
489,2013-06-30,2013,2,6,CF Montreal,Colorado Rapids,1583.315406099805,1435.9743826936078,287.3410234061971,0.8394400801122022
490,2013-06-30,2013,5,17,Chivas USA,New England Revolution,1313.1621635040578,1477.9094843156283,-24.74732081157049,0.4644458501863538
491,2013-06-30,2013,8,30,DC United,Vancouver Whitecaps,1407.4890474582596,1488.5745852506698,58.91446220758985,0.5839813377804212
492,2013-06-30,2013,19,11,New York Red Bulls,Houston Dynamo,1532.6572611935335,1532.8028421733175,139.85441902021603,0.6910572637573568
493,2013-06-30,2013,25,14,San Jose Earthquakes,Los Angeles Galaxy,1504.090985113384,1553.656317161028,90.434667952356,0.6272842671587074
494,2013-06-30,2013,27,7,Sporting Kansas City,Columbus Crew,1558.5247219636826,1485.3077434198747,213.21697854380795,0.7733589112443371
495,2013-07-04,2013,4,25,Chicago Fire,San Jose Earthquakes,1500.8320920990652,1518.9996144270358,121.83247767202943,0.6684812806176332
496,2013-07-04,2013,23,21,Real Salt Lake,Philadelphia Union,1586.0258314946077,1488.7886794221347,237.237152072473,0.7966759220540041
497,2013-07-04,2013,26,8,Seattle Sounders,DC United,1581.2795556078283,1384.1297939470428,337.14976166078554,0.8744389117955842
498,2013-07-04,2013,27,30,Sporting Kansas City,Vancouver Whitecaps,1567.590365513909,1511.9338387618866,195.6565267520225,0.755153490450693
499,2013-07-04,2013,29,2,Toronto FC,CF Montreal,1350.948673059817,1549.737802895317,-58.78912983549981,0.416193952176547
500,2013-07-05,2013,6,19,Colorado Rapids,New York Red Bulls,1469.5519858980958,1545.0149706432392,64.53701525485667,0.591822570816612
501,2013-07-05,2013,10,5,FC Dallas,Chivas USA,1541.4094408660073,1314.5843294966037,366.82511136940366,0.8920269882136143
502,2013-07-05,2013,14,7,Los Angeles Galaxy,Columbus Crew,1538.7476878473763,1476.2420998696482,202.50558797772806,0.762369766358059
503,2013-07-07,2013,4,27,Chicago Fire,Sporting Kansas City,1514.0928408743598,1557.3842258958814,96.70861497847841,0.635688533685744
504,2013-07-07,2013,7,22,Columbus Crew,Portland Timbers,1466.7368905239705,1577.2507871036908,29.486103420279733,0.5423323290875117
505,2013-07-07,2013,11,21,Houston Dynamo,Philadelphia Union,1520.4451327236118,1500.6557163042949,159.78941641931692,0.7150057990419636
506,2013-07-07,2013,17,25,New England Revolution,San Jose Earthquakes,1476.4873183230825,1505.7388656517412,110.74845267134128,0.6541924890687898
507,2013-07-07,2013,30,26,Vancouver Whitecaps,Seattle Sounders,1522.1399783799143,1586.301999136005,75.83797924390933,0.6074386856503218
508,2013-07-08,2013,2,5,CF Montreal,Chivas USA,1546.3855609823788,1330.2654090251483,356.1201519572305,0.8859468490653839
509,2013-07-08,2013,6,8,Colorado Rapids,DC United,1485.8790830654314,1379.1073504188662,246.77173264656517,0.8054218479359101
510,2013-07-08,2013,14,10,Los Angeles Galaxy,FC Dallas,1548.252897193054,1525.7283613374627,162.52453585559124,0.7182032283808742
511,2013-07-13,2013,21,5,Philadelphia Union,Chivas USA,1489.2559482659733,1345.7032829877637,283.5526652782096,0.8364790488746393
512,2013-07-14,2013,10,23,FC Dallas,Real Salt Lake,1514.4564904726976,1574.1587946124475,80.29769586025009,0.6135432251023718
513,2013-07-14,2013,17,11,New England Revolution,Houston Dynamo,1490.319618760331,1531.8449007619333,98.47471799839764,0.6380397171913247
514,2013-07-14,2013,19,2,New York Red Bulls,CF Montreal,1528.6878734759036,1530.9476870197634,137.74018645614024,0.688452873083655
515,2013-07-14,2013,22,14,Portland Timbers,Los Angeles Galaxy,1558.944080267191,1559.524768057819,139.41931220937204,0.690522266873853
516,2013-07-14,2013,25,26,San Jose Earthquakes,Seattle Sounders,1491.9065652144927,1570.5995465620178,61.30701865247488,0.5873234480861995
517,2013-07-14,2013,27,29,Sporting Kansas City,Toronto FC,1582.8117672433111,1354.3009149727552,368.5108522705559,0.8929580689280379
518,2013-07-15,2013,30,4,Vancouver Whitecaps,Chicago Fire,1537.8424309539014,1488.66529952693,189.1771314269713,0.7481916928542602
519,2013-07-18,2013,5,29,Chivas USA,Toronto FC,1339.1624449427493,1350.0192377298767,129.14320721287254,0.6777406550183094
520,2013-07-18,2013,6,17,Colorado Rapids,New England Revolution,1473.6622091479949,1464.7980300726779,148.864179075317,0.7020190744597272
521,2013-07-20,2013,26,6,Seattle Sounders,Colorado Rapids,1554.0924844854658,1485.581446169606,208.51103831585988,0.7685756612039468
522,2013-07-20,2013,29,19,Toronto FC,New York Red Bulls,1337.1288639306092,1541.1497585525574,-64.02089462194817,0.4088953319123018
523,2013-07-21,2013,2,10,CF Montreal,FC Dallas,1518.4858019431097,1489.9147614686028,168.57104047450684,0.725193820874621
524,2013-07-21,2013,4,8,Chicago Fire,DC United,1478.5929672411005,1391.3242243363027,227.26874290479782,0.7872225234401012
525,2013-07-21,2013,7,17,Columbus Crew,New England Revolution,1485.04359736047,1452.878793051067,172.16480430940283,0.7292972965966565
526,2013-07-21,2013,14,30,Los Angeles Galaxy,Vancouver Whitecaps,1547.1456587327732,1547.914763239731,139.23089549304223,0.6902904356470448
527,2013-07-21,2013,21,22,Philadelphia Union,Portland Timbers,1495.7967863109877,1571.323189592237,64.47359671875074,0.5917343792669069
528,2013-07-21,2013,23,27,Real Salt Lake,Sporting Kansas City,1598.7005236165423,1587.0934444861896,151.60707913035276,0.7053114621806355
529,2013-07-27,2013,29,7,Toronto FC,Columbus Crew,1340.7730506541172,1455.8717054966037,24.90134515751356,0.5357746809054386
530,2013-07-28,2013,2,27,CF Montreal,Sporting Kansas City,1509.4780491081249,1615.305902973415,34.17214613470992,0.5490197047693294
531,2013-07-28,2013,6,14,Colorado Rapids,Los Angeles Galaxy,1496.3244726177638,1559.5340413068914,76.79043131087246,0.6087453135727249
532,2013-07-28,2013,8,17,DC United,New England Revolution,1382.8131252739067,1482.0506849149333,40.762440358973436,0.5583941835207394
533,2013-07-28,2013,11,4,Houston Dynamo,Chicago Fire,1557.3664894495864,1487.1040663034964,210.26242314609,0.770364021058905
534,2013-07-28,2013,19,23,New York Red Bulls,Real Salt Lake,1537.5055718290494,1570.488065129317,107.0175066997324,0.6493178947226461
535,2013-07-28,2013,25,22,San Jose Earthquakes,Portland Timbers,1508.4136272910448,1574.9925647629132,73.42106252813164,0.6041161475130498
536,2013-07-28,2013,30,21,Vancouver Whitecaps,Philadelphia Union,1535.5263806656128,1492.1274111403116,183.39896952530125,0.74187356982506
537,2013-07-29,2013,26,5,Seattle Sounders,Chivas USA,1543.3494580373078,1352.0528187420168,331.296639295291,0.870692632199507
538,2013-08-03,2013,27,19,Sporting Kansas City,New York Red Bulls,1597.2666911641882,1551.5328560401435,185.73383512404462,0.7444390217211267
539,2013-08-04,2013,6,23,Colorado Rapids,Real Salt Lake,1511.974660074855,1556.4607809182228,95.51387915663213,0.6340943125716325
540,2013-08-04,2013,8,2,DC United,CF Montreal,1360.4773579330772,1527.5172609173517,-27.039902984274477,0.46116482885026716
541,2013-08-04,2013,11,7,Houston Dynamo,Columbus Crew,1546.5519286072301,1437.3026927328212,249.2492358744089,0.8076471679655144
542,2013-08-04,2013,21,4,Philadelphia Union,Chicago Fire,1521.802353933314,1497.9186271458527,163.88372678746123,0.7197840268363832
543,2013-08-04,2013,22,30,Portland Timbers,Vancouver Whitecaps,1559.157210663435,1505.8514378726104,193.30577279082468,0.752642832912161
544,2013-08-04,2013,25,5,San Jose Earthquakes,Chivas USA,1524.2489813905229,1346.880524029997,317.3684573605258,0.8613943660548337
545,2013-08-04,2013,26,10,Seattle Sounders,FC Dallas,1548.5217527493276,1498.9225143035876,189.59923844573996,0.7486492013499125
546,2013-08-05,2013,17,29,New England Revolution,Toronto FC,1504.3864522557628,1359.3420634178997,285.04438883786315,0.837650210496998
547,2013-08-11,2013,4,2,Chicago Fire,CF Montreal,1526.7099882193081,1505.9638540713624,160.74613414794567,0.7161267072893486
548,2013-08-11,2013,7,19,Columbus Crew,New York Red Bulls,1429.6085794514418,1581.3104169089886,-11.701837457546844,0.483166067085261
549,2013-08-11,2013,21,8,Philadelphia Union,DC United,1493.0109928598586,1382.0307647790664,250.98022808079213,0.8091904247192291
550,2013-08-11,2013,23,11,Real Salt Lake,Houston Dynamo,1561.824553421088,1554.2460418886096,147.5785115324784,0.7004685822849619
551,2013-08-11,2013,27,17,Sporting Kansas City,New England Revolution,1567.489130295343,1470.880443835883,236.60868645946016,0.7960892794184089
552,2013-08-11,2013,29,26,Toronto FC,Seattle Sounders,1392.8480718377796,1558.575784695331,-25.727712857551523,0.46304237200338305
553,2013-08-11,2013,30,25,Vancouver Whitecaps,San Jose Earthquakes,1515.9571511890967,1529.7932067483296,126.16394444076718,0.6739835896582835
554,2013-08-12,2013,5,6,Chivas USA,Colorado Rapids,1341.3362986721904,1506.6108875719897,-25.274588899799255,0.46369096924086667
555,2013-08-12,2013,10,14,FC Dallas,Los Angeles Galaxy,1488.868482357584,1543.8838538498003,84.98462850778378,0.6199205104128014
556,2013-08-18,2013,2,8,CF Montreal,DC United,1494.6089223629365,1374.3983817678356,260.21054059510084,0.8172599067212009
557,2013-08-18,2013,6,30,Colorado Rapids,Vancouver Whitecaps,1505.1585263416243,1528.9978076027653,116.16071873885903,0.6612063721164542
558,2013-08-18,2013,7,29,Columbus Crew,Toronto FC,1450.2819367680313,1374.3263769576442,215.95555981038706,0.776110126676571
559,2013-08-18,2013,11,26,Houston Dynamo,Seattle Sounders,1542.2647851800082,1577.0974795754664,105.16730560454175,0.6468888656306802
560,2013-08-18,2013,14,23,Los Angeles Galaxy,Real Salt Lake,1548.6806742663123,1573.8058101296895,114.87486413662282,0.6595462640159656
561,2013-08-18,2013,17,4,New England Revolution,Chicago Fire,1462.7240150126192,1538.064919927734,64.65909508488517,0.5919923217153704
562,2013-08-18,2013,19,21,New York Red Bulls,Philadelphia Union,1560.637059592399,1500.6433758710893,199.9936837213097,0.7597402898440403
563,2013-08-18,2013,22,10,Portland Timbers,FC Dallas,1549.0514973469487,1484.071661941072,204.97983540587666,0.7649403928329379
564,2013-08-19,2013,25,27,San Jose Earthquakes,Sporting Kansas City,1516.752550334661,1575.6455591186068,81.10699121605421,0.6146472487766129
565,2013-08-22,2013,5,10,Chivas USA,FC Dallas,1342.7886599025558,1474.6692776543896,8.119382248166175,0.5116826036613207
566,2013-08-22,2013,22,23,Portland Timbers,Real Salt Lake,1558.4538816336312,1560.1876606903281,138.2662209433031,0.6891019853103317
567,2013-08-24,2013,4,27,Chicago Fire,Sporting Kansas City,1521.744612796349,1560.2314490696713,101.5131637266777,0.6420692757091455
568,2013-08-25,2013,2,11,CF Montreal,Houston Dynamo,1501.9185260940885,1556.389230554781,85.52929553930744,0.6206589816908281
569,2013-08-25,2013,5,19,Chivas USA,New York Red Bulls,1322.321355756103,1550.2474479986374,-87.92609224253442,0.37609806659760625
570,2013-08-25,2013,8,29,DC United,Toronto FC,1367.0887780366836,1365.370782024707,141.71799601197654,0.6933428714650287
571,2013-08-25,2013,10,25,FC Dallas,San Jose Earthquakes,1495.1365818008424,1532.1666603835965,102.96992141724581,0.643994158321065
572,2013-08-25,2013,23,7,Real Salt Lake,Columbus Crew,1567.7517401027415,1459.2375317009685,248.51420840177298,0.806988988133018
573,2013-08-25,2013,30,14,Vancouver Whitecaps,Los Angeles Galaxy,1515.4460624874234,1562.2988237056736,93.14723878174982,0.6309276749778868
574,2013-08-26,2013,17,21,New England Revolution,Philadelphia Union,1479.0443221440044,1511.032987464851,108.01133467915338,0.6506194597713256
575,2013-08-26,2013,26,22,Seattle Sounders,Portland Timbers,1562.9730342006935,1550.889802221218,152.0832319794756,0.7058808414728569
576,2013-08-31,2013,23,22,Real Salt Lake,Portland Timbers,1575.4721805774207,1539.1250358801321,176.3471446972885,0.7340240234181059
577,2013-08-31,2013,29,17,Toronto FC,New England Revolution,1373.1044968833082,1493.0195437531513,20.08495313015692,0.528872415329238
578,2013-09-01,2013,4,11,Chicago Fire,Houston Dynamo,1536.0618417679832,1541.2155898224141,134.84625194556907,0.6848686266755537
579,2013-09-01,2013,7,26,Columbus Crew,Seattle Sounders,1451.5170912262893,1574.7378005417793,16.779290684509988,0.5241285843134396
580,2013-09-01,2013,14,25,Los Angeles Galaxy,San Jose Earthquakes,1587.535930704789,1537.9264267164392,189.60950398834984,0.7486603209677393
581,2013-09-01,2013,19,8,New York Red Bulls,DC United,1525.2913706625416,1359.3550631780824,305.9363074844591,0.8533487445665755
582,2013-09-01,2013,21,2,Philadelphia Union,CF Montreal,1497.057765855704,1517.0921668264555,119.96559902924855,0.6660953821850732
583,2013-09-01,2013,27,6,Sporting Kansas City,Colorado Rapids,1545.914220098037,1518.7102714569662,167.20394864107084,0.7236227272577598
584,2013-09-02,2013,30,5,Vancouver Whitecaps,Chivas USA,1490.208955488308,1347.2774330921989,282.93152239610913,0.8359893850304598
585,2013-09-05,2013,7,11,Columbus Crew,Houston Dynamo,1430.5519478537517,1548.6103348894362,21.941612964315482,0.5315346072483673
586,2013-09-05,2013,26,5,Seattle Sounders,Chivas USA,1595.7029439143168,1360.7170084934173,374.9859354208995,0.8964689938460383
587,2013-09-08,2013,10,30,FC Dallas,Vancouver Whitecaps,1489.3768154679997,1476.7693800870895,152.60743538091015,0.7065069364034783
588,2013-09-08,2013,11,19,Houston Dynamo,New York Red Bulls,1529.871719179371,1531.1574208798786,138.71429829949238,0.6896543146641451
589,2013-09-08,2013,14,6,Los Angeles Galaxy,Colorado Rapids,1597.5895178660794,1507.6551805472766,229.93433731880282,0.7897814310583194
590,2013-09-08,2013,22,29,Portland Timbers,Toronto FC,1528.4859968168564,1371.9496002701387,296.5363965467177,0.846446858456387
591,2013-09-08,2013,26,4,Seattle Sounders,Chicago Fire,1599.8441841604754,1528.667096700961,211.17708745951427,0.771294131595339
592,2013-09-08,2013,27,7,Sporting Kansas City,Columbus Crew,1556.9693110077267,1449.290563563817,247.67874744390974,0.8062387962137763
593,2013-09-09,2013,5,8,Chivas USA,DC United,1356.5757682472588,1353.4890129607454,143.08675528651338,0.6950155810756969
594,2013-09-09,2013,17,2,New England Revolution,CF Montreal,1494.1744403663208,1523.7359821138584,110.4384582524624,0.6537886866222034
595,2013-09-09,2013,25,21,San Jose Earthquakes,Philadelphia Union,1527.8728395551489,1490.413950568301,177.4588889868478,0.7352715846202662
596,2013-09-12,2013,29,4,Toronto FC,Chicago Fire,1365.8074746083942,1519.5188619647747,-13.711387356380556,0.4802779650517354
597,2013-09-14,2013,2,7,CF Montreal,Columbus Crew,1549.8875295787466,1441.5401154123679,248.3474141663787,0.8068393940466242
598,2013-09-14,2013,8,14,DC United,Los Angeles Galaxy,1341.2896362037734,1565.9982606237465,-84.70862441997315,0.38045391413523116
599,2013-09-14,2013,26,23,Seattle Sounders,Real Salt Lake,1608.9924188966618,1586.1112196406964,162.88119925596538,0.7186185675958993
600,2013-09-15,2013,4,17,Chicago Fire,New England Revolution,1518.7299805668442,1468.0228929014327,190.70708766541156,0.7498473353704223
601,2013-09-15,2013,5,22,Chivas USA,Portland Timbers,1368.7751450042308,1534.628122478601,-25.852977474370164,0.4628630914146241
602,2013-09-15,2013,6,10,Colorado Rapids,FC Dallas,1539.2464377896094,1501.1165380118605,178.12989977774896,0.7360227550954087
603,2013-09-15,2013,19,29,New York Red Bulls,Toronto FC,1558.7435934664445,1366.5963560063246,332.14723746011987,0.8712429072872283
604,2013-09-15,2013,21,11,Philadelphia Union,Houston Dynamo,1479.8248139531117,1502.285546592805,117.53926736030667,0.6629817571366028
605,2013-09-15,2013,25,30,San Jose Earthquakes,Vancouver Whitecaps,1538.4619761703382,1465.0296575432287,213.43231862710945,0.7735761078943837
606,2013-09-21,2013,2,30,CF Montreal,Vancouver Whitecaps,1517.6139538168816,1475.972701859004,181.64125195787756,0.7399312192567987
607,2013-09-21,2013,22,6,Portland Timbers,Colorado Rapids,1533.142646135186,1549.805527585793,123.33711854939293,0.6703979616780961
608,2013-09-21,2013,29,27,Toronto FC,Sporting Kansas City,1361.4460722978138,1564.7197591591757,-63.273686861361966,0.4099353554340904
609,2013-09-22,2013,7,4,Columbus Crew,Chicago Fire,1473.8136911742329,1528.7360871520273,85.0776040222056,0.6200466080193437
610,2013-09-22,2013,11,5,Houston Dynamo,Chivas USA,1528.804816878269,1370.2606213476458,298.54419553062326,0.8479430734380706
611,2013-09-22,2013,14,26,Los Angeles Galaxy,Seattle Sounders,1561.216417189156,1620.2476761928258,80.9687409963301,0.6144587339393608
612,2013-09-22,2013,17,8,New England Revolution,DC United,1458.0167863162496,1346.071479638364,251.94530667788558,0.8100467185669834
613,2013-09-22,2013,19,10,New York Red Bulls,FC Dallas,1563.8938771749554,1490.557448215677,213.33642895927846,0.7734794096948818
614,2013-09-22,2013,23,25,Real Salt Lake,San Jose Earthquakes,1574.8559623445324,1527.5189318545629,187.3370304899695,0.7461908201684236
615,2013-09-28,2013,27,21,Sporting Kansas City,Philadelphia Union,1581.1171733765393,1453.3055436676477,267.8116297088916,0.8237041196897328
616,2013-09-28,2013,29,8,Toronto FC,DC United,1345.0486580804502,1338.4733483810435,146.57530969940672,0.6992555372728678
617,2013-09-29,2013,4,2,Chicago Fire,CF Montreal,1513.537951472801,1488.0167050466096,165.5212464261915,0.7216813236485552
618,2013-09-29,2013,17,11,New England Revolution,Houston Dynamo,1465.6149175735702,1534.8870939407464,70.72782363282386,0.600402405891474
619,2013-09-29,2013,22,14,Portland Timbers,Los Angeles Galaxy,1546.3267276680622,1556.6380678315816,129.6886598364806,0.6784260471725708
620,2013-09-29,2013,30,23,Vancouver Whitecaps,Real Salt Lake,1505.569950629276,1545.0083295377954,100.56162109148067,0.6408094750689587
621,2013-09-30,2013,5,25,Chivas USA,San Jose Earthquakes,1364.1783442851686,1557.3665646613,-53.18822037613131,0.4240484052081227
622,2013-09-30,2013,10,7,FC Dallas,Columbus Crew,1481.4966246034721,1489.011826853459,132.48479775001306,0.6819274561592125
623,2013-09-30,2013,26,19,Seattle Sounders,New York Red Bulls,1624.8260255504001,1572.9547007871602,191.87132476323995,0.751102344538652
624,2013-10-05,2013,8,4,DC United,Chicago Fire,1326.4435698719583,1504.6706985268588,-38.227128654900525,0.44520766372786347
625,2013-10-05,2013,11,2,Houston Dynamo,CF Montreal,1538.9031901764054,1496.8839579925518,182.01923218385355,0.740349701963107
626,2013-10-06,2013,6,26,Colorado Rapids,Seattle Sounders,1536.6214460529168,1614.781931768854,61.839514284062716,0.588066197481456
627,2013-10-06,2013,7,27,Columbus Crew,Sporting Kansas City,1516.2889250998276,1548.16900858895,108.1199165108776,0.6507615282478368
628,2013-10-06,2013,14,5,Los Angeles Galaxy,Chivas USA,1543.7751097184844,1347.2164080768437,336.5587016416407,0.8740648657653812
629,2013-10-06,2013,19,17,New York Red Bulls,New England Revolution,1582.9987945687062,1461.5988213379112,261.399973230795,0.818280248138844
630,2013-10-06,2013,21,29,Philadelphia Union,Toronto FC,1486.253708455237,1357.0784365895354,269.1752718657017,0.8248411319613623
631,2013-10-06,2013,23,10,Real Salt Lake,FC Dallas,1570.6407085405538,1454.2195263571036,256.4211821834501,0.8139796030152838
632,2013-10-07,2013,30,22,Vancouver Whitecaps,Portland Timbers,1479.9375716265176,1559.1896857811594,60.74788584535827,0.5865431159167468
633,2013-10-10,2013,11,27,Houston Dynamo,Sporting Kansas City,1549.2892020978811,1574.1994697188634,115.08973237901773,0.659823944621151
634,2013-10-10,2013,25,6,San Jose Earthquakes,Colorado Rapids,1574.3285008696248,1553.0987981536584,161.22970271596637,0.7166922516619373
635,2013-10-10,2013,26,30,Seattle Sounders,Vancouver Whitecaps,1598.3045796681124,1476.4758469898477,261.8287326782647,0.8186469662446739
636,2013-10-12,2013,2,17,CF Montreal,New England Revolution,1486.497946071076,1474.330031263465,152.16791480761117,0.7059820371982092
637,2013-10-13,2013,8,21,DC United,Philadelphia Union,1308.6352633228437,1493.2600631767825,-44.62479985393884,0.43613058212560785
638,2013-10-13,2013,10,4,FC Dallas,Chicago Fire,1466.778710477715,1522.4790050759734,84.29970540174168,0.6189910887707484
639,2013-10-14,2013,22,26,Portland Timbers,Seattle Sounders,1562.6514104178293,1565.5587010183253,137.09270939950397,0.6876528865071366
640,2013-10-17,2013,14,2,Los Angeles Galaxy,CF Montreal,1548.812515087869,1458.2586645831477,230.55385050472137,0.790372904446125
641,2013-10-19,2013,2,21,CF Montreal,Philadelphia Union,1449.8735807609928,1490.7052864618067,99.16829429918607,0.6389612667846799
642,2013-10-19,2013,6,30,Colorado Rapids,Vancouver Whitecaps,1541.766488220136,1509.2217256396348,172.54476258050113,0.7297288860962222
643,2013-10-19,2013,10,26,FC Dallas,Seattle Sounders,1442.0190669268852,1553.0648164786107,28.95425044827448,0.5415723196799328
644,2013-10-19,2013,27,8,Sporting Kansas City,DC United,1580.5924275037094,1311.1900400378195,409.4023874658899,0.9134660656626137
645,2013-10-20,2013,4,29,Chicago Fire,Toronto FC,1547.2386486268033,1350.07208186799,337.16656675881336,0.8744495327993378
646,2013-10-20,2013,11,19,Houston Dynamo,New York Red Bulls,1542.8962443130351,1570.2675846431525,112.62865966988261,0.6566368927262166
647,2013-10-20,2013,17,7,New England Revolution,Columbus Crew,1502.5693127513932,1490.2584639699141,152.31084878147908,0.7061527967703525
648,2013-10-20,2013,22,23,Portland Timbers,Real Salt Lake,1575.145294957544,1558.0815244199423,157.0637705376016,0.711797836214048
649,2013-10-21,2013,14,25,Los Angeles Galaxy,San Jose Earthquakes,1557.197598910024,1585.6608108031473,111.53678810687666,0.6552183823706897
650,2013-10-24,2013,23,5,Real Salt Lake,Chivas USA,1566.5534378685043,1342.179002707459,364.3744351610453,0.8906607195945194
651,2013-10-26,2013,21,27,Philadelphia Union,Sporting Kansas City,1476.263737133194,1584.0537848772049,32.20995225598904,0.5462215030152681
652,2013-10-26,2013,25,10,San Jose Earthquakes,FC Dallas,1591.869546097975,1460.356174139688,271.51337195828705,0.8267771975662768
653,2013-10-26,2013,29,2,Toronto FC,CF Montreal,1345.0500631799634,1464.3151300896056,20.7349330903578,0.5298045908477151
654,2013-10-27,2013,5,22,Chivas USA,Portland Timbers,1337.8054314912397,1566.673381508982,-88.86795001774226,0.37482671478430357
655,2013-10-27,2013,7,17,Columbus Crew,New England Revolution,1478.5045758407282,1514.3232008805792,104.18137496014901,0.6455913751185939
656,2013-10-27,2013,8,11,DC United,Houston Dynamo,1307.728682664324,1516.6307686039866,-68.90208593966258,0.4021217366662951
657,2013-10-27,2013,19,4,New York Red Bulls,Chicago Fire,1596.5330603522011,1552.2606673148298,184.27239303737133,0.7428352135728857
658,2013-10-28,2013,26,14,Seattle Sounders,Los Angeles Galaxy,1534.727709265808,1550.9888636151964,123.73884565061167,0.6709087466473115
659,2013-10-28,2013,30,6,Vancouver Whitecaps,Colorado Rapids,1498.4108810834837,1552.577332776287,85.83354830719668,0.6210712511913158
660,2013-10-31,2013,26,6,Seattle Sounders,Colorado Rapids,1527.8913593999155,1537.4201828239397,130.47117657597573,0.6794079829064128
661,2013-11-01,2013,11,2,Houston Dynamo,CF Montreal,1532.7156380706383,1445.5073137235142,227.20832434712406,0.7871642604729735
662,2013-11-03,2013,11,19,Houston Dynamo,New York Red Bulls,1541.2290676517193,1606.8196518092857,74.40941584243365,0.6054760187843131
663,2013-11-03,2013,17,27,New England Revolution,Sporting Kansas City,1540.146855885323,1605.9026449978155,74.2442108875075,0.6052488269844295
664,2013-11-03,2013,26,22,Seattle Sounders,Portland Timbers,1540.715040083659,1581.666450100354,99.04858998330496,0.638802289378854
665,2013-11-04,2013,14,23,Los Angeles Galaxy,Real Salt Lake,1557.825213481089,1570.9270090847235,126.89820439636537,0.6749116461713944
666,2013-11-07,2013,19,11,New York Red Bulls,Houston Dynamo,1611.0386925606583,1537.0100269003467,214.02866566031162,0.7741768277118067
667,2013-11-07,2013,27,17,Sporting Kansas City,New England Revolution,1590.1125980771926,1555.936902805946,174.1756952712467,0.7315765120301768
668,2013-11-08,2013,22,26,Portland Timbers,Seattle Sounders,1607.2185416755083,1515.1629485085048,232.0555931670035,0.7918015983154261
669,2013-11-08,2013,23,14,Real Salt Lake,Los Angeles Galaxy,1557.9234749315792,1570.8287476342332,127.09472729734603,0.6751598058535532
670,2013-11-09,2013,11,27,Houston Dynamo,Sporting Kansas City,1547.977100008819,1600.8495375959856,87.12756241283341,0.6228227110599661
671,2013-11-11,2013,23,22,Real Salt Lake,Portland Timbers,1570.917082697437,1615.5464777428913,95.3706049545458,0.6339029333771248
672,2013-11-24,2013,27,11,Sporting Kansas City,Houston Dynamo,1605.7624460383843,1543.0641915664203,202.698254471964,0.7625706307024497
673,2013-11-25,2013,22,23,Portland Timbers,Real Salt Lake,1600.9025950779762,1585.5609653623521,155.3416297156241,0.7097599143997453
674,2013-12-07,2013,27,23,Sporting Kansas City,Real Salt Lake,1615.2596208102864,1613.951361938342,141.30825887194442,0.692841153049893
675,2014-03-08,2014,26,27,Seattle Sounders,Sporting Kansas City,1506.8350124411218,1607.5459746882907,39.289037752831064,0.5563016841035495
676,2014-03-09,2014,5,4,Chivas USA,Chicago Fire,1322.8123628998676,1541.9740758577452,-79.16171295787763,0.3880084279185801
677,2014-03-09,2014,8,7,DC United,Columbus Crew,1291.6438131976722,1452.6809208359844,-21.037107638312136,0.4697621127772111
678,2014-03-09,2014,10,2,FC Dallas,CF Montreal,1453.427262042339,1436.9938841424332,156.43337789990574,0.711052839818992
679,2014-03-09,2014,11,17,Houston Dynamo,New England Revolution,1533.5670167945182,1545.199963287153,128.3670535073652,0.6767640548611545
680,2014-03-09,2014,14,23,Los Angeles Galaxy,Real Salt Lake,1557.8351398683753,1621.6650080603376,76.1701318080377,0.6078945272068049
681,2014-03-09,2014,22,21,Portland Timbers,Philadelphia Union,1572.5121985019864,1454.4148770125832,258.09732148940316,0.8154361444479181
682,2014-03-09,2014,30,19,Vancouver Whitecaps,New York Red Bulls,1513.5680310358312,1600.071619452186,53.49641158364511,0.5763848250008601
683,2014-03-15,2014,19,6,New York Red Bulls,Colorado Rapids,1583.1270124522205,1524.5965021401962,198.53051031202426,0.7581994901458892
684,2014-03-15,2014,21,17,Philadelphia Union,New England Revolution,1467.0323227905,1532.2705254815992,74.7617973089009,0.6059604655392966
685,2014-03-15,2014,26,29,Seattle Sounders,Toronto FC,1524.5829450769797,1363.8578795460548,300.7250655309249,0.8495546828182203
686,2014-03-16,2014,5,30,Chivas USA,Vancouver Whitecaps,1347.2920257831245,1530.5126380357967,-43.220612252672254,0.4381194128332066
687,2014-03-16,2014,11,2,Houston Dynamo,CF Montreal,1546.496454600072,1425.4359977351928,261.06045686487914,0.8179894506087652
688,2014-03-16,2014,22,4,Portland Timbers,Chicago Fire,1559.8947527240696,1517.4944129744883,182.40033974958124,0.7407712042038157
689,2014-03-16,2014,25,23,San Jose Earthquakes,Real Salt Lake,1598.798458195324,1645.9807891486098,92.81766904671417,0.6304857975307945
690,2014-03-16,2014,27,10,Sporting Kansas City,FC Dallas,1589.7980420524327,1464.9851484495794,264.81289360285336,0.8211833680003087
691,2014-03-22,2014,6,22,Colorado Rapids,Portland Timbers,1534.9244817460317,1550.263904555917,124.66057719011474,0.6720791761751176
692,2014-03-22,2014,7,21,Columbus Crew,Philadelphia Union,1471.4714053470727,1482.7939041689283,128.67750117814444,0.67715486313823
693,2014-03-22,2014,17,30,New England Revolution,Vancouver Whitecaps,1516.508944103171,1528.037414549125,128.4715295540459,0.6768956025378903
694,2014-03-22,2014,23,14,Real Salt Lake,Los Angeles Galaxy,1651.2002210498415,1533.5193587801032,257.6808622697383,0.8150750730211853
695,2014-03-22,2014,29,8,Toronto FC,DC United,1397.8400668587838,1272.8533286865838,264.9867381721999,0.8213302691780127
696,2014-03-23,2014,2,26,CF Montreal,Seattle Sounders,1418.1555757595434,1490.6007577642508,67.55481799529252,0.5960122806668106
697,2014-03-23,2014,4,19,Chicago Fire,New York Red Bulls,1527.125261142641,1572.799032846385,94.32622829625598,0.6325066283257045
698,2014-03-23,2014,10,5,FC Dallas,Chivas USA,1477.8324831695918,1349.7672492697961,268.06523389979566,0.8239160144731125
699,2014-03-23,2014,27,25,Sporting Kansas City,San Jose Earthquakes,1576.9507073324203,1593.5790262940923,123.371681038328,0.6704419227786488
700,2014-03-29,2014,6,27,Colorado Rapids,Sporting Kansas City,1548.041314699027,1590.1330304212743,97.90828427775273,0.6372863467705934
701,2014-03-29,2014,8,4,DC United,Chicago Fire,1265.7065394537044,1521.8249960096127,-116.11845655590832,0.33884812793562735
702,2014-03-29,2014,21,2,Philadelphia Union,CF Montreal,1469.8800986944575,1394.315084532871,215.56501416158653,0.7757192364729765
703,2014-03-29,2014,30,11,Vancouver Whitecaps,Houston Dynamo,1535.1132386506406,1553.7768765757214,121.33636207491918,0.6678480752247431
704,2014-03-30,2014,10,22,FC Dallas,Portland Timbers,1484.8758425906674,1537.1470716029216,87.72877098774575,0.6236353653634473
705,2014-03-30,2014,19,5,New York Red Bulls,Chivas USA,1578.0992979794132,1342.7238898487205,375.3754081306927,0.8966768928423058
706,2014-03-30,2014,23,29,Real Salt Lake,Toronto FC,1638.5972181289942,1404.9868560916632,373.610362037331,0.8957317545632236
707,2014-03-30,2014,25,17,San Jose Earthquakes,New England Revolution,1580.3967032052383,1509.4331200016554,210.96358320358286,0.7710772591656967
708,2014-03-30,2014,26,7,Seattle Sounders,Columbus Crew,1514.4412489909232,1484.3852108215435,170.0560381693797,0.7268941155664095
709,2014-04-05,2014,2,19,CF Montreal,New York Red Bulls,1405.34385399179,1562.232222265721,-16.888368273931064,0.4757148083515888
710,2014-04-05,2014,4,21,Chicago Fire,Philadelphia Union,1515.3789211270378,1458.8513292355385,196.52759189149924,0.7560794228700903
711,2014-04-05,2014,7,29,Columbus Crew,Toronto FC,1513.4609754442,1400.8161262741921,252.64484917000777,0.8106655668489569
712,2014-04-05,2014,22,26,Portland Timbers,Seattle Sounders,1522.0924862174595,1485.3654843682668,176.72700184919267,0.7344507073964472
713,2014-04-05,2014,30,6,Vancouver Whitecaps,Colorado Rapids,1548.399315641651,1522.5498608282032,165.84945481344766,0.7220606484192074
714,2014-04-06,2014,5,14,Chivas USA,Los Angeles Galaxy,1358.5909655624127,1546.1223617009505,-47.53139613853773,0.4320203957641094
715,2014-04-06,2014,8,17,DC United,New England Revolution,1272.1526143362794,1540.2762103682833,-128.1235960320039,0.323542595354157
716,2014-04-06,2014,11,10,Houston Dynamo,FC Dallas,1540.490799584711,1499.9304279761295,180.5603716085816,0.738732105693401
717,2014-04-06,2014,27,23,Sporting Kansas City,Real Salt Lake,1615.624484292098,1642.7679479464653,112.85653634563278,0.6569325885528172
718,2014-04-12,2014,2,4,CF Montreal,Chicago Fire,1406.3152616577263,1505.1357442122342,41.17951744549214,0.558986135678217
719,2014-04-12,2014,17,11,New England Revolution,Houston Dynamo,1513.2179141824495,1510.941515356975,142.27639882547442,0.6940258927169316
720,2014-04-12,2014,21,23,Philadelphia Union,Real Salt Lake,1469.094506150342,1649.0452514885778,-39.95074533823572,0.4427583192322827
721,2014-04-12,2014,29,6,Toronto FC,Colorado Rapids,1433.2427489481504,1551.4322867649714,21.81046218317897,0.531346612396149
722,2014-04-13,2014,8,19,DC United,New York Red Bulls,1299.2109105221132,1561.2608145997847,-122.0499040776715,0.33124140419002973
723,2014-04-13,2014,10,26,FC Dallas,Seattle Sounders,1529.4797122038656,1494.7435126641246,174.73619953974094,0.7322096380121363
724,2014-04-13,2014,14,30,Los Angeles Galaxy,Vancouver Whitecaps,1563.4031775315148,1519.5168897048827,183.88628782663204,0.7424103987835154
725,2014-04-13,2014,22,5,Portland Timbers,Chivas USA,1512.7144579216017,1341.3101497318485,311.40430818975324,0.8572441935769426
726,2014-04-13,2014,25,7,San Jose Earthquakes,Columbus Crew,1549.5536128386104,1481.0343527702416,208.5192600683688,0.7685840792294157
727,2014-04-17,2014,19,21,New York Red Bulls,Philadelphia Union,1534.5104707673859,1471.384173381051,203.12629738633495,0.7630164680190443
728,2014-04-19,2014,4,17,Chicago Fire,New England Revolution,1507.495189639363,1525.4568784737721,122.03831116559081,0.6687438126551656
729,2014-04-19,2014,6,25,Colorado Rapids,San Jose Earthquakes,1572.6861512608175,1538.810249669434,173.87590159138358,0.7312374868705368
730,2014-04-19,2014,21,11,Philadelphia Union,Houston Dynamo,1461.9048321018126,1498.7025510656524,103.20228103616023,0.6443007580046936
731,2014-04-20,2014,5,26,Chivas USA,Seattle Sounders,1355.599917474926,1524.03189818461,-28.431980709684012,0.45917418375091384
732,2014-04-20,2014,7,8,Columbus Crew,DC United,1491.7777159394182,1325.961254354512,305.81646158490616,0.8532623876593545
733,2014-04-20,2014,10,29,FC Dallas,Toronto FC,1500.19132668338,1411.9888844523043,228.2024422310758,0.7881214307923383
734,2014-04-20,2014,23,22,Real Salt Lake,Portland Timbers,1646.755584257869,1498.424690178524,288.33089407934494,0.8402065950682581
735,2014-04-20,2014,27,2,Sporting Kansas City,CF Montreal,1609.3471807499855,1403.9558162305975,345.39136451938793,0.8795560209656019
736,2014-04-20,2014,30,14,Vancouver Whitecaps,Los Angeles Galaxy,1509.2133056562234,1573.706761580174,75.5065440760493,0.6069836419231887
737,2014-04-24,2014,19,11,New York Red Bulls,Houston Dynamo,1543.9898120466241,1504.47458138584,179.51523066078403,0.737569248220285
738,2014-04-26,2014,2,21,CF Montreal,Philadelphia Union,1399.1380570692215,1456.132801781625,83.00525528759658,0.6172321781340776
739,2014-04-26,2014,26,6,Seattle Sounders,Colorado Rapids,1542.3988655346466,1563.436651785996,118.96221374865058,0.6648095096899665
740,2014-04-27,2014,7,19,Columbus Crew,New York Red Bulls,1477.647220433044,1554.4870421178127,63.16017831523118,0.5899065835491992
741,2014-04-27,2014,8,10,DC United,FC Dallas,1340.0917498608862,1508.6664694516867,-28.57471959080044,0.4589701423626168
742,2014-04-27,2014,11,22,Houston Dynamo,Portland Timbers,1493.9773513146515,1492.0329539812544,141.9443973333971,0.6936199011408549
743,2014-04-27,2014,17,27,New England Revolution,Sporting Kansas City,1532.2066309799789,1614.1649399113614,58.04169106861741,0.582760240619292
744,2014-04-27,2014,23,30,Real Salt Lake,Vancouver Whitecaps,1653.1473204551387,1504.9339599792959,288.2133604758428,0.8401157371786233
745,2014-04-27,2014,25,5,San Jose Earthquakes,Chivas USA,1548.0597491442554,1337.2329501248896,350.8267990193658,0.8828315111850991
746,2014-05-03,2014,29,17,Toronto FC,New England Revolution,1403.5137416839978,1548.8962213552072,-5.382479671209467,0.49225460871954346
747,2014-05-04,2014,4,23,Chicago Fire,Real Salt Lake,1500.7454371331562,1639.5426909679938,1.2027461651623526,0.501730883954839
748,2014-05-04,2014,5,11,Chivas USA,Houston Dynamo,1332.5462105722936,1486.2325552690172,-13.686344696723609,0.4803139483670684
749,2014-05-04,2014,6,14,Colorado Rapids,Los Angeles Galaxy,1550.0290321735947,1577.9861072571016,112.04292491649312,0.6558762781946672
750,2014-05-04,2014,10,19,FC Dallas,New York Red Bulls,1487.0252751461915,1558.0833054597806,68.94196968641086,0.5979334599175755
751,2014-05-04,2014,22,8,Portland Timbers,DC United,1499.7777500268887,1361.7329441663815,278.04480586050727,0.8320958786767935
752,2014-05-04,2014,26,21,Seattle Sounders,Philadelphia Union,1555.8064851470479,1440.822088906988,254.98439624005982,0.8127240107100248
753,2014-05-04,2014,27,7,Sporting Kansas City,Columbus Crew,1597.475349536133,1474.050957091076,263.42439244505704,0.8200066726883125
754,2014-05-04,2014,30,25,Vancouver Whitecaps,San Jose Earthquakes,1518.5385894664407,1552.7464886968514,105.7921007695893,0.6477099817911636
755,2014-05-08,2014,11,7,Houston Dynamo,Columbus Crew,1505.4451132037,1466.8512239986085,178.5938892050915,0.7365413730682707
756,2014-05-08,2014,25,6,San Jose Earthquakes,Colorado Rapids,1538.6548879684979,1563.793981045808,114.86090692268976,0.6595282229012309
757,2014-05-08,2014,26,10,Seattle Sounders,FC Dallas,1563.2975247186469,1463.1079367494885,240.1895879691583,0.7994150479063893
758,2014-05-10,2014,2,27,CF Montreal,Sporting Kansas City,1414.4487699438585,1604.6750826286006,-50.2263126847422,0.4282178753704798
759,2014-05-10,2014,21,8,Philadelphia Union,DC United,1433.331049335389,1355.0167793134533,218.31427002193573,0.7784606053938429
760,2014-05-11,2014,6,5,Colorado Rapids,Chivas USA,1570.1751099618573,1313.3336526376108,396.84145732424645,0.9075770431307026
761,2014-05-11,2014,7,30,Columbus Crew,Vancouver Whitecaps,1456.3128789213392,1532.6301901947943,63.68268872654494,0.590634026486797
762,2014-05-11,2014,17,26,New England Revolution,Seattle Sounders,1568.586405703989,1571.3209228023914,137.26548290159758,0.6878664654925575
763,2014-05-11,2014,19,4,New York Red Bulls,Chicago Fire,1582.0006438564835,1480.6762017749627,241.32444208152083,0.8004605290600254
764,2014-05-11,2014,22,14,Portland Timbers,Los Angeles Galaxy,1506.4939148798169,1564.2211583848882,82.27275649492867,0.6162354868032871
765,2014-05-11,2014,25,10,San Jose Earthquakes,FC Dallas,1532.2737590524487,1455.084538665744,217.18922038670462,0.7773416896719079
766,2014-05-12,2014,11,23,Houston Dynamo,Real Salt Lake,1515.9834582809692,1659.6119263261874,-3.628468045218142,0.49477840456565375
767,2014-05-15,2014,27,21,Sporting Kansas City,Philadelphia Union,1621.8037976434198,1402.1926251196353,359.6111725237845,0.8879617476050422
768,2014-05-17,2014,29,19,Toronto FC,New York Red Bulls,1383.823557335216,1549.9822226940826,-26.15866535886653,0.46242562675061194
769,2014-05-18,2014,4,27,Chicago Fire,Sporting Kansas City,1512.6946229373636,1586.285327739218,66.40929519814563,0.5944235280508486
770,2014-05-18,2014,8,2,DC United,CF Montreal,1386.155203529207,1397.3200549290393,128.8351486001677,0.6773532235389751
771,2014-05-18,2014,10,5,FC Dallas,Chivas USA,1446.1782062526204,1349.636734362839,236.5414718897814,0.7960264633564934
772,2014-05-18,2014,11,14,Houston Dynamo,Los Angeles Galaxy,1496.192322098343,1568.8705778570197,67.32174424132336,0.595689187090519
773,2014-05-18,2014,21,17,Philadelphia Union,New England Revolution,1437.711095023837,1581.0717470842867,-3.360652060449638,0.49516378374169645
774,2014-05-18,2014,22,7,Portland Timbers,Columbus Crew,1501.8444954076854,1432.6875178618673,209.1569775458181,0.7692363683824731
775,2014-05-18,2014,23,6,Real Salt Lake,Colorado Rapids,1679.4030625088135,1533.8720282366291,285.53103427218434,0.8380308132304225
776,2014-05-18,2014,26,25,Seattle Sounders,San Jose Earthquakes,1558.8355814220936,1541.1800914655723,157.65548995652125,0.7124960875916063
777,2014-05-22,2014,8,11,DC United,Houston Dynamo,1379.0610745876481,1512.3647546147224,6.696319972925721,0.5096355860112582
778,2014-05-22,2014,14,10,Los Angeles Galaxy,FC Dallas,1552.6981453406404,1434.3371477183607,258.3609976222797,0.8156644703403392
779,2014-05-24,2014,27,29,Sporting Kansas City,Toronto FC,1570.062268861252,1405.3265322651916,304.7357365960604,0.8524817508309225
780,2014-05-25,2014,6,2,Colorado Rapids,CF Montreal,1527.393260765846,1404.4141838705982,262.9790768952478,0.8196280091249084
781,2014-05-25,2014,7,4,Columbus Crew,Chicago Fire,1443.4569725971662,1528.9176818153296,54.5392907818366,0.5778499454882983
782,2014-05-25,2014,17,8,New England Revolution,DC United,1600.8782984339546,1398.6756511471979,342.2026472867567,0.8775978781711402
783,2014-05-25,2014,19,22,New York Red Bulls,Portland Timbers,1528.479247764107,1491.0750406723864,177.40420709172054,0.7352103101228334
784,2014-05-25,2014,23,10,Real Salt Lake,FC Dallas,1685.8818299795967,1426.9637265319743,398.91810344762234,0.9085748938207772
785,2014-05-25,2014,30,26,Vancouver Whitecaps,Seattle Sounders,1556.2555512542663,1570.3357379184292,125.91981333583703,0.6736747210820321
786,2014-05-26,2014,14,21,Los Angeles Galaxy,Philadelphia Union,1560.0715665270268,1417.9045436741692,282.1670228528576,0.8353850920070848
787,2014-05-26,2014,25,11,San Jose Earthquakes,Houston Dynamo,1529.6799349692367,1492.7501780551727,176.929756914064,0.7346782780927197
788,2014-05-28,2014,27,19,Sporting Kansas City,New York Red Bulls,1555.962998828015,1499.0708353591936,196.89216346882154,0.7564662535110588
789,2014-05-29,2014,5,22,Chivas USA,Portland Timbers,1361.4777928970987,1520.4834530772998,-19.005660180201176,0.47267590565856177
790,2014-05-31,2014,26,23,Seattle Sounders,Real Salt Lake,1577.2827267617106,1669.5388342267656,47.74389253494496,0.5682797333261993
791,2014-05-31,2014,29,7,Toronto FC,Columbus Crew,1419.4258022984286,1460.3429747776343,99.08282752079435,0.6388477628167596
792,2014-06-01,2014,2,17,CF Montreal,New England Revolution,1397.1993042355946,1605.774383307109,-68.57507907151444,0.40257438693421455
793,2014-06-01,2014,4,14,Chicago Fire,Los Angeles Galaxy,1512.0316796348616,1566.6561628467434,85.37551678811815,0.6204505416073427
794,2014-06-01,2014,5,21,Chivas USA,Philadelphia Union,1342.5707566707563,1411.3199473544526,71.25080931630373,0.6011244757320451
795,2014-06-01,2014,8,27,DC United,Sporting Kansas City,1393.7795662740434,1545.7043486875727,-11.924782413529329,0.48284559415447603
796,2014-06-01,2014,10,25,FC Dallas,San Jose Earthquakes,1443.3067222848053,1540.292803845528,43.013918439277404,0.5615876654131104
797,2014-06-02,2014,6,11,Colorado Rapids,Houston Dynamo,1534.6081404008496,1482.1373091788814,192.47083122196818,0.7517469483597615
798,2014-06-02,2014,22,30,Portland Timbers,Vancouver Whitecaps,1539.3904893036422,1549.308562410985,130.0819268926573,0.6789197334659128
799,2014-06-05,2014,6,4,Colorado Rapids,Chicago Fire,1544.5382624664592,1507.213657970568,177.3246044958912,0.7351210941962062
800,2014-06-05,2014,7,23,Columbus Crew,Real Salt Lake,1445.8968852903047,1652.2700235598136,-66.3731382695089,0.40562665123858604
801,2014-06-07,2014,8,7,DC United,Columbus Crew,1414.4657425078644,1449.6718192407614,104.79392326710308,0.6463977457393617
802,2014-06-07,2014,11,27,Houston Dynamo,Sporting Kansas City,1472.2071871132719,1525.0181724537517,87.18901465952013,0.6229058079106055
803,2014-06-07,2014,29,25,Toronto FC,San Jose Earthquakes,1433.8718917857582,1562.7563104620524,11.115581323705783,0.5159911517835635
804,2014-06-08,2014,4,26,Chicago Fire,Seattle Sounders,1516.6185017384162,1594.5515374286626,62.06696430975353,0.588383333229488
805,2014-06-08,2014,10,6,FC Dallas,Colorado Rapids,1420.843215668281,1535.133418698611,25.709796969669924,0.5369319857283885
806,2014-06-08,2014,17,19,New England Revolution,New York Red Bulls,1581.8773587844776,1509.329485499636,212.54787328484167,0.7726830977632505
807,2014-06-08,2014,21,30,Philadelphia Union,Vancouver Whitecaps,1435.3649263837344,1576.4653517496215,-1.1004253658870766,0.4984163658933342
808,2014-06-08,2014,23,22,Real Salt Lake,Portland Timbers,1648.495089609357,1512.2336999650056,276.2613896443513,0.8306566741998405
809,2014-06-09,2014,14,5,Los Angeles Galaxy,Chivas USA,1571.474184511037,1318.5257776414744,392.94840686956263,0.9056800062695295
810,2014-06-12,2014,2,8,CF Montreal,DC United,1421.096328758226,1408.6098326782899,152.48649607993616,0.7063625587938931
811,2014-06-12,2014,22,10,Portland Timbers,FC Dallas,1545.4599669329991,1439.3659362391454,246.0940306938537,0.8048097384151675
812,2014-06-26,2014,30,2,Vancouver Whitecaps,CF Montreal,1576.402006385355,1392.8418264064703,323.56017997888466,0.8655953043234943
813,2014-06-28,2014,19,29,New York Red Bulls,Toronto FC,1540.236809410166,1453.2322457144157,227.00456369575022,0.7869676837011284
814,2014-06-28,2014,22,27,Portland Timbers,Sporting Kansas City,1533.2675773963924,1549.934404770176,123.33317262621654,0.6703929425465535
815,2014-06-29,2014,5,23,Chivas USA,Real Salt Lake,1334.7529778922556,1615.2688226413634,-140.51584474910783,0.3081304436891016
816,2014-06-29,2014,6,30,Colorado Rapids,Vancouver Whitecaps,1516.6106981277464,1561.7781942124152,94.83250391533124,0.6331837852364381
817,2014-06-29,2014,7,10,Columbus Crew,FC Dallas,1455.527729070336,1451.558325775752,143.9694032945838,0.696091512001347
818,2014-06-29,2014,8,26,DC United,Seattle Sounders,1436.8643350300456,1618.0868707578422,-41.22253572779664,0.4409528185349394
819,2014-06-29,2014,17,21,New England Revolution,Philadelphia Union,1550.9700348739475,1435.428271748001,255.54176312594655,0.8132118605221105
820,2014-06-29,2014,25,14,San Jose Earthquakes,Los Angeles Galaxy,1543.3959565333948,1555.2469842602559,128.14897227313895,0.6764893747252254
821,2014-06-30,2014,2,11,CF Montreal,Houston Dynamo,1407.46563857941,1447.2909547968477,100.1746837825624,0.6402966300359348
822,2014-07-03,2014,4,29,Chicago Fire,Toronto FC,1493.0831684092366,1464.710953062461,168.37221534677565,0.7249656714075093
823,2014-07-03,2014,25,5,San Jose Earthquakes,Chivas USA,1516.3363815443859,1362.4277601446915,293.9086213996943,0.8444704535523005
824,2014-07-05,2014,6,7,Colorado Rapids,Columbus Crew,1531.2833467182888,1447.684068590282,223.59927812800674,0.783662865659921
825,2014-07-05,2014,10,21,FC Dallas,Philadelphia Union,1459.401986255806,1467.9567461688853,131.44524008692065,0.6806280634946684
826,2014-07-05,2014,11,19,Houston Dynamo,New York Red Bulls,1432.9028199982852,1528.7581020621208,44.1447179361644,0.5631896783636862
827,2014-07-05,2014,14,22,Los Angeles Galaxy,Portland Timbers,1582.3065592492649,1506.4518596945302,215.85469955473468,0.776009223885947
828,2014-07-05,2014,23,17,Real Salt Lake,New England Revolution,1587.5940403889274,1518.4415604530632,209.15247993586422,0.7692317725129775
829,2014-07-06,2014,5,2,Chivas USA,CF Montreal,1396.2065782867835,1421.8537733779726,114.35280490881087,0.6588711349631393
830,2014-07-06,2014,27,4,Sporting Kansas City,Chicago Fire,1576.7501224720381,1484.0845415529361,232.665580919102,0.7923798612702883
831,2014-07-06,2014,29,8,Toronto FC,DC United,1473.7095799187614,1419.226222288648,194.48335763011346,0.7539026762304087
832,2014-07-06,2014,30,26,Vancouver Whitecaps,Seattle Sounders,1547.1055456218728,1635.72498349924,51.38056212263291,0.5734082051667896
833,2014-07-12,2014,25,8,San Jose Earthquakes,DC United,1482.557563402294,1449.3823293378643,173.17523406442956,0.7304440735645291
834,2014-07-13,2014,2,27,CF Montreal,Sporting Kansas City,1408.2086187764983,1565.0549280212265,-16.846309244728218,0.47577519372481375
835,2014-07-13,2014,14,23,Los Angeles Galaxy,Real Salt Lake,1571.266190293827,1596.8247694884083,114.44142080541883,0.6589857788970298
836,2014-07-13,2014,17,4,New England Revolution,Chicago Fire,1509.2108313535823,1495.7797360037478,153.43109534983455,0.7074891186837571
837,2014-07-13,2014,19,7,New York Red Bulls,Columbus Crew,1531.2856891966683,1459.030583216679,212.25510597998937,0.7723869483079419
838,2014-07-13,2014,21,6,Philadelphia Union,Colorado Rapids,1455.181868708672,1519.936832091892,75.24503661678,0.6066244742354462
839,2014-07-13,2014,29,11,Toronto FC,Houston Dynamo,1443.553472869545,1430.3752328637377,153.1782400058073,0.7071878036990467
840,2014-07-13,2014,30,5,Vancouver Whitecaps,Chivas USA,1564.1692174152013,1409.8517328882579,294.3174845269434,0.844779325770588
841,2014-07-14,2014,26,22,Seattle Sounders,Portland Timbers,1618.6613117059114,1517.492228649968,241.16908305594347,0.8003176470310005
842,2014-07-17,2014,7,27,Columbus Crew,Sporting Kansas City,1449.9260611489965,1584.085935770219,5.840125378777429,0.5084038245379042
843,2014-07-17,2014,14,17,Los Angeles Galaxy,New England Revolution,1584.906759137946,1480.911266606232,243.99549253171404,0.8029050641000989
844,2014-07-17,2014,21,19,Philadelphia Union,New York Red Bulls,1450.9168897392542,1540.3902112643507,50.52667847490352,0.5722054239042715
845,2014-07-17,2014,29,30,Toronto FC,Vancouver Whitecaps,1455.265960721583,1530.3780443843777,64.8879163372053,0.5923104364470118
846,2014-07-19,2014,22,6,Portland Timbers,Colorado Rapids,1509.504934531208,1524.2018110613099,125.30312346989808,0.672893829280933
847,2014-07-19,2014,27,14,Sporting Kansas City,Los Angeles Galaxy,1604.4220887517351,1592.790556573942,151.63153217779313,0.7053407185426752
848,2014-07-20,2014,4,21,Chicago Fire,Philadelphia Union,1524.0793007510981,1468.0286727830833,196.05062796801485,0.7555727096068292
849,2014-07-20,2014,7,2,Columbus Crew,CF Montreal,1429.5899081674804,1389.1776110275057,180.41229713997473,0.7385675559318331
850,2014-07-20,2014,10,17,FC Dallas,New England Revolution,1472.1768637160192,1473.027469170236,139.14939454578325,0.6901901257942586
851,2014-07-20,2014,11,29,Houston Dynamo,Toronto FC,1418.6627450116996,1451.5735432637025,107.0892017479971,0.6494118646880778
852,2014-07-20,2014,19,25,New York Red Bulls,San Jose Earthquakes,1523.2784282205216,1453.3398004597127,209.9386277608089,0.7700341220102894
853,2014-07-20,2014,23,30,Real Salt Lake,Vancouver Whitecaps,1583.1842006442894,1534.0704618422583,189.1137388020311,0.7481229358891893
854,2014-07-21,2014,8,5,DC United,Chivas USA,1478.6000922804456,1443.6429059190814,174.95718636136417,0.7324589964845238
855,2014-07-24,2014,25,4,San Jose Earthquakes,Chicago Fire,1464.1411653401242,1513.856392366825,90.28477297329914,0.6270825083162843
856,2014-07-25,2014,23,2,Real Salt Lake,CF Montreal,1573.2592832087219,1378.720313264779,334.5389699439429,0.872779496432638
857,2014-07-26,2014,6,5,Colorado Rapids,Chivas USA,1511.1175642325472,1432.9412657784624,218.17629845408487,0.7783236027532061
858,2014-07-27,2014,17,7,New England Revolution,Columbus Crew,1460.6350742020063,1440.0472059302072,160.58786827179915,0.7159414638304221
859,2014-07-27,2014,29,27,Toronto FC,Sporting Kansas City,1457.5500178512257,1616.2084600100281,-18.658442158802472,0.4731741273254014
860,2014-07-27,2014,30,10,Vancouver Whitecaps,FC Dallas,1543.9953792778258,1484.5692586842488,199.42612059357702,0.7591434135987593
861,2014-07-28,2014,2,22,CF Montreal,Portland Timbers,1373.6314931220845,1522.5891813599706,-8.957688237886032,0.48711170597794945
862,2014-07-29,2014,26,14,Seattle Sounders,Los Angeles Galaxy,1626.6486058246714,1581.004185315649,185.64442050902244,0.7443410856866689
863,2014-07-31,2014,4,30,Chicago Fire,Vancouver Whitecaps,1498.9396926994764,1533.6296427338755,105.31004996560091,0.6470765392831684
864,2014-07-31,2014,8,29,DC United,Toronto FC,1489.3017324210646,1438.6230527582097,190.67867966285485,0.7498166598368807
865,2014-07-31,2014,17,6,New England Revolution,Colorado Rapids,1431.9974156487895,1519.984620122419,52.01279552637038,0.5742982113927452
866,2014-07-31,2014,23,19,Real Salt Lake,New York Red Bulls,1578.3481033514163,1512.4770633401101,205.87104001130615,0.7658615800003081
867,2014-08-02,2014,2,29,CF Montreal,Toronto FC,1354.1470248829664,1428.615719151685,65.53130573128146,0.5932044819522424
868,2014-08-02,2014,14,22,Los Angeles Galaxy,Portland Timbers,1610.7778287431158,1542.0736495990886,208.7041791440272,0.7687733562278083
869,2014-08-02,2014,27,21,Sporting Kansas City,Philadelphia Union,1635.135425103044,1478.2515811673563,296.88384393568776,0.8467066363450041
870,2014-08-03,2014,4,7,Chicago Fire,Columbus Crew,1493.0566311281495,1468.684864483424,164.37176664472554,0.7203503153076558
871,2014-08-03,2014,6,23,Colorado Rapids,Real Salt Lake,1502.9565485781288,1567.713640151404,75.24290842672485,0.6066215507971058
872,2014-08-03,2014,19,17,New York Red Bulls,New England Revolution,1523.1115265401224,1449.0254871930797,214.08603934704274,0.7742345625294808
873,2014-08-03,2014,25,26,San Jose Earthquakes,Seattle Sounders,1479.0578650074729,1596.8749623972046,22.18290261026823,0.5318804545177669
874,2014-08-04,2014,5,10,Chivas USA,FC Dallas,1424.0742098885905,1494.934995228199,69.13921466039142,0.5982063979751703
875,2014-08-04,2014,11,8,Houston Dynamo,DC United,1412.6862704241764,1499.3090660275893,53.3772043965871,0.5762172670916862
876,2014-08-09,2014,14,25,Los Angeles Galaxy,San Jose Earthquakes,1620.0268944940035,1497.7826468267622,262.2442476672413,0.8190018064212506
877,2014-08-10,2014,7,29,Columbus Crew,Toronto FC,1477.4988770957302,1452.3438984297748,165.15497866595547,0.7212576367058247
878,2014-08-10,2014,10,6,FC Dallas,Colorado Rapids,1518.863251147206,1478.6916865462447,180.17156460096135,0.7382998957711644
879,2014-08-10,2014,21,2,Philadelphia Union,CF Montreal,1492.1198466211565,1330.4188456048767,301.70100101627986,0.850271310629346
880,2014-08-10,2014,22,5,Portland Timbers,Chivas USA,1532.824583848201,1400.1459539695836,272.67862987861736,0.8277357564121113
881,2014-08-10,2014,23,8,Real Salt Lake,DC United,1591.9785021832881,1482.3577567112568,249.62074547203133,0.80797918486413
882,2014-08-11,2014,4,19,Chicago Fire,New York Red Bulls,1484.2426185158433,1532.1421440389431,92.10047447690022,0.6295234486655711
883,2014-08-11,2014,26,11,Seattle Sounders,Houston Dynamo,1578.1501805779153,1429.637579740509,288.51260083740635,0.8403469789211782
884,2014-08-11,2014,30,27,Vancouver Whitecaps,Sporting Kansas City,1539.5127043052023,1621.267159649244,58.24554465595838,0.5830455443369583
885,2014-08-16,2014,2,4,CF Montreal,Chicago Fire,1324.4296980300505,1499.0616805692205,-34.63198253916994,0.45032498349741
886,2014-08-16,2014,11,21,Houston Dynamo,Philadelphia Union,1423.251458897356,1498.1089941959826,65.14246470137346,0.5926642269489555
887,2014-08-16,2014,23,26,Real Salt Lake,Seattle Sounders,1599.6593347887228,1584.5363014210682,155.12303336765467,0.7095006266191658
888,2014-08-17,2014,5,30,Chivas USA,Vancouver Whitecaps,1393.2553842260681,1556.190882531724,-22.935498305655756,0.4670410270407322
889,2014-08-17,2014,7,14,Columbus Crew,Los Angeles Galaxy,1448.6485716274972,1607.2668222371535,-18.618250609656343,0.47323180147796523
890,2014-08-17,2014,17,22,New England Revolution,Portland Timbers,1439.994869694259,1539.7151535917164,40.27971610254258,0.5577088520309771
891,2014-08-17,2014,25,10,San Jose Earthquakes,FC Dallas,1510.5427190836122,1529.3312553163594,121.21146376725278,0.667688568463208
892,2014-08-17,2014,27,29,Sporting Kansas City,Toronto FC,1604.5889814227223,1481.1942038980078,263.3947775247145,0.8199815096111182
893,2014-08-18,2014,8,6,DC United,Colorado Rapids,1474.676924105822,1468.2236823770913,146.45324172873075,0.6991077449859848
894,2014-08-21,2014,6,14,Colorado Rapids,Los Angeles Galaxy,1456.1879921765308,1586.1960942962721,9.991897880258648,0.5143755339245674
895,2014-08-21,2014,26,25,Seattle Sounders,San Jose Earthquakes,1572.9163264858348,1483.835176345084,229.08115014075088,0.7889648568247313
896,2014-08-23,2014,10,23,FC Dallas,Real Salt Lake,1556.0387980548876,1611.2793097239562,84.75948833093139,0.6196150980719518
897,2014-08-24,2014,7,11,Columbus Crew,Houston Dynamo,1469.7192995683786,1439.544889819398,170.17440974898068,0.7270293658533341
898,2014-08-24,2014,14,30,Los Angeles Galaxy,Vancouver Whitecaps,1606.7711156532548,1554.8725236133532,191.8985920399016,0.751131687251771
899,2014-08-24,2014,17,5,New England Revolution,Chivas USA,1437.68651561302,1394.5737431444388,183.11277246858117,0.7415579558465655
900,2014-08-24,2014,19,2,New York Red Bulls,CF Montreal,1517.323081985566,1346.4166986901541,310.90638329541184,0.8568930679697301
901,2014-08-24,2014,22,26,Portland Timbers,Seattle Sounders,1542.0235076729555,1561.3577322128456,120.6657754601099,0.6669912229121511
902,2014-08-24,2014,27,8,Sporting Kansas City,DC United,1611.7897210382775,1486.7126143063826,265.0771067318949,0.8214065946098973
903,2014-08-24,2014,29,4,Toronto FC,Chicago Fire,1473.9934642824526,1477.0746799091169,136.9187843733357,0.6874378034963914
904,2014-08-25,2014,21,25,Philadelphia Union,San Jose Earthquakes,1481.8155632739408,1495.3937706180732,126.42179265586765,0.6743096488080622
905,2014-08-28,2014,14,8,Los Angeles Galaxy,DC United,1616.7258481631839,1519.5688780907785,237.15697007240533,0.7966011459984719
906,2014-08-30,2014,26,6,Seattle Sounders,Colorado Rapids,1588.0373811293316,1435.612970819548,292.4244103097835,0.8433450037316115
907,2014-08-30,2014,27,11,Sporting Kansas City,Houston Dynamo,1578.9334572538817,1428.6260644535312,290.3073928003505,0.8417282448412636
908,2014-08-30,2014,29,17,Toronto FC,New England Revolution,1466.495952142597,1448.0241973791574,158.47175476343955,0.7134576529260139
909,2014-08-31,2014,2,7,CF Montreal,Columbus Crew,1340.6924214089433,1480.6381249342453,0.05429647469804877,0.50007813890764
910,2014-08-31,2014,4,10,Chicago Fire,FC Dallas,1484.5721920489725,1571.2541941320096,53.317997916962895,0.5761340398044132
911,2014-08-31,2014,8,19,DC United,New York Red Bulls,1511.4329239307174,1523.0473592667768,128.3855646639406,0.6767873646320496
912,2014-08-31,2014,25,23,San Jose Earthquakes,Real Salt Lake,1482.3661565703956,1596.0639136468342,26.30224292356138,0.537779824703602
913,2014-08-31,2014,30,22,Vancouver Whitecaps,Portland Timbers,1544.917791103424,1515.3438587564694,169.5739323469545,0.726342833887716
914,2014-09-01,2014,5,14,Chivas USA,Los Angeles Galaxy,1384.2360613783014,1624.861802323245,-100.62574094494357,0.3591055717903881
915,2014-09-04,2014,5,26,Chivas USA,Seattle Sounders,1369.871838506686,1594.3035809800672,-84.43174247338129,0.3808296725173943
916,2014-09-04,2014,17,27,New England Revolution,Sporting Kansas City,1476.562503496198,1545.264327460231,71.29817603596689,0.6011898518048304
917,2014-09-04,2014,21,29,Philadelphia Union,Toronto FC,1494.8431773216184,1437.9576460255564,196.88553129606203,0.7564592201244744
918,2014-09-06,2014,14,6,Los Angeles Galaxy,Colorado Rapids,1639.2260251948605,1429.3467709688125,349.87925422604803,0.8822661176401172
919,2014-09-06,2014,29,21,Toronto FC,Philadelphia Union,1428.2160148305354,1504.5848085166394,63.63120631389597,0.5905623698443131
920,2014-09-07,2014,7,5,Columbus Crew,Chivas USA,1460.6412504905509,1354.6386516059902,246.0025988845607,0.8047270444057926
921,2014-09-07,2014,11,2,Houston Dynamo,CF Montreal,1462.2951942471818,1360.6892958526378,241.60589839454406,0.8007191859014069
922,2014-09-07,2014,19,27,New York Red Bulls,Sporting Kansas City,1510.1188538520587,1529.3119215324243,120.80693231963437,0.6671716802450898
923,2014-09-07,2014,22,25,Portland Timbers,San Jose Earthquakes,1544.397572111978,1480.8549635822515,203.54260852972652,0.7634495318856597
924,2014-09-07,2014,23,10,Real Salt Lake,FC Dallas,1597.5751066349783,1554.2995557241861,183.27555091079216,0.7417374963876475
925,2014-09-07,2014,30,8,Vancouver Whitecaps,DC United,1515.8640777479154,1524.3614293454355,131.50264840247996,0.6806998943731869
926,2014-09-08,2014,17,4,New England Revolution,Chicago Fire,1492.5149094240046,1501.526830456796,130.9880789672086,0.6800557449383983
927,2014-09-11,2014,2,14,CF Montreal,Los Angeles Galaxy,1352.718063288694,1643.9353804892557,-151.21731720056164,0.29515508892203174
928,2014-09-11,2014,19,8,New York Red Bulls,DC United,1523.4319866422552,1531.5894251203629,131.84256152189232,0.681125027261041
929,2014-09-11,2014,30,25,Vancouver Whitecaps,San Jose Earthquakes,1508.636081972988,1491.3929448576778,157.24313711531022,0.7120096021578083
930,2014-09-13,2014,5,27,Chivas USA,Sporting Kansas City,1346.8277333822218,1515.9987887422278,-29.171055360005994,0.45811784600340455
931,2014-09-13,2014,21,19,Philadelphia Union,New York Red Bulls,1528.207303310412,1536.1869855518135,132.0203177585986,0.6813472289198014
932,2014-09-13,2014,26,23,Seattle Sounders,Real Salt Lake,1609.536767880763,1607.9056067794725,141.63116110129045,0.6932365812846553
933,2014-09-14,2014,4,29,Chicago Fire,Toronto FC,1488.729060254332,1404.5935200367628,224.1355402175691,0.7841857584598463
934,2014-09-14,2014,6,22,Colorado Rapids,Portland Timbers,1424.6374156744173,1533.8595908365517,30.777824837865637,0.5441773513234615
935,2014-09-14,2014,10,30,FC Dallas,Vancouver Whitecaps,1543.969055579692,1520.1556978866756,163.81335769301631,0.7197023175508696
936,2014-09-14,2014,11,7,Houston Dynamo,Columbus Crew,1470.2664268111255,1468.4521687143192,141.81425809680627,0.6934606769584396
937,2014-09-14,2014,17,2,New England Revolution,CF Montreal,1505.3126796264687,1360.911859731813,284.4008198946558,0.8371457719070605
938,2014-09-14,2014,25,14,San Jose Earthquakes,Los Angeles Galaxy,1479.8733289439901,1635.741584046137,-15.868255102146804,0.47717961062358744
939,2014-09-20,2014,22,30,Portland Timbers,Vancouver Whitecaps,1535.6266848894902,1508.9437905887105,166.6828943007797,0.7230224604745107
940,2014-09-20,2014,23,6,Real Salt Lake,Colorado Rapids,1595.6350700308587,1422.8703216214788,312.76474840938,0.8581998855837326
941,2014-09-21,2014,2,25,CF Montreal,San Jose Earthquakes,1354.3976906080952,1480.7861445190467,13.611546089048488,0.5195785737396534
942,2014-09-21,2014,4,8,Chicago Fire,DC United,1477.361629915938,1518.8344262108046,98.52720370513339,0.6381094901700088
943,2014-09-21,2014,7,17,Columbus Crew,New England Revolution,1476.1905957926567,1511.8268487501864,104.36374704247032,0.6458315400773563
944,2014-09-21,2014,14,10,Los Angeles Galaxy,FC Dallas,1634.8287684710804,1555.180962877657,219.6478055934233,0.7797816528718354
945,2014-09-21,2014,19,26,New York Red Bulls,Seattle Sounders,1543.4408747086054,1621.8073046293766,61.633570079228775,0.5877789844018666
946,2014-09-21,2014,21,11,Philadelphia Union,Houston Dynamo,1520.95341415362,1462.527999732788,198.4254144208321,0.7580885599023959
947,2014-09-21,2014,29,5,Toronto FC,Chivas USA,1415.9609503751567,1328.5030195420857,227.45793083307103,0.7874048863086244
948,2014-09-25,2014,10,26,FC Dallas,Seattle Sounders,1546.3722289925304,1605.3184640054512,81.05376498707915,0.6145746747777183
949,2014-09-27,2014,8,21,DC United,Philadelphia Union,1524.358805817605,1510.6298717575241,153.72893406008075,0.7078438046917956
950,2014-09-27,2014,26,5,Seattle Sounders,Chivas USA,1589.90145099656,1319.9992149944305,409.9022360021295,0.9136932384579142
951,2014-09-27,2014,27,17,Sporting Kansas City,New England Revolution,1534.323502582364,1497.6601103532807,176.66339222908323,0.7343792867820983
952,2014-09-27,2014,29,22,Toronto FC,Portland Timbers,1424.4647549228118,1546.7057864705098,17.758968452302042,0.5255349756147146
953,2014-09-28,2014,6,25,Colorado Rapids,San Jose Earthquakes,1417.198317044828,1461.5692874686329,95.62902957619508,0.6342480946135498
954,2014-09-28,2014,7,2,Columbus Crew,CF Montreal,1490.3573341895624,1373.614547658509,256.7427865310533,0.8142597585482483
955,2014-09-28,2014,11,4,Houston Dynamo,Chicago Fire,1472.851542128884,1471.8372503091377,141.01429181974618,0.6924809124135988
956,2014-09-28,2014,30,23,Vancouver Whitecaps,Real Salt Lake,1497.864689007691,1601.3070746075095,36.557614400181365,0.5524173324055985
957,2014-09-29,2014,14,19,Los Angeles Galaxy,New York Red Bulls,1643.637502356207,1559.9297153325308,223.70778702367625,0.7837687433418454
958,2014-10-03,2014,21,4,Philadelphia Union,Chicago Fire,1498.943623945196,1459.5364868056818,179.40713713951413,0.7374487898237535
959,2014-10-04,2014,8,27,DC United,Sporting Kansas City,1536.0450536299331,1504.94833111108,171.09672251885308,0.7280817580444003
960,2014-10-04,2014,19,11,New York Red Bulls,Houston Dynamo,1551.2804650662047,1485.15230563234,206.12815943386477,0.7661268832728565
961,2014-10-05,2014,4,2,Chicago Fire,CF Montreal,1469.034438398632,1366.184938000439,242.84950039819296,0.8018590341876067
962,2014-10-05,2014,6,26,Colorado Rapids,Seattle Sounders,1411.828393260286,1593.3537214582434,-41.52532819795738,0.4405231866071006
963,2014-10-05,2014,14,29,Los Angeles Galaxy,Toronto FC,1652.2867526225332,1443.4433558982232,348.84339672430997,0.8816453250097392
964,2014-10-05,2014,17,7,New England Revolution,Columbus Crew,1527.0352818245647,1497.7869438476325,169.24833797693213,0.7259701288892335
965,2014-10-05,2014,25,22,San Jose Earthquakes,Portland Timbers,1466.9392112531748,1527.7271854950984,79.21202575807638,0.6120603432964536
966,2014-10-05,2014,30,10,Vancouver Whitecaps,FC Dallas,1515.767995711467,1561.7892420014216,93.97875371004534,0.6320415690485273
967,2014-10-06,2014,5,23,Chivas USA,Real Salt Lake,1316.5469445327471,1583.4037679037335,-126.85682337098638,0.32514062032300733
968,2014-10-09,2014,22,25,Portland Timbers,San Jose Earthquakes,1552.2095992269565,1442.4567975213167,249.75280170563974,0.8080970977856756
969,2014-10-09,2014,29,11,Toronto FC,Houston Dynamo,1438.7091688986127,1475.7973809632542,102.91178793535846,0.6439174324179745
970,2014-10-11,2014,2,17,CF Montreal,New England Revolution,1378.2592993679432,1537.9964766689952,-19.737177301052043,0.4716264341227607
971,2014-10-11,2014,26,30,Seattle Sounders,Vancouver Whitecaps,1610.9746489225274,1530.4863329495258,220.4883159730016,0.7806113831580511
972,2014-10-11,2014,27,4,Sporting Kansas City,Chicago Fire,1514.0716014328561,1456.9600770311276,197.1115244017285,0.7566988070799127
973,2014-10-12,2014,5,6,Chivas USA,Colorado Rapids,1343.5413197198268,1394.207465796002,89.33385392382479,0.6258015416778884
974,2014-10-12,2014,11,8,Houston Dynamo,DC United,1501.5540782599733,1526.921783308157,114.63229495181622,0.6592326529434581
975,2014-10-12,2014,19,29,New York Red Bulls,Toronto FC,1560.6353897352903,1412.9524716018936,287.6829181333967,0.8397051648776515
976,2014-10-12,2014,21,7,Philadelphia Union,Columbus Crew,1489.4456723522458,1486.825749003202,142.6199233490438,0.6944456585169183
977,2014-10-12,2014,23,25,Real Salt Lake,San Jose Earthquakes,1556.4093927166539,1434.7806814327437,261.6287112839102,0.8184759596135461
978,2014-10-13,2014,10,14,FC Dallas,Los Angeles Galaxy,1547.0709047633627,1657.0209396221437,30.04996514121899,0.5431378632960489
979,2014-10-17,2014,11,17,Houston Dynamo,New England Revolution,1475.184772142235,1536.8615340339056,78.3232381083294,0.6108448285125948
980,2014-10-18,2014,6,10,Colorado Rapids,FC Dallas,1379.2395274631176,1565.3453902315207,-46.105862768403085,0.4340350938500336
981,2014-10-18,2014,22,23,Portland Timbers,Real Salt Lake,1559.8857153155295,1563.670354332112,136.21536098341744,0.6865670975398149
982,2014-10-18,2014,29,2,Toronto FC,CF Montreal,1406.5406781969998,1379.3942420030328,167.14643619396702,0.7235565110629864
983,2014-10-19,2014,8,4,DC United,Chicago Fire,1553.2910894258953,1447.2280293143242,246.06306011157108,0.8047817305480809
984,2014-10-19,2014,19,7,New York Red Bulls,Columbus Crew,1567.0471831401842,1514.6035753438787,192.4436077963055,0.7517177013228173
985,2014-10-19,2014,21,27,Philadelphia Union,Sporting Kansas City,1461.667846011569,1523.8036491496596,77.86419686190948,0.6102164980916354
986,2014-10-19,2014,25,30,San Jose Earthquakes,Vancouver Whitecaps,1427.5197198172855,1561.7107882758478,5.808931541437687,0.5083589456114967
987,2014-10-20,2014,14,26,Los Angeles Galaxy,Seattle Sounders,1638.7464541539857,1579.7501935962055,198.99626055778026,0.758690679214759
988,2014-10-23,2014,23,5,Real Salt Lake,Chivas USA,1571.1330382337046,1358.5092580527112,352.62378018099344,0.8838972911774355
989,2014-10-25,2014,2,8,CF Montreal,DC United,1388.3365024455522,1561.099820203972,-32.76331775841982,0.45298906234707464
990,2014-10-25,2014,4,11,Chicago Fire,Houston Dynamo,1439.4192985362474,1450.7509790017311,128.66831953451629,0.6771433083378608
991,2014-10-25,2014,26,14,Seattle Sounders,Los Angeles Galaxy,1590.0978207647959,1628.3988269853953,101.69899377940055,0.6423150783117914
992,2014-10-26,2014,5,25,Chivas USA,San Jose Earthquakes,1353.8651496998086,1427.1853619928256,66.679787706983,0.5947988601850424
993,2014-10-26,2014,7,21,Columbus Crew,Philadelphia Union,1544.6722833967913,1477.2591860879036,207.4130973088877,0.7674495876969537
994,2014-10-26,2014,10,22,FC Dallas,Portland Timbers,1582.706793985522,1552.423031413937,170.28376257158493,0.7271542742117945
995,2014-10-26,2014,17,29,New England Revolution,Toronto FC,1561.2953271744095,1397.5984177544804,303.69690941992917,0.8517281438234746
996,2014-10-26,2014,30,6,Vancouver Whitecaps,Colorado Rapids,1562.0451461003076,1361.8781237091162,340.1670223911915,0.8763335527990065
997,2014-10-27,2014,27,19,Sporting Kansas City,New York Red Bulls,1508.212309073325,1536.9784750872716,111.23383398605347,0.6548243061734592
998,2014-10-30,2014,10,30,FC Dallas,Vancouver Whitecaps,1553.62062301705,1566.9918039883473,126.62881902870276,0.6745713196781093
999,2014-10-31,2014,19,27,New York Red Bulls,Sporting Kansas City,1563.17144733421,1482.0193368263867,221.15211050782318,0.7812650739851835
1000,2014-11-01,2014,7,17,Columbus Crew,New England Revolution,1553.974299888913,1567.2262014214705,126.74809846744256,0.6747220334403162
1001,2014-11-02,2014,19,8,New York Red Bulls,DC United,1571.9208443748025,1559.219382697855,152.70146167694747,0.7066191565281358
1002,2014-11-02,2014,23,14,Real Salt Lake,Los Angeles Galaxy,1575.7771465866072,1614.091430117867,101.68571646874011,0.6422975185230001
1003,2014-11-03,2014,10,26,FC Dallas,Seattle Sounders,1566.6377702299258,1604.4052176323241,102.23255259760163,0.6430204152297017
1004,2014-11-08,2014,8,19,DC United,New York Red Bulls,1547.4841489589805,1583.656078113677,103.8280708453035,0.645125901727588
1005,2014-11-09,2014,17,7,New England Revolution,Columbus Crew,1594.215082759083,1526.9854185513004,207.22966420778266,0.7672610826417536
1006,2014-11-10,2014,14,23,Los Angeles Galaxy,Real Salt Lake,1619.783330858787,1570.0852458456873,189.69808501309967,0.7487562582026976
1007,2014-11-11,2014,26,10,Seattle Sounders,FC Dallas,1610.1260342415121,1560.9169536207378,189.20908062077433,0.7482263408974319
1008,2014-11-23,2014,14,26,Los Angeles Galaxy,Seattle Sounders,1629.8330805306791,1600.196980605615,169.63609992506417,0.7264139606346667
1009,2014-11-23,2014,19,17,New York Red Bulls,New England Revolution,1569.4611141827806,1603.5246394534129,105.93647472936777,0.6478995965587738
1010,2014-11-29,2014,17,19,New England Revolution,New York Red Bulls,1629.4406233157638,1543.5451303204297,225.89549299533405,0.7858953937444649
1011,2014-12-01,2014,26,14,Seattle Sounders,Los Angeles Galaxy,1589.2535390310015,1640.7765221052925,88.477016925709,0.624645798836404
1012,2014-12-07,2014,14,17,Los Angeles Galaxy,New England Revolution,1625.7623540587488,1618.0048075659852,147.7575464927636,0.7006847719000112
1013,2015-03-07,2015,8,2,DC United,CF Montreal,1561.679112889877,1390.2169399516692,311.4621729382077,0.8572849519105975
1014,2015-03-07,2015,14,4,Los Angeles Galaxy,Chicago Fire,1617.7349631827483,1452.333566202733,305.4013969800153,0.8529629806506496
1015,2015-03-07,2015,21,6,Philadelphia Union,Colorado Rapids,1467.9571695957818,1356.9314658210765,251.02570377470533,0.8092308404819608
1016,2015-03-07,2015,30,29,Vancouver Whitecaps,Toronto FC,1553.9746567754717,1391.6675435074194,302.30711326805226,0.8507149605758976
1017,2015-03-08,2015,10,25,FC Dallas,San Jose Earthquakes,1570.846007256635,1410.9773164002272,299.86869085640774,0.8489235254390066
1018,2015-03-08,2015,11,7,Houston Dynamo,Columbus Crew,1437.8367113352456,1517.6758618569706,60.16084947827494,0.5857233733476347
1019,2015-03-08,2015,20,18,Orlando City,New York City,1500.0,1500.0,140.0,0.691236152414763
1020,2015-03-08,2015,22,23,Portland Timbers,Real Salt Lake,1581.5092023824088,1560.035496173795,161.47370620861375,0.71697736049099
1021,2015-03-08,2015,27,19,Sporting Kansas City,New York Red Bulls,1473.2699397857941,1554.9809460702083,58.288993715585775,0.5831063463776845
1022,2015-03-09,2015,26,17,Seattle Sounders,New England Revolution,1604.2677070775453,1626.0321984419857,118.23550863555965,0.6638766813872333
1023,2015-03-13,2015,11,20,Houston Dynamo,Orlando City,1454.4077764013402,1492.3505539034095,102.05722249793075,0.6427887061908295
1024,2015-03-14,2015,4,30,Chicago Fire,Vancouver Whitecaps,1446.452085428759,1519.9460583524358,66.50602707632311,0.594557764735238
1025,2015-03-14,2015,7,29,Columbus Crew,Toronto FC,1501.104796790876,1425.6961419304553,215.4086548604207,0.7755626032921167
1026,2015-03-15,2015,10,27,FC Dallas,Sporting Kansas City,1576.8890662390747,1469.9456859306867,246.943380308388,0.8055766511566043
1027,2015-03-15,2015,18,17,New York City,New England Revolution,1507.6494460965905,1612.587265697475,35.062180399115505,0.5502879344507523
1028,2015-03-15,2015,22,14,Portland Timbers,Los Angeles Galaxy,1572.8301079627693,1623.6164439567224,89.21366400604688,0.6256395099204258
1029,2015-03-15,2015,23,21,Real Salt Lake,Philadelphia Union,1568.7145905934347,1455.5879359765033,253.12665461693132,0.8110908952812698
1030,2015-03-15,2015,26,25,Seattle Sounders,San Jose Earthquakes,1617.712639822056,1404.9342574177874,352.77838240426854,0.8839885904266326
1031,2015-03-21,2015,6,18,Colorado Rapids,New York City,1369.300699440355,1525.6379287185605,-16.33722927820554,0.4765061503185095
1032,2015-03-21,2015,17,2,New England Revolution,CF Montreal,1594.598783075505,1384.5083380280932,350.0904450474118,0.8823923381611893
1033,2015-03-21,2015,20,30,Orlando City,Vancouver Whitecaps,1518.0621021510426,1543.7283689418452,114.33373320919736,0.6588464591416051
1034,2015-03-21,2015,21,10,Philadelphia Union,FC Dallas,1468.031571787754,1584.6660001928105,23.365571594943503,0.5335751582427128
1035,2015-03-22,2015,14,11,Los Angeles Galaxy,Houston Dynamo,1628.6420243535395,1428.6962281537071,339.94579619983233,0.8761954756877385
1036,2015-03-22,2015,19,8,New York Red Bulls,DC United,1558.3051999253157,1567.387714813453,130.9174851118628,0.6799673203187407
1037,2015-03-22,2015,25,4,San Jose Earthquakes,Chicago Fire,1440.2938010348528,1422.6697748393494,157.62402619550335,0.7124589845691661
1038,2015-03-22,2015,27,22,Sporting Kansas City,Portland Timbers,1462.168751976951,1567.8045275659522,34.36422441099876,0.5492934558630023
1039,2015-03-28,2015,2,20,CF Montreal,Orlando City,1399.8040315545409,1491.7082437853785,48.09578776916237,0.5687766384495208
1040,2015-03-28,2015,7,19,Columbus Crew,New York Red Bulls,1510.0822926591914,1571.106507112566,78.97578554662527,0.6117373942104679
1041,2015-03-28,2015,8,14,DC United,Los Angeles Galaxy,1554.5864076262026,1613.5942053260299,80.99220230017272,0.6144907276577846
1042,2015-03-28,2015,17,25,New England Revolution,San Jose Earthquakes,1579.3030895490574,1451.795441652086,267.5076478969713,0.8234498686967053
1043,2015-03-28,2015,18,27,New York City,Sporting Kansas City,1524.698174731301,1460.197013742431,204.50116098886997,0.7644445792659679
1044,2015-03-29,2015,4,21,Chicago Fire,Philadelphia Union,1411.1681342221161,1446.6885654580456,104.47956876407056,0.6459840270024079
1045,2015-03-29,2015,10,26,FC Dallas,Seattle Sounders,1606.009006522519,1582.3530962049906,163.65591031752842,0.7195194443826439
1046,2015-03-29,2015,11,6,Houston Dynamo,Colorado Rapids,1443.7440471812167,1370.2404534276145,213.50359375360222,0.7736479650864093
1047,2015-03-29,2015,30,22,Vancouver Whitecaps,Portland Timbers,1570.0822273075094,1569.7762658004722,140.30596150703718,0.6916119283914154
1048,2015-03-30,2015,23,29,Real Salt Lake,Toronto FC,1556.270954782184,1416.71864606214,279.55230872004404,0.8333047945028806
1049,2015-04-04,2015,4,29,Chicago Fire,Toronto FC,1425.3287731420198,1410.050837842255,155.27793529976475,0.7096843774722994
1050,2015-04-04,2015,20,8,Orlando City,DC United,1494.4593093233593,1570.0067785198912,64.45253080346811,0.5917050831220835
1051,2015-04-05,2015,6,17,Colorado Rapids,New England Revolution,1381.186372031071,1586.3650948011891,-65.17872277011816,0.40728538666255165
1052,2015-04-05,2015,22,10,Portland Timbers,FC Dallas,1557.4407429361288,1597.2282287472133,100.21251418891552,0.6403467844494289
1053,2015-04-05,2015,25,23,San Jose Earthquakes,Real Salt Lake,1444.7334363999544,1562.9387630020688,21.794673397885617,0.5313239797501801
1054,2015-04-05,2015,26,11,Seattle Sounders,Houston Dynamo,1591.1338739802964,1432.7981285777603,298.3357454025361,0.8477882944238279
1055,2015-04-05,2015,30,14,Vancouver Whitecaps,Los Angeles Galaxy,1582.4177501718527,1598.1738344323412,124.24391573951152,0.671550356591074
1056,2015-04-06,2015,27,21,Sporting Kansas City,Philadelphia Union,1490.7747969130696,1432.5279265381419,198.24687037492777,0.7579000246370812
1057,2015-04-09,2015,30,7,Vancouver Whitecaps,Columbus Crew,1595.5557359082097,1485.6127968907726,249.94293901743708,0.8082667742735294
1058,2015-04-11,2015,10,6,FC Dallas,Colorado Rapids,1582.8421001251904,1364.894956564569,357.9471435606215,0.8870052348098739
1059,2015-04-11,2015,17,7,New England Revolution,Columbus Crew,1602.6565102676911,1497.9434678617138,244.71304240597738,0.803557899659676
1060,2015-04-11,2015,21,18,Philadelphia Union,New York City,1422.843927523625,1494.1203915606623,68.72353596296284,0.5976311310608051
1061,2015-04-12,2015,8,19,DC United,New York Red Bulls,1593.6749818447745,1595.5760028809848,138.0989789637897,0.6888956937386278
1062,2015-04-12,2015,11,2,Houston Dynamo,CF Montreal,1426.7096603547134,1397.05296601656,169.65669433815333,0.7264375204332882
1063,2015-04-12,2015,22,20,Portland Timbers,Orlando City,1571.8268715581517,1470.791105998476,241.0357655596756,0.8001949751543347
1064,2015-04-12,2015,25,30,San Jose Earthquakes,Vancouver Whitecaps,1423.4804772099471,1583.2250649372686,-19.74458772732146,0.47161580401705605
1065,2015-04-12,2015,27,23,Sporting Kansas City,Real Salt Lake,1500.4587959275864,1584.191722192076,56.267073735510394,0.5802742495658442
1066,2015-04-13,2015,14,26,Los Angeles Galaxy,Seattle Sounders,1585.0358486959842,1597.2223422033433,127.81350649264095,0.6760666074548423
1067,2015-04-17,2015,18,21,New York City,Philadelphia Union,1478.0256368030944,1438.938682281193,179.08695452190136,0.7370917724705857
1068,2015-04-18,2015,19,25,New York Red Bulls,San Jose Earthquakes,1603.13183063053,1444.6158450492649,298.5159855812651,0.8479221344616764
1069,2015-04-19,2015,6,26,Colorado Rapids,Seattle Sounders,1400.3751659569639,1584.2650065015368,-43.88984054457296,0.43717129468561605
1070,2015-04-19,2015,7,20,Columbus Crew,Orlando City,1510.0857838481008,1502.7989050046494,147.2868788434514,0.7001162365464766
1071,2015-04-19,2015,8,11,DC United,Houston Dynamo,1586.1191540952293,1437.6521595373817,288.46699455784756,0.8403117536025075
1072,2015-04-19,2015,10,29,FC Dallas,Toronto FC,1547.3618907327955,1398.438212941147,288.9236777916485,0.8406642020014491
1073,2015-04-19,2015,14,27,Los Angeles Galaxy,Sporting Kansas City,1597.9931843977906,1497.2478259449526,240.745358452838,0.7999275618171262
1074,2015-04-19,2015,21,17,Philadelphia Union,New England Revolution,1448.4223531800164,1590.514194281304,-2.0918411012876277,0.4969896350397596
1075,2015-04-19,2015,23,30,Real Salt Lake,Vancouver Whitecaps,1587.4026921747097,1562.0896970979509,165.31299507675885,0.7214404736127752
1076,2015-04-20,2015,18,22,New York City,Portland Timbers,1468.541965904271,1539.8190725519783,68.72289335229266,0.5976302415292247
1077,2015-04-25,2015,4,18,Chicago Fire,New York City,1436.941398043128,1444.636756243102,132.30464180002605,0.681702472708578
1078,2015-04-25,2015,6,10,Colorado Rapids,FC Dallas,1382.8883141695392,1553.7353226527375,-30.84700848319835,0.4557238643928021
1079,2015-04-26,2015,7,21,Columbus Crew,Philadelphia Union,1522.0811343862417,1428.542767778426,233.53836660781576,0.7932051916157289
1080,2015-04-26,2015,11,27,Houston Dynamo,Sporting Kansas City,1451.2646296814821,1489.2449284176378,102.01970126384435,0.642739110993463
1081,2015-04-26,2015,17,23,New England Revolution,Real Salt Lake,1610.3937796828945,1558.5450732301988,191.84870645269575,0.7510780028904419
1082,2015-04-26,2015,19,14,New York Red Bulls,Los Angeles Galaxy,1609.214945252063,1605.9960819251055,143.2188633269575,0.6951767542344847
1083,2015-04-26,2015,30,8,Vancouver Whitecaps,DC United,1590.9473160424618,1572.506683951129,158.44063209133287,0.7134210255171114
1084,2015-04-27,2015,20,29,Orlando City,Toronto FC,1490.8035544665086,1392.064781021205,238.73877344530365,0.7980725207516359
1085,2015-04-27,2015,26,22,Seattle Sounders,Portland Timbers,1601.7518582889616,1563.7242822131473,178.0275760758143,0.735908296070188
1086,2015-04-30,2015,19,6,New York Red Bulls,Colorado Rapids,1601.4078750826836,1384.659359593827,356.7485154888566,0.8863118342934913
1087,2015-05-02,2015,11,10,Houston Dynamo,FC Dallas,1445.5550652417437,1551.9642772284496,33.59078801329406,0.5481909695702181
1088,2015-05-02,2015,21,29,Philadelphia Union,Toronto FC,1420.270975443055,1423.9876818512703,136.28329359178474,0.6866512428410414
1089,2015-05-02,2015,23,25,Real Salt Lake,San Jose Earthquakes,1548.5881933458165,1438.5327304277318,250.0554629180847,0.8083671354760522
1090,2015-05-03,2015,8,7,DC United,Columbus Crew,1601.0435249718134,1530.3529267216127,210.69059825020076,0.7707997571198574
1091,2015-05-03,2015,14,6,Los Angeles Galaxy,Colorado Rapids,1613.8031520944849,1400.1118329655667,353.69131912891817,0.8845264479289426
1092,2015-05-03,2015,17,19,New England Revolution,New York Red Bulls,1620.3506595672768,1585.955401710944,174.39525785633282,0.7318246351017492
1093,2015-05-03,2015,22,30,Portland Timbers,Vancouver Whitecaps,1553.1606140559547,1562.4104750217773,130.75013903417744,0.6797576539040879
1094,2015-05-03,2015,27,4,Sporting Kansas City,Chicago Fire,1494.9544928573762,1449.6732991347849,185.2811937225913,0.7439429892648037
1095,2015-05-04,2015,18,26,New York City,Seattle Sounders,1431.904855151445,1612.315526446154,-40.41067129470912,0.4421052069137334
1096,2015-05-06,2015,11,25,Houston Dynamo,San Jose Earthquakes,1423.627426458935,1450.8674158467738,112.76001061216107,0.6568073503172209
1097,2015-05-07,2015,23,14,Real Salt Lake,Los Angeles Galaxy,1536.2535079267745,1598.4220941773272,77.83141374944739,0.6101716109127615
1098,2015-05-09,2015,2,22,CF Montreal,Portland Timbers,1386.1104668338917,1545.9703078997911,-19.859841065899445,0.4714504787674566
1099,2015-05-09,2015,4,23,Chicago Fire,Real Salt Lake,1439.431018705377,1531.8466434902641,47.584375215112914,0.568054436358791
1100,2015-05-09,2015,6,25,Colorado Rapids,San Jose Earthquakes,1415.4928908827244,1477.1397098594628,78.35318102326164,0.6108858012691144
1101,2015-05-09,2015,20,17,Orlando City,New England Revolution,1458.8806536364432,1631.077674163207,-32.19702052676371,0.4537969482647235
1102,2015-05-10,2015,7,26,Columbus Crew,Seattle Sounders,1521.184917006407,1629.9997347227034,31.185182283703625,0.5447589488254934
1103,2015-05-10,2015,8,27,DC United,Sporting Kansas City,1610.2115346870191,1505.196773286784,245.0147614002351,0.8038319189081335
1104,2015-05-10,2015,10,14,FC Dallas,Los Angeles Galaxy,1573.8919160112584,1602.8289586138376,111.06295739742086,0.6546019396684756
1105,2015-05-10,2015,29,11,Toronto FC,Houston Dynamo,1451.453731564912,1397.355132446246,194.09859911866602,0.7534915168260399
1106,2015-05-10,2015,30,21,Vancouver Whitecaps,Philadelphia Union,1569.600781177941,1392.8049257294133,316.7958554485276,0.8610003547758267
1107,2015-05-11,2015,19,18,New York Red Bulls,New York City,1575.228387115014,1414.2206468748957,301.0077402401182,0.8497625402766102
1108,2015-05-14,2015,8,20,DC United,Orlando City,1598.0582579306938,1460.7287757058543,277.32948222483947,0.8315197935247478
1109,2015-05-16,2015,2,23,CF Montreal,Real Salt Lake,1367.2524476831934,1554.5688209446157,-47.316373261422314,0.4323241440572813
1110,2015-05-16,2015,10,19,FC Dallas,New York Red Bulls,1587.7078384245194,1581.2378855039494,146.46995292057,0.699127980298971
1111,2015-05-16,2015,18,4,New York City,Chicago Fire,1408.2111484859602,1416.7088412510254,131.50230723493473,0.6806994675202168
1112,2015-05-17,2015,11,22,Houston Dynamo,Portland Timbers,1427.4947931192876,1564.8283270504894,2.6664660687981723,0.5038372777984319
1113,2015-05-17,2015,17,29,New England Revolution,Toronto FC,1629.2295520937957,1421.3140708918704,347.91548120192533,0.8810868179479114
1114,2015-05-17,2015,20,14,Orlando City,Los Angeles Galaxy,1453.9895674468441,1589.0130362005766,4.976531246267541,0.5071613144185841
1115,2015-05-17,2015,25,7,San Jose Earthquakes,Columbus Crew,1481.5751419102273,1539.3945590533872,82.18058285684015,0.6161099992305019
1116,2015-05-17,2015,30,26,Vancouver Whitecaps,Seattle Sounders,1575.160766986908,1611.7900926757231,103.37067431118476,0.6445228798357293
1117,2015-05-18,2015,21,8,Philadelphia Union,DC United,1387.2449399204463,1604.797466189704,-77.55252626925767,0.3902103218406867
1118,2015-05-21,2015,27,17,Sporting Kansas City,New England Revolution,1517.3500500431094,1613.9860793758794,43.36397066722998,0.5620837261196604
1119,2015-05-23,2015,7,4,Columbus Crew,Chicago Fire,1524.0389590226073,1423.9368199518342,240.1021390707731,0.7993343158224745
1120,2015-05-23,2015,14,11,Los Angeles Galaxy,Houston Dynamo,1569.29948877732,1447.3413020073504,261.95818676996964,0.8187575750821544
1121,2015-05-23,2015,29,22,Toronto FC,Portland Timbers,1436.5575436097868,1544.9818181624266,31.575725447360128,0.5453164254305537
1122,2015-05-24,2015,2,10,CF Montreal,FC Dallas,1389.9594819209021,1579.7427192125606,-49.78323729165845,0.4288424839988521
1123,2015-05-24,2015,6,30,Colorado Rapids,Vancouver Whitecaps,1411.0574588319598,1549.3798517934788,1.6776070384810282,0.5024142518366141
1124,2015-05-24,2015,17,8,New England Revolution,DC United,1596.4694284206657,1580.4058790633314,156.0635493573343,0.7106152457346351
1125,2015-05-24,2015,19,21,New York Red Bulls,Philadelphia Union,1589.2030047159083,1411.6365270468189,317.5664776690894,0.8615304069315326
1126,2015-05-24,2015,23,18,Real Salt Lake,New York City,1531.861786706907,1400.9831697851514,270.87861692175557,0.8262532669369014
1127,2015-05-24,2015,26,27,Seattle Sounders,Sporting Kansas City,1637.5710078691523,1534.866700998323,242.7043068708292,0.8017262076615641
1128,2015-05-25,2015,25,20,San Jose Earthquakes,Orlando City,1496.9307419410072,1473.7031148701008,163.22762707090646,0.719021630547482
1129,2015-05-28,2015,14,23,Los Angeles Galaxy,Real Salt Lake,1576.5491857740337,1538.8116560294309,177.73752974460285,0.7355836781245506
1130,2015-05-28,2015,22,8,Portland Timbers,DC United,1526.7944751796488,1588.8304888927169,77.96398628693191,0.6103531199249553
1131,2015-05-28,2015,26,6,Seattle Sounders,Colorado Rapids,1625.5019595626898,1430.9608887584952,334.54107080419453,0.8727808392363996
1132,2015-05-30,2015,27,10,Sporting Kansas City,FC Dallas,1546.9357493047855,1556.8964185725147,130.03933073227086,0.6788662798302346
1133,2015-05-30,2015,29,25,Toronto FC,San Jose Earthquakes,1454.7448865925646,1488.1698767191078,106.57500987345679,0.6487376625407498
1134,2015-05-30,2015,30,23,Vancouver Whitecaps,Real Salt Lake,1529.4764218669434,1528.2350031544129,141.2414187125305,0.6927592647040357
1135,2015-05-31,2015,4,2,Chicago Fire,CF Montreal,1435.910192584733,1412.805782560948,163.10441002378502,0.7188783098897144
1136,2015-05-31,2015,6,22,Colorado Rapids,Portland Timbers,1425.8721223279513,1542.3803503826505,23.491771945300798,0.5337559517878079
1137,2015-05-31,2015,8,21,DC United,Philadelphia Union,1573.2446136897152,1446.09774332408,267.1468703656351,0.8231477399390648
1138,2015-05-31,2015,18,11,New York City,Houston Dynamo,1394.0333004626275,1440.0916050106366,93.94169545199088,0.6319919558380745
1139,2015-05-31,2015,20,7,Orlando City,Columbus Crew,1482.463980092,1512.0655863897084,110.39839370229151,0.6537364818713958
1140,2015-05-31,2015,26,19,Seattle Sounders,New York Red Bulls,1630.5907259932337,1554.741788438647,215.84893755458666,0.776003458479142
1141,2015-06-01,2015,17,14,New England Revolution,Los Angeles Galaxy,1588.0448185912803,1587.1258386490517,140.9189799422286,0.6923640624820648
1142,2015-06-04,2015,2,30,CF Montreal,Vancouver Whitecaps,1401.5609149565366,1541.766051278782,-0.20513632224538014,0.49970478513578354
1143,2015-06-04,2015,8,4,DC United,Chicago Fire,1580.3187040921525,1447.1550601891445,273.16364390300805,0.8281334964954635
1144,2015-06-04,2015,21,7,Philadelphia Union,Columbus Crew,1439.0236529216427,1518.2150456645643,60.80860725707839,0.5866278805300101
1145,2015-06-06,2015,11,19,Houston Dynamo,New York Red Bulls,1445.3712832441595,1545.7819267778127,39.58935646634677,0.5567283558348097
1146,2015-06-07,2015,4,20,Chicago Fire,Orlando City,1440.280400048963,1476.314520817144,103.96587923181892,0.6453074951474759
1147,2015-06-07,2015,7,2,Columbus Crew,CF Montreal,1501.6801608857647,1421.5727235511054,220.10743733465938,0.7802356682838654
1148,2015-06-07,2015,8,29,DC United,Toronto FC,1587.193364232334,1468.7953800909347,258.3979841413993,0.8156964807008711
1149,2015-06-07,2015,14,30,Los Angeles Galaxy,Vancouver Whitecaps,1594.8204011483342,1521.7542426842133,213.06615846412092,0.773206703180954
1150,2015-06-07,2015,21,18,Philadelphia Union,New York City,1455.5585377004422,1388.7536222291046,206.8049154713376,0.7668241810305638
1151,2015-06-07,2015,22,17,Portland Timbers,New England Revolution,1563.730588454163,1580.3502560919978,123.38033236216506,0.6704529261989729
1152,2015-06-07,2015,23,6,Real Salt Lake,Colorado Rapids,1515.9453737425742,1404.5218842564389,251.4234894861354,0.8095840869829265
1153,2015-06-07,2015,27,26,Sporting Kansas City,Seattle Sounders,1559.781098111576,1639.550587654068,60.23051045750799,0.5858206734560438
1154,2015-06-08,2015,25,10,San Jose Earthquakes,FC Dallas,1474.1193832207377,1544.0510697657242,70.0683134550136,0.5994912188413587
1155,2015-06-14,2015,7,14,Columbus Crew,Los Angeles Galaxy,1470.4707341544101,1563.892133021096,46.57860113331412,0.5666332695708817
1156,2015-06-14,2015,17,4,New England Revolution,Chicago Fire,1567.1683731399567,1414.4681002430639,292.7002728968928,0.8435546857615364
1157,2015-06-14,2015,18,2,New York City,CF Montreal,1419.4265894703271,1452.78215028246,106.64443918786719,0.6488287321453361
1158,2015-06-14,2015,26,10,Seattle Sounders,FC Dallas,1622.9834145923098,1548.0307185193785,214.9526960729313,0.7751054021075698
1159,2015-06-15,2015,20,8,Orlando City,DC United,1502.1268206230432,1554.5655050042992,87.56131561874395,0.6234090854285276
1160,2015-06-20,2015,6,10,Colorado Rapids,FC Dallas,1416.905247735756,1539.0349346036812,17.87031313207467,0.5256947929456589
1161,2015-06-20,2015,26,25,Seattle Sounders,San Jose Earthquakes,1631.9791985080071,1470.1397344670834,301.83946404092376,0.8503727556664218
1162,2015-06-21,2015,2,20,CF Montreal,Orlando City,1438.7352995682734,1517.190457205902,61.544842362371355,0.5876552248725697
1163,2015-06-21,2015,8,17,DC United,New England Revolution,1539.5018684214403,1573.4261857094953,106.07568271194509,0.6480823824106134
1164,2015-06-21,2015,14,21,Los Angeles Galaxy,Philadelphia Union,1566.5574638039313,1424.8855704592197,281.67189334471163,0.8349927674950288
1165,2015-06-21,2015,19,30,New York Red Bulls,Vancouver Whitecaps,1528.051061011205,1552.6825108114515,115.3685501997536,0.66018410551464
1166,2015-06-21,2015,22,11,Portland Timbers,Houston Dynamo,1576.912471406204,1463.102149010767,253.81032239543697,0.8116931653547084
1167,2015-06-21,2015,29,18,Toronto FC,New York City,1501.4232393189695,1433.4734401845137,207.94979913445582,0.7680005180398838
1168,2015-06-22,2015,23,27,Real Salt Lake,Sporting Kansas City,1503.5620102632572,1576.3482711733343,67.21373908992291,0.5955394390788276
1169,2015-06-25,2015,4,8,Chicago Fire,DC United,1408.2102876735253,1553.5785731250157,-5.368285451490465,0.49227503095488234
1170,2015-06-25,2015,7,17,Columbus Crew,New England Revolution,1467.8054033715748,1559.3494810059199,48.45592236565494,0.5692850348875866
1171,2015-06-25,2015,14,22,Los Angeles Galaxy,Portland Timbers,1573.1577531041303,1584.4447447920159,128.71300831211443,0.6771995456769003
1172,2015-06-25,2015,19,23,New York Red Bulls,Real Salt Lake,1501.6436967906195,1519.740432700104,121.90326409051545,0.6685715775762406
1173,2015-06-25,2015,20,6,Orlando City,Colorado Rapids,1500.6966662008049,1415.8774560179295,224.8192101828754,0.784851054958659
1174,2015-06-25,2015,21,26,Philadelphia Union,Seattle Sounders,1418.2852811590208,1597.9642882813503,-39.679007122329494,0.443144291001632
1175,2015-06-25,2015,29,2,Toronto FC,CF Montreal,1470.7032185973742,1455.2290905733705,155.47412802400368,0.7099170104965157
1176,2015-06-27,2015,10,11,FC Dallas,Houston Dynamo,1540.0627263215076,1455.5698756249553,224.4928506965523,0.7845336521616173
1177,2015-06-27,2015,29,8,Toronto FC,DC United,1482.3065381775136,1573.269574363211,49.03696381430268,0.570104973811129
1178,2015-06-28,2015,17,30,New England Revolution,Vancouver Whitecaps,1542.1208824014234,1579.089875032037,103.03100736938632,0.6440747729952756
1179,2015-06-28,2015,18,19,New York City,New York Red Bulls,1464.193460906109,1514.90083368757,89.29262721853911,0.6257459658536014
1180,2015-06-28,2015,21,2,Philadelphia Union,CF Montreal,1440.5595095189556,1443.625770993231,136.9337385257245,0.6874562996044081
1181,2015-06-28,2015,23,7,Real Salt Lake,Columbus Crew,1506.4832958031536,1485.0340019760713,161.44929382708233,0.7169488433680872
1182,2015-06-28,2015,25,14,San Jose Earthquakes,Los Angeles Galaxy,1504.1546446937402,1586.0697712770543,58.08487341668592,0.5828206811980982
1183,2015-06-28,2015,27,6,Sporting Kansas City,Colorado Rapids,1560.1698487364874,1407.2714982162759,292.8983505202116,0.8437051027107235
1184,2015-06-29,2015,22,26,Portland Timbers,Seattle Sounders,1571.5327266190918,1575.6900599214155,135.84266669767635,0.6861052382302221
1185,2015-07-04,2015,11,4,Houston Dynamo,Chicago Fire,1446.95122171142,1388.51928643533,198.43193527608992,0.7580954437682718
1186,2015-07-04,2015,26,8,Seattle Sounders,DC United,1563.1342694506243,1576.0737733156561,127.06049613496816,0.6751165874546546
1187,2015-07-05,2015,2,18,CF Montreal,New York City,1451.1240229774073,1439.163622271965,151.96040070544223,0.7057340223681695
1188,2015-07-05,2015,6,30,Colorado Rapids,Vancouver Whitecaps,1401.019702324705,1604.8528659518481,-63.83316362714322,0.4091565546268932
1189,2015-07-05,2015,7,19,Columbus Crew,New York Red Bulls,1493.7119557107949,1539.930672321714,93.78128338908095,0.6317771656250281
1190,2015-07-05,2015,10,17,FC Dallas,New England Revolution,1548.681380235043,1516.3578914816123,172.32348875343064,0.7294775968193458
1191,2015-07-05,2015,14,29,Los Angeles Galaxy,Toronto FC,1569.3825985249782,1479.5023392250685,229.88025929990977,0.7897297425927611
1192,2015-07-05,2015,23,20,Real Salt Lake,Orlando City,1497.80534206843,1509.3026240024585,128.50271806597152,0.676934867132622
1193,2015-07-06,2015,22,25,Portland Timbers,San Jose Earthquakes,1584.088517089883,1520.8418174458163,203.24669964406667,0.7631417715264663
1194,2015-07-11,2015,25,11,San Jose Earthquakes,Houston Dynamo,1511.367488306875,1436.6274039606892,214.74008434618577,0.7748919851638228
1195,2015-07-12,2015,2,7,CF Montreal,Columbus Crew,1422.8946620826805,1508.4408690857938,54.453792996886705,0.5777298825082756
1196,2015-07-12,2015,4,26,Chicago Fire,Seattle Sounders,1398.8431041860608,1576.1296059524382,-37.28650176637734,0.44654547230800234
1197,2015-07-12,2015,6,23,Colorado Rapids,Real Salt Lake,1424.653440139629,1490.7279473831252,73.9254927565039,0.6048103936151293
1198,2015-07-12,2015,18,29,New York City,Toronto FC,1467.392983166692,1471.0915289287789,136.30145423791305,0.6866737355987852
1199,2015-07-12,2015,19,17,New York Red Bulls,New England Revolution,1525.201758946715,1505.5369953543861,159.66476359232888,0.7148595576183489
1200,2015-07-12,2015,20,10,Orlando City,FC Dallas,1516.3800186877634,1559.5022763622692,96.87774232549418,0.635913972841804
1201,2015-07-12,2015,21,22,Philadelphia Union,Portland Timbers,1433.0612575347793,1593.5628462288244,-20.50158869404504,0.4705300388621459
1202,2015-07-13,2015,30,27,Vancouver Whitecaps,Sporting Kansas City,1581.219128136924,1566.4216446280584,154.79748350886553,0.7091142226262648
1203,2015-07-16,2015,4,7,Chicago Fire,Columbus Crew,1420.9812852937407,1491.5500643861249,69.43122090761585,0.5986103503096715
1204,2015-07-18,2015,14,25,Los Angeles Galaxy,San Jose Earthquakes,1577.7934088212678,1480.371808900322,237.4215999209457,0.7968478565309948
1205,2015-07-18,2015,29,21,Toronto FC,Philadelphia Union,1478.5584783527304,1454.2400559802934,164.318422372437,0.7202884523099911
1206,2015-07-19,2015,7,4,Columbus Crew,Chicago Fire,1515.4944783985118,1397.0368712813538,258.457607117158,0.8157480729550082
1207,2015-07-19,2015,10,8,FC Dallas,DC United,1584.9388352759413,1563.0784368138422,161.86039846209906,0.71742883985184
1208,2015-07-19,2015,17,18,New England Revolution,New York City,1494.13137765912,1459.9260337427404,174.20534391637966,0.7316100258285745
1209,2015-07-19,2015,20,19,Orlando City,New York Red Bulls,1490.9434597740913,1536.607376641981,94.33608313211016,0.6325198144273422
1210,2015-07-19,2015,22,30,Portland Timbers,Vancouver Whitecaps,1572.3840477833103,1552.8545592318733,159.529488551437,0.714700803293512
1211,2015-07-19,2015,23,11,Real Salt Lake,Houston Dynamo,1474.9203631277303,1467.623083367242,147.2972797604882,0.7001288068344791
1212,2015-07-19,2015,26,6,Seattle Sounders,Colorado Rapids,1553.9914248447583,1440.461024395024,253.53040044973432,0.8114467494684747
1213,2015-07-19,2015,27,2,Sporting Kansas City,CF Montreal,1594.786213533109,1439.7854667823494,295.0007467507596,0.8452943727600892
1214,2015-07-25,2015,23,27,Real Salt Lake,Sporting Kansas City,1486.9152108543512,1600.9744386227055,25.940772231645724,0.5372625560317629
1215,2015-07-26,2015,2,26,CF Montreal,Seattle Sounders,1433.597241692753,1521.5335548660194,52.0636868267336,0.5743698311307794
1216,2015-07-26,2015,4,17,Chicago Fire,New England Revolution,1389.666794199554,1504.866976625977,24.799817573577002,0.5356293159141914
1217,2015-07-26,2015,7,29,Columbus Crew,Toronto FC,1522.8645554803115,1489.7469402603308,173.11761521998073,0.7303787621201939
1218,2015-07-26,2015,8,21,DC United,Philadelphia Union,1551.7755904079158,1443.051594072693,248.72399633522286,0.8071770171471451
1219,2015-07-26,2015,10,22,FC Dallas,Portland Timbers,1596.2416816818677,1563.7960156515699,172.44566603029784,0.7296163654265778
1220,2015-07-26,2015,11,14,Houston Dynamo,Los Angeles Galaxy,1455.6282356406211,1585.919494560028,9.7087410805932,0.5139683659282637
1221,2015-07-26,2015,18,20,New York City,Orlando City,1449.1904347758834,1465.6426671969975,123.5477675788859,0.6706658464056019
1222,2015-07-27,2015,30,25,Vancouver Whitecaps,San Jose Earthquakes,1561.4425913636137,1472.245723161562,229.19686820205175,0.7890757451142133
1223,2015-08-01,2015,18,2,New York City,CF Montreal,1462.3638009196593,1450.6224484475217,151.74135247213758,0.705472089993118
1224,2015-08-02,2015,6,14,Colorado Rapids,Los Angeles Galaxy,1472.918894373763,1566.4782291971585,46.4406651766044,0.5664382789230411
1225,2015-08-02,2015,8,23,DC United,Real Salt Lake,1559.4885097220301,1505.4247086130808,194.0638011089493,0.7534543083064983
1226,2015-08-02,2015,17,29,New England Revolution,Toronto FC,1506.2921492625446,1498.9620907451385,147.3300585174061,0.7001684204489724
1227,2015-08-02,2015,20,7,Orlando City,Columbus Crew,1452.4693010532217,1513.6494049955038,78.81989605771787,0.6115242337527795
1228,2015-08-02,2015,21,19,Philadelphia Union,New York Red Bulls,1435.3386747585787,1561.9081692190748,13.430505539503883,0.5193184296398492
1229,2015-08-02,2015,25,22,San Jose Earthquakes,Portland Timbers,1463.8087529661304,1552.980670268633,50.82808269749739,0.5726300803893821
1230,2015-08-02,2015,26,30,Seattle Sounders,Vancouver Whitecaps,1504.5083481112506,1569.8795615590452,74.62878655220538,0.6057776295170317
1231,2015-08-02,2015,27,11,Sporting Kansas City,Houston Dynamo,1582.464940863976,1475.0695010034906,247.39543986048534,0.8059839012405489
1232,2015-08-03,2015,4,10,Chicago Fire,FC Dallas,1388.2416215629864,1607.0570270648045,-78.81540550181808,0.38848190718448194
1233,2015-08-06,2015,2,19,CF Montreal,New York Red Bulls,1478.8413320472464,1582.6809064046688,36.16042564257759,0.5518519463875122
1234,2015-08-06,2015,29,20,Toronto FC,Orlando City,1486.9688275630974,1468.0083317031106,158.96049585998685,0.7140324711772488
1235,2015-08-08,2015,22,4,Portland Timbers,Chicago Fire,1555.8858734842083,1412.702345275607,283.1835282086013,0.8361881900165966
1236,2015-08-08,2015,29,27,Toronto FC,Sporting Kansas City,1498.4075287160074,1570.225584814354,68.18194390165331,0.5968812067539064
1237,2015-08-09,2015,2,8,CF Montreal,DC United,1476.767254191746,1569.3503373897702,47.41691680197573,0.5678178933587315
1238,2015-08-09,2015,6,7,Colorado Rapids,Columbus Crew,1450.2613632168413,1498.110374345615,92.15098887122645,0.6295912638776835
1239,2015-08-09,2015,11,25,Houston Dynamo,San Jose Earthquakes,1487.3088570531124,1460.9035497505552,166.40530730255728,0.7227023455922766
1240,2015-08-09,2015,14,26,Los Angeles Galaxy,Seattle Sounders,1589.13576035408,1480.2772429305694,248.85851742351065,0.807297512511754
1241,2015-08-09,2015,20,21,Orlando City,Philadelphia Union,1456.5696305502006,1414.5659375729847,182.0036929772159,0.7403325062730929
1242,2015-08-09,2015,30,23,Vancouver Whitecaps,Real Salt Lake,1594.1106667397264,1495.5628809453408,238.54778579438562,0.7978952891893852
1243,2015-08-10,2015,19,18,New York Red Bulls,New York City,1584.7549842601693,1434.1449173199346,290.6100669402347,0.841960223332616
1244,2015-08-14,2015,18,8,New York City,DC United,1427.8233262532392,1592.0630531241195,-24.239726870880304,0.4651727179578971
1245,2015-08-15,2015,25,6,San Jose Earthquakes,Colorado Rapids,1449.8116435742463,1425.077712661734,164.73393091251228,0.7207700933929752
1246,2015-08-16,2015,10,14,FC Dallas,Los Angeles Galaxy,1582.596303352184,1596.84385985361,125.75244349857394,0.6734628817967078
1247,2015-08-16,2015,17,11,New England Revolution,Houston Dynamo,1518.2854124445857,1498.4007632294213,159.88464921516447,0.7151174947851984
1248,2015-08-16,2015,19,29,New York Red Bulls,Toronto FC,1591.0765753268647,1474.532280445851,256.5442948810137,0.8140868872701844
1249,2015-08-16,2015,23,22,Real Salt Lake,Portland Timbers,1487.4786925129163,1562.4383458835446,65.0403466293717,0.5925223070754343
1250,2015-08-16,2015,26,20,Seattle Sounders,Orlando City,1472.5691434310395,1446.956330299277,165.61281313176255,0.7217871832731618
1251,2015-08-16,2015,27,30,Sporting Kansas City,Vancouver Whitecaps,1594.1008330845104,1602.194855172151,131.9059779123595,0.6812043094750796
1252,2015-08-17,2015,21,4,Philadelphia Union,Chicago Fire,1424.1792378239084,1406.1498728762708,158.02936494763753,0.7129367536657266
1253,2015-08-20,2015,7,18,Columbus Crew,New York City,1523.2940249007222,1449.2164175349233,214.07760736579894,0.7742260781297589
1254,2015-08-20,2015,27,25,Sporting Kansas City,San Jose Earthquakes,1606.8526607055073,1460.9808398385273,285.87182086698,0.8382969118089992
1255,2015-08-22,2015,22,11,Portland Timbers,Houston Dynamo,1586.1392381665619,1487.0054630208292,239.13377514573267,0.7984387036085451
1256,2015-08-22,2015,29,20,Toronto FC,Orlando City,1467.0957559366584,1435.8278176302035,171.26793830645488,0.7282768414582524
1257,2015-08-23,2015,2,21,CF Montreal,Philadelphia Union,1454.0545384573966,1415.6617676772794,178.3927707801172,0.7363166560168982
1258,2015-08-23,2015,4,6,Chicago Fire,Colorado Rapids,1414.6673430228998,1413.908516397453,140.75882662544677,0.692167663055557
1259,2015-08-23,2015,7,27,Columbus Crew,Sporting Kansas City,1512.3249817755318,1573.3207842331474,79.00419754238442,0.6117762396549098
1260,2015-08-23,2015,8,25,DC United,San Jose Earthquakes,1570.6699618424354,1494.5127163108873,216.15724553154814,0.7763118004412168
1261,2015-08-23,2015,14,18,Los Angeles Galaxy,New York City,1623.7823751254782,1460.1854606601137,303.59691446536453,0.8516554359518645
1262,2015-08-23,2015,23,26,Real Salt Lake,Seattle Sounders,1463.777800229899,1483.697656100113,120.08014412978605,0.6662420191579393
1263,2015-08-23,2015,30,10,Vancouver Whitecaps,FC Dallas,1589.443027551154,1555.6577880803156,173.7852394708384,0.7311349072435556
1264,2015-08-27,2015,4,19,Chicago Fire,New York Red Bulls,1386.9806365006775,1598.5130998360573,-71.53246333537982,0.3984868353531745
1265,2015-08-27,2015,6,11,Colorado Rapids,Houston Dynamo,1441.5952229196753,1498.943011165171,82.65221175450438,0.6167519238243239
1266,2015-08-29,2015,18,7,New York City,Columbus Crew,1454.2516780981882,1527.8539321893354,66.39774590885281,0.5944074999366705
1267,2015-08-29,2015,25,14,San Jose Earthquakes,Los Angeles Galaxy,1525.565188328536,1629.7161576874037,35.84903064113223,0.5514085913175603
1268,2015-08-29,2015,29,2,Toronto FC,CF Montreal,1477.9646822783284,1424.6018722167207,193.36281006160766,0.7527039541069387
1269,2015-08-30,2015,6,27,Colorado Rapids,Sporting Kansas City,1456.9251459667023,1557.7918338193438,39.13331214735854,0.5560804073602355
1270,2015-08-30,2015,10,23,FC Dallas,Real Salt Lake,1544.903184370058,1477.1281194635815,207.77506490647647,0.7678212514891506
1271,2015-08-30,2015,11,30,Houston Dynamo,Vancouver Whitecaps,1483.6130881181439,1600.1976312614117,23.415456856732135,0.5336466244998308
1272,2015-08-30,2015,20,4,Orlando City,Chicago Fire,1424.9588912885336,1411.0411630865506,153.91772820198298,0.708068502386299
1273,2015-08-30,2015,21,17,Philadelphia Union,New England Revolution,1445.1144339179552,1529.6807126531778,55.43372126477743,0.5791054237952233
1274,2015-08-30,2015,26,22,Seattle Sounders,Portland Timbers,1470.3473368664304,1574.2016900222202,36.145646844210205,0.5518309066251629
1275,2015-08-31,2015,19,8,New York Red Bulls,DC United,1574.4525732501843,1539.6174898247868,174.83508342539744,0.7323212354418598
1276,2015-09-06,2015,2,4,CF Montreal,Chicago Fire,1414.7100303809982,1419.3639031820026,135.34612719899565,0.68548933130215
1277,2015-09-06,2015,17,20,New England Revolution,Orlando City,1552.8449296049866,1416.6361511930816,276.2087784119051,0.8306140685389803
1278,2015-09-06,2015,25,21,San Jose Earthquakes,Philadelphia Union,1543.5088446758334,1421.9502169661464,261.558627709687,0.8184160125637587
1279,2015-09-06,2015,26,29,Seattle Sounders,Toronto FC,1488.274100601424,1487.856524114051,140.41757648737303,0.691748948640357
1280,2015-09-07,2015,7,10,Columbus Crew,FC Dallas,1551.6302321868022,1554.1903343104918,137.4398978763104,0.688081992693532
1281,2015-09-10,2015,22,27,Portland Timbers,Sporting Kansas City,1556.2749262872267,1540.0350501137532,156.23987617347348,0.7108239307958114
1282,2015-09-10,2015,30,6,Vancouver Whitecaps,Colorado Rapids,1581.543496241405,1474.6819296722929,246.86156656911203,0.8055028777689358
1283,2015-09-12,2015,19,4,New York Red Bulls,Chicago Fire,1585.1597238325098,1406.7834764340885,318.37624739842136,0.8620855567490331
1284,2015-09-13,2015,6,8,Colorado Rapids,DC United,1466.9020447830503,1528.9103392424613,77.99170554058901,0.6103910673187355
1285,2015-09-13,2015,10,18,FC Dallas,New York City,1581.713614018233,1430.4753781007214,291.2382359175117,0.8424407892880102
1286,2015-09-13,2015,11,23,Houston Dynamo,Real Salt Lake,1502.2672231381507,1467.8409695231476,174.42625361500313,0.7318596510513565
1287,2015-09-13,2015,14,2,Los Angeles Galaxy,CF Montreal,1611.7725013401061,1427.2904571289123,324.48204421119385,0.8662114866278703
1288,2015-09-13,2015,21,7,Philadelphia Union,Columbus Crew,1454.6868574686966,1524.106952479061,70.57990498963568,0.600198099946388
1289,2015-09-13,2015,25,26,San Jose Earthquakes,Seattle Sounders,1510.7722041732832,1500.6041426558097,150.16806151747346,0.7035868051199979
1290,2015-09-13,2015,29,17,Toronto FC,New England Revolution,1475.526482059665,1559.6203668634275,55.90611519623758,0.5797680937636321
1291,2015-09-14,2015,20,27,Orlando City,Sporting Kansas City,1409.8607139346407,1548.4680073455856,1.3927065890550239,0.5020042551592978
1292,2015-09-17,2015,17,19,New England Revolution,New York Red Bulls,1582.8110906139727,1590.6763015625486,132.13478905142415,0.681490278493652
1293,2015-09-17,2015,18,29,New York City,Toronto FC,1424.1730096722417,1452.33575830912,111.83725136312182,0.6556090078404165
1294,2015-09-17,2015,25,2,San Jose Earthquakes,CF Montreal,1502.6287319684832,1441.9389165940272,200.68981537445597,0.760470992703451
1295,2015-09-19,2015,27,10,Sporting Kansas City,FC Dallas,1528.5481775519575,1588.0159824467128,80.53219510524468,0.6138632447266021
1296,2015-09-19,2015,29,6,Toronto FC,Colorado Rapids,1438.5601186227366,1462.486402090301,116.07371653243558,0.6610941720062823
1297,2015-09-20,2015,2,17,CF Montreal,New England Revolution,1452.3577563021652,1595.5514794742267,-3.193723172061482,0.49540399234581556
1298,2015-09-20,2015,4,20,Chicago Fire,Orlando City,1401.2668987040497,1429.7805437282689,111.48635497578084,0.6551527948260114
1299,2015-09-20,2015,8,7,DC United,Columbus Crew,1533.3259819352106,1548.1148764769164,125.21110545829424,0.6727772279280253
1300,2015-09-20,2015,18,25,New York City,San Jose Earthquakes,1437.948649358625,1492.2098922603452,85.73875709827985,0.6209428256445723
1301,2015-09-20,2015,22,19,Portland Timbers,New York Red Bulls,1547.8419690553942,1577.9359127022947,109.90605635309953,0.653094656449263
1302,2015-09-20,2015,23,14,Real Salt Lake,Los Angeles Galaxy,1497.1153555652018,1597.1240418749912,39.99131369021052,0.5572992973614085
1303,2015-09-20,2015,30,26,Vancouver Whitecaps,Seattle Sounders,1589.3233811306475,1508.7476148606097,220.57576627003778,0.7806975826294773
1304,2015-09-21,2015,21,11,Philadelphia Union,Houston Dynamo,1430.6789334708412,1472.9928370960965,97.6860963747447,0.6369906471064775
1305,2015-09-24,2015,2,4,CF Montreal,Chicago Fire,1472.5415966083326,1375.0607869110092,237.48080969732337,0.7969030264051361
1306,2015-09-24,2015,11,27,Houston Dynamo,Sporting Kansas City,1458.4724629803557,1543.9936477628933,54.4788152174624,0.5777650217077229
1307,2015-09-26,2015,2,8,CF Montreal,DC United,1480.6654755521272,1506.4148928180896,114.25058273403761,0.6587388652674562
1308,2015-09-26,2015,19,20,New York Red Bulls,Orlando City,1604.0596989602652,1455.9866555213093,288.0730434389559,0.8400072120662628
1309,2015-09-26,2015,29,4,Toronto FC,Chicago Fire,1452.1163517424852,1366.9369079672147,225.17944377527056,0.7852010079914818
1310,2015-09-27,2015,7,22,Columbus Crew,Portland Timbers,1575.0259655940374,1521.7181827974237,193.30778279661376,0.7526449870087097
1311,2015-09-27,2015,11,6,Houston Dynamo,Colorado Rapids,1475.3618621120468,1448.9301689705524,166.4316931414944,0.722732783694672
1312,2015-09-27,2015,17,21,New England Revolution,Philadelphia Union,1575.3676391680592,1445.199307586582,270.1683315814771,0.8256655103581844
1313,2015-09-27,2015,27,26,Sporting Kansas City,Seattle Sounders,1527.1042486312022,1539.9755181657888,127.12873046541335,0.6752027334457184
1314,2015-09-27,2015,30,18,Vancouver Whitecaps,New York City,1558.0954778254684,1453.1109363328421,244.98454149262625,0.8038044864089618
1315,2015-09-28,2015,14,10,Los Angeles Galaxy,FC Dallas,1579.4160137694475,1572.570512235777,146.84550153367059,0.6995825215055856
1316,2015-09-28,2015,25,23,San Jose Earthquakes,Real Salt Lake,1477.0476052861281,1514.8233836707454,102.2242216153827,0.6430094068595225
1317,2015-10-03,2015,8,18,DC United,New York City,1492.764447428788,1485.2631157892006,147.5013316395873,0.7003753578871267
1318,2015-10-03,2015,29,21,Toronto FC,Philadelphia Union,1460.708311422826,1458.2259280009096,142.48238342191644,0.694277631910643
1319,2015-10-04,2015,4,17,Chicago Fire,New England Revolution,1358.344948286874,1562.3410187537318,-63.99607046685787,0.4089298711197742
1320,2015-10-04,2015,10,11,FC Dallas,Houston Dynamo,1560.5538130960003,1486.45255076426,214.10126233174037,0.7742498795778013
1321,2015-10-04,2015,19,7,New York Red Bulls,Columbus Crew,1570.4594104776147,1544.920166113689,165.53924436392572,0.7217021328916762
1322,2015-10-04,2015,20,2,Orlando City,CF Montreal,1489.5869440039598,1494.3159209414289,135.27102306253096,0.6853961153030949
1323,2015-10-04,2015,22,27,Portland Timbers,Sporting Kansas City,1551.823982277772,1520.0961392933734,171.72784298439865,0.7288004226538212
1324,2015-10-04,2015,25,30,San Jose Earthquakes,Vancouver Whitecaps,1491.3272290117472,1525.94329836911,105.38393064263732,0.6471736563542813
1325,2015-10-05,2015,6,23,Colorado Rapids,Real Salt Lake,1437.8394803183392,1500.5437599451263,77.29572037321282,0.6094378667471475
1326,2015-10-05,2015,26,14,Seattle Sounders,Los Angeles Galaxy,1546.9836275036175,1591.4327129092242,95.55091459439336,0.6341437759505706
1327,2015-10-08,2015,19,2,New York Red Bulls,CF Montreal,1581.5913251619477,1481.7317655535526,239.8595596083951,0.7991102411383677
1328,2015-10-08,2015,30,10,Vancouver Whitecaps,FC Dallas,1531.8302446232813,1569.5838179128882,102.24642671039305,0.6430387478312313
1329,2015-10-10,2015,6,2,Colorado Rapids,CF Montreal,1413.4619656484533,1473.6961751990873,79.76579044936602,0.6128169738936217
1330,2015-10-15,2015,10,30,FC Dallas,Vancouver Whitecaps,1575.3053678261374,1526.108694710032,189.19667311610533,0.7482128856673308
1331,2015-10-15,2015,23,22,Real Salt Lake,Portland Timbers,1524.9212746150122,1522.6719653716193,142.24930924339287,0.693992777203583
1332,2015-10-15,2015,29,19,Toronto FC,New York Red Bulls,1472.9372061464003,1589.626915516413,23.31029062998732,0.5334959604233497
1333,2015-10-17,2015,20,18,Orlando City,New York City,1502.1710993918362,1473.2781301046857,168.89296928715044,0.7255629810184668
1334,2015-10-17,2015,25,27,San Jose Earthquakes,Sporting Kansas City,1485.440282757576,1549.2481561995262,76.19212655804972,0.6079247058653844
1335,2015-10-17,2015,29,7,Toronto FC,Columbus Crew,1491.5973677294662,1533.788251429356,97.80911630011019,0.6371543814863951
1336,2015-10-18,2015,8,4,DC United,Chicago Fire,1504.7494331133028,1381.987753442083,262.7616796712198,0.8194429249551098
1337,2015-10-18,2015,11,26,Houston Dynamo,Seattle Sounders,1477.422545947372,1541.6178764655947,75.80466948177741,0.607392961449806
1338,2015-10-18,2015,17,2,New England Revolution,CF Montreal,1538.6982135985227,1498.2088541548321,180.48935944369055,0.7386532008163194
1339,2015-10-18,2015,19,21,New York Red Bulls,Philadelphia Union,1570.966753933347,1445.9970332773353,264.96972065601176,0.821315893300893
1340,2015-10-18,2015,23,10,Real Salt Lake,FC Dallas,1497.1615635268688,1585.3768523994443,51.78471112742454,0.5739771881172294
1341,2015-10-19,2015,14,22,Los Angeles Galaxy,Portland Timbers,1596.798463947247,1550.4316764597627,186.36678748748432,0.7451315911088323
1342,2015-10-22,2015,27,6,Sporting Kansas City,Colorado Rapids,1533.5651444341415,1388.9492866927085,284.61585774143305,0.8373144619548342
1343,2015-10-25,2015,2,29,CF Montreal,Toronto FC,1527.754982187485,1466.1111924700103,201.64378971747465,0.7614698680790851
1344,2015-10-25,2015,4,19,Chicago Fire,New York Red Bulls,1374.7654704402873,1578.1141182013114,-63.34864776102404,0.4098309823365401
1345,2015-10-25,2015,7,8,Columbus Crew,DC United,1559.274426688812,1511.9717161150984,187.3027105737135,0.7461534021946121
1346,2015-10-25,2015,10,25,FC Dallas,San Jose Earthquakes,1608.3359399241335,1501.1232945229606,247.21264540117295,0.805819303953481
1347,2015-10-25,2015,18,17,New York City,New England Revolution,1462.3006493454243,1509.1520855658698,93.14856377955448,0.6309294510536214
1348,2015-10-25,2015,21,20,Philadelphia Union,Orlando City,1438.849669009371,1513.1485801510976,65.70108885827335,0.5934403076967704
1349,2015-10-25,2015,22,6,Portland Timbers,Colorado Rapids,1580.236940104116,1422.4418651709018,297.7950749332142,0.8473862316948308
1350,2015-10-25,2015,26,23,Seattle Sounders,Real Salt Lake,1545.913594923587,1474.2024760021795,211.71111892140743,0.7718359546579838
1351,2015-10-25,2015,27,14,Sporting Kansas City,Los Angeles Galaxy,1500.0725659559482,1566.9932003028937,73.07936565305454,0.6036456322175886
1352,2015-10-25,2015,30,11,Vancouver Whitecaps,Houston Dynamo,1516.0372101367252,1473.1268274893798,182.9103826473454,0.7413346115737109
1353,2015-10-28,2015,8,17,DC United,New England Revolution,1501.817852202883,1534.3892636080147,107.42858859486819,0.649856538186375
1354,2015-10-29,2015,2,29,CF Montreal,Toronto FC,1537.2961874643215,1456.5699871931738,220.72620027114772,0.7808458079428174
1355,2015-10-29,2015,26,14,Seattle Sounders,Los Angeles Galaxy,1555.0401567372676,1551.1390255915971,143.90113114567043,0.6960083658976136
1356,2015-10-30,2015,22,27,Portland Timbers,Sporting Kansas City,1586.3414908363227,1515.9267406672448,210.41475016907793,0.7705191045617525
1357,2015-11-01,2015,8,19,DC United,New York Red Bulls,1515.823590675428,1594.507357494773,61.31623318065499,0.5873363043247181
1358,2015-11-01,2015,22,30,Portland Timbers,Vancouver Whitecaps,1575.5207266538525,1526.3838256737768,189.13690098007578,0.7481480595150312
1359,2015-11-02,2015,2,7,CF Montreal,Columbus Crew,1546.0623551466088,1569.4282906010274,116.6340645455814,0.6618164924550247
1360,2015-11-02,2015,26,10,Seattle Sounders,FC Dallas,1567.199822101363,1616.1031677659944,91.09665433536861,0.6281747709004915
1361,2015-11-08,2015,7,2,Columbus Crew,CF Montreal,1555.9009502992283,1559.5896954484078,136.31125485082043,0.6866858737235503
1362,2015-11-08,2015,19,8,New York Red Bulls,DC United,1618.0008096677618,1492.3301385024392,265.6706711653226,0.8219072859406255
1363,2015-11-09,2015,10,26,FC Dallas,Seattle Sounders,1601.230158602014,1582.0728312653434,159.1573273366705,0.7142637732784981
1364,2015-11-09,2015,30,22,Vancouver Whitecaps,Portland Timbers,1536.309748054378,1565.5948042732514,110.71494378112652,0.6541488506874236
1365,2015-11-22,2015,7,19,Columbus Crew,New York Red Bulls,1568.4335153502864,1625.1245182301368,83.30899712014957,0.617645182995551
1366,2015-11-23,2015,22,10,Portland Timbers,FC Dallas,1591.7607583007484,1612.659607670874,119.10115062987438,0.6649877085372763
1367,2015-11-29,2015,10,22,FC Dallas,Portland Timbers,1599.259116012365,1605.1612499592575,134.0978660531075,0.683938107018668
1368,2015-11-30,2015,19,7,New York Red Bulls,Columbus Crew,1609.8303255499588,1583.7277080304643,166.10261751949452,0.7223530222821235
1369,2015-12-06,2015,7,22,Columbus Crew,Portland Timbers,1572.6218289217493,1612.5187742400042,100.1030546817451,0.6402016579367682
1370,2016-03-06,2016,4,18,Chicago Fire,New York City,1358.3722311468257,1437.0634713032794,61.30875984354634,0.5873258774294478
1371,2016-03-06,2016,10,21,FC Dallas,Philadelphia Union,1591.9015917316183,1455.1120567015,276.78953503011826,0.8310839045814321
1372,2016-03-06,2016,11,17,Houston Dynamo,New England Revolution,1462.7802119523283,1520.3835251354697,82.39668681685862,0.6164041843483489
1373,2016-03-06,2016,19,29,New York Red Bulls,Toronto FC,1620.936204658674,1447.8038195108866,313.1323851477873,0.8584572274105389
1374,2016-03-06,2016,20,23,Orlando City,Real Salt Lake,1496.8861924589685,1465.075914188499,171.81027827046955,0.7288942046153836
1375,2016-03-06,2016,22,7,Portland Timbers,Columbus Crew,1638.126840557475,1547.0137626042786,231.11307795319635,0.7909057698088322
1376,2016-03-06,2016,25,6,San Jose Earthquakes,Colorado Rapids,1493.3560666810997,1416.337314438695,217.01875224240462,0.777171799609472
1377,2016-03-06,2016,30,2,Vancouver Whitecaps,CF Montreal,1510.1437940268809,1547.0571303973497,103.08666362953113,0.6441482150345695
1378,2016-03-07,2016,14,8,Los Angeles Galaxy,DC United,1538.9793602275017,1485.2064299400643,193.77293028743748,0.7531431406586656
1379,2016-03-07,2016,26,27,Seattle Sounders,Sporting Kansas City,1570.6433821964833,1526.747504849715,183.89587734676843,0.7424209552636389
1380,2016-03-12,2016,2,19,CF Montreal,New York Red Bulls,1572.8230589987324,1586.5979155622524,126.22514343648004,0.6740609934353741
1381,2016-03-12,2016,17,8,New England Revolution,DC United,1525.0396925094037,1475.3321555664108,189.70753694299287,0.748766493631202
1382,2016-03-12,2016,20,4,Orlando City,Chicago Fire,1487.730424274353,1334.8791960496478,292.8512282247052,0.8436693294851877
1383,2016-03-12,2016,23,26,Real Salt Lake,Seattle Sounders,1474.2316823731144,1540.9465439859378,73.28513838717663,0.6039290035226985
1384,2016-03-13,2016,6,14,Colorado Rapids,Los Angeles Galaxy,1407.424186423074,1548.8536346011551,-1.429448178081202,0.49794287031593276
1385,2016-03-13,2016,7,21,Columbus Crew,Philadelphia Union,1538.6499933966318,1448.3554128847572,230.29458051187453,0.7901255181797641
1386,2016-03-13,2016,11,10,Houston Dynamo,FC Dallas,1458.1240445783942,1598.658235548361,-0.5341909699668577,0.499231238003119
1387,2016-03-13,2016,25,22,San Jose Earthquakes,Portland Timbers,1502.269194696721,1646.4906097651217,-4.221415068400802,0.4939251943034561
1388,2016-03-13,2016,27,30,Sporting Kansas City,Vancouver Whitecaps,1556.4443430602605,1484.3778654254982,212.06647763476235,0.7721959967674529
1389,2016-03-18,2016,18,20,New York City,Orlando City,1460.5565064004572,1473.9836510949456,126.57285530551167,0.6745005950917797
1390,2016-03-19,2016,4,7,Chicago Fire,Columbus Crew,1348.6259692290553,1507.0449726694412,-18.41900344038595,0.47351772811339693
1391,2016-03-19,2016,19,11,New York Red Bulls,Houston Dynamo,1573.5603552996674,1478.1547950582694,235.405560241398,0.7949627086456136
1392,2016-03-20,2016,8,6,DC United,Colorado Rapids,1485.2828153116589,1427.5064716104366,197.77634370122223,0.7574026887202823
1393,2016-03-20,2016,10,2,FC Dallas,CF Montreal,1578.6274850684858,1585.8606192613174,132.76686580716841,0.6822795395978718
1394,2016-03-20,2016,14,25,Los Angeles Galaxy,San Jose Earthquakes,1528.7713494137924,1522.5121869245827,146.25916248920976,0.6988726807955363
1395,2016-03-20,2016,21,17,Philadelphia Union,New England Revolution,1479.9604336119478,1515.0890327641557,104.87140084779207,0.6464996795462524
1396,2016-03-20,2016,22,23,Portland Timbers,Real Salt Lake,1626.2476175372599,1490.0745222322064,276.1730953050535,0.8305851667670233
1397,2016-03-20,2016,26,30,Seattle Sounders,Vancouver Whitecaps,1525.1037041268457,1475.2657052961963,189.83799883064944,0.7489077415859219
1398,2016-03-20,2016,27,29,Sporting Kansas City,Toronto FC,1565.5565031895624,1482.142108607308,223.41439458225432,0.7834823788828744
1399,2016-03-26,2016,8,10,DC United,FC Dallas,1474.9867077628476,1591.3363034845709,23.65040427827671,0.53398319453111
1400,2016-03-26,2016,18,17,New York City,New England Revolution,1433.576482596786,1500.9490199460058,72.62746265078022,0.6030230689394758
1401,2016-03-27,2016,30,11,Vancouver Whitecaps,Houston Dynamo,1505.2220149596333,1469.953303404094,175.2687115555393,0.7328102667762649
1402,2016-04-02,2016,4,21,Chicago Fire,Philadelphia Union,1349.6852601045193,1494.1004464300977,-4.415186325578361,0.4936463781297655
1403,2016-04-02,2016,17,19,New England Revolution,New York Red Bulls,1505.069942703585,1581.761846953843,63.30809574974205,0.5901125553811261
1404,2016-04-03,2016,6,29,Colorado Rapids,Toronto FC,1437.802579159248,1473.4814037626231,104.32117539662477,0.6457754842469801
1405,2016-04-03,2016,10,7,FC Dallas,Columbus Crew,1612.6956312658153,1505.9856817939772,246.70994947183817,0.805366104905934
1406,2016-04-03,2016,25,8,San Jose Earthquakes,DC United,1510.467094156404,1453.627379981603,196.83971417480097,0.7564106275305257
1407,2016-04-03,2016,26,2,Seattle Sounders,CF Montreal,1495.1473944634088,1573.1518008452324,61.99559361817637,0.5882838282807598
1408,2016-04-03,2016,27,23,Sporting Kansas City,Real Salt Lake,1574.2172080342473,1503.2979289028874,210.91927913135987,0.771032238055638
1409,2016-04-03,2016,30,14,Vancouver Whitecaps,Los Angeles Galaxy,1515.9096042885826,1540.816442181971,115.09316210661154,0.6598283760702698
1410,2016-04-04,2016,20,22,Orlando City,Portland Timbers,1500.9636748986168,1613.0242108665789,27.939464032037904,0.5401216722278909
1411,2016-04-09,2016,2,7,CF Montreal,Columbus Crew,1556.6831539764628,1518.2003259902144,178.48282798624837,0.7364172954722594
1412,2016-04-09,2016,8,30,DC United,Vancouver Whitecaps,1463.8838050828242,1509.5164692457718,94.36733583705245,0.632561630285695
1413,2016-04-09,2016,17,29,New England Revolution,Toronto FC,1521.46544048834,1459.3124231325023,202.15301735583762,0.7620018912936485
1414,2016-04-09,2016,21,20,Philadelphia Union,Orlando City,1473.8463015552884,1519.3588080095012,94.48749354578717,0.6327223817175429
1415,2016-04-10,2016,10,25,FC Dallas,San Jose Earthquakes,1600.480987069578,1500.210669055183,240.27031801439512,0.7994895556014094
1416,2016-04-10,2016,11,26,Houston Dynamo,Seattle Sounders,1459.2657140751446,1511.6160413321784,87.64967274296623,0.6235284878038805
1417,2016-04-10,2016,19,27,New York Red Bulls,Sporting Kansas City,1565.366349169088,1543.3759185120218,161.9904306570661,0.7175805597561443
1418,2016-04-10,2016,23,6,Real Salt Lake,Colorado Rapids,1534.1392184251129,1451.9715597893687,222.16765863574415,0.7822624479028651
1419,2016-04-11,2016,14,22,Los Angeles Galaxy,Portland Timbers,1547.209577224782,1594.6290777556944,92.5804994690875,0.6301676720701865
1420,2016-04-11,2016,18,4,New York City,Chicago Fire,1429.455559839207,1369.9394049793286,199.51615485987827,0.7592381654158238
1421,2016-04-14,2016,22,10,Portland Timbers,FC Dallas,1599.835784638502,1588.5014048455216,151.33437979298037,0.7049850819313855
1422,2016-04-14,2016,25,19,San Jose Earthquakes,New York Red Bulls,1512.1902512792394,1536.663126778842,115.52712450039735,0.6603888601425693
1423,2016-04-14,2016,27,6,Sporting Kansas City,Colorado Rapids,1572.0791409022677,1443.2620577054834,268.8170831967843,0.8245430327620961
1424,2016-04-16,2016,4,2,Chicago Fire,CF Montreal,1380.3089315959617,1567.2264621575723,-46.91753056161065,0.4328876967808575
1425,2016-04-16,2016,8,29,DC United,Toronto FC,1478.5813398713965,1469.7924987842482,148.78884108714828,0.7019283456658987
1426,2016-04-16,2016,11,14,Houston Dynamo,Los Angeles Galaxy,1454.3245745629895,1542.0028703419744,52.321704221015125,0.5747328930149923
1427,2016-04-17,2016,6,19,Colorado Rapids,New York Red Bulls,1476.2437790159672,1523.0786811845448,93.16509783142237,0.6309516136058367
1428,2016-04-17,2016,7,18,Columbus Crew,New York City,1507.657017809105,1419.0860332225739,228.57098458653104,0.7884754751921044
1429,2016-04-17,2016,20,17,Orlando City,New England Revolution,1504.667703278203,1510.985364836594,133.68233844160886,0.6834208154055887
1430,2016-04-17,2016,22,25,Portland Timbers,San Jose Earthquakes,1571.6363813612465,1525.7746968735366,185.8616844877099,0.7445790126189348
1431,2016-04-17,2016,23,30,Real Salt Lake,Vancouver Whitecaps,1542.8487205089982,1494.8189344571995,188.02978605179874,0.7469453322621684
1432,2016-04-17,2016,26,21,Seattle Sounders,Philadelphia Union,1516.5571808443335,1488.5374062865867,168.0197745577468,0.724560961046958
1433,2016-04-18,2016,10,27,FC Dallas,Sporting Kansas City,1616.700808122777,1539.0974195917838,217.60338853099324,0.7777540681415698
1434,2016-04-23,2016,2,29,CF Montreal,Toronto FC,1584.5419700288066,1497.869632610884,226.67233741792256,0.7866468866669051
1435,2016-04-23,2016,8,17,DC United,New England Revolution,1450.5042060447606,1518.3221974528176,72.18200859194303,0.6024090633542972
1436,2016-04-23,2016,21,18,Philadelphia Union,New York City,1477.519844728465,1410.625052230258,206.89479249820693,0.7669166771997037
1437,2016-04-24,2016,6,26,Colorado Rapids,Seattle Sounders,1491.0057144717337,1527.5747424024553,103.43097206927837,0.6446024014275105
1438,2016-04-24,2016,7,11,Columbus Crew,Houston Dynamo,1516.1179988014208,1431.3352588423897,224.782739959031,0.7848156024832718
1439,2016-04-24,2016,14,23,Los Angeles Galaxy,Real Salt Lake,1564.992186062574,1552.9709072185115,152.02127884406264,0.7058067947944726
1440,2016-04-24,2016,25,27,San Jose Earthquakes,Sporting Kansas City,1515.557857378294,1530.2075823174466,125.35027506084748,0.6729535695188964
1441,2016-04-24,2016,30,10,Vancouver Whitecaps,FC Dallas,1484.6967477476862,1625.5906453971143,-0.8938976494280269,0.4987135807120976
1442,2016-04-25,2016,19,20,New York Red Bulls,Orlando City,1508.3167457287784,1497.3308706619794,150.98587506679905,0.7045676681720255
1443,2016-04-28,2016,17,22,New England Revolution,Portland Timbers,1502.4185599869895,1581.853220856489,60.56533913050043,0.5862882572859054
1444,2016-04-28,2016,18,2,New York City,CF Montreal,1401.3017193182461,1553.0760945621305,-11.774375243884379,0.4830617958827773
1445,2016-04-28,2016,30,27,Vancouver Whitecaps,Sporting Kansas City,1504.7482045192023,1517.1257250982026,127.62247942099975,0.6758257390321649
1446,2016-04-30,2016,2,6,CF Montreal,Colorado Rapids,1552.3985663974415,1505.2216184146332,187.17694798280831,0.7460162559171476
1447,2016-04-30,2016,4,8,Chicago Fire,DC United,1362.9934237247273,1466.4078435105887,36.585580214138645,0.5524571357947455
1448,2016-04-30,2016,18,30,New York City,Vancouver Whitecaps,1401.979247482935,1497.7151749579157,44.2640725250194,0.5633586926927341
1449,2016-04-30,2016,19,10,New York Red Bulls,FC Dallas,1520.1340390018975,1605.5391886255982,54.59485037629929,0.5779279618824902
1450,2016-04-30,2016,21,25,Philadelphia Union,San Jose Earthquakes,1486.8431776404768,1528.6397145975382,98.20346304293867,0.6376790259946317
1451,2016-04-30,2016,26,7,Seattle Sounders,Columbus Crew,1513.3588384595557,1524.72537470209,128.63346375746573,0.6770994415045244
1452,2016-05-01,2016,17,20,New England Revolution,Orlando City,1498.9670296955533,1485.5135773888603,153.45345230669295,0.7075157515911941
1453,2016-05-01,2016,22,29,Portland Timbers,Toronto FC,1585.3047511479253,1529.3355080775602,195.9692430703651,0.7554861774616345
1454,2016-05-01,2016,23,11,Real Salt Lake,Houston Dynamo,1541.2031790102903,1422.7278829417205,258.47529606856983,0.8157633772003193
1455,2016-05-02,2016,27,14,Sporting Kansas City,Los Angeles Galaxy,1524.1587546594892,1576.7599142707952,87.398840388694,0.6231894836151474
1456,2016-05-07,2016,20,19,Orlando City,New York Red Bulls,1493.814207452508,1537.016920526598,96.79728692591016,0.6358067368423426
1457,2016-05-07,2016,30,22,Vancouver Whitecaps,Portland Timbers,1480.2495226656251,1595.0853040494599,25.16421861616527,0.5361510291143954
1458,2016-05-08,2016,6,23,Colorado Rapids,Real Salt Lake,1515.062268651319,1548.5726439222776,106.48962472904145,0.6486256490179972
1459,2016-05-08,2016,7,2,Columbus Crew,CF Montreal,1511.809352362271,1542.5579161607557,109.25143620151539,0.652240411749464
1460,2016-05-08,2016,11,27,Houston Dynamo,Sporting Kansas City,1415.3584180297332,1519.2311753148833,36.1272427148499,0.5518047054190887
1461,2016-05-08,2016,14,17,Los Angeles Galaxy,New England Revolution,1581.687493615401,1490.6663996319055,231.02109398349558,0.7908181904966568
1462,2016-05-08,2016,26,25,Seattle Sounders,San Jose Earthquakes,1526.2748607993747,1534.1468756373233,132.12798516205135,0.6814817769383275
1463,2016-05-08,2016,29,10,Toronto FC,FC Dallas,1519.5549551760257,1588.6563071008977,70.898648075128,0.6006383059706739
1464,2016-05-09,2016,8,18,DC United,New York City,1468.5061289423786,1419.4448997752256,189.061229167153,0.7480659734132854
1465,2016-05-12,2016,6,27,Colorado Rapids,Sporting Kansas City,1529.1172426905991,1501.303363531647,167.8138791589522,0.7243243590974888
1466,2016-05-12,2016,10,22,FC Dallas,Portland Timbers,1572.6818393397248,1576.5313452140356,136.1504941256892,0.6864867381963271
1467,2016-05-12,2016,21,14,Philadelphia Union,Los Angeles Galaxy,1481.3360166006917,1590.0547659955348,31.281250605156856,0.5448960909679815
1468,2016-05-12,2016,25,11,San Jose Earthquakes,Houston Dynamo,1521.4061467148565,1433.2862298129696,228.11991690188688,0.7880420925507835
1469,2016-05-12,2016,30,4,Vancouver Whitecaps,Chicago Fire,1498.8034815010494,1360.8951382929374,277.908343208112,0.8319861001187041
1470,2016-05-14,2016,2,21,CF Montreal,Philadelphia Union,1548.6475326307343,1479.5401729619723,209.107359668762,0.7691856629553285
1471,2016-05-14,2016,8,19,DC United,New York Red Bulls,1438.5834900058471,1542.4491900002915,36.13430000555559,0.5518147526291642
1472,2016-05-15,2016,7,6,Columbus Crew,Colorado Rapids,1505.7197358922924,1540.1442683266996,105.57546756559282,0.6474253773999261
1473,2016-05-15,2016,10,26,FC Dallas,Seattle Sounders,1585.2223698118717,1539.0155897218415,186.20678009003018,0.7449566294931848
1474,2016-05-15,2016,11,23,Houston Dynamo,Real Salt Lake,1424.807913515001,1534.5176698829976,30.290243632003467,0.543481057431234
1475,2016-05-15,2016,17,4,New England Revolution,Chicago Fire,1482.2991272517718,1354.1745822976857,268.1245449540861,0.8239655419397581
1476,2016-05-15,2016,27,20,Sporting Kansas City,Orlando City,1490.2763378955465,1488.3819379788144,141.89439991673203,0.6935587352143233
1477,2016-05-15,2016,29,30,Toronto FC,Vancouver Whitecaps,1535.5294229371987,1505.5240374963012,170.0053854408975,0.7268362274414979
1478,2016-05-16,2016,22,18,Portland Timbers,New York City,1563.9908147418887,1449.367538711757,254.6232760301316,0.8124074077690856
1479,2016-05-19,2016,19,4,New York Red Bulls,Chicago Fire,1524.5217801054582,1347.133203975276,317.3885761301822,0.8614081928601852
1480,2016-05-19,2016,29,18,Toronto FC,New York City,1506.4559738395387,1481.8638350225206,164.59213881701817,0.7206057907123042
1481,2016-05-21,2016,4,11,Chicago Fire,Houston Dynamo,1341.5895316896836,1443.0686712177517,38.52086047193188,0.5552099352594532
1482,2016-05-21,2016,18,19,New York City,New York Red Bulls,1490.6880666510128,1530.0654523910507,100.62261425996212,0.6408902858331454
1483,2016-05-21,2016,21,8,Philadelphia Union,DC United,1490.3075994801854,1456.5108999006807,173.79669957950478,0.7311478751464813
1484,2016-05-21,2016,29,7,Toronto FC,Columbus Crew,1497.6317422110465,1499.8227207962955,137.809021414751,0.6885378557367657
1485,2016-05-22,2016,17,10,New England Revolution,FC Dallas,1489.3405055741814,1595.4241046321442,33.91640094203717,0.5486551691764225
1486,2016-05-22,2016,20,2,Orlando City,CF Montreal,1476.1242873873873,1537.8801061125212,78.24418127486615,0.6107366425980316
1487,2016-05-22,2016,22,30,Portland Timbers,Vancouver Whitecaps,1531.4945184311252,1534.597486593961,136.89703183716415,0.6874108977124214
1488,2016-05-22,2016,26,6,Seattle Sounders,Colorado Rapids,1528.813854901569,1546.0412834226966,122.77257147887235,0.6696794751855885
1489,2016-05-22,2016,27,23,Sporting Kansas City,Real Salt Lake,1502.5339884869736,1516.256912180247,126.27707630672671,0.6741266700798159
1490,2016-05-23,2016,14,25,Los Angeles Galaxy,San Jose Earthquakes,1591.8506096342542,1529.884463012825,201.96614662142906,0.7618067501160416
1491,2016-05-26,2016,20,21,Orlando City,Philadelphia Union,1491.694821683466,1501.0616844743263,130.6331372091397,0.6796110202135409
1492,2016-05-28,2016,27,8,Sporting Kansas City,DC United,1475.568921683781,1445.7568149065398,169.81210677724107,0.7266152698869857
1493,2016-05-28,2016,30,11,Vancouver Whitecaps,Houston Dynamo,1522.0939225024579,1425.2770686281299,236.816853874328,0.796283733098279
1494,2016-05-29,2016,2,14,CF Montreal,Los Angeles Galaxy,1522.3095718164425,1581.3783396296126,80.9312321868299,0.6144075818591515
1495,2016-05-29,2016,4,22,Chicago Fire,Portland Timbers,1359.3811342793053,1543.9980825226285,-44.61694824332312,0.4361416971593745
1496,2016-05-29,2016,6,21,Colorado Rapids,Philadelphia Union,1572.82846243012,1508.246125282868,204.58233714725202,0.764528712896372
1497,2016-05-29,2016,7,23,Columbus Crew,Real Salt Lake,1507.364235025766,1543.2219789834396,104.14225604232638,0.6455398500274937
1498,2016-05-29,2016,17,26,New England Revolution,Seattle Sounders,1467.3942988071244,1502.0266758941455,105.36762291297896,0.6471522206856193
1499,2016-05-29,2016,18,20,New York City,Orlando City,1465.052455217687,1484.5103808749243,120.54207434276282,0.6668330410272293
1500,2016-05-29,2016,19,29,New York Red Bulls,Toronto FC,1555.7010638243764,1490.090227981576,205.6108358428005,0.765592881147175
1501,2016-05-29,2016,25,10,San Jose Earthquakes,FC Dallas,1540.3567330174667,1617.3703113992012,62.98642161826547,0.5896645908241137
1502,2016-06-02,2016,8,26,DC United,Seattle Sounders,1474.8214257020193,1487.9127647215703,126.90866098044899,0.6749248527187366
1503,2016-06-02,2016,21,7,Philadelphia Union,Columbus Crew,1518.827273798723,1521.5426410246662,137.28463277405672,0.6878901332525462
1504,2016-06-02,2016,22,25,Portland Timbers,San Jose Earthquakes,1541.4437504090035,1536.7701493845022,144.6736010245013,0.6969483797777682
1505,2016-06-03,2016,10,11,FC Dallas,Houston Dynamo,1620.9568950321657,1437.128417952061,323.8284770801047,0.865774883416599
1506,2016-06-03,2016,14,27,Los Angeles Galaxy,Sporting Kansas City,1565.9546429039785,1446.5043108883015,259.4503320156771,0.8166054435925969
1507,2016-06-03,2016,18,23,New York City,Real Salt Lake,1458.379133576598,1529.0435729845394,69.33556059205853,0.5984780315350839
1508,2016-06-18,2016,18,21,New York City,Philadelphia Union,1434.4400123151945,1531.311668468621,43.12834384657344,0.5617498318056949
1509,2016-06-19,2016,6,4,Colorado Rapids,Chicago Fire,1562.247313914265,1361.9354663929303,340.3118475213348,0.8764238729570738
1510,2016-06-19,2016,7,2,Columbus Crew,CF Montreal,1509.058246354768,1537.7332685420765,111.32497781269149,0.6549428865068103
1511,2016-06-19,2016,11,8,Houston Dynamo,DC United,1451.759413288725,1447.8244315932698,143.93498169545524,0.6960495928210966
1512,2016-06-19,2016,20,25,Orlando City,San Jose Earthquakes,1491.1837025160135,1524.648084575613,106.53561794040047,0.6486859877965703
1513,2016-06-19,2016,23,22,Real Salt Lake,Portland Timbers,1552.9826942459429,1553.5658152178928,139.41687902805006,0.6905192736553242
1514,2016-06-19,2016,27,10,Sporting Kansas City,FC Dallas,1459.1685286320053,1606.3258996955017,-7.1573710634963845,0.4897011718955573
1515,2016-06-19,2016,29,14,Toronto FC,Los Angeles Galaxy,1480.713943227463,1553.2904251602747,67.4235180671883,0.59583027913055
1516,2016-06-19,2016,30,17,Vancouver Whitecaps,New England Revolution,1510.2425731785268,1481.5082099796996,168.73436319882717,0.725381143799939
1517,2016-06-20,2016,19,26,New York Red Bulls,Seattle Sounders,1565.0773485784894,1514.9097588303198,190.16758974816958,0.7492643465624155
1518,2016-06-23,2016,14,6,Los Angeles Galaxy,Colorado Rapids,1537.1236363254968,1567.190358995982,109.9332773295148,0.6531301570823034
1519,2016-06-23,2016,21,4,Philadelphia Union,Chicago Fire,1513.781661740849,1356.9924213112133,296.7892404296356,0.8466359393030184
1520,2016-06-23,2016,23,19,Real Salt Lake,New York Red Bulls,1545.3619232997298,1575.1067747159927,110.25514858373708,0.653549800913262
1521,2016-06-25,2016,26,18,Seattle Sounders,New York City,1504.8803326928164,1451.9700190429667,192.91031364984974,0.752218779654585
1522,2016-06-26,2016,2,27,CF Montreal,Sporting Kansas City,1543.9309840023489,1479.580481756183,204.3505022461659,0.7642883764960505
1523,2016-06-26,2016,7,19,Columbus Crew,New York Red Bulls,1502.8605308944957,1561.2487667525231,81.61176414197257,0.61533525314842
1524,2016-06-26,2016,8,17,DC United,New England Revolution,1455.6664153061135,1510.5234557316971,85.14295957441641,0.6201352364846082
1525,2016-06-26,2016,10,23,FC Dallas,Real Salt Lake,1585.913946571324,1559.2199312631994,166.69401530812456,0.7230352805318012
1526,2016-06-26,2016,20,29,Orlando City,Toronto FC,1485.2362630041507,1496.880732062241,128.35553094190982,0.676749544878042
1527,2016-06-26,2016,21,30,Philadelphia Union,Vancouver Whitecaps,1519.9162241687281,1481.2273274265292,178.68889674219895,0.736647485712842
1528,2016-06-26,2016,22,11,Portland Timbers,Houston Dynamo,1561.1865861641058,1443.9174295758812,257.26915658822463,0.8147175863628128
1529,2016-06-26,2016,25,14,San Jose Earthquakes,Los Angeles Galaxy,1530.5955240874757,1530.9984300422047,139.59709404527098,0.690740924923782
1530,2016-07-02,2016,2,17,CF Montreal,New England Revolution,1533.3594489425068,1495.3288651910814,178.0305837514254,0.7359116609021081
1531,2016-07-02,2016,4,25,Chicago Fire,San Jose Earthquakes,1350.857858883334,1522.9658870905243,-32.10802820719027,0.4539239279327427
1532,2016-07-02,2016,23,8,Real Salt Lake,DC United,1548.1413424844716,1470.8610058467293,217.28033663774227,0.7774324590223729
1533,2016-07-03,2016,11,21,Houston Dynamo,Philadelphia Union,1436.5061330303938,1490.4503247402145,86.05580829017936,0.6213723081218098
1534,2016-07-03,2016,18,19,New York City,New York Red Bulls,1482.05877022915,1565.8621768784599,56.19659335069014,0.5801754313483881
1535,2016-07-03,2016,29,26,Toronto FC,Seattle Sounders,1483.9507138573626,1474.791581506633,149.15913235072958,0.7023741307847644
1536,2016-07-04,2016,27,7,Sporting Kansas City,Columbus Crew,1490.152016816025,1498.247120768559,131.90489604746608,0.6812029570318493
1537,2016-07-05,2016,6,22,Colorado Rapids,Portland Timbers,1573.315565279274,1568.5978827095933,144.71768256968085,0.6970019727722233
1538,2016-07-05,2016,10,20,FC Dallas,Orlando City,1596.9925353500519,1498.166281209029,238.8262541410229,0.7981536617811297
1539,2016-07-05,2016,14,30,Los Angeles Galaxy,Vancouver Whitecaps,1538.6280670391561,1510.693226855043,167.93484018411323,0.7244633750985633
1540,2016-07-07,2016,17,18,New England Revolution,New York City,1484.7653316271658,1498.8517529752146,125.91357865195118,0.6736668311400076
1541,2016-07-09,2016,20,11,Orlando City,Houston Dynamo,1490.092427680274,1451.6512407055213,178.44118697475278,0.7363707644635286
1542,2016-07-09,2016,25,10,San Jose Earthquakes,FC Dallas,1501.122844207834,1605.0663888788067,36.05645532902736,0.5517039256345173
1543,2016-07-09,2016,26,14,Seattle Sounders,Los Angeles Galaxy,1482.8865467380238,1549.6495320352135,73.23701470281026,0.6038627382490046
1544,2016-07-10,2016,17,7,New England Revolution,Columbus Crew,1457.8186583815655,1485.495239049833,112.32341933173257,0.656240618371087
1545,2016-07-10,2016,19,22,New York Red Bulls,Portland Timbers,1549.0691941323953,1576.4779616204821,112.59123251191318,0.6565883151197315
1546,2016-07-10,2016,21,8,Philadelphia Union,DC United,1475.305217065087,1481.9583042076242,133.3469128574627,0.6830029117761819
1547,2016-07-10,2016,23,2,Real Salt Lake,CF Montreal,1537.0440441235767,1543.9229825064224,133.12106161715428,0.6827213593428028
1548,2016-07-10,2016,29,4,Toronto FC,Chicago Fire,1475.855748625972,1372.7009017660243,243.1548468599476,0.8021381538375746
1549,2016-07-10,2016,30,6,Vancouver Whitecaps,Colorado Rapids,1499.6717618589855,1565.4354863683852,74.23627549060029,0.6052379129875625
1550,2016-07-11,2016,27,18,Sporting Kansas City,New York City,1502.903898534751,1525.798426220815,117.10547231393616,0.6624235802666845
1551,2016-07-14,2016,4,27,Chicago Fire,Sporting Kansas City,1364.7864279195273,1516.4069553240838,-11.62052740455647,0.48328294993756615
1552,2016-07-14,2016,7,29,Columbus Crew,Toronto FC,1471.7448637846765,1483.770222472469,127.9746413122075,0.6762697118623471
1553,2016-07-14,2016,19,20,New York Red Bulls,Orlando City,1542.805661527606,1480.637597101733,202.1680644258729,0.7620175995268031
1554,2016-07-14,2016,22,2,Portland Timbers,CF Montreal,1582.7414942252715,1551.2318368801346,171.50965734513693,0.7285521069148811
1555,2016-07-14,2016,26,10,Seattle Sounders,FC Dallas,1458.7320372080635,1627.1345459041875,-28.40250869612396,0.45921631490829806
1556,2016-07-14,2016,30,23,Vancouver Whitecaps,Real Salt Lake,1495.462245339483,1529.7351897498645,105.72705558961843,0.6476245389344538
1557,2016-07-16,2016,14,11,Los Angeles Galaxy,Houston Dynamo,1573.8040415651737,1461.1060712840624,252.69797028111134,0.8107124971045485
1558,2016-07-17,2016,2,18,CF Montreal,New York City,1560.3739211567297,1512.2953694314822,188.0785517252475,0.7469983892982962
1559,2016-07-17,2016,6,27,Colorado Rapids,Sporting Kansas City,1569.6450028878878,1495.7382733215863,213.90672956630146,0.7740540893792794
1560,2016-07-17,2016,7,8,Columbus Crew,DC United,1464.6940753101826,1469.2784206786714,135.4156546315112,0.685575612412512
1561,2016-07-17,2016,10,4,FC Dallas,Chicago Fire,1605.5031985005194,1385.4551099220248,360.04808857849457,0.8882117191043528
1562,2016-07-17,2016,22,26,Portland Timbers,Seattle Sounders,1573.5994099486763,1480.3633846117316,233.23602533694475,0.7929195642081219
1563,2016-07-17,2016,23,17,Real Salt Lake,New England Revolution,1515.6401713072426,1471.569033646722,184.07113766052066,0.7426138381921586
1564,2016-07-17,2016,25,29,San Jose Earthquakes,Toronto FC,1479.0546871824533,1490.8210109469628,128.23367623549052,0.6765960764826243
1565,2016-07-17,2016,30,20,Vancouver Whitecaps,Orlando City,1509.5572637821049,1471.1183010828051,178.43896269929974,0.736368278838068
1566,2016-07-18,2016,21,19,Philadelphia Union,New York Red Bulls,1487.9851005940397,1552.3249575465338,75.66014304750593,0.607194548688585
1567,2016-07-23,2016,22,14,Portland Timbers,Los Angeles Galaxy,1581.8826273803516,1581.3755416809918,140.50708569935978,0.6918588071213242
1568,2016-07-23,2016,23,25,Real Salt Lake,San Jose Earthquakes,1505.9356177795562,1491.9908441231485,153.94477365640773,0.7081006828384881
1569,2016-07-24,2016,2,21,CF Montreal,Philadelphia Union,1530.4939855847979,1483.6973186464963,186.79666693830154,0.7456012556605315
1570,2016-07-24,2016,6,10,Colorado Rapids,FC Dallas,1578.6828393127166,1609.9747297363454,108.70810957637127,0.6515306542546293
1571,2016-07-24,2016,7,20,Columbus Crew,Orlando City,1457.2710508136822,1480.573032236328,116.69801857735433,0.661898884969947
1572,2016-07-24,2016,11,30,Houston Dynamo,Vancouver Whitecaps,1453.5345711682444,1500.1025326285821,93.43203853966224,0.6313093494063502
1573,2016-07-24,2016,17,4,New England Revolution,Chicago Fire,1481.2735871744082,1380.9835786861988,240.29000848820942,0.7995077252662054
1574,2016-07-24,2016,19,18,New York Red Bulls,New York City,1556.6127394940772,1542.175305003414,154.43743449066324,0.7086865178251048
1575,2016-07-24,2016,27,26,Sporting Kansas City,Seattle Sounders,1486.7004368967575,1472.0801671800564,154.62026971670116,0.7089037553809806
1576,2016-07-24,2016,29,8,Toronto FC,DC United,1477.8848540062677,1476.7014451751718,141.1834088310959,0.6926881848110467
1577,2016-07-30,2016,18,6,New York City,Colorado Rapids,1530.5227657164182,1572.6216131425315,97.90115257388675,0.6372768571256343
1578,2016-07-31,2016,8,2,DC United,CF Montreal,1464.4089725676135,1540.6699353583767,63.73903720923681,0.5907124516365405
1579,2016-07-31,2016,10,30,FC Dallas,Vancouver Whitecaps,1616.0359559065305,1505.354906604836,250.68104930169443,0.8089243714529348
1580,2016-07-31,2016,26,14,Seattle Sounders,Los Angeles Galaxy,1460.4363173952956,1609.0498939658448,-8.613576570549185,0.4876066059101897
1581,2016-07-31,2016,27,22,Sporting Kansas City,Portland Timbers,1498.3442866815183,1554.2082750954985,84.13601158601978,0.618768831403506
1582,2016-08-01,2016,4,19,Chicago Fire,New York Red Bulls,1372.963887696847,1568.265278781073,-55.301391084226,0.4210802590208747
1583,2016-08-01,2016,11,25,Houston Dynamo,San Jose Earthquakes,1448.2821971919905,1500.314871436688,87.96732575530245,0.6239576276947688
1584,2016-08-01,2016,20,17,Orlando City,New England Revolution,1487.0489876351257,1489.29327816376,137.75570947136566,0.6884720386842986
1585,2016-08-01,2016,21,23,Philadelphia Union,Real Salt Lake,1473.5213688729175,1497.6115904660167,115.90977840690084,0.6608827043145763
1586,2016-08-01,2016,29,7,Toronto FC,Columbus Crew,1490.177326613826,1450.7950954148844,179.38223119894155,0.7374210298327659
1587,2016-08-04,2016,29,23,Toronto FC,Real Salt Lake,1500.6804854205152,1524.0468986385997,116.63358678191548,0.6618158769111432
1588,2016-08-06,2016,25,18,San Jose Earthquakes,New York City,1505.2731765444787,1545.0316914313928,100.2414851130859,0.6403851911554784
1589,2016-08-07,2016,2,11,CF Montreal,Houston Dynamo,1544.2984334238383,1443.3238920841998,240.97454133963856,0.8001386208451544
1590,2016-08-07,2016,6,30,Colorado Rapids,Vancouver Whitecaps,1558.112687427557,1497.7118814629534,200.40080596460348,0.7601678154703081
1591,2016-08-07,2016,8,21,DC United,Philadelphia Union,1460.780474502152,1447.0860607003344,153.69441380181752,0.7078027086300656
1592,2016-08-07,2016,22,27,Portland Timbers,Sporting Kansas City,1538.9590283516388,1513.593533425378,165.3654949262609,0.7215012036025431
1593,2016-08-07,2016,23,4,Real Salt Lake,Chicago Fire,1510.5195337150453,1376.120677336012,274.3988563790333,0.8291431562100208
1594,2016-08-07,2016,29,17,Toronto FC,New England Revolution,1514.2078503440694,1476.8321597111321,177.37569063293722,0.735178352040008
1595,2016-08-08,2016,14,19,Los Angeles Galaxy,New York Red Bulls,1608.5541582022524,1565.108489141908,183.44566906034447,0.7419250455401128
1596,2016-08-08,2016,20,26,Orlando City,Seattle Sounders,1499.5101060877537,1460.932053158888,178.57805292886565,0.7365236830736213
1597,2016-08-13,2016,30,25,Vancouver Whitecaps,San Jose Earthquakes,1488.1185940817659,1499.6577688982595,128.46082518350636,0.6768821257582646
1598,2016-08-14,2016,4,20,Chicago Fire,Orlando City,1369.286403584413,1470.049158764809,39.23724481960403,0.5562280919271718
1599,2016-08-14,2016,7,18,Columbus Crew,New York City,1440.291936608195,1550.647099077612,29.644837530583118,0.5425591195883813
1600,2016-08-14,2016,8,22,DC United,Portland Timbers,1452.4683661569493,1550.0989802075371,42.36938594941216,0.5606739739067936
1601,2016-08-14,2016,10,27,FC Dallas,Sporting Kansas City,1623.678981048413,1502.4535815694796,261.22539947893347,0.8181307699798124
1602,2016-08-14,2016,14,6,Los Angeles Galaxy,Colorado Rapids,1598.8771563806479,1567.7059748087445,171.1711815719034,0.7281666075348043
1603,2016-08-14,2016,17,21,New England Revolution,Philadelphia Union,1466.2392937927325,1455.398169045537,150.8411247471954,0.7043941959384765
1604,2016-08-14,2016,19,2,New York Red Bulls,CF Montreal,1574.7854909635125,1552.2928885900321,162.4926023734804,0.718166023256514
1605,2016-08-15,2016,11,29,Houston Dynamo,Toronto FC,1435.329436918006,1524.800716262469,50.52872065553697,0.5722083015460241
1606,2016-08-15,2016,26,23,Seattle Sounders,Real Salt Lake,1490.3930004818328,1517.3538074666444,113.0391930151884,0.6571695184184952
1607,2016-08-20,2016,18,14,New York City,Los Angeles Galaxy,1552.3494638611473,1589.7504920792558,102.59897178189158,0.6435044436781461
1608,2016-08-20,2016,25,11,San Jose Earthquakes,Houston Dynamo,1526.7330539285902,1432.441104856165,234.29194907242504,0.7939158468287864
1609,2016-08-21,2016,2,4,CF Montreal,Chicago Fire,1541.0195295202927,1367.0372799073261,313.9822496129666,0.8590506306735773
1610,2016-08-21,2016,6,20,Colorado Rapids,Orlando City,1576.8326391101366,1472.2982824418957,244.5343566682409,0.8033954821237883
1611,2016-08-21,2016,8,19,DC United,New York Red Bulls,1470.0414072006774,1586.058850033252,23.98255716742551,0.5344589617870553
1612,2016-08-21,2016,17,7,New England Revolution,Columbus Crew,1438.0635259551934,1438.5895718246597,139.47395413053368,0.6905894813353146
1613,2016-08-21,2016,21,29,Philadelphia Union,Toronto FC,1483.5739368830762,1527.6890483243099,95.8848885587663,0.6345896933007285
1614,2016-08-21,2016,23,10,Real Salt Lake,FC Dallas,1503.6405882033841,1610.9537502492205,32.68683795416359,0.5469018450829698
1615,2016-08-21,2016,27,30,Sporting Kansas City,Vancouver Whitecaps,1515.1788123686722,1461.0433090514352,194.13550331723695,0.7535309733047524
1616,2016-08-22,2016,26,22,Seattle Sounders,Portland Timbers,1504.106219745093,1532.525939163809,111.58028058128411,0.6552749389469725
1617,2016-08-25,2016,2,8,CF Montreal,DC United,1506.6575042933496,1468.6630487291952,177.99445556415435,0.7358712407368099
1618,2016-08-25,2016,4,14,Chicago Fire,Los Angeles Galaxy,1401.3993051342693,1575.4906698263817,-34.09136469211239,0.4510954342940834
1619,2016-08-25,2016,7,21,Columbus Crew,Philadelphia Union,1466.2131510780723,1458.190349151047,148.02280192702528,0.701004910715241
1620,2016-08-25,2016,11,26,Houston Dynamo,Seattle Sounders,1464.1977387293166,1517.8952221872141,86.30251654210247,0.6217063713832155
1621,2016-08-25,2016,20,29,Orlando City,Toronto FC,1484.4341017268473,1553.072636056339,71.36146567050832,0.6012771992309358
1622,2016-08-25,2016,25,17,San Jose Earthquakes,New England Revolution,1494.9764200554387,1410.4399467017809,224.5364733536578,0.7845760972858351
1623,2016-08-27,2016,23,6,Real Salt Lake,Colorado Rapids,1521.7645144000653,1564.696819825185,97.0676945748803,0.6361670995296845
1624,2016-08-28,2016,7,25,Columbus Crew,San Jose Earthquakes,1438.1729546494628,1483.5933761640053,94.57957848545743,0.6328455563861861
1625,2016-08-28,2016,8,4,DC United,Chicago Fire,1478.0978983586676,1403.355487762506,214.74241059616156,0.7748943210012201
1626,2016-08-28,2016,11,10,Houston Dynamo,FC Dallas,1459.329483873988,1592.8298240525394,6.499659821448631,0.5093526713533673
1627,2016-08-28,2016,14,30,Los Angeles Galaxy,Vancouver Whitecaps,1573.534487198145,1451.1845479836254,262.3499392145195,0.8190919782253087
1628,2016-08-28,2016,19,17,New York Red Bulls,New England Revolution,1587.4372085047341,1421.8229905932142,305.61421791152,0.8531165622202673
1629,2016-08-28,2016,21,27,Philadelphia Union,Sporting Kansas City,1486.2305455796566,1525.037573436482,101.19297214317453,0.641645574120373
1630,2016-08-28,2016,22,26,Portland Timbers,Seattle Sounders,1518.736936721688,1522.7634770425427,135.9734596791452,0.6862673647540801
1631,2016-08-28,2016,29,2,Toronto FC,CF Montreal,1577.1237240255764,1497.2226546638772,219.90106936169923,0.7800319051766044
1632,2016-08-29,2016,20,18,Orlando City,New York City,1460.38301375761,1566.6092861140214,33.77372764358847,0.548451781948201
1633,2016-09-02,2016,18,8,New York City,DC United,1548.5473573919494,1487.1021255186188,201.4452318733306,0.7612622006045036
1634,2016-09-04,2016,4,21,Chicago Fire,Philadelphia Union,1394.351260602555,1500.5647226148417,33.786537987713245,0.5484700443345595
1635,2016-09-04,2016,10,22,FC Dallas,Portland Timbers,1613.203930906674,1531.2862421315247,221.91768877514937,0.7820172563423221
1636,2016-09-04,2016,14,7,Los Angeles Galaxy,Columbus Crew,1560.7708080691325,1452.8591323940154,247.91167567511707,0.8064481737017937
1637,2016-09-04,2016,17,6,New England Revolution,Colorado Rapids,1415.9476530820248,1550.1435038063723,5.804149275652435,0.5083520652997225
1638,2016-09-08,2016,2,20,CF Montreal,Orlando City,1528.4239308709414,1478.444942479682,189.97898839125946,0.7490603282396376
1639,2016-09-08,2016,23,14,Real Salt Lake,Los Angeles Galaxy,1536.317830418878,1568.5128811210607,107.8049492978173,0.6503493513900473
1640,2016-09-10,2016,7,30,Columbus Crew,Vancouver Whitecaps,1445.1170593420873,1463.9482271126378,121.16883222944944,0.6676341152153376
1641,2016-09-10,2016,27,11,Sporting Kansas City,Houston Dynamo,1510.703396401297,1438.9553770198534,211.74801938144356,0.7718733600847141
1642,2016-09-11,2016,4,29,Chicago Fire,Toronto FC,1412.4124588291725,1545.9224478185122,6.490011010660282,0.5093387904497158
1643,2016-09-11,2016,10,6,FC Dallas,Colorado Rapids,1621.9232406529811,1530.4775864183612,231.44565423461995,0.7912221955653356
1644,2016-09-11,2016,17,18,New England Revolution,New York City,1435.613570470036,1558.0968693677692,17.51670110226678,0.525187221874142
1645,2016-09-11,2016,19,8,New York Red Bulls,DC United,1593.3125460159235,1477.552613542799,255.75993247312454,0.8134025521267735
1646,2016-09-11,2016,21,2,Philadelphia Union,CF Montreal,1482.5035243882242,1498.461517741356,124.04200664686823,0.671293940363258
1647,2016-09-11,2016,22,23,Portland Timbers,Real Salt Lake,1522.5669323852176,1530.303856363276,132.26307602194152,0.6816505522372907
1648,2016-09-11,2016,25,26,San Jose Earthquakes,Seattle Sounders,1468.9071984194527,1510.214171632706,98.69302678674671,0.6383298923031782
1649,2016-09-12,2016,14,20,Los Angeles Galaxy,Orlando City,1574.5268551766626,1508.4073556092674,206.11949956739522,0.7661179511711486
1650,2016-09-17,2016,4,8,Chicago Fire,DC United,1392.0389072111839,1490.08871562787,41.95019158331388,0.5600795013059241
1651,2016-09-17,2016,22,21,Portland Timbers,Philadelphia Union,1535.300910295726,1475.651766773694,199.6491435220321,0.7593780757479462
1652,2016-09-17,2016,26,30,Seattle Sounders,Vancouver Whitecaps,1515.747367324833,1490.6535917212514,165.09377560358166,0.7211868003674474
1653,2016-09-18,2016,2,17,CF Montreal,New England Revolution,1505.3132753558862,1454.6060815950702,190.70719376081593,0.7498474499296796
1654,2016-09-18,2016,6,25,Colorado Rapids,San Jose Earthquakes,1562.1264742409746,1463.3740027273257,238.75247151364897,0.7980852277390487
1655,2016-09-18,2016,18,10,New York City,FC Dallas,1539.1043582427349,1590.2743528303677,88.8300054123672,0.6251220995261187
1656,2016-09-18,2016,20,7,Orlando City,Columbus Crew,1499.0520736561134,1418.4116947334737,220.64037892263968,0.7807612554630982
1657,2016-09-18,2016,23,11,Real Salt Lake,Houston Dynamo,1517.5698784527676,1449.830311423242,207.7395670295257,0.7677848210473555
1658,2016-09-18,2016,27,14,Sporting Kansas City,Los Angeles Galaxy,1499.8284619979083,1583.8821371298166,55.94632486809178,0.5798244862885739
1659,2016-09-18,2016,29,19,Toronto FC,New York Red Bulls,1566.2959994365008,1580.7764439308526,125.51955550564821,0.6731679986476682
1660,2016-09-24,2016,18,4,New York City,Chicago Fire,1534.0994742616901,1389.6357271589468,284.46374710274335,0.8371951507884042
1661,2016-09-24,2016,29,21,Toronto FC,Philadelphia Union,1559.369279490594,1466.0268898036118,233.3423896869822,0.7930200818044425
1662,2016-09-25,2016,8,20,DC United,Orlando City,1492.491895680107,1467.8216234375896,164.6702722425175,0.7206963357416539
1663,2016-09-25,2016,11,22,Houston Dynamo,Portland Timbers,1480.541704265136,1544.9257872658081,75.61591699932796,0.6071338259916618
1664,2016-09-25,2016,14,26,Los Angeles Galaxy,Seattle Sounders,1587.0751165813595,1526.8998953101352,200.17522127122425,0.759930989701763
1665,2016-09-25,2016,19,2,New York Red Bulls,CF Montreal,1587.7031638767594,1475.319377358699,252.38378651806033,0.8104347994278565
1666,2016-09-25,2016,23,10,Real Salt Lake,FC Dallas,1486.8584856108735,1595.2792368114124,31.579248799461084,0.5453214542864272
1667,2016-09-25,2016,25,27,San Jose Earthquakes,Sporting Kansas City,1475.2974118368877,1496.6354825463654,118.66192929052227,0.6644242078366472
1668,2016-09-25,2016,30,6,Vancouver Whitecaps,Colorado Rapids,1479.5010637359492,1550.2030651314126,69.29799860453659,0.5984260713089433
1669,2016-09-26,2016,7,17,Columbus Crew,New England Revolution,1449.6421449519976,1484.5999795922573,105.04216535974024,0.6467242997782933
1670,2016-09-29,2016,2,25,CF Montreal,San Jose Earthquakes,1467.7367693358133,1448.7204435234219,159.01632581239141,0.714098089898572
1671,2016-09-29,2016,8,7,DC United,Columbus Crew,1503.6640422504408,1463.7731729608658,179.890869289575,0.7379875794212506
1672,2016-09-29,2016,26,4,Seattle Sounders,Chicago Fire,1557.2971348982057,1383.123533190483,314.1736017077228,0.8591839518212497
1673,2016-09-29,2016,29,20,Toronto FC,Orlando City,1547.6484762184164,1456.6494768672558,230.9989993511606,0.7907971498488972
1674,2016-10-01,2016,11,18,Houston Dynamo,New York City,1496.2563512254696,1540.611668230154,95.64468299531563,0.6342689974597746
1675,2016-10-02,2016,6,22,Colorado Rapids,Portland Timbers,1554.1401079837703,1529.2111403054746,164.92896767829575,0.7209959970156102
1676,2016-10-02,2016,7,4,Columbus Crew,Chicago Fire,1453.292676137716,1377.490891263333,215.80178487438297,0.7759562739544139
1677,2016-10-02,2016,10,14,FC Dallas,Los Angeles Galaxy,1597.0920949828694,1556.677876993289,180.4142179895805,0.7385696909305752
1678,2016-10-02,2016,17,27,New England Revolution,Sporting Kansas City,1470.468951583389,1523.2124508598313,87.25650072355779,0.6229970554747541
1679,2016-10-02,2016,19,21,New York Red Bulls,Philadelphia Union,1595.2857718996452,1477.7476930757894,257.5380788238558,0.8149511536837958
1680,2016-10-02,2016,20,2,Orlando City,CF Montreal,1468.2813628612116,1479.1728457398704,129.10851712134127,0.6776970390403568
1681,2016-10-02,2016,25,23,San Jose Earthquakes,Real Salt Lake,1437.2843671193648,1485.0456274394164,92.23873967994837,0.629709056557326
1682,2016-10-02,2016,29,8,Toronto FC,DC United,1536.0165902244605,1514.1445390735907,161.87205115086977,0.7174424380753683
1683,2016-10-03,2016,30,26,Vancouver Whitecaps,Seattle Sounders,1475.5640208835914,1562.9297768253557,52.63424405823571,0.5751725666453223
1684,2016-10-09,2016,11,6,Houston Dynamo,Colorado Rapids,1470.8855913270786,1565.300268103146,45.58532322393262,0.5652286832866079
1685,2016-10-13,2016,26,11,Seattle Sounders,Houston Dynamo,1585.9366794911687,1448.2764439956143,277.6602354955544,0.831786360994561
1686,2016-10-14,2016,4,7,Chicago Fire,Columbus Crew,1368.5291422215096,1462.2544251795393,46.274717041970234,0.5662036621108215
1687,2016-10-14,2016,6,25,Colorado Rapids,San Jose Earthquakes,1587.9094154346103,1452.0960048570716,275.81341057753866,0.8302936184685054
1688,2016-10-16,2016,2,29,CF Montreal,Toronto FC,1506.2807273014846,1507.3188927014457,138.96183460003886,0.6899592124984054
1689,2016-10-16,2016,4,17,Chicago Fire,New England Revolution,1365.8809957370768,1485.549069364399,20.3319263726778,0.5292266386502068
1690,2016-10-16,2016,8,18,DC United,New York City,1542.8422365966055,1565.982428128545,116.85980846806046,0.6621072763837385
1691,2016-10-16,2016,10,26,FC Dallas,Seattle Sounders,1607.5493073456464,1572.6652250513862,174.88408229426022,0.732376523181925
1692,2016-10-16,2016,11,14,Houston Dynamo,Los Angeles Galaxy,1461.5478984353967,1546.220664630512,55.32723380488483,0.5789560046756449
1693,2016-10-16,2016,19,7,New York Red Bulls,Columbus Crew,1602.6877257522933,1464.9025716639721,277.7851540883212,0.8318869503810783
1694,2016-10-16,2016,21,20,Philadelphia Union,Orlando City,1470.3457392231412,1441.1734812995974,169.17225792354384,0.7258829951927375
1695,2016-10-16,2016,22,6,Portland Timbers,Colorado Rapids,1518.050980186099,1594.69767069587,63.35330949022887,0.5901755082341181
1696,2016-10-16,2016,23,27,Real Salt Lake,Sporting Kansas City,1470.2339897017096,1508.1323330788214,102.10165662288819,0.6428474348228078
1697,2016-10-16,2016,25,30,San Jose Earthquakes,Vancouver Whitecaps,1445.3077495958119,1452.5571182177785,132.7506313780334,0.6822592810809822
1698,2016-10-23,2016,6,11,Colorado Rapids,Houston Dynamo,1578.304691025235,1438.389658248371,279.9150327768639,0.8335946334544933
1699,2016-10-23,2016,14,10,Los Angeles Galaxy,FC Dallas,1569.3789048175377,1618.2542464183693,91.12465839916831,0.6282124228203502
1700,2016-10-23,2016,17,2,New England Revolution,CF Montreal,1466.7181349104073,1498.6823588015484,108.03577610885895,0.6506514412736325
1701,2016-10-23,2016,18,7,New York City,Columbus Crew,1552.4667191838946,1458.1780496792153,234.28866950467932,0.7939127580003817
1702,2016-10-23,2016,20,8,Orlando City,DC United,1470.208801107307,1556.357945541256,53.850855566050996,0.5768829284185891
1703,2016-10-23,2016,21,19,Philadelphia Union,New York Red Bulls,1441.3104194154316,1609.4122477370502,-28.10182832161854,0.45964618004073865
1704,2016-10-23,2016,26,23,Seattle Sounders,Real Salt Lake,1561.9602859786633,1464.5200923087973,237.44019366986595,0.7968651828249493
1705,2016-10-23,2016,27,25,Sporting Kansas City,San Jose Earthquakes,1513.8462304717336,1438.0173783525727,215.82885211916096,0.7759833603433085
1706,2016-10-23,2016,29,4,Toronto FC,Chicago Fire,1514.917261201382,1384.7119301910684,270.20533101031356,0.8256961658332973
1707,2016-10-23,2016,30,22,Vancouver Whitecaps,Portland Timbers,1459.8474894610176,1534.4439598567342,65.40352960428345,0.5930269748414322
1708,2016-10-27,2016,14,23,Los Angeles Galaxy,Real Salt Lake,1564.2504079047237,1456.3946996217953,247.8557082829284,0.806397880720453
1709,2016-10-27,2016,29,21,Toronto FC,Philadelphia Union,1521.8894145680501,1422.924572213802,238.96484235424805,0.7982821567330713
1710,2016-10-28,2016,8,2,DC United,CF Montreal,1539.4332626779994,1484.7084164524938,194.72484622550564,0.754160498940623
1711,2016-10-28,2016,26,27,Seattle Sounders,Sporting Kansas City,1570.0856786656652,1522.8068960580013,187.27878260766397,0.7461273120986606
1712,2016-10-30,2016,2,19,CF Montreal,New York Red Bulls,1514.8748364101186,1627.7980949386797,27.076741471438936,0.5388878657384943
1713,2016-10-30,2016,14,6,Los Angeles Galaxy,Colorado Rapids,1571.9944926759056,1564.9609056870552,147.0335869888504,0.6998100213888773
1714,2016-10-30,2016,29,18,Toronto FC,New York City,1529.9581282987274,1560.7102088638794,109.24791943484797,0.6522358199024877
1715,2016-10-31,2016,26,10,Seattle Sounders,FC Dallas,1580.2405861817188,1623.3827433311833,96.85784285053546,0.6358874508304849
1716,2016-11-06,2016,6,14,Colorado Rapids,Los Angeles Galaxy,1552.9533065426103,1584.0020918203504,108.95121472225992,0.6518483103017242
1717,2016-11-06,2016,18,29,New York City,Toronto FC,1546.799641659979,1543.8686955026278,142.93094615735117,0.6948254308997323
1718,2016-11-06,2016,19,2,New York Red Bulls,CF Montreal,1609.3536095682196,1533.3193217805788,216.03428778764078,0.7761888653771625
1719,2016-11-07,2016,10,26,FC Dallas,Seattle Sounders,1608.8182413644026,1594.8050881484994,154.01315321590323,0.7081820360139796
1720,2016-11-23,2016,2,29,CF Montreal,Toronto FC,1564.3668763956653,1571.661712738617,132.70516365704816,0.6822025394356209
1721,2016-11-23,2016,26,6,Seattle Sounders,Colorado Rapids,1583.1323695890585,1566.8793741305415,156.25299545851703,0.7108394540704518
1722,2016-11-27,2016,6,26,Colorado Rapids,Seattle Sounders,1555.3129522933596,1594.6987914262404,100.61416086711915,0.6408790862832543
1723,2016-12-01,2016,29,2,Toronto FC,CF Montreal,1558.949814316042,1577.0787748182404,121.87103949780158,0.6685304726026787
1724,2016-12-11,2016,29,26,Toronto FC,Seattle Sounders,1572.2085954119348,1620.3339548775705,91.87464053436429,0.6292202057787182
1725,2017-03-04,2017,6,17,Colorado Rapids,New England Revolution,1529.6777888420295,1480.692077259462,188.98571158256755,0.7479840369251372
1726,2017-03-04,2017,7,4,Columbus Crew,Chicago Fire,1449.9345599992305,1377.7397768244002,212.19478317483026,0.7723258948326419
1727,2017-03-04,2017,14,10,Los Angeles Galaxy,FC Dallas,1570.0760242324193,1620.4909599238435,89.58506430857574,0.6261401150769081
1728,2017-03-04,2017,22,15,Portland Timbers,Minnesota United,1518.1650388503915,1500.0,158.1650388503915,0.7130965652918206
1729,2017-03-04,2017,23,29,Real Salt Lake,Toronto FC,1448.6506148506135,1567.039787180786,21.61082766982736,0.5310604341639107
1730,2017-03-05,2017,8,27,DC United,Sporting Kansas City,1509.2668427203746,1512.6519885419477,136.61485417842687,0.6870617568327905
1731,2017-03-05,2017,11,26,Houston Dynamo,Seattle Sounders,1451.7334435865507,1625.5027631087191,-33.769319522168416,0.4515545022860354
1732,2017-03-05,2017,20,18,Orlando City,New York City,1487.1334839705635,1519.0066244239897,108.12685954657377,0.6507706116057697
1733,2017-03-05,2017,25,2,San Jose Earthquakes,CF Montreal,1429.056712766305,1563.8199937223476,5.236719043957464,0.5075356738616276
1734,2017-03-06,2017,0,19,Atlanta Utd,New York Red Bulls,1500.0,1578.306054953133,61.69394504686693,0.5878631904988849
1735,2017-03-06,2017,30,21,Vancouver Whitecaps,Philadelphia Union,1476.1264104673603,1414.8558584831248,201.27055198423545,0.7610794039981109
1736,2017-03-11,2017,4,23,Chicago Fire,Real Salt Lake,1388.632812617706,1447.408197484057,81.22461513364897,0.6148076109800168
1737,2017-03-11,2017,19,6,New York Red Bulls,Colorado Rapids,1601.8205825730884,1539.758427365024,202.06215520806427,0.7619070215427713
1738,2017-03-11,2017,21,29,Philadelphia Union,Toronto FC,1425.2990346430493,1568.2822045473426,-2.9831699042933906,0.49570697890399323
1739,2017-03-12,2017,2,26,CF Montreal,Seattle Sounders,1544.1214206768127,1603.5649432001605,80.55647747665216,0.6138963771082689
1740,2017-03-12,2017,11,7,Houston Dynamo,Columbus Crew,1473.6712634951093,1439.0415242059248,174.6297392891845,0.7320894571380495
1741,2017-03-12,2017,14,22,Los Angeles Galaxy,Portland Timbers,1545.030419629343,1529.6411762387188,155.3892433906242,0.7098163731539842
1742,2017-03-12,2017,15,0,Minnesota United,Atlanta Utd,1488.523862611673,1476.4854723800447,152.03839023162823,0.7058272474919154
1743,2017-03-12,2017,18,8,New York City,DC United,1505.0374488882205,1501.7843724470629,143.25307644115765,0.6952184867855928
1744,2017-03-12,2017,25,30,San Jose Earthquakes,Vancouver Whitecaps,1448.75528581184,1465.683234307436,123.07205150440404,0.670060715640696
1745,2017-03-12,2017,27,10,Sporting Kansas City,FC Dallas,1520.1344588152594,1645.5365645269198,14.597894288339603,0.5209957051132964
1746,2017-03-18,2017,0,4,Atlanta Utd,Chicago Fire,1504.7185622797213,1404.0405081785052,240.67805410121605,0.7998655481760515
1747,2017-03-18,2017,8,7,DC United,Columbus Crew,1489.5931119184866,1428.3251024914468,201.26800942703971,0.7610767425889524
1748,2017-03-18,2017,18,2,New York City,CF Montreal,1517.2287094167968,1539.565565592482,117.66314382431483,0.6631410693224234
1749,2017-03-18,2017,20,21,Orlando City,Philadelphia Union,1501.1026595063327,1425.4707554868896,215.63190401944303,0.7757862197587877
1750,2017-03-18,2017,30,29,Vancouver Whitecaps,Toronto FC,1452.4856629330638,1568.1104837035023,24.37517922956158,0.5350212626172061
1751,2017-03-19,2017,6,15,Colorado Rapids,Minnesota United,1530.234708226735,1460.2907727119964,209.94393551473854,0.770039532496141
1752,2017-03-19,2017,10,17,FC Dallas,New England Revolution,1646.3763927314517,1470.6114387364673,315.76495399498435,0.860288617057475
1753,2017-03-19,2017,22,11,Portland Timbers,Houston Dynamo,1558.0338311648782,1484.3876852095873,213.64614595529088,0.7737916330318827
1754,2017-03-19,2017,23,14,Real Salt Lake,Los Angeles Galaxy,1432.0005019232576,1516.6377647031836,55.362737220073996,0.5790058233147619
1755,2017-03-19,2017,26,19,Seattle Sounders,New York Red Bulls,1608.1207982844912,1611.3443017113775,136.77649657311372,0.6872617843623723
1756,2017-03-19,2017,27,25,Sporting Kansas City,San Jose Earthquakes,1519.2946306107276,1461.952857186212,197.34177342451562,0.7569427414412127
1757,2017-03-25,2017,7,22,Columbus Crew,Portland Timbers,1458.768172195005,1567.0821658436028,31.686006351402284,0.5454738242068536
1758,2017-03-25,2017,17,15,New England Revolution,Minnesota United,1465.0229834187664,1471.092354011842,133.93062940692448,0.6837299682590962
1759,2017-03-25,2017,19,23,New York Red Bulls,Real Salt Lake,1598.8347730858725,1408.840268990667,329.99450409520546,0.8698463673787817
1760,2017-04-01,2017,4,2,Chicago Fire,CF Montreal,1396.0351301055473,1546.0912083653789,-10.056078259831565,0.4855321799252844
1761,2017-04-01,2017,7,20,Columbus Crew,Orlando City,1476.949219226731,1510.0712107159811,106.87800851074985,0.6491350226877228
1762,2017-04-01,2017,18,25,New York City,San Jose Earthquakes,1510.7030666439,1452.2305668438605,198.4724998000395,0.7581382634900178
1763,2017-04-01,2017,26,0,Seattle Sounders,Atlanta Utd,1620.6303269099963,1512.7239403526792,247.9063865573171,0.8064434212608856
1764,2017-04-01,2017,29,27,Toronto FC,Sporting Kansas City,1589.5113342081904,1529.016920953079,200.49441325511134,0.7602660403313785
1765,2017-04-02,2017,8,21,DC United,Philadelphia Union,1459.1500422149284,1416.5022042772412,182.6478379376872,0.7410446970881645
1766,2017-04-02,2017,11,19,Houston Dynamo,New York Red Bulls,1475.3393505308627,1584.0409183907211,31.298432140141585,0.5449206177170272
1767,2017-04-02,2017,15,23,Minnesota United,Real Salt Lake,1458.4415527422059,1423.6341236858184,174.8074290563875,0.7322900285109796
1768,2017-04-02,2017,30,14,Vancouver Whitecaps,Los Angeles Galaxy,1431.0848124283757,1539.7979976357742,31.28681479260149,0.544904033904341
1769,2017-04-03,2017,22,17,Portland Timbers,New England Revolution,1548.9011188118768,1477.6737846884025,211.2273341234743,0.7713451499190267
1770,2017-04-08,2017,4,7,Chicago Fire,Columbus Crew,1396.6138429085358,1490.983818319222,45.630024589313734,0.5652919178131611
1771,2017-04-08,2017,8,18,DC United,New York City,1469.5082543314018,1520.3775361042992,89.13071822710253,0.6255276717104573
1772,2017-04-08,2017,14,2,Los Angeles Galaxy,CF Montreal,1521.5941589919478,1545.5124955623903,116.08166342955747,0.6611044212649401
1773,2017-04-08,2017,17,11,New England Revolution,Houston Dynamo,1488.5275906851637,1493.5425258221817,134.98506486298197,0.6850410596498846
1774,2017-04-09,2017,10,15,FC Dallas,Minnesota United,1651.9648480491526,1469.1499516017666,322.814896447386,0.8650953991816348
1775,2017-04-09,2017,20,19,Orlando City,New York Red Bulls,1496.03661162349,1565.8377430994021,70.19886852408786,0.5996716501141959
1776,2017-04-09,2017,21,22,Philadelphia Union,Portland Timbers,1406.1439921607678,1538.0473128151157,8.096679345652092,0.5116499493452272
1777,2017-04-09,2017,23,30,Real Salt Lake,Vancouver Whitecaps,1412.9257248262575,1449.2886510722021,103.63707375405534,0.6448741511415947
1778,2017-04-09,2017,25,26,San Jose Earthquakes,Seattle Sounders,1442.5560973834613,1608.372590059561,-25.816492676099642,0.46291530801334607
1779,2017-04-09,2017,29,0,Toronto FC,Atlanta Utd,1579.1006925949353,1524.9816772031145,194.11901539182077,0.7535133456059891
1780,2017-04-10,2017,27,6,Sporting Kansas City,Colorado Rapids,1539.4275625663342,1519.4331269268894,159.99443563944487,0.7152462273635063
1781,2017-04-15,2017,2,0,CF Montreal,Atlanta Utd,1531.956672412988,1535.122211027354,136.83446138563386,0.6873334970736691
1782,2017-04-15,2017,4,17,Chicago Fire,New England Revolution,1414.0021661960095,1501.1259482991684,52.876217896841126,0.5755128880668428
1783,2017-04-15,2017,20,14,Orlando City,Los Angeles Galaxy,1512.049745618922,1535.1499821413502,116.89976347757192,0.6621587302415285
1784,2017-04-15,2017,21,18,Philadelphia Union,New York City,1385.6779941869586,1505.3986429727174,20.27935121424116,0.5291512347686884
1785,2017-04-15,2017,25,10,San Jose Earthquakes,FC Dallas,1444.0394850629275,1657.3610320818873,-73.32154701895979,0.3960208651131281
1786,2017-04-15,2017,30,26,Vancouver Whitecaps,Seattle Sounders,1435.083617117866,1606.8892023800947,-31.80558526222876,0.45435551667651547
1787,2017-04-16,2017,6,23,Colorado Rapids,Real Salt Lake,1508.0429760214297,1427.1307587805936,220.91221724083607,0.7810289941205599
1788,2017-04-16,2017,7,29,Columbus Crew,Toronto FC,1473.5954950317487,1568.9601587706957,44.635336261053,0.563884333505697
1789,2017-04-16,2017,11,15,Houston Dynamo,Minnesota United,1480.944168208177,1463.7537675690319,157.19040063914508,0.711947349397653
1790,2017-04-16,2017,19,8,New York Red Bulls,DC United,1549.82460910397,1484.4871474629836,205.33746164098648,0.765310351925749
1791,2017-04-16,2017,22,27,Portland Timbers,Sporting Kansas City,1558.5133107889249,1550.817713471794,147.69559731713093,0.7006099766879536
1792,2017-04-20,2017,17,25,New England Revolution,San Jose Earthquakes,1484.1464638218422,1448.1986504584024,175.94781336343976,0.733574993501772
1793,2017-04-22,2017,11,25,Houston Dynamo,San Jose Earthquakes,1472.4662742322707,1457.5416501984732,154.9246240337975,0.7092651652516022
1794,2017-04-22,2017,21,2,Philadelphia Union,CF Montreal,1364.511944796211,1544.4633325300413,-39.95138773383019,0.44275740686756343
1795,2017-04-22,2017,22,30,Portland Timbers,Vancouver Whitecaps,1530.4889117214068,1456.9093964508054,213.5795152706014,0.7737244888677501
1796,2017-04-22,2017,29,4,Toronto FC,Chicago Fire,1551.5155321109235,1430.9816506733357,260.53388143758775,0.8175377205063108
1797,2017-04-23,2017,10,27,FC Dallas,Sporting Kansas City,1653.2018666864124,1578.842112539312,214.35975414710038,0.774509856237085
1798,2017-04-23,2017,14,26,Los Angeles Galaxy,Seattle Sounders,1521.6363313510112,1585.0634230471553,76.57290830385591,0.6084470397345115
1799,2017-04-23,2017,15,6,Minnesota United,Colorado Rapids,1472.231661544938,1476.8018162566073,135.42984528833085,0.6855932209462978
1800,2017-04-23,2017,17,8,New England Revolution,DC United,1474.8034640817714,1475.0995615400136,139.70390254175777,0.6908722501618988
1801,2017-04-23,2017,18,20,New York City,Orlando City,1526.564692363465,1525.563396409261,141.0012959542039,0.6924649812666097
1802,2017-04-23,2017,19,7,New York Red Bulls,Columbus Crew,1559.21219502694,1491.0401216915209,208.1720733354191,0.7682284180400472
1803,2017-04-23,2017,23,0,Real Salt Lake,Atlanta Utd,1458.371918545416,1522.6155509103007,75.75636763511534,0.6073266543192745
1804,2017-04-29,2017,2,30,CF Montreal,Vancouver Whitecaps,1542.1736288047439,1447.8583760055153,234.31525279922857,0.793937794225947
1805,2017-04-29,2017,20,6,Orlando City,Colorado Rapids,1553.2619956599253,1464.2255450944592,229.0364505654661,0.7889220114617578
1806,2017-04-29,2017,29,11,Toronto FC,Houston Dynamo,1558.814023290671,1484.0956676222067,214.71835566846426,0.7748701661028857
1807,2017-04-30,2017,0,8,Atlanta Utd,DC United,1546.9086170830717,1482.7344515464895,204.17416553658222,0.7641054598744039
1808,2017-04-30,2017,7,18,Columbus Crew,New York City,1481.7692584131228,1498.8660931128006,122.90316530032214,0.669845749613249
1809,2017-04-30,2017,10,22,FC Dallas,Portland Timbers,1662.221472436929,1539.5399321666969,262.68154027023206,0.8193746598117126
1810,2017-04-30,2017,14,21,Los Angeles Galaxy,Philadelphia Union,1497.2984497616308,1366.8016485215085,270.4968012401223,0.8259375116331831
1811,2017-04-30,2017,15,25,Minnesota United,San Jose Earthquakes,1484.8079327070861,1445.9122568085372,178.89567589854892,0.7368783396405227
1812,2017-04-30,2017,19,4,New York Red Bulls,Chicago Fire,1568.483058305338,1423.6831594935882,284.7998988117499,0.8374587242295473
1813,2017-04-30,2017,26,17,Seattle Sounders,New England Revolution,1609.4013046365358,1467.1685740752955,282.23273056124026,0.8354371003249759
1814,2017-04-30,2017,27,23,Sporting Kansas City,Real Salt Lake,1569.8225067887954,1434.078852372645,275.7436544161503,0.8302370302863618
1815,2017-05-04,2017,27,19,Sporting Kansas City,New York Red Bulls,1576.613025577341,1574.9847093361561,141.62831624118485,0.6932330986892097
1816,2017-05-04,2017,29,20,Toronto FC,Orlando City,1567.8192166465556,1561.705115201455,146.11410144510046,0.6986969180528947
1817,2017-05-06,2017,6,30,Colorado Rapids,Vancouver Whitecaps,1455.7824255529295,1479.6158877745531,116.16653777837632,0.6612138758416773
1818,2017-05-06,2017,8,2,DC United,CF Montreal,1513.2986699414657,1510.416117035706,142.88255290575967,0.6947663580237661
1819,2017-05-06,2017,26,29,Seattle Sounders,Toronto FC,1595.9838206235368,1579.8713399244398,156.11248069909698,0.7106731655573624
1820,2017-05-07,2017,7,17,Columbus Crew,New England Revolution,1454.9754284285927,1480.5860580882945,114.38937034029823,0.6589184425533934
1821,2017-05-07,2017,11,20,Houston Dynamo,Orlando City,1475.0904742663222,1549.6529919235709,65.43748234275131,0.5930741444943667
1822,2017-05-07,2017,14,4,Los Angeles Galaxy,Chicago Fire,1484.2609492963034,1417.1815084627701,207.07944083353323,0.7671066262991916
1823,2017-05-07,2017,15,27,Minnesota United,Sporting Kansas City,1455.3327991214653,1588.8837016297725,6.449097491692783,0.5092799315738918
1824,2017-05-07,2017,18,0,New York City,Atlanta Utd,1525.6599230973306,1516.3443986880955,149.3155244092352,0.7025622921395894
1825,2017-05-07,2017,21,19,Philadelphia Union,New York Red Bulls,1379.8391489868359,1562.7140332837246,-42.874884296888695,0.4386093947640481
1826,2017-05-07,2017,23,10,Real Salt Lake,FC Dallas,1427.2883335840995,1649.4464860444605,-82.15815246036095,0.3839205404307456
1827,2017-05-07,2017,25,22,San Jose Earthquakes,Portland Timbers,1475.387390394158,1552.3149185591653,63.07247183499271,0.5897844392716752
1828,2017-05-11,2017,7,29,Columbus Crew,Toronto FC,1468.618690726457,1608.2982665467343,0.3204241797227496,0.5004611273315523
1829,2017-05-13,2017,2,7,CF Montreal,Columbus Crew,1538.2067713566566,1448.600245633195,229.60652572346157,0.7894679614632121
1830,2017-05-13,2017,6,25,Colorado Rapids,San Jose Earthquakes,1429.3338705192623,1491.796012823291,77.5378576959713,0.6097695860089201
1831,2017-05-13,2017,11,30,Houston Dynamo,Vancouver Whitecaps,1491.3675084865474,1506.0644428082203,125.30306567832713,0.6728937560565863
1832,2017-05-13,2017,29,15,Toronto FC,Minnesota United,1628.3167116399964,1474.9616018585095,293.3551097814868,0.8440515091731396
1833,2017-05-14,2017,4,26,Chicago Fire,Seattle Sounders,1427.8657735147378,1567.5568940012422,0.3088795134956399,0.5004445132349566
1834,2017-05-14,2017,8,21,DC United,Philadelphia Union,1485.5080156205152,1402.294773196274,223.21324242424112,0.7832858866416722
1835,2017-05-14,2017,17,23,New England Revolution,Real Salt Lake,1466.9427957904302,1411.9315119668697,195.01128382356046,0.7544660748443369
1836,2017-05-14,2017,19,14,New York Red Bulls,Los Angeles Galaxy,1540.2584090742864,1473.5766842443356,206.68172482995078,0.7666973589454781
1837,2017-05-14,2017,20,27,Orlando City,Sporting Kansas City,1533.3759577033456,1569.2548988927283,104.12105881061734,0.6455119288949311
1838,2017-05-14,2017,22,0,Portland Timbers,Atlanta Utd,1535.9062961300324,1504.446890373679,171.45940575635336,0.7284948956830394
1839,2017-05-15,2017,10,18,FC Dallas,New York City,1664.8033076616903,1537.557431411747,267.2458762499432,0.8232306916065641
1840,2017-05-18,2017,4,6,Chicago Fire,Colorado Rapids,1447.8479929853395,1444.9430870789056,142.9049059064339,0.6947936447744989
1841,2017-05-18,2017,21,11,Philadelphia Union,Houston Dynamo,1433.6262086619408,1504.451758244284,69.17445041765677,0.5982551491094907
1842,2017-05-18,2017,23,18,Real Salt Lake,New York City,1402.1101549606433,1550.4866590760096,-8.376504115366288,0.4879475766999189
1843,2017-05-18,2017,25,20,San Jose Earthquakes,Orlando City,1476.1867962636477,1527.5554805475483,88.63131571609938,0.6248540297553404
1844,2017-05-18,2017,27,26,Sporting Kansas City,Seattle Sounders,1575.0753760485256,1547.5746745306406,167.5007015178851,0.7239642339236297
1845,2017-05-20,2017,2,22,CF Montreal,Portland Timbers,1506.628052898128,1526.7665003027107,119.86155259541738,0.6659621574276343
1846,2017-05-20,2017,8,4,DC United,Chicago Fire,1454.1765801548484,1460.0562471943595,134.1203329604889,0.6839660631839504
1847,2017-05-20,2017,19,29,New York Red Bulls,Toronto FC,1509.5905147164674,1634.5546512730707,15.035863443396693,0.5216248483833374
1848,2017-05-20,2017,26,23,Seattle Sounders,Real Salt Lake,1536.5332438875857,1422.5922518926466,253.94099199493917,0.81180810937925
1849,2017-05-21,2017,0,11,Atlanta Utd,Houston Dynamo,1513.5866862010007,1488.3819642086637,165.204721992337,0.721315201427075
1850,2017-05-21,2017,10,25,FC Dallas,San Jose Earthquakes,1651.8740799974278,1471.192635073434,320.6814449239937,0.8636556878628635
1851,2017-05-21,2017,15,14,Minnesota United,Los Angeles Galaxy,1468.7236622254352,1504.2445786021547,104.47908362328053,0.6459833883444874
1852,2017-05-21,2017,17,7,New England Revolution,Columbus Crew,1476.7641527966566,1480.1789640917236,136.585188704933,0.6870250391496314
1853,2017-05-21,2017,21,6,Philadelphia Union,Colorado Rapids,1449.6960026975612,1432.7348328698856,156.96116982767558,0.7116766608645368
1854,2017-05-21,2017,30,27,Vancouver Whitecaps,Sporting Kansas City,1492.9801930504836,1586.1168066915805,46.8633863589032,0.567035785669627
1855,2017-05-22,2017,20,18,Orlando City,New York City,1532.549641737762,1530.0045621440063,142.54507959375564,0.6943542315376772
1856,2017-05-26,2017,4,10,Chicago Fire,FC Dallas,1487.4148897217174,1617.3278524829132,10.087037238804214,0.5145123362085825
1857,2017-05-27,2017,26,22,Seattle Sounders,Portland Timbers,1544.0609195124157,1513.404986599816,170.6559329125996,0.7275791184268441
1858,2017-05-27,2017,29,7,Toronto FC,Columbus Crew,1635.4196452084043,1467.6599656577089,307.7596795506954,0.854657419021683
1859,2017-05-28,2017,0,18,Atlanta Utd,New York City,1524.7340781439177,1557.7787314055133,106.95534673840439,0.649236412923474
1860,2017-05-28,2017,6,27,Colorado Rapids,Sporting Kansas City,1421.2018993044671,1568.7982381183656,-7.5963388138984556,0.4890697313082298
1861,2017-05-28,2017,15,20,Minnesota United,Orlando City,1442.8843266916556,1504.775472476255,78.1088542154007,0.6105514279683183
1862,2017-05-28,2017,19,17,New York Red Bulls,New England Revolution,1508.7255207811338,1489.2831512306714,159.44236955046244,0.7145985352005064
1863,2017-05-28,2017,23,21,Real Salt Lake,Philadelphia Union,1415.0645762678166,1461.2289362629797,93.83564000483693,0.6318499544717264
1864,2017-05-28,2017,25,14,San Jose Earthquakes,Los Angeles Galaxy,1505.7388625879487,1530.0839141359343,115.65494845201442,0.660553865609164
1865,2017-05-28,2017,30,8,Vancouver Whitecaps,DC United,1510.2987616236985,1426.8179376274904,223.48082399620807,0.7835472410592643
1866,2017-05-29,2017,10,11,FC Dallas,Houston Dynamo,1597.9083459312565,1477.2345722657467,260.67377366550977,0.8176578139001659
1867,2017-06-01,2017,7,26,Columbus Crew,Seattle Sounders,1461.846262418576,1554.957754775342,46.88850764323411,0.5670712879129274
1868,2017-06-01,2017,11,23,Houston Dynamo,Real Salt Lake,1489.9408848217533,1429.7905780889475,200.1503067328058,0.7599048238431738
1869,2017-06-01,2017,18,17,New York City,New England Revolution,1543.7481879224522,1477.8670926386917,205.8810952837605,0.7658719592467381
1870,2017-06-01,2017,20,8,Orlando City,DC United,1489.1975295949876,1458.1598272698611,171.03770232512647,0.7280144900510626
1871,2017-06-03,2017,18,21,New York City,Philadelphia Union,1533.1133095525827,1446.5029344418488,226.6103751107339,0.7865870170482863
1872,2017-06-03,2017,22,25,Portland Timbers,San Jose Earthquakes,1502.5081513368898,1479.316707963582,163.19144337330772,0.7189795478764187
1873,2017-06-03,2017,27,15,Sporting Kansas City,Minnesota United,1548.3610273706947,1458.4622695729229,229.89875779777185,0.7897474247440845
1874,2017-06-03,2017,30,0,Vancouver Whitecaps,Atlanta Utd,1478.9568719813278,1538.7646216269789,80.19225035434897,0.6133992922998867
1875,2017-06-04,2017,2,19,CF Montreal,New York Red Bulls,1519.9895666010227,1520.1415793731135,139.84798722790924,0.6910493591044243
1876,2017-06-04,2017,6,7,Colorado Rapids,Columbus Crew,1441.639110052138,1479.163410902059,102.47569915007898,0.64334163698848
1877,2017-06-04,2017,8,14,DC United,Los Angeles Galaxy,1447.2804068719036,1556.5060687603009,30.774338111602674,0.5441723726883425
1878,2017-06-04,2017,10,23,FC Dallas,Real Salt Lake,1585.2020333752498,1420.1867710426745,305.0152623325753,0.8526839884737648
1879,2017-06-04,2017,17,29,New England Revolution,Toronto FC,1488.5019710085612,1641.233348447537,-12.73137743897587,0.4816862713785219
1880,2017-06-05,2017,20,4,Orlando City,Chicago Fire,1500.0769499929452,1506.834396273374,133.2425537195711,0.6828728314123574
1881,2017-06-05,2017,26,11,Seattle Sounders,Houston Dynamo,1537.640606291859,1499.5446918680263,178.0959144238327,0.7359847426963518
1882,2017-06-10,2017,4,0,Chicago Fire,Atlanta Utd,1514.1493095298683,1523.3005933189743,130.84871621089405,0.6798811691674481
1883,2017-06-11,2017,22,10,Portland Timbers,FC Dallas,1513.748969421833,1591.0946738362993,62.654295585533646,0.5892019148119377
1884,2017-06-11,2017,27,2,Sporting Kansas City,CF Montreal,1556.7711303809313,1532.3475922368457,164.42353814408557,0.720410346366391
1885,2017-06-17,2017,18,26,New York City,Seattle Sounders,1541.6498288706512,1548.201216584005,133.44861228664627,0.6831296493831918
1886,2017-06-18,2017,0,7,Atlanta Utd,Columbus Crew,1510.4958400856722,1464.8970763815983,185.59876370407392,0.7442910681805854
1887,2017-06-18,2017,6,22,Colorado Rapids,Portland Timbers,1455.9054445725988,1530.1808928293553,65.72455174324341,0.5934728938419
1888,2017-06-18,2017,14,11,Los Angeles Galaxy,Houston Dynamo,1558.2729636678346,1488.9840815758805,209.28888209195406,0.7693711261599333
1889,2017-06-18,2017,17,4,New England Revolution,Chicago Fire,1509.2345201534204,1526.9540627631704,122.28045739024992,0.6690525256888292
1890,2017-06-18,2017,20,2,Orlando City,CF Montreal,1492.762036736451,1541.1640060915013,91.59803064494963,0.6288486436893878
1891,2017-06-18,2017,21,19,Philadelphia Union,New York Red Bulls,1437.9664151237803,1507.7835537372905,70.18286138648978,0.5996495291920075
1892,2017-06-18,2017,23,15,Real Salt Lake,Minnesota United,1414.294130581625,1450.0521665626864,104.24196401893869,0.6456711727220628
1893,2017-06-18,2017,25,27,San Jose Earthquakes,Sporting Kansas City,1468.075889878639,1547.9547165262757,60.12117335236326,0.5856679520813476
1894,2017-06-18,2017,29,8,Toronto FC,DC United,1620.500799302678,1445.5135119643699,314.9872873383081,0.8597496956390778
1895,2017-06-18,2017,30,10,Vancouver Whitecaps,FC Dallas,1494.4209002893324,1574.662750428777,59.75814986055548,0.585160765200543
1896,2017-06-22,2017,6,14,Colorado Rapids,Los Angeles Galaxy,1472.1665288189226,1547.4981186214372,64.6684101974854,0.5920052733944244
1897,2017-06-22,2017,8,0,DC United,Atlanta Utd,1439.903499789933,1520.7241973584487,59.1793024314843,0.584351673617899
1898,2017-06-22,2017,15,22,Minnesota United,Portland Timbers,1435.879013471569,1513.9198085830315,61.95920488853744,0.5882330923704071
1899,2017-06-22,2017,26,20,Seattle Sounders,Orlando City,1535.5264025593326,1487.6080909888753,187.91831157045726,0.7468240204364719
1900,2017-06-24,2017,11,10,Houston Dynamo,FC Dallas,1499.7589266222778,1578.0691810367987,61.68974558547916,0.5878573335978686
1901,2017-06-24,2017,19,18,New York Red Bulls,New York City,1531.769534904971,1554.3246428953234,117.44489200964745,0.6628603602053126
1902,2017-06-24,2017,29,17,Toronto FC,New England Revolution,1626.1108114771148,1482.4724191258672,283.6383923512476,0.8365465374171825
1903,2017-06-25,2017,0,6,Atlanta Utd,Colorado Rapids,1504.0982643031646,1448.4863178831456,195.61194642001897,0.755106038225492
1904,2017-06-25,2017,4,20,Chicago Fire,Orlando City,1553.7161637907236,1497.481051806334,196.2351119843895,0.75576878473231
1905,2017-06-25,2017,7,2,Columbus Crew,CF Montreal,1454.6687191088217,1546.3179518390768,48.35076726974489,0.5691366041138156
1906,2017-06-25,2017,14,27,Los Angeles Galaxy,Sporting Kansas City,1571.1783295572143,1551.3814346095296,159.79689494768468,0.7150145713406433
1907,2017-06-25,2017,15,30,Minnesota United,Vancouver Whitecaps,1452.3496897767527,1491.0144696813106,101.33522009544208,0.6418338346615854
1908,2017-06-25,2017,21,8,Philadelphia Union,DC United,1413.9804339561,1456.5294328452171,97.45100111088277,0.6366776567882622
1909,2017-06-25,2017,25,23,San Jose Earthquakes,Real Salt Lake,1464.649171795385,1428.4672836727425,176.18188812264248,0.7338382584603502
1910,2017-06-26,2017,22,26,Portland Timbers,Seattle Sounders,1497.4491322778476,1525.6534417418738,111.79569053597379,0.6555549880690648
1911,2017-06-30,2017,18,15,New York City,Minnesota United,1580.839057303536,1446.6763363902894,274.16272091324663,0.8289505043974228
1912,2017-07-01,2017,23,20,Real Salt Lake,Orlando City,1417.8208140111565,1487.7118031956265,70.10901081552993,0.5995474667895365
1913,2017-07-02,2017,2,8,CF Montreal,DC United,1529.0834160036295,1441.9965391167475,227.086876886882,0.7870471107574353
1914,2017-07-02,2017,4,30,Chicago Fire,Vancouver Whitecaps,1563.4854124014312,1496.687823067774,206.79758933365724,0.7668166402731341
1915,2017-07-02,2017,6,11,Colorado Rapids,Houston Dynamo,1438.6905594121654,1496.2446332783632,82.44592613380223,0.6164712025584341
1916,2017-07-02,2017,7,0,Columbus Crew,Atlanta Utd,1471.903254944269,1513.8940227741448,98.00923217012428,0.6374206593882982
1917,2017-07-02,2017,10,29,FC Dallas,Toronto FC,1581.5834743807134,1632.6489499804275,88.93452440028591,0.6252630845163556
1918,2017-07-02,2017,21,17,Philadelphia Union,New England Revolution,1428.5133276845695,1475.9342806225545,92.57904706201498,0.6301657235472778
1919,2017-07-02,2017,25,14,San Jose Earthquakes,Los Angeles Galaxy,1475.295641456971,1542.5777467035884,72.71789475338255,0.6031476793198938
1920,2017-07-02,2017,27,22,Sporting Kansas City,Portland Timbers,1579.9820174631554,1491.226932755085,228.7550847080704,0.7886521708587954
1921,2017-07-05,2017,0,25,Atlanta Utd,San Jose Earthquakes,1539.3908491496768,1491.1697342841753,188.22111486550148,0.7471534557517704
1922,2017-07-05,2017,6,26,Colorado Rapids,Seattle Sounders,1454.031711309828,1531.8756412646364,62.156070045191655,0.5885075542155576
1923,2017-07-05,2017,10,8,FC Dallas,DC United,1596.5729510000592,1433.478423547045,303.0945274530143,0.8512896969714414
1924,2017-07-05,2017,14,23,Los Angeles Galaxy,Real Salt Lake,1526.7036538763841,1393.8389153395751,272.864738536809,0.8278884625987389
1925,2017-07-05,2017,15,7,Minnesota United,Columbus Crew,1439.8343565661862,1446.406428568737,133.42792799744916,0.6831038748678614
1926,2017-07-06,2017,11,2,Houston Dynamo,CF Montreal,1480.9034813807004,1537.601531573332,83.30194980736837,0.6176356025227581
1927,2017-07-06,2017,17,19,New England Revolution,New York Red Bulls,1461.1409095644456,1505.2551204967583,95.88578906768726,0.6345908953360263
1928,2017-07-06,2017,20,29,Orlando City,Toronto FC,1511.693701867208,1617.6594733610816,34.03422850612628,0.5488231254367716
1929,2017-07-06,2017,22,4,Portland Timbers,Chicago Fire,1502.773019589437,1572.8127467905058,69.9602727989311,0.5993418827987945
1930,2017-07-06,2017,30,18,Vancouver Whitecaps,New York City,1487.3604886786993,1587.6810371276392,39.67945155106008,0.5568563403126233
1931,2017-07-07,2017,27,21,Sporting Kansas City,Philadelphia Union,1568.4359306288036,1443.3066987426785,265.1292318861251,0.8214506079947553
1932,2017-07-20,2017,2,21,CF Montreal,Philadelphia Union,1522.3069556742423,1456.1647230624687,206.14223261177358,0.7661413983556478
1933,2017-07-20,2017,14,30,Los Angeles Galaxy,Vancouver Whitecaps,1493.5881153724345,1505.0862350661944,128.50188030624008,0.6769338124725072
1934,2017-07-20,2017,15,11,Minnesota United,Houston Dynamo,1412.5102015714717,1496.1980572797902,56.312144291681534,0.5803374381290185
1935,2017-07-20,2017,18,29,New York City,Toronto FC,1569.9552907401442,1639.6123983785524,70.3428923615918,0.5998706642975923
1936,2017-07-20,2017,19,25,New York Red Bulls,San Jose Earthquakes,1530.6387563101994,1481.0558725142462,189.5828837959532,0.7486314853468193
1937,2017-07-20,2017,22,23,Portland Timbers,Real Salt Lake,1498.799344277485,1426.9544538435248,211.84489043396024,0.7719715362181626
1938,2017-07-20,2017,26,8,Seattle Sounders,DC United,1555.4159434332587,1427.5300114259026,267.88593200735613,0.8237662224945752
1939,2017-07-22,2017,15,19,Minnesota United,New York Red Bulls,1409.2967040463109,1540.6934968963267,8.6032071499842,0.5123784804513619
1940,2017-07-22,2017,18,4,New York City,Chicago Fire,1565.9604641682404,1576.7864221024577,129.17404206578271,0.6777794211917152
1941,2017-07-22,2017,20,0,Orlando City,Atlanta Utd,1489.7407768497371,1549.504710919606,80.23606593013119,0.6134591028383141
1942,2017-07-23,2017,2,10,CF Montreal,FC Dallas,1531.6612997400164,1602.5213631212016,69.13993661881477,0.5982073968746306
1943,2017-07-23,2017,7,21,Columbus Crew,Philadelphia Union,1473.7305835634515,1446.8103789966947,166.92020456675687,0.7232959471701668
1944,2017-07-23,2017,8,11,DC United,Houston Dynamo,1420.4806603256857,1499.411554804951,61.06910552073464,0.5869914671709958
1945,2017-07-23,2017,17,14,New England Revolution,Los Angeles Galaxy,1435.7572737510045,1466.510762873534,109.24651087747043,0.6522339807392836
1946,2017-07-23,2017,23,27,Real Salt Lake,Sporting Kansas City,1457.8333152922512,1555.5779063090133,42.255408983237885,0.5605123567759769
1947,2017-07-23,2017,29,6,Toronto FC,Colorado Rapids,1643.6072249504562,1430.4914091412058,353.1158158092503,0.8841876427233002
1948,2017-07-23,2017,30,22,Vancouver Whitecaps,Portland Timbers,1532.1635875650948,1467.9204828287586,204.24310473633614,0.7641769831845724
1949,2017-07-24,2017,26,25,Seattle Sounders,San Jose Earthquakes,1562.4652945334756,1471.0011319281189,231.4641626053567,0.7912397947764113
1950,2017-07-27,2017,21,7,Philadelphia Union,Columbus Crew,1435.7422168835014,1484.7987456766448,90.94347120685666,0.6279687861656403
1951,2017-07-29,2017,0,20,Atlanta Utd,Orlando City,1574.0430750331384,1465.2024127362047,248.84066229693371,0.8072815223343284
1952,2017-07-30,2017,10,30,FC Dallas,Vancouver Whitecaps,1626.4496589961868,1501.5965082377118,264.85315075847507,0.821217394283618
1953,2017-07-30,2017,11,22,Houston Dynamo,Portland Timbers,1522.891213491791,1498.4875621561416,164.40365133564933,0.7203872877744942
1954,2017-07-30,2017,14,26,Los Angeles Galaxy,Seattle Sounders,1452.6001221031054,1570.815702742419,21.784419360686343,0.5313092808940443
1955,2017-07-30,2017,15,8,Minnesota United,DC United,1388.8015648282565,1397.0010016388458,131.8005631894107,0.6810725158083165
1956,2017-07-30,2017,17,21,New England Revolution,Philadelphia Union,1449.6679145214332,1450.623465436876,139.0444490845573,0.6900609345015891
1957,2017-07-30,2017,19,2,New York Red Bulls,CF Montreal,1561.188636114381,1507.7330038650312,193.45563224934995,0.7528034007710769
1958,2017-07-30,2017,23,7,Real Salt Lake,Columbus Crew,1455.412821021212,1469.9174971232703,125.49532389794172,0.6731373086785054
1959,2017-07-30,2017,25,6,San Jose Earthquakes,Colorado Rapids,1462.6507237191754,1445.8589148501378,156.7918088690376,0.7114765728280379
1960,2017-07-30,2017,27,4,Sporting Kansas City,Chicago Fire,1557.9984005800525,1563.8975989501262,134.1008016299263,0.6839417599098581
1961,2017-07-30,2017,29,18,Toronto FC,New York City,1628.2397192415242,1578.8492873205719,189.39043192095232,0.7484229515707794
1962,2017-08-06,2017,2,20,CF Montreal,Orlando City,1497.8451398958741,1477.4936736295779,160.35146626629626,0.7156646296008046
1963,2017-08-06,2017,4,17,Chicago Fire,New England Revolution,1551.2552693465204,1462.0654771413697,229.18979220515075,0.7890689656766897
1964,2017-08-06,2017,6,30,Colorado Rapids,Vancouver Whitecaps,1434.3179777632593,1534.4452040090564,39.87277375420285,0.5571309384702595
1965,2017-08-06,2017,8,29,DC United,Toronto FC,1384.2439022711785,1638.302801178693,-114.0588989075145,0.3415092293359334
1966,2017-08-06,2017,15,26,Minnesota United,Seattle Sounders,1401.5586641959237,1572.0680739781808,-30.50940978225708,0.4562059395616414
1967,2017-08-06,2017,18,19,New York City,New York Red Bulls,1568.786205383403,1571.0765000835381,137.70970529986494,0.6884152374301133
1968,2017-08-06,2017,21,10,Philadelphia Union,FC Dallas,1438.2259028169394,1593.6009632248422,-15.375060407902765,0.4778879417626226
1969,2017-08-06,2017,22,14,Portland Timbers,Los Angeles Galaxy,1507.3030536671213,1451.3477508673436,195.95530279977766,0.7554713534501512
1970,2017-08-06,2017,23,11,Real Salt Lake,Houston Dynamo,1448.487328674072,1514.075721980811,74.41160669326086,0.6054790313621811
1971,2017-08-06,2017,25,7,San Jose Earthquakes,Columbus Crew,1474.191660806054,1476.8429894704104,137.34867133564353,0.687969272835952
1972,2017-08-07,2017,27,0,Sporting Kansas City,Atlanta Utd,1570.6407301836582,1561.7518141397652,148.888916043893,0.7020488614797974
1973,2017-08-12,2017,26,27,Seattle Sounders,Sporting Kansas City,1590.3163115606465,1562.5587757244664,167.75753583618007,0.7242595909863477
1974,2017-08-12,2017,29,22,Toronto FC,Portland Timbers,1631.9631703521304,1517.0841995291153,254.87897082301515,0.8126316241848875
1975,2017-08-13,2017,7,4,Columbus Crew,Chicago Fire,1464.3617603838486,1559.692510719453,44.66924966439569,0.5639323414789181
1976,2017-08-13,2017,10,6,FC Dallas,Colorado Rapids,1572.716480895347,1432.0327402244488,280.68374067089826,0.8342075452077641
1977,2017-08-13,2017,11,25,Houston Dynamo,San Jose Earthquakes,1518.2948832352984,1486.6728898926158,171.62199334268257,0.7286799736393792
1978,2017-08-13,2017,14,18,Los Angeles Galaxy,New York City,1441.5666050053496,1581.2495958861984,0.31700911915118013,0.5004562126684609
1979,2017-08-13,2017,17,30,New England Revolution,Vancouver Whitecaps,1453.6282357684372,1536.7304415478668,56.897794220570404,0.5811582744943592
1980,2017-08-13,2017,19,20,New York Red Bulls,Orlando City,1558.6131095807427,1466.12025881361,232.49285076713272,0.7922162350124182
1981,2017-08-13,2017,21,2,Philadelphia Union,CF Montreal,1459.1103851464345,1509.218554711842,89.89183043459252,0.6265533972335399
1982,2017-08-14,2017,8,23,DC United,Real Salt Lake,1390.583533097741,1444.2681674195846,86.31536567815647,0.621723767009149
1983,2017-08-17,2017,2,4,CF Montreal,Chicago Fire,1534.2806906011836,1542.2498043786097,132.03088622257383,0.6813604372820344
1984,2017-08-19,2017,22,19,Portland Timbers,New York Red Bulls,1509.5894644965108,1566.9244601802461,82.66500431626469,0.6167693298645142
1985,2017-08-20,2017,2,23,CF Montreal,Real Salt Lake,1547.0262731099021,1469.1371180999506,217.88915500995154,0.7780382815795231
1986,2017-08-20,2017,4,29,Chicago Fire,Toronto FC,1529.5042218698911,1639.4579053847349,30.04631648515624,0.5431326515377838
1987,2017-08-20,2017,6,8,Colorado Rapids,DC United,1445.4010420327595,1365.7145824173751,219.68645961538436,0.779819860480777
1988,2017-08-20,2017,18,17,New York City,New England Revolution,1601.267844392937,1470.381904788663,270.885939604274,0.826259318251991
1989,2017-08-20,2017,20,7,Orlando City,Columbus Crew,1457.8089082141069,1481.8044667246918,116.00444148941506,0.6610048203181689
1990,2017-08-20,2017,25,21,San Jose Earthquakes,Philadelphia Union,1475.820088838191,1434.048249257093,181.771839581098,0.7400758494427231
1991,2017-08-20,2017,27,10,Sporting Kansas City,FC Dallas,1551.5291593639204,1559.3481790870364,132.18098027688393,0.6815479918828421
1992,2017-08-20,2017,30,11,Vancouver Whitecaps,Houston Dynamo,1519.976772527641,1529.1476842897232,130.82908823791786,0.6798565777133309
1993,2017-08-21,2017,26,15,Seattle Sounders,Minnesota United,1601.3459279211925,1383.310426613458,358.0355013077344,0.8870562030161854
1994,2017-08-24,2017,7,14,Columbus Crew,Los Angeles Galaxy,1488.2446595374186,1421.5483564986112,206.6963030388074,0.7667123693973933
1995,2017-08-24,2017,8,0,DC United,Atlanta Utd,1396.9073768366063,1569.833768598957,-32.926391762350704,0.45275646489080235
1996,2017-08-24,2017,10,11,FC Dallas,Houston Dynamo,1546.6100987623502,1516.3419473982565,170.26815136409368,0.7271364444814634
1997,2017-08-24,2017,22,6,Portland Timbers,Colorado Rapids,1524.9186913019303,1414.2082476135283,250.71044368840194,0.8089505237966655
1998,2017-08-24,2017,23,25,Real Salt Lake,San Jose Earthquakes,1460.2586493631316,1466.217054860482,134.04159450264956,0.6838680810071381
1999,2017-08-24,2017,29,21,Toronto FC,Philadelphia Union,1661.1832114462463,1443.651283234802,357.53192821144444,0.8867654535105978
2000,2017-08-24,2017,30,26,Vancouver Whitecaps,Seattle Sounders,1532.7825094191078,1605.863679800545,66.91882961856277,0.5951304596486613
2001,2017-08-26,2017,19,18,New York Red Bulls,New York City,1551.5952333748266,1608.2174716628572,83.37776171196947,0.6177386602529148
2002,2017-08-27,2017,2,29,CF Montreal,Toronto FC,1555.9047418467212,1665.7125933058223,30.19214854089887,0.5433409513976293
2003,2017-08-27,2017,4,15,Chicago Fire,Minnesota United,1507.7789158083797,1378.7926747341055,268.9862410742742,0.8246838625771942
2004,2017-08-27,2017,7,10,Columbus Crew,FC Dallas,1497.576164761523,1537.5246409830916,100.05152377843137,0.6401333269859101
2005,2017-08-27,2017,8,17,DC United,New England Revolution,1418.7971182409742,1463.4322775187427,95.36484072223152,0.6338952328915214
2006,2017-08-27,2017,20,30,Orlando City,Vancouver Whitecaps,1451.36871540138,1528.9772910331612,62.39142436821885,0.5888356039164492
2007,2017-08-27,2017,21,0,Philadelphia Union,Atlanta Utd,1439.121901375226,1547.9440271945891,31.177874180636763,0.5447485158792571
2008,2017-08-27,2017,23,6,Real Salt Lake,Colorado Rapids,1472.903926122846,1406.566268565395,206.33765755745117,0.766342895048639
2009,2017-08-28,2017,14,25,Los Angeles Galaxy,San Jose Earthquakes,1412.2168512745068,1453.5717781007675,98.64507317373932,0.6382661612037549
2010,2017-08-28,2017,26,22,Seattle Sounders,Portland Timbers,1609.6688981864916,1532.5606703500637,217.1082278364279,0.7772609833058546
2011,2017-09-03,2017,2,4,CF Montreal,Chicago Fire,1534.171103790816,1474.791561305292,199.3795424855241,0.7590943849334006
2012,2017-09-03,2017,10,19,FC Dallas,New York Red Bulls,1523.129974062528,1546.88568696471,116.24428709781796,0.6613141267982025
2013,2017-09-03,2017,14,6,Los Angeles Galaxy,Colorado Rapids,1386.6862048263565,1397.2199843673404,129.46622045901609,0.6781466320415697
2014,2017-09-03,2017,17,20,New England Revolution,Orlando City,1448.7880868344037,1427.8152912447222,160.97279558968148,0.7163918778072633
2015,2017-09-07,2017,18,27,New York City,Sporting Kansas City,1612.9270180729739,1564.2672396886067,188.6597783843672,0.7476301971416105
2016,2017-09-09,2017,4,19,Chicago Fire,New York Red Bulls,1505.155336702628,1553.338252036638,91.8170846659898,0.6291429052227548
2017,2017-09-09,2017,18,22,New York City,Portland Timbers,1623.0218101873095,1543.6511096822978,219.37070050501165,0.7795076087551703
2018,2017-09-09,2017,29,25,Toronto FC,San Jose Earthquakes,1687.4462313617275,1479.1024245489177,348.3438068128098,0.8813449074522197
2019,2017-09-10,2017,0,10,Atlanta Utd,FC Dallas,1549.7339678297594,1516.6774089905998,173.0565588391596,0.7303095433065325
2020,2017-09-10,2017,7,27,Columbus Crew,Sporting Kansas City,1511.9708316820866,1554.172447574271,97.79838410781554,0.6371400986526856
2021,2017-09-10,2017,8,20,DC United,Orlando City,1433.4413089253133,1416.4709663570127,156.97034256830057,0.7116874954544735
2022,2017-09-10,2017,11,6,Houston Dynamo,Colorado Rapids,1525.427405177515,1384.3458496490032,281.0815555285119,0.8345240229179989
2023,2017-09-10,2017,15,21,Minnesota United,Philadelphia Union,1411.7800292371933,1437.3319607400556,114.44806849713768,0.6589943783823463
2024,2017-09-10,2017,17,2,New England Revolution,CF Montreal,1460.1324117221131,1503.80732839348,96.32508332863313,0.635177082641736
2025,2017-09-10,2017,30,23,Vancouver Whitecaps,Real Salt Lake,1552.5307151898191,1482.2502103209006,210.28050486891857,0.770382433832292
2026,2017-09-11,2017,26,14,Seattle Sounders,Los Angeles Galaxy,1598.5784588542574,1399.5603395446938,339.01811930956364,0.8756150290893827
2027,2017-09-14,2017,0,17,Atlanta Utd,New England Revolution,1560.5215860974981,1474.7253284164437,225.79625768105439,0.78579925828147
2028,2017-09-14,2017,30,15,Vancouver Whitecaps,Minnesota United,1561.7154178365274,1405.4202541018994,296.295163734628,0.8462662827190913
2029,2017-09-16,2017,0,20,Atlanta Utd,Orlando City,1569.0896157662394,1444.9384661751917,264.15114959104767,0.820623320419933
2030,2017-09-17,2017,2,15,CF Montreal,Minnesota United,1489.2144116991494,1399.270905410663,229.94350628848633,0.7897901939528688
2031,2017-09-17,2017,4,8,Chicago Fire,DC United,1499.9896204937177,1404.9738091071342,235.01581138658344,0.7945967706760855
2032,2017-09-17,2017,6,18,Colorado Rapids,New York City,1417.726810565723,1591.8415058371027,-34.11469527137956,0.4510621803133495
2033,2017-09-17,2017,10,26,FC Dallas,Seattle Sounders,1505.889790722861,1583.5538576906822,62.3359330321789,0.5887582641668495
2034,2017-09-17,2017,14,29,Los Angeles Galaxy,Toronto FC,1414.584940708269,1692.1924350636386,-137.60749435536968,0.31171098249550505
2035,2017-09-17,2017,19,21,New York Red Bulls,Philadelphia Union,1558.5039682455483,1443.6917358753494,254.8122323701989,0.8125731217418785
2036,2017-09-17,2017,23,22,Real Salt Lake,Portland Timbers,1473.0655076741923,1574.8314140325047,38.23409364168765,0.5548022393028267
2037,2017-09-17,2017,25,11,San Jose Earthquakes,Houston Dynamo,1474.3562208470066,1492.0464442607952,122.30977658621146,0.669089894961666
2038,2017-09-17,2017,27,17,Sporting Kansas City,New England Revolution,1559.6580515203784,1466.1572987477025,233.50075277267592,0.7931696729973291
2039,2017-09-17,2017,30,7,Vancouver Whitecaps,Columbus Crew,1567.8647665277638,1506.4852277359792,201.37953879178463,0.7611934662768459
2040,2017-09-21,2017,0,14,Atlanta Utd,Los Angeles Galaxy,1556.264682949442,1402.1165014084488,294.14818154099316,0.8446514880324282
2041,2017-09-21,2017,29,2,Toronto FC,CF Montreal,1704.6608743634588,1457.6228039410346,387.0380704224242,0.9027332787162818
2042,2017-09-23,2017,17,29,New England Revolution,Toronto FC,1457.8840856675956,1668.5515432148075,-70.66745754721182,0.39968096782276613
2043,2017-09-23,2017,18,11,New York City,Houston Dynamo,1589.8839930496367,1478.8100400592618,251.0739529903749,0.8092737140122676
2044,2017-09-24,2017,0,2,Atlanta Utd,CF Montreal,1562.4786234281448,1493.732135089686,208.7464883384589,0.768816647288072
2045,2017-09-24,2017,7,19,Columbus Crew,New York Red Bulls,1516.932966387053,1546.0010433758732,110.93192301117983,0.6544313751132196
2046,2017-09-24,2017,8,25,DC United,San Jose Earthquakes,1396.7576799341778,1487.59262504854,49.1650548856378,0.5702856784648487
2047,2017-09-24,2017,15,10,Minnesota United,FC Dallas,1430.862513168778,1502.3394601561872,68.52305301259071,0.5973535820942265
2048,2017-09-24,2017,21,4,Philadelphia Union,Chicago Fire,1456.1946607450245,1508.2057496666741,87.98891107835038,0.6239867817815677
2049,2017-09-24,2017,23,26,Real Salt Lake,Seattle Sounders,1490.8734181020793,1587.104188257356,43.76922984472321,0.5626578657956538
2050,2017-09-24,2017,27,14,Sporting Kansas City,Los Angeles Galaxy,1567.9312646004853,1395.902560929746,312.02870367073933,0.8576834883330264
2051,2017-09-24,2017,30,6,Vancouver Whitecaps,Colorado Rapids,1557.4170278766899,1419.684323353189,277.73270452350084,0.8318447217656859
2052,2017-09-25,2017,22,20,Portland Timbers,Orlando City,1557.0235036046176,1457.763398991989,239.26010461262854,0.7985557114106863
2053,2017-09-28,2017,0,21,Atlanta Utd,Philadelphia Union,1571.725957536622,1471.235189473762,240.49076806286007,0.7996929086122729
2054,2017-09-28,2017,2,18,CF Montreal,New York City,1484.4848009812088,1577.513044489146,46.971756492062696,0.5671889330594612
2055,2017-09-28,2017,10,6,FC Dallas,Colorado Rapids,1486.2336034399564,1412.9581122238164,213.27549121613993,0.7734179429569329
2056,2017-09-28,2017,11,14,Houston Dynamo,Los Angeles Galaxy,1491.1809886197525,1390.209900463067,240.97108815668548,0.8001354419808473
2057,2017-09-28,2017,19,8,New York Red Bulls,DC United,1532.178298380402,1413.9462527955839,258.23204558481825,0.8155528338285208
2058,2017-09-28,2017,20,17,Orlando City,New England Revolution,1449.7056274484166,1481.896846954685,107.80878049373155,0.6503543663753878
2059,2017-09-28,2017,25,4,San Jose Earthquakes,Chicago Fire,1470.4040521871339,1493.1652209379367,117.23883124919712,0.662595225415569
2060,2017-09-28,2017,26,30,Seattle Sounders,Vancouver Whitecaps,1569.6105028891823,1564.1432390060625,145.4672638831198,0.6979124698745488
2061,2017-09-30,2017,20,10,Orlando City,FC Dallas,1463.6914527934011,1495.296885721679,108.39456707172212,0.6511207615100061
2062,2017-10-01,2017,4,18,Chicago Fire,New York City,1519.6690299545594,1600.2006018115246,59.46842814303477,0.5847558599968948
2063,2017-10-01,2017,6,2,Colorado Rapids,CF Montreal,1403.8948299420938,1461.7972436588302,82.09758628326358,0.6159969923198684
2064,2017-10-01,2017,7,8,Columbus Crew,DC United,1530.7557113825242,1426.5683661487246,244.18734523379953,0.8030797741862249
2065,2017-10-01,2017,11,15,Houston Dynamo,Minnesota United,1479.1755709405186,1446.9683698850088,172.2072010555098,0.729345475966481
2066,2017-10-01,2017,14,23,Los Angeles Galaxy,Real Salt Lake,1402.215318142301,1508.3671034702531,33.84821467204779,0.5485579685938491
2067,2017-10-01,2017,17,0,New England Revolution,Atlanta Utd,1467.9110216097006,1579.738241192131,28.172780417569584,0.5404552614549151
2068,2017-10-01,2017,21,26,Philadelphia Union,Seattle Sounders,1463.222905818253,1581.6940040942004,21.528901724052503,0.5309429865121638
2069,2017-10-01,2017,25,22,San Jose Earthquakes,Portland Timbers,1443.9002431705112,1565.0812751481901,18.818968022321087,0.5270562172562258
2070,2017-10-01,2017,27,30,Sporting Kansas City,Vancouver Whitecaps,1573.6239250671642,1552.0597378010443,161.56418726611992,0.7170830400267221
2071,2017-10-01,2017,29,19,Toronto FC,New York Red Bulls,1644.538781927718,1519.5561850272613,264.98259690045666,0.8213267708416448
2072,2017-10-04,2017,0,15,Atlanta Utd,Minnesota United,1581.3564516503277,1436.142188923668,285.2142627266596,0.8377831497861727
2073,2017-10-07,2017,19,30,New York Red Bulls,Vancouver Whitecaps,1512.409255860927,1580.7430594021132,71.66619645881383,0.6016976746180466
2074,2017-10-08,2017,6,10,Colorado Rapids,FC Dallas,1419.254950249299,1501.3417161820792,57.913234067219946,0.582580429875957
2075,2017-10-08,2017,15,27,Minnesota United,Sporting Kansas City,1469.653514915115,1544.9406034660954,64.71291144901966,0.5920671459150926
2076,2017-10-12,2017,11,27,Houston Dynamo,Sporting Kansas City,1490.0017519018593,1548.623289302699,81.37846259916023,0.6150173208121874
2077,2017-10-15,2017,4,21,Chicago Fire,Philadelphia Union,1516.2787955546837,1481.9851863577665,174.29360919691726,0.7317097821500176
2078,2017-10-15,2017,17,18,New England Revolution,New York City,1466.2928111515039,1603.5908362114003,2.7019749401035824,0.5038883761219503
2079,2017-10-15,2017,19,0,New York Red Bulls,Atlanta Utd,1528.341348876205,1547.8451256588808,120.49622321732431,0.6667743996914469
2080,2017-10-15,2017,20,7,Orlando City,Columbus Crew,1457.646622333001,1538.632520415075,59.01410191792593,0.5841206788065304
2081,2017-10-15,2017,29,2,Toronto FC,CF Montreal,1651.6857110940523,1446.437123351625,345.2485877424274,0.8794689251384558
2082,2017-10-16,2017,6,23,Colorado Rapids,Real Salt Lake,1415.9517330542608,1510.309422214007,45.642310840253685,0.5653092975647214
2083,2017-10-16,2017,14,15,Los Angeles Galaxy,Minnesota United,1400.272999398547,1465.9708290785113,74.30217032003566,0.6053285386628032
2084,2017-10-16,2017,22,8,Portland Timbers,DC United,1546.1635238384392,1418.6915571161737,267.4719667222655,0.8234200060082892
2085,2017-10-16,2017,26,10,Seattle Sounders,FC Dallas,1562.9317235546869,1504.6449333771175,198.2867901775694,0.7579421870065716
2086,2017-10-16,2017,27,11,Sporting Kansas City,Houston Dynamo,1533.2239821351866,1505.4010590693717,167.82292306581485,0.7243347544253275
2087,2017-10-16,2017,30,25,Vancouver Whitecaps,San Jose Earthquakes,1564.8109663868352,1462.817994480262,241.99297190657308,0.8010744929233485
2088,2017-10-22,2017,0,29,Atlanta Utd,Toronto FC,1554.5161016465386,1656.506954088514,38.00914755802455,0.5544823821481444
2089,2017-10-22,2017,2,17,CF Montreal,New England Revolution,1441.6158803571632,1486.137276106626,95.47860425053727,0.6340471978742963
2090,2017-10-22,2017,8,19,DC United,New York Red Bulls,1411.6283573565054,1521.6703728885473,29.957984467958113,0.5430064747710694
2091,2017-10-22,2017,10,14,FC Dallas,Los Angeles Galaxy,1494.9626208573804,1416.0598578520348,218.9027630053456,0.7790442852276133
2092,2017-10-22,2017,11,4,Houston Dynamo,Chicago Fire,1514.3744492463848,1527.010404268683,127.36404497770172,0.6754997275602076
2093,2017-10-22,2017,18,7,New York City,Columbus Crew,1583.7463712562783,1561.9973475673362,161.7490236889421,0.717298849917323
2094,2017-10-22,2017,21,20,Philadelphia Union,Orlando City,1471.2535776437671,1434.28179518074,176.97178246302724,0.7347254316478153
2095,2017-10-22,2017,22,30,Portland Timbers,Vancouver Whitecaps,1553.2267235981076,1552.7679866699011,140.45873692820646,0.6917994693051059
2096,2017-10-22,2017,23,27,Real Salt Lake,Sporting Kansas City,1492.921794116596,1524.2505919581736,108.67120215842237,0.6514824169786927
2097,2017-10-22,2017,25,15,San Jose Earthquakes,Minnesota United,1474.8609741971961,1450.1839706250234,164.67700357217268,0.7207041355115502
2098,2017-10-22,2017,26,6,Seattle Sounders,Colorado Rapids,1572.614036074424,1433.339361151672,279.27467492275196,0.8330826751851994
2099,2017-10-26,2017,4,19,Chicago Fire,New York Red Bulls,1514.0303933710913,1543.39063187939,110.63976149170139,0.6540509319021507
2100,2017-10-26,2017,30,25,Vancouver Whitecaps,San Jose Earthquakes,1540.4399654421054,1486.032808776734,194.4071566653713,0.7538212832956772
2101,2017-10-27,2017,0,7,Atlanta Utd,Columbus Crew,1552.3368063606129,1570.6893015640292,121.64750479658369,0.6682452659854687
2102,2017-10-27,2017,11,27,Houston Dynamo,Sporting Kansas City,1527.3544601439764,1510.3098886373214,157.04457150665507,0.7117751637317202
2103,2017-10-30,2017,19,29,New York Red Bulls,Toronto FC,1569.552669155476,1658.6862493744397,50.86641978103626,0.5726840868747025
2104,2017-10-30,2017,30,26,Vancouver Whitecaps,Seattle Sounders,1550.2871141102783,1579.290729067016,110.99638504326231,0.6545152888796896
2105,2017-10-31,2017,11,22,Houston Dynamo,Portland Timbers,1518.8834535947076,1565.5547448259033,93.32870876880429,0.631170890971362
2106,2017-11-01,2017,7,18,Columbus Crew,New York City,1577.4191122034479,1575.0544172595853,142.36469494386256,0.6941338159190239
2107,2017-11-03,2017,26,30,Seattle Sounders,Vancouver Whitecaps,1585.4713406222036,1544.1065025550906,181.36483806711294,0.7396249094683541
2108,2017-11-05,2017,18,7,New York City,Columbus Crew,1562.8197698963463,1589.6537595666869,113.16601032965946,0.6573339712076546
2109,2017-11-05,2017,29,19,Toronto FC,New York Red Bulls,1681.593612849428,1546.6453056804878,274.9483071689401,0.8295907604099094
2110,2017-11-06,2017,22,11,Portland Timbers,Houston Dynamo,1570.8015804647578,1513.6366179558531,197.16496250890464,0.7567554361924749
2111,2017-11-22,2017,7,29,Columbus Crew,Toronto FC,1575.947118414993,1648.4099824330315,67.53713598196146,0.5959877722630404
2112,2017-11-22,2017,11,26,Houston Dynamo,Seattle Sounders,1543.9068354035521,1595.8863442434695,88.02049116008266,0.6240294336105607
2113,2017-11-30,2017,29,7,Toronto FC,Columbus Crew,1652.249493323553,1572.1076075244714,220.1418857990816,0.7802696687159966
2114,2017-12-01,2017,26,11,Seattle Sounders,Houston Dynamo,1620.8475215878918,1518.9456580591298,241.90186352876208,0.8009909045333646
2115,2017-12-09,2017,29,26,Toronto FC,Seattle Sounders,1661.0387065749132,1628.8078854065573,172.230821168356,0.7293723153605169
2116,2018-03-03,2018,11,0,Houston Dynamo,Atlanta Utd,1510.9852942404643,1545.6069957211942,105.37829851927017,0.6471662532858559
2117,2018-03-03,2018,29,7,Toronto FC,Columbus Crew,1671.8638139604925,1563.3183942731112,248.54541968738135,0.8070169710572777
2118,2018-03-04,2018,10,23,FC Dallas,Real Salt Lake,1503.8008494482758,1506.8624974374482,136.93835201082766,0.6874620056929146
2119,2018-03-04,2018,20,8,Orlando City,DC United,1423.6708124466525,1389.9080983656627,173.76271408098978,0.7311094170596382
2120,2018-03-04,2018,21,17,Philadelphia Union,New England Revolution,1481.8645603778546,1511.4991640215978,110.36539635625672,0.6536934830206212
2121,2018-03-04,2018,25,15,San Jose Earthquakes,Minnesota United,1476.1856601085613,1439.0121360454855,177.17352406307577,0.7349517154305837
2122,2018-03-04,2018,26,13,Seattle Sounders,Los Angeles FC,1617.982778020978,1500.0,257.982778020978,0.8153368893184192
2123,2018-03-04,2018,30,2,Vancouver Whitecaps,CF Montreal,1533.6914989338247,1416.2539924421912,257.4375064916335,0.814863830137818
2124,2018-03-05,2018,14,22,Los Angeles Galaxy,Portland Timbers,1407.2216292611395,1540.5313630170588,6.6902662440807035,0.5096268772276644
2125,2018-03-05,2018,27,18,Sporting Kansas City,New York City,1518.7808951865902,1576.5264110480402,82.25448413854997,0.6162106115746696
2126,2018-03-10,2018,4,27,Chicago Fire,Sporting Kansas City,1487.8683560950053,1494.1324707236033,133.735885371402,0.6834875016521533
2127,2018-03-10,2018,7,2,Columbus Crew,CF Montreal,1595.5990731154022,1408.848545647704,326.75052746769825,0.867717594188168
2128,2018-03-10,2018,11,30,Houston Dynamo,Vancouver Whitecaps,1525.0986441090301,1541.096945728312,124.00169838071815,0.6712427382941003
2129,2018-03-10,2018,17,6,New England Revolution,Colorado Rapids,1497.6469033424228,1426.6626681590799,210.9842351833429,0.7710982432597462
2130,2018-03-10,2018,23,13,Real Salt Lake,Los Angeles FC,1514.3609776651647,1532.6134755727367,121.74750209242802,0.6683728672277863
2131,2018-03-11,2018,0,8,Atlanta Utd,DC United,1531.4936458526283,1399.1524750480482,272.3411708045801,0.827458590312392
2132,2018-03-11,2018,18,14,New York City,Los Angeles Galaxy,1601.1748355110271,1426.836554172033,314.3382813389942,0.8592986049759684
2133,2018-03-11,2018,19,22,New York Red Bulls,Portland Timbers,1579.8289360968843,1520.9164381061653,198.91249799071898,0.7586023918226886
2134,2018-03-11,2018,20,15,Orlando City,Minnesota United,1414.426435764267,1428.4102046627088,126.0162311015581,0.6737967244605808
2135,2018-03-17,2018,0,30,Atlanta Utd,Vancouver Whitecaps,1538.3953022401327,1567.946655260076,110.44864698005654,0.6538019621069397
2136,2018-03-17,2018,2,29,CF Montreal,Toronto FC,1403.5572494152307,1639.5831351182014,-96.02588570297075,0.3652221185125364
2137,2018-03-17,2018,8,11,DC United,Houston Dynamo,1392.250818660544,1498.248934577266,34.0018840832779,0.5487770214709968
2138,2018-03-17,2018,15,4,Minnesota United,Chicago Fire,1455.362073641132,1460.528856028919,134.83321761221282,0.6848524328498966
2139,2018-03-17,2018,18,20,New York City,Orlando City,1606.8028913119883,1387.4745667858438,359.32832452614457,0.8877996622728715
2140,2018-03-17,2018,21,7,Philadelphia Union,Columbus Crew,1495.7168210570296,1600.8903693478755,34.82645170915407,0.5499521023234877
2141,2018-03-18,2018,10,26,FC Dallas,Seattle Sounders,1496.3023692205593,1585.3693024482413,50.93306677231794,0.5727779701671751
2142,2018-03-18,2018,23,19,Real Salt Lake,New York Red Bulls,1487.6260629760532,1589.4848404239767,38.14122255207644,0.5546701887789386
2143,2018-03-18,2018,27,25,Sporting Kansas City,San Jose Earthquakes,1521.4719707896895,1486.787591491338,174.6843792983516,0.7321511434366837
2144,2018-03-24,2018,7,8,Columbus Crew,DC United,1602.888453440815,1390.299737801704,352.5887156391111,0.8838765753790889
2145,2018-03-24,2018,10,22,FC Dallas,Portland Timbers,1513.3912504138723,1511.2605337790728,142.13071663479946,0.6938477807268226
2146,2018-03-24,2018,17,18,New England Revolution,New York City,1506.802973612033,1611.2909048210736,35.51206879095935,0.5509287428805407
2147,2018-03-24,2018,19,15,New York Red Bulls,Minnesota United,1571.6716479751342,1467.967976327136,243.70367164799814,0.8026390940912823
2148,2018-03-25,2018,6,27,Colorado Rapids,Sporting Kansas City,1417.5065978894697,1532.1859250522223,25.320672837247457,0.5363750005090737
2149,2018-03-25,2018,30,14,Vancouver Whitecaps,Los Angeles Galaxy,1554.0987337443537,1421.2084983710718,272.89023537328194,0.8279093749521489
2150,2018-03-31,2018,4,22,Chicago Fire,Portland Timbers,1447.922953342915,1519.0144450081457,68.9085083347693,0.5978871516900884
2151,2018-03-31,2018,7,30,Columbus Crew,Vancouver Whitecaps,1607.5333904256515,1540.9823587462677,206.55103167938387,0.7665627607385899
2152,2018-03-31,2018,14,13,Los Angeles Galaxy,Los Angeles FC,1434.3248733691578,1559.3483902618482,14.976483107309605,0.5215395524277441
2153,2018-03-31,2018,20,19,Orlando City,New York Red Bulls,1382.9865532767585,1579.5660842114828,-56.57953093472429,0.4192877421469002
2154,2018-03-31,2018,29,23,Toronto FC,Real Salt Lake,1614.192019858703,1505.4392554248957,248.75276443380722,0.8072027905847429
2155,2018-04-01,2018,6,21,Colorado Rapids,Philadelphia Union,1416.0515978691067,1493.71873696409,62.33286090501656,0.5887539823334345
2156,2018-04-01,2018,11,17,Houston Dynamo,New England Revolution,1500.2000154361058,1504.7658238968113,135.4341915392945,0.6855986139025453
2157,2018-04-01,2018,15,0,Minnesota United,Atlanta Utd,1460.0735400907874,1552.243223755855,47.83031633493238,0.5684017836395644
2158,2018-04-01,2018,25,18,San Jose Earthquakes,New York City,1476.0736372288052,1613.3280545362952,2.74558269250997,0.5039511288653765
2159,2018-04-01,2018,26,2,Seattle Sounders,CF Montreal,1568.2804212549283,1428.9483646747292,279.33205658019915,0.8331286024435839
2160,2018-04-01,2018,27,8,Sporting Kansas City,DC United,1533.6409250725853,1385.6548008168675,287.98612425571787,0.8399399564378133
2161,2018-04-07,2018,0,13,Atlanta Utd,Los Angeles FC,1574.9792951014376,1540.2099723589579,174.76932274247974,0.7322470231661354
2162,2018-04-07,2018,17,2,New England Revolution,CF Montreal,1532.189768452913,1462.2735087724725,209.9162596804406,0.7700113200133585
2163,2018-04-08,2018,4,7,Chicago Fire,Columbus Crew,1444.0074672753115,1576.870879996108,7.136587279203468,0.5102689304875431
2164,2018-04-08,2018,10,6,FC Dallas,Colorado Rapids,1505.6373391847994,1432.5014385757693,213.13590060903016,0.7732770961338462
2165,2018-04-08,2018,20,22,Orlando City,Portland Timbers,1406.2150435908825,1522.9299310757492,23.285112515133278,0.533459888644522
2166,2018-04-08,2018,21,25,Philadelphia Union,San Jose Earthquakes,1477.2688962574275,1455.91559207419,161.35330418323747,0.7168366969946147
2167,2018-04-08,2018,23,30,Real Salt Lake,Vancouver Whitecaps,1497.7273670482855,1571.6448691758112,66.08249787247428,0.593969920832013
2168,2018-04-09,2018,14,27,Los Angeles Galaxy,Sporting Kansas City,1453.463291272048,1540.0433268150728,53.41996445697532,0.5762773727534588
2169,2018-04-12,2018,18,23,New York City,Real Salt Lake,1633.4860996909104,1513.968570215005,259.51752947590535,0.8166633669967928
2170,2018-04-14,2018,4,14,Chicago Fire,Los Angeles Galaxy,1463.5967100558098,1430.4121963619098,173.18451369390004,0.7304545911691592
2171,2018-04-14,2018,6,29,Colorado Rapids,Toronto FC,1443.4325224211232,1621.903908235313,-38.471385814189944,0.4448603974954113
2172,2018-04-14,2018,19,2,New York Red Bulls,CF Montreal,1556.3375938973588,1453.0739615730067,243.2636323243521,0.8022375239134727
2173,2018-04-14,2018,21,20,Philadelphia Union,Orlando City,1468.595428377643,1424.8766480451015,183.71878033254143,0.7422259550926584
2174,2018-04-14,2018,30,13,Vancouver Whitecaps,Los Angeles FC,1555.4036660090917,1529.4998532856032,165.9038127234885,0.7221234415281057
2175,2018-04-15,2018,0,18,Atlanta Utd,New York City,1585.6894141747923,1640.8195650110385,84.86984916375377,0.6197648191389601
2176,2018-04-15,2018,8,7,DC United,Columbus Crew,1379.25239907438,1557.2816372156096,-38.0292381412296,0.4454890486479454
2177,2018-04-15,2018,17,10,New England Revolution,FC Dallas,1541.3893156523789,1494.7062553394455,186.68306031293332,0.7454771902559977
2178,2018-04-15,2018,22,15,Portland Timbers,Minnesota United,1504.2683266215302,1437.337468745205,206.93085787632526,0.7669537863920873
2179,2018-04-15,2018,25,11,San Jose Earthquakes,Houston Dynamo,1464.5890599539746,1472.776070880004,131.81298907397058,0.6810880526481554
2180,2018-04-15,2018,27,26,Sporting Kansas City,Seattle Sounders,1563.094421725211,1534.955277157185,168.13914456802604,0.7246980758446677
2181,2018-04-21,2018,2,13,CF Montreal,Los Angeles FC,1445.1634625295455,1558.3847909467274,26.778671582818106,0.5384614751296862
2182,2018-04-21,2018,11,29,Houston Dynamo,Toronto FC,1480.01959298593,1599.6983241351295,20.321268850800607,0.5292113536205596
2183,2018-04-21,2018,19,4,New York Red Bulls,Chicago Fire,1564.24809294082,1434.3785264090434,269.8695665317766,0.8254178159788669
2184,2018-04-21,2018,27,30,Sporting Kansas City,Vancouver Whitecaps,1554.1064986914243,1526.5187283479675,167.5877703434569,0.7240643841869382
2185,2018-04-22,2018,7,17,Columbus Crew,New England Revolution,1535.1011991615273,1511.570228042139,163.53097111938837,0.7193742772633448
2186,2018-04-22,2018,10,21,FC Dallas,Philadelphia Union,1524.5253429496854,1438.9063901739366,225.61895277574877,0.7856274137572641
2187,2018-04-22,2018,14,0,Los Angeles Galaxy,Atlanta Utd,1459.6303800086762,1580.898821409234,18.731558599442224,0.5269307916193682
2188,2018-04-22,2018,20,25,Orlando City,San Jose Earthquakes,1454.5656862488079,1457.3455378480485,137.2201484007594,0.6878104316515605
2189,2018-04-22,2018,22,18,Portland Timbers,New York City,1513.5901751658466,1645.610157776597,7.980017389249724,0.5114821491326798
2190,2018-04-22,2018,23,6,Real Salt Lake,Colorado Rapids,1506.6351048948768,1465.6381065213068,180.99699837357002,0.7392169232387179
2191,2018-04-22,2018,26,15,Seattle Sounders,Minnesota United,1543.9432001909718,1428.0156202008884,255.92757999008336,0.8135489830114833
2192,2018-04-28,2018,0,2,Atlanta Utd,CF Montreal,1601.9760530740086,1423.6250035243581,318.3510495496505,0.8620683102046108
2193,2018-04-28,2018,21,8,Philadelphia Union,DC United,1430.3314867242273,1401.4328371284623,168.89864959576494,0.7255694919366155
2194,2018-04-28,2018,29,4,Toronto FC,Chicago Fire,1580.8667782799519,1467.3952390481982,253.4715392317537,0.8113949023267687
2195,2018-04-28,2018,30,23,Vancouver Whitecaps,Real Salt Lake,1515.481303715445,1517.066427965328,138.41487575011683,0.6892852867204717
2196,2018-04-29,2018,6,20,Colorado Rapids,Orlando City,1455.2067834508555,1467.0532689827455,128.15351446810996,0.676495097003769
2197,2018-04-29,2018,7,25,Columbus Crew,San Jose Earthquakes,1526.3262280709935,1444.8579551141108,221.46827295688263,0.7815759306272
2198,2018-04-29,2018,14,19,Los Angeles Galaxy,New York Red Bulls,1438.5531483439015,1531.2313803016652,47.32176804223627,0.5676834774084751
2199,2018-04-29,2018,15,11,Minnesota United,Houston Dynamo,1420.5575795213476,1498.8511388411077,61.70644068023989,0.5878806177503908
2200,2018-04-29,2018,17,27,New England Revolution,Sporting Kansas City,1520.3451991326729,1565.1439233239469,95.201275808726,0.6336766966658415
2201,2018-04-29,2018,18,10,New York City,FC Dallas,1626.069443741904,1533.1002463993948,232.96919734250923,0.7926672448044572
2202,2018-04-30,2018,13,26,Los Angeles FC,Seattle Sounders,1579.9232499519148,1551.4012408705125,168.5220090814023,0.7251375688548356
2203,2018-05-05,2018,2,17,CF Montreal,New England Revolution,1418.1077359325425,1534.9981312660393,23.109604666503174,0.5332084351687073
2204,2018-05-05,2018,13,10,Los Angeles FC,FC Dallas,1590.9177471977214,1524.8069361915732,206.1108110061482,0.7661089892344326
2205,2018-05-05,2018,15,30,Minnesota United,Vancouver Whitecaps,1437.042354811332,1527.909892246626,49.132462564705975,0.5702397005782683
2206,2018-05-05,2018,19,18,New York Red Bulls,New York City,1553.9387193980042,1634.3627539497256,59.575965448278566,0.584906163859826
2207,2018-05-05,2018,26,7,Seattle Sounders,Columbus Crew,1540.406743624706,1535.0631908459054,145.34355277880059,0.6977623081202304
2208,2018-05-05,2018,29,21,Toronto FC,Philadelphia Union,1568.410982186881,1441.3087070467627,267.1022751401183,0.8231103660327697
2209,2018-05-06,2018,4,0,Chicago Fire,Atlanta Utd,1479.851035141269,1607.4933206658243,12.357714475444709,0.5177766848639376
2210,2018-05-06,2018,11,14,Houston Dynamo,Los Angeles Galaxy,1482.3663635511234,1415.8458092475626,206.52055430356086,0.766531364947287
2211,2018-05-06,2018,20,23,Orlando City,Real Salt Lake,1494.1130728628964,1504.637839434147,129.47523342874933,0.6781579560781377
2212,2018-05-06,2018,25,22,San Jose Earthquakes,Portland Timbers,1436.120992339199,1533.1308892005395,42.99010313865938,0.5615539121506582
2213,2018-05-06,2018,27,6,Sporting Kansas City,Colorado Rapids,1550.4909911905804,1428.1469795707046,262.3440116198758,0.8190869219650482
2214,2018-05-10,2018,0,27,Atlanta Utd,Sporting Kansas City,1628.2043880603817,1557.7275143119784,210.47687374840325,0.7705823312010152
2215,2018-05-10,2018,4,2,Chicago Fire,CF Montreal,1459.1399677467116,1436.7793985257942,162.36056922091734,0.7180121621357296
2216,2018-05-10,2018,7,21,Columbus Crew,Philadelphia Union,1542.9736831707146,1434.2331216880734,248.74056148264117,0.8071918582394371
2217,2018-05-10,2018,13,15,Los Angeles FC,Minnesota United,1580.2733876283442,1454.2327667882012,266.040620840143,0.8222187941843735
2218,2018-05-10,2018,29,26,Toronto FC,Seattle Sounders,1575.4865675455703,1532.4962512998968,182.9903162456735,0.741422836118611
2219,2018-05-12,2018,2,21,CF Montreal,Philadelphia Union,1425.4998850112233,1426.5207960176508,138.97908899357253,0.6899804590988722
2220,2018-05-12,2018,10,14,FC Dallas,Los Angeles Galaxy,1535.4512957609504,1406.507063845454,268.9442319154964,0.8246488968012072
2221,2018-05-12,2018,15,25,Minnesota United,San Jose Earthquakes,1447.1215185555761,1413.6588358531726,173.46268270240353,0.7307697498510239
2222,2018-05-12,2018,30,11,Vancouver Whitecaps,Houston Dynamo,1510.7194802697568,1491.705108953232,159.01437131652483,0.7140957928698369
2223,2018-05-13,2018,6,19,Colorado Rapids,New York Red Bulls,1420.9104564493066,1570.5424728436112,-9.632016394304628,0.48614196427477857
2224,2018-05-13,2018,7,4,Columbus Crew,Chicago Fire,1550.6860088411372,1470.4194812612825,220.2665275798547,0.7803926578475588
2225,2018-05-13,2018,17,29,New England Revolution,Toronto FC,1516.3264686727875,1545.8296541008258,110.49681457196175,0.6538647192161996
2226,2018-05-13,2018,20,0,Orlando City,Atlanta Utd,1506.9867546197709,1597.3810948123412,49.605659807429674,0.5709071191583267
2227,2018-05-13,2018,22,26,Portland Timbers,Seattle Sounders,1555.5930456865658,1562.1531647446413,133.43988094192446,0.6831187694665202
2228,2018-05-13,2018,23,8,Real Salt Lake,DC United,1491.7641576772726,1390.4556168059269,241.3085408713457,0.8004459084141798
2229,2018-05-14,2018,13,18,Los Angeles FC,New York City,1587.3846358609692,1617.7590005041186,109.62563535685058,0.6527288422224359
2230,2018-05-17,2018,30,25,Vancouver Whitecaps,San Jose Earthquakes,1502.1556485549634,1442.8896258472137,199.2660227077497,0.7589748641439874
2231,2018-05-19,2018,10,30,FC Dallas,Vancouver Whitecaps,1542.4653398889022,1491.7966539892038,190.6686858996984,0.749805867774086
2232,2018-05-19,2018,18,6,New York City,Colorado Rapids,1623.868154193016,1401.4647778783155,362.4033763147004,0.8895508589907978
2233,2018-05-19,2018,22,13,Portland Timbers,Los Angeles FC,1568.268294907905,1581.2754821720719,126.99281273583324,0.6750311253070069
2234,2018-05-19,2018,29,20,Toronto FC,Orlando City,1531.9842428694737,1484.1504698534377,187.83377301603605,0.7467319959396479
2235,2018-05-20,2018,4,11,Chicago Fire,Houston Dynamo,1461.6351875751848,1500.2689406680254,101.3662469071594,0.6418748918314668
2236,2018-05-20,2018,15,27,Minnesota United,Sporting Kansas City,1417.890728561535,1588.550807560019,-30.66007899848387,0.4559907807690406
2237,2018-05-20,2018,17,7,New England Revolution,Columbus Crew,1530.1718799041396,1559.470302527235,110.70157737690465,0.6541314429933813
2238,2018-05-20,2018,21,23,Philadelphia Union,Real Salt Lake,1454.1200143816056,1499.7463213407054,94.3736930409002,0.6325701359272887
2239,2018-05-20,2018,25,8,San Jose Earthquakes,DC United,1453.2486204129732,1382.473453142494,210.7751672704792,0.7708857507695499
2240,2018-05-21,2018,0,19,Atlanta Utd,New York Red Bulls,1620.2173795786744,1589.9881514146023,170.22922816407208,0.7270919867004323
2241,2018-05-21,2018,2,14,CF Montreal,Los Angeles Galaxy,1397.9006666472685,1399.4930197175022,138.40764692976632,0.6892763744701309
2242,2018-05-26,2018,11,18,Houston Dynamo,New York City,1525.9439363412841,1628.286119833384,37.65781650790018,0.5539827244607757
2243,2018-05-26,2018,14,25,Los Angeles Galaxy,San Jose Earthquakes,1427.0640746963074,1422.4131903821913,144.65088431411618,0.6969207594043212
2244,2018-05-26,2018,26,23,Seattle Sounders,Real Salt Lake,1549.477915523302,1485.049126777797,204.42878874550502,0.7643695527666481
2245,2018-05-26,2018,29,10,Toronto FC,FC Dallas,1542.1149630318878,1532.4731051779388,149.64185785394898,0.7029546955666459
2246,2018-05-26,2018,30,17,Vancouver Whitecaps,New England Revolution,1501.7888887001673,1504.0066221844043,137.782266515763,0.6885048260302337
2247,2018-05-27,2018,6,22,Colorado Rapids,Portland Timbers,1397.0468122379475,1581.2670498956247,-44.22023765767722,0.4367033787948317
2248,2018-05-27,2018,13,8,Los Angeles FC,DC United,1568.2767271843522,1413.308883173276,294.9678440110763,0.8452696025180605
2249,2018-05-27,2018,15,2,Minnesota United,CF Montreal,1419.6510973307734,1370.3296116684633,189.32148566231012,0.7483482160039937
2250,2018-05-27,2018,19,21,New York Red Bulls,Philadelphia Union,1619.0718308826195,1468.817208944514,290.2546219381054,0.8416877713853664
2251,2018-05-27,2018,20,4,Orlando City,Chicago Fire,1474.0197496910237,1435.960191901926,178.05955778909765,0.735944074149108
2252,2018-05-27,2018,27,7,Sporting Kansas City,Columbus Crew,1586.7904387907806,1585.6355602469703,141.15487854381036,0.6926532231045305
2253,2018-05-31,2018,14,10,Los Angeles Galaxy,FC Dallas,1439.1872443201346,1560.5912930006045,18.59595131953006,0.5267361991322074
2254,2018-05-31,2018,17,0,New England Revolution,Atlanta Utd,1511.5468152256135,1591.1337001106572,60.41311511495633,0.5860756976847001
2255,2018-05-31,2018,21,4,Philadelphia Union,Chicago Fire,1482.4847197999286,1465.3979548678903,157.08676493203825,0.7118249893127875
2256,2018-05-31,2018,23,11,Real Salt Lake,Houston Dynamo,1515.623908888463,1543.7846273628531,111.83928152560975,0.6556116464941495
2257,2018-06-02,2018,6,30,Colorado Rapids,Vancouver Whitecaps,1379.5786770861541,1494.248695658958,25.329981427196117,0.5363883257209822
2258,2018-06-02,2018,22,14,Portland Timbers,Los Angeles Galaxy,1598.735185047418,1418.1177963548464,320.6173886925717,0.8636122615477221
2259,2018-06-03,2018,0,21,Atlanta Utd,Philadelphia Union,1594.5767280180453,1494.011720227417,240.56500779062821,0.7997613558634683
2260,2018-06-03,2018,2,11,CF Montreal,Houston Dynamo,1360.263540308623,1530.0090932226192,-29.745552913996107,0.45729699299296067
2261,2018-06-03,2018,4,25,Chicago Fire,San Jose Earthquakes,1453.8709544404019,1410.290020758364,183.58093368203777,0.7420741065252097
2262,2018-06-03,2018,7,29,Columbus Crew,Toronto FC,1593.3416891711515,1513.996775209222,219.34491396192948,0.779482094622654
2263,2018-06-03,2018,10,13,FC Dallas,Los Angeles FC,1581.6607409658927,1554.4659430836298,167.19479788226295,0.7236121923085264
2264,2018-06-03,2018,17,19,New England Revolution,New York Red Bulls,1508.1037873182254,1605.404320027205,42.69946729102048,0.5611419501492771
2265,2018-06-03,2018,18,20,New York City,Orlando City,1610.445428811815,1444.5819867250593,305.86344208675564,0.8532962452388965
2266,2018-06-03,2018,23,26,Real Salt Lake,Seattle Sounders,1529.3994430286969,1518.9031334126362,150.49630961606067,0.7039807232509123
2267,2018-06-04,2018,27,15,Sporting Kansas City,Minnesota United,1579.0843098665994,1429.7171686906136,289.3671411759858,0.8410058442933578
2268,2018-06-09,2018,7,19,Columbus Crew,New York Red Bulls,1582.1624053862454,1587.849998033176,134.31240735306937,0.6842050121014345
2269,2018-06-09,2018,18,0,New York City,Atlanta Utd,1616.313579002259,1602.5862737835066,153.72730521875246,0.707841865646924
2270,2018-06-09,2018,21,29,Philadelphia Union,Toronto FC,1486.0021744619557,1525.1760589941282,100.82611546782755,0.6411598497813599
2271,2018-06-10,2018,4,17,Chicago Fire,New England Revolution,1464.1879901793934,1525.6581093122543,78.52988086713913,0.6111275587680952
2272,2018-06-10,2018,10,2,FC Dallas,CF Montreal,1592.7162532735517,1381.9716605889046,350.74459268464716,0.8827825526613331
2273,2018-06-10,2018,11,6,Houston Dynamo,Colorado Rapids,1508.3009729423377,1358.123144057315,290.1778288850228,0.8416288587151178
2274,2018-06-10,2018,14,23,Los Angeles Galaxy,Real Salt Lake,1432.6622868167553,1541.2402140986603,31.422072718095023,0.5450971089840485
2275,2018-06-10,2018,22,27,Portland Timbers,Sporting Kansas City,1584.1906945855092,1585.444076094865,138.7466184906441,0.6896941337662167
2276,2018-06-10,2018,26,8,Seattle Sounders,DC United,1507.0623623426727,1427.1196672739984,219.9426950686743,0.7800730163845624
2277,2018-06-10,2018,30,20,Vancouver Whitecaps,Orlando City,1515.7042286877972,1438.7138365346152,216.99039215318203,0.7771435267244197
2278,2018-06-14,2018,2,20,CF Montreal,Orlando City,1377.2829626953578,1429.799577603592,87.48338509176574,0.6233037607086712
2279,2018-06-14,2018,6,4,Colorado Rapids,Chicago Fire,1351.7882984059197,1459.7428878286696,32.045410577250095,0.5459867218207664
2280,2018-06-14,2018,7,0,Columbus Crew,Atlanta Utd,1574.794204902188,1610.8999484093836,103.89425649280452,0.6452131213661717
2281,2018-06-14,2018,19,26,New York Red Bulls,Seattle Sounders,1595.2181985172333,1515.8594416872902,219.3587568299431,0.7794957915169886
2282,2018-06-14,2018,25,17,San Jose Earthquakes,New England Revolution,1399.9729850193726,1530.103211662978,9.86977335639449,0.5141999261197473
2283,2018-06-14,2018,29,8,Toronto FC,DC United,1550.8224529853826,1418.322587929381,272.4998650560017,0.8275889749961897
2284,2018-06-23,2018,19,10,New York Red Bulls,FC Dallas,1604.0383668565537,1597.4049511670985,146.6334156894552,0.6993258738465897
2285,2018-06-23,2018,21,30,Philadelphia Union,Vancouver Whitecaps,1460.3557804707013,1524.6184876188204,75.73729285188097,0.6073004680161418
2286,2018-06-24,2018,0,22,Atlanta Utd,Portland Timbers,1636.7084732640305,1576.6029292348605,200.10554402917,0.7598578080543806
2287,2018-06-24,2018,6,15,Colorado Rapids,Minnesota United,1349.948829533089,1423.3574024623479,66.59142707074125,0.5946762641992795
2288,2018-06-24,2018,13,7,Los Angeles FC,Columbus Crew,1543.4104307759708,1548.985680047541,134.42475072842967,0.684344727058635
2289,2018-06-24,2018,18,29,New York City,Toronto FC,1607.9999043763821,1537.718893985535,210.2810103908471,0.7703829485947141
2290,2018-06-24,2018,20,2,Orlando City,CF Montreal,1414.731728031939,1392.350812267011,162.38091576492798,0.718035875732891
2291,2018-06-24,2018,23,25,Real Salt Lake,San Jose Earthquakes,1523.0440984580223,1399.4049879745826,263.6391104834397,0.8201890312762441
2292,2018-06-24,2018,26,4,Seattle Sounders,Chicago Fire,1507.0392733479698,1461.5823567015002,185.4569166464696,0.7441356322747039
2293,2018-06-24,2018,27,11,Sporting Kansas City,Houston Dynamo,1593.0318414455137,1514.635818593733,218.3960228517808,0.7785417555162988
2294,2018-06-30,2018,15,10,Minnesota United,FC Dallas,1407.144453030319,1585.377986120962,-38.23353309064305,0.4451985577041387
2295,2018-06-30,2018,26,22,Seattle Sounders,Portland Timbers,1497.2738480569817,1586.9972415570357,50.276606499945956,0.5718530100005835
2296,2018-07-01,2018,0,20,Atlanta Utd,Orlando City,1626.3141609418553,1386.0102930026233,380.3038679392321,0.8992759230694768
2297,2018-07-01,2018,2,27,CF Montreal,Sporting Kansas City,1421.0722472963266,1601.8901712248617,-40.81792392853504,0.4415270597523875
2298,2018-07-01,2018,4,18,Chicago Fire,New York City,1471.3477819924883,1617.1845864325935,-5.8368044401051975,0.4916009533276749
2299,2018-07-01,2018,7,23,Columbus Crew,Real Salt Lake,1536.3594691298865,1510.2365372069726,166.12293192291395,0.7223764748781009
2300,2018-07-01,2018,13,21,Los Angeles FC,Philadelphia Union,1556.0366416936254,1476.0637617500556,219.97287994356975,0.7801028247193472
2301,2018-07-01,2018,17,8,New England Revolution,DC United,1530.671208707768,1431.4261469292285,239.2450617785396,0.7985417812293635
2302,2018-07-01,2018,25,14,San Jose Earthquakes,Los Angeles Galaxy,1412.2125492256323,1450.8584024573934,101.35414676823893,0.6418588802030198
2303,2018-07-01,2018,29,19,Toronto FC,New York Red Bulls,1528.5342119293236,1616.06533190269,52.46888002663354,0.5749399512191068
2304,2018-07-02,2018,30,6,Vancouver Whitecaps,Colorado Rapids,1508.910506339466,1366.161778965118,282.74872737434816,0.8358450584535002
2305,2018-07-04,2018,11,13,Houston Dynamo,Los Angeles FC,1505.777488814385,1564.8325287048515,80.94496010953344,0.6144263034025084
2306,2018-07-05,2018,6,26,Colorado Rapids,Seattle Sounders,1399.5955813032579,1474.3997276569585,65.19585364629938,0.5927384187529038
2307,2018-07-05,2018,10,0,FC Dallas,Atlanta Utd,1603.1859284291277,1630.3431240190762,112.84280441005149,0.6569147732538758
2308,2018-07-05,2018,14,8,Los Angeles Galaxy,DC United,1456.532757665514,1423.367818178403,173.16493948711104,0.7304324053070949
2309,2018-07-05,2018,15,29,Minnesota United,Toronto FC,1389.3365107221534,1505.5366138805593,23.79989684159409,0.5341973315372658
2310,2018-07-05,2018,23,27,Real Salt Lake,Sporting Kansas City,1499.1315962020967,1579.5512536149572,59.58034258713951,0.5849122814104962
2311,2018-07-08,2018,2,6,CF Montreal,Colorado Rapids,1443.411164906231,1375.8860445531418,207.52512035308928,0.7675646558464166
2312,2018-07-08,2018,11,15,Houston Dynamo,Minnesota United,1501.2004366782846,1407.9686174606627,233.23181921762193,0.7929155885542182
2313,2018-07-08,2018,13,20,Los Angeles FC,Orlando City,1569.4095808409518,1381.9813299254024,327.42825091554937,0.8681647568848584
2314,2018-07-08,2018,14,7,Los Angeles Galaxy,Columbus Crew,1447.3154614532302,1547.4644101347624,39.85105131846785,0.5571000852898542
2315,2018-07-08,2018,17,26,New England Revolution,Seattle Sounders,1538.7295374585935,1498.1092644070745,180.620273051519,0.7387986529638375
2316,2018-07-08,2018,21,0,Philadelphia Union,Atlanta Utd,1467.2678747388295,1616.6197149492311,-9.351840210401633,0.48654486939790514
2317,2018-07-08,2018,22,25,Portland Timbers,San Jose Earthquakes,1609.871361957059,1406.5381940175116,343.33316793954737,0.8782952289390291
2318,2018-07-08,2018,23,10,Real Salt Lake,FC Dallas,1515.7351049456768,1616.9093374989727,38.82576744670405,0.5556433395128095
2319,2018-07-08,2018,27,29,Sporting Kansas City,Toronto FC,1562.9477448713772,1486.90450714205,216.04323772932707,0.7761978152903054
2320,2018-07-08,2018,30,4,Vancouver Whitecaps,Chicago Fire,1475.4767040013262,1491.6837438593814,123.79296014194483,0.6709775209105964
2321,2018-07-09,2018,18,19,New York City,New York Red Bulls,1596.8486245657004,1639.0629299514544,97.78569461424604,0.6371232106513605
2322,2018-07-12,2018,4,21,Chicago Fire,Philadelphia Union,1478.5228446958051,1447.8060799629134,170.71676473289176,0.7276485205116546
2323,2018-07-12,2018,18,2,New York City,CF Montreal,1611.363696139646,1452.7085786723744,298.65511746727157,0.8480253828607647
2324,2018-07-15,2018,0,26,Atlanta Utd,Seattle Sounders,1636.0815097251473,1507.6612105256281,268.42029919951915,0.8242123468797199
2325,2018-07-15,2018,2,25,CF Montreal,San Jose Earthquakes,1446.629593986805,1401.6700031750727,184.95959081173237,0.7435901734474901
2326,2018-07-15,2018,6,11,Colorado Rapids,Houston Dynamo,1366.5886307869985,1509.483813136116,-2.8951823491174764,0.4958335941124156
2327,2018-07-15,2018,8,30,DC United,Vancouver Whitecaps,1432.5851143906868,1488.6376031649024,83.94751122578441,0.6185128310043585
2328,2018-07-15,2018,10,4,FC Dallas,Chicago Fire,1599.135071079485,1449.416903875339,289.7181672041461,0.8412758518337303
2329,2018-07-15,2018,13,22,Los Angeles FC,Portland Timbers,1574.6829905655575,1614.739552799498,99.94343776605956,0.6399899844402673
2330,2018-07-15,2018,15,23,Minnesota United,Real Salt Lake,1399.6852410028314,1533.5093713651645,6.175869637666892,0.508886854875151
2331,2018-07-15,2018,17,14,New England Revolution,Los Angeles Galaxy,1529.17759134004,1465.0314580416361,204.1461332984038,0.7640763725903535
2332,2018-07-15,2018,18,7,New York City,Columbus Crew,1617.4426808252153,1529.7484135463565,227.6942672788589,0.787632536456582
2333,2018-07-15,2018,19,27,New York Red Bulls,Sporting Kansas City,1624.5478583775089,1551.899832259765,212.64802611774394,0.7727843451436115
2334,2018-07-15,2018,20,29,Orlando City,Toronto FC,1376.7079202007967,1497.9524197536623,18.75550044713441,0.5269651466236693
2335,2018-07-19,2018,15,17,Minnesota United,New England Revolution,1419.3297668078253,1498.6145364364259,60.71523037139946,0.5864975280865258
2336,2018-07-21,2018,0,8,Atlanta Utd,DC United,1623.1130158499584,1447.8446011505125,315.2684146994459,0.8599447168266303
2337,2018-07-21,2018,26,30,Seattle Sounders,Vancouver Whitecaps,1520.629704400817,1473.3781164050768,187.25158799574024,0.7460976580350597
2338,2018-07-22,2018,4,29,Chicago Fire,Toronto FC,1443.067937948688,1479.031025618609,104.03691233007908,0.6454010808201834
2339,2018-07-22,2018,7,20,Columbus Crew,Orlando City,1521.2537150046198,1395.62931433585,265.6244006687698,0.8218682947877559
2340,2018-07-22,2018,11,10,Houston Dynamo,FC Dallas,1509.3171569006126,1605.4840370061358,43.833119894476795,0.5627483649717481
2341,2018-07-22,2018,19,17,New York Red Bulls,New England Revolution,1633.6364845717644,1482.074437559887,291.56204701187744,0.8426880489960707
2342,2018-07-22,2018,21,14,Philadelphia Union,Los Angeles Galaxy,1476.9120207833796,1495.5945129452502,121.31750783812936,0.6678239990759958
2343,2018-07-22,2018,22,2,Portland Timbers,CF Montreal,1620.3391521771086,1456.8859870489055,303.4531651282032,0.8515508620105022
2344,2018-07-22,2018,23,6,Real Salt Lake,Colorado Rapids,1513.8648455601706,1366.7552870225018,287.1095585376688,0.8392604148868879
2345,2018-07-23,2018,15,13,Minnesota United,Los Angeles FC,1435.8698656843642,1569.0833911879467,6.786474496417441,0.5097652799648356
2346,2018-07-26,2018,8,19,DC United,New York Red Bulls,1442.2423898235777,1639.9289626119216,-57.68657278834394,0.41773689817604764
2347,2018-07-26,2018,11,21,Houston Dynamo,Philadelphia Union,1506.8072223017427,1450.1990608203398,196.60816148140293,0.7561649474840996
2348,2018-07-26,2018,25,26,San Jose Earthquakes,Seattle Sounders,1391.4136101129723,1530.7857980794147,0.627812033557575,0.5009034931601812
2349,2018-07-27,2018,13,14,Los Angeles FC,Los Angeles Galaxy,1549.4740023865402,1522.30747290829,167.16652947825014,0.7235796463140733
2350,2018-07-27,2018,20,18,Orlando City,New York City,1388.5040461273602,1625.937379366952,-97.43333323959178,0.36334586973090766
2351,2018-07-29,2018,2,0,CF Montreal,Atlanta Utd,1470.9480215293256,1628.7152271768932,-17.767205647567607,0.47445320104032446
2352,2018-07-29,2018,8,6,DC United,Colorado Rapids,1425.5329138965358,1380.3257036179773,185.20721027855848,0.743861853621569
2353,2018-07-29,2018,19,7,New York Red Bulls,Columbus Crew,1656.6384385389636,1528.3789832131097,268.2594553258539,0.8240781575255239
2354,2018-07-29,2018,22,11,Portland Timbers,Houston Dynamo,1606.2771176966885,1476.5606244023788,269.71649329430966,0.8252908014951359
2355,2018-07-29,2018,25,23,San Jose Earthquakes,Real Salt Lake,1371.377470386565,1500.294428964695,11.083041421869893,0.5159443708600636
2356,2018-07-29,2018,26,18,Seattle Sounders,New York City,1550.821937805822,1640.4712141561884,50.350723649633665,0.5719574672036535
2357,2018-07-29,2018,27,10,Sporting Kansas City,FC Dallas,1542.8112060655094,1607.9939716050058,74.81723446050364,0.6060366604569936
2358,2018-07-29,2018,29,4,Toronto FC,Chicago Fire,1504.8470688514162,1417.2518947158808,227.59517413553544,0.7875371070593897
2359,2018-07-29,2018,30,15,Vancouver Whitecaps,Minnesota United,1463.222022726479,1455.4792544857708,147.7427682407083,0.7006669301408418
2360,2018-07-30,2018,14,20,Los Angeles Galaxy,Orlando City,1531.250658760853,1373.9702113381238,297.28044742272914,0.8470027270186827
2361,2018-08-04,2018,0,29,Atlanta Utd,Toronto FC,1647.6933552185062,1513.3455845690407,274.3477706494655,0.8291014923759977
2362,2018-08-05,2018,2,8,CF Montreal,DC United,1451.9698934877126,1435.778439751673,156.19145373603965,0.7107666311082366
2363,2018-08-05,2018,6,14,Colorado Rapids,Los Angeles Galaxy,1370.08017776284,1537.3705496801056,-27.290371917265475,0.4608065697057754
2364,2018-08-05,2018,10,25,FC Dallas,San Jose Earthquakes,1632.2354380232855,1370.7396955521624,401.4957424711231,0.9097999926732584
2365,2018-08-05,2018,11,27,Houston Dynamo,Sporting Kansas City,1469.5722564621842,1518.5697396472297,91.00251681495456,0.6280481900667293
2366,2018-08-05,2018,15,26,Minnesota United,Seattle Sounders,1443.5059316914044,1567.943639117676,15.562292573728428,0.5223809735682663
2367,2018-08-05,2018,18,30,New York City,Vancouver Whitecaps,1623.3495128443344,1475.1953455208454,288.154167323489,0.8400699628128739
2368,2018-08-05,2018,19,13,New York Red Bulls,Los Angeles FC,1623.6753122379425,1540.5308165339773,223.14449570396528,0.7832187029502395
2369,2018-08-05,2018,20,17,Orlando City,New England Revolution,1367.8503204188712,1475.7819595197298,32.06836089914145,0.5460194704008727
2370,2018-08-05,2018,22,21,Portland Timbers,Philadelphia Union,1613.265485636883,1480.4456587197037,272.8198269171794,0.8278516214602167
2371,2018-08-05,2018,23,4,Real Salt Lake,Chicago Fire,1500.9322037990976,1408.7533789982563,232.1788248008413,0.7919185164189487
2372,2018-08-12,2018,4,19,Chicago Fire,New York Red Bulls,1400.4301196550143,1632.346564119933,-91.91644446491864,0.3707236534948586
2373,2018-08-12,2018,6,25,Colorado Rapids,San Jose Earthquakes,1391.6479149746092,1407.1316952590928,124.5162197155164,0.6718960094879288
2374,2018-08-12,2018,7,11,Columbus Crew,Houston Dynamo,1561.3421095141307,1444.4503288595151,256.89178065461556,0.8143894396665878
2375,2018-08-12,2018,13,27,Los Angeles FC,Sporting Kansas City,1531.8595646519868,1543.6916672498987,128.1678974020881,0.6765132163430978
2376,2018-08-12,2018,14,15,Los Angeles Galaxy,Minnesota United,1515.8028124683365,1422.6106927486737,233.19211971966274,0.7928780615283366
2377,2018-08-12,2018,17,21,New England Revolution,Philadelphia Union,1477.6227383357646,1473.5597235781124,144.06301475765213,0.6962054970789285
2378,2018-08-12,2018,22,30,Portland Timbers,Vancouver Whitecaps,1620.1514207784744,1488.7981440333604,271.35327674511404,0.8266451718985922
2379,2018-08-12,2018,23,2,Real Salt Lake,CF Montreal,1509.2554631423395,1443.5392282433831,205.71623489895637,0.7657017468578033
2380,2018-08-12,2018,29,18,Toronto FC,New York City,1526.5096442640806,1609.7467143318195,56.76292993226116,0.5809692907843865
2381,2018-08-13,2018,8,20,DC United,Orlando City,1444.2091049960025,1366.0095416028364,218.19956339316604,0.77834670855715
2382,2018-08-13,2018,26,10,Seattle Sounders,FC Dallas,1588.8388780604066,1595.843438316355,132.9954397440515,0.6825646977066775
2383,2018-08-15,2018,14,6,Los Angeles Galaxy,Colorado Rapids,1504.087690007203,1404.7720745950921,239.3156154121109,0.7986071100857465
2384,2018-08-16,2018,8,22,DC United,Portland Timbers,1453.0752366537165,1587.0856139025307,5.989622751185834,0.5086189062047972
2385,2018-08-16,2018,13,23,Los Angeles FC,Real Salt Lake,1504.799035998263,1498.6273932680274,146.1716427302356,0.698766644746218
2386,2018-08-18,2018,26,14,Seattle Sounders,Los Angeles Galaxy,1601.5362901521396,1492.143405603773,249.3928845483665,0.807775598143561
2387,2018-08-19,2018,0,7,Atlanta Utd,Columbus Crew,1634.5292955234663,1568.7665319274672,205.7627635959991,0.7657497947531076
2388,2018-08-19,2018,2,4,CF Montreal,Chicago Fire,1454.1672981176953,1385.60117351522,208.56612460247538,0.7686320584457436
2389,2018-08-19,2018,10,15,FC Dallas,Minnesota United,1583.1460262246221,1434.3258152098072,288.82021101481496,0.8405844060887813
2390,2018-08-19,2018,11,23,Houston Dynamo,Real Salt Lake,1437.0259064461786,1486.578059057876,90.44784738830253,0.6273020045786202
2391,2018-08-19,2018,21,18,Philadelphia Union,New York City,1501.4079434612695,1632.9854859631948,8.422457498074664,0.5121185168970102
2392,2018-08-19,2018,25,29,San Jose Earthquakes,Toronto FC,1394.0075356386099,1503.2708726327053,30.736663005904575,0.5441185765045619
2393,2018-08-19,2018,27,22,Sporting Kansas City,Portland Timbers,1570.7521959036226,1567.4303701507226,143.32182575289994,0.6953023362760756
2394,2018-08-19,2018,30,19,Vancouver Whitecaps,New York Red Bulls,1521.863950909304,1647.1755102597274,14.688440649576705,0.5211257806083868
2395,2018-08-20,2018,8,17,DC United,New England Revolution,1472.7304804055245,1449.7745184526075,162.95596195291705,0.7187055825030718
2396,2018-08-20,2018,13,6,Los Angeles FC,Colorado Rapids,1516.8483702084143,1416.716358998522,240.1320112098922,0.7993618962652276
2397,2018-08-23,2018,18,19,New York City,New York Red Bulls,1613.4702266390752,1648.020541484063,105.44968515501228,0.6472600812562903
2398,2018-08-24,2018,4,7,Chicago Fire,Columbus Crew,1376.3464558530497,1559.3965237175914,-43.05006786454169,0.43836110134334144
2399,2018-08-24,2018,11,10,Houston Dynamo,FC Dallas,1411.9338262630338,1589.5226499810708,-37.58882371803702,0.4461154088863527
2400,2018-08-25,2018,14,13,Los Angeles Galaxy,Los Angeles FC,1484.4544295295154,1524.8738943578053,99.58053517171015,0.6395085242331355
2401,2018-08-25,2018,20,0,Orlando City,Atlanta Utd,1357.1434099451224,1643.899303733342,-146.75589378821974,0.3005258986679285
2402,2018-08-26,2018,6,23,Colorado Rapids,Real Salt Lake,1408.690834849131,1511.670139241021,37.020695608110145,0.5530763431190758
2403,2018-08-26,2018,21,17,Philadelphia Union,New England Revolution,1520.923202785389,1438.5227417527303,222.40046103265877,0.7824906211123525
2404,2018-08-26,2018,25,30,San Jose Earthquakes,Vancouver Whitecaps,1392.2427925784273,1521.0189196849685,11.223872893458747,0.5161468349150761
2405,2018-08-26,2018,27,15,Sporting Kansas City,Minnesota United,1582.9401024525796,1427.9491914533585,294.9909109992211,0.8452869684290701
2406,2018-08-26,2018,29,2,Toronto FC,CF Montreal,1505.0356156928879,1463.4220157798654,181.61359991302243,0.7399005869918965
2407,2018-08-27,2018,19,8,New York Red Bulls,DC United,1653.9109447343146,1483.9822571054017,309.92868762891294,0.8562015256713085
2408,2018-08-27,2018,22,26,Portland Timbers,Seattle Sounders,1555.2424636017656,1609.2252662263973,86.01719737536837,0.6213200153368472
2409,2018-08-30,2018,8,21,DC United,Philadelphia Union,1478.230318132254,1529.623577940895,88.606740191359,0.6248208674260027
2410,2018-08-30,2018,19,11,New York Red Bulls,Houston Dynamo,1659.6628837074622,1414.0892099075797,385.5736737998825,0.9019905803365851
2411,2018-08-30,2018,22,29,Portland Timbers,Toronto FC,1530.3896629882918,1515.439592213212,154.95007077507967,0.7092953703503064
2412,2018-08-30,2018,25,10,San Jose Earthquakes,FC Dallas,1371.5969191818242,1587.3672663365248,-75.77034715470063,0.39265415466516096
2413,2018-09-01,2018,26,27,Seattle Sounders,Sporting Kansas City,1634.078066839871,1589.1286237154168,184.94944312445432,0.7435790357027863
2414,2018-09-02,2018,2,19,CF Montreal,New York Red Bulls,1453.0180392595412,1663.5832604939988,-70.56522123445757,0.39982218323059976
2415,2018-09-02,2018,7,18,Columbus Crew,New York City,1556.9309677713252,1607.5798233888236,89.35114438250162,0.6258248491619557
2416,2018-09-02,2018,10,11,FC Dallas,Houston Dynamo,1563.0734325231313,1410.1688331210432,292.904599402088,0.84370984609291
2417,2018-09-02,2018,17,22,New England Revolution,Portland Timbers,1429.8223665972243,1542.0178481742796,27.80451842294474,0.539928714349064
2418,2018-09-02,2018,20,21,Orlando City,Philadelphia Union,1345.1223739984052,1554.6164126379351,-69.49403863952989,0.4013027670821518
2419,2018-09-02,2018,23,14,Real Salt Lake,Los Angeles Galaxy,1533.7931929657839,1478.87408856019,194.91910440559377,0.7543677644321806
2420,2018-09-02,2018,29,13,Toronto FC,Los Angeles FC,1503.8114070272243,1530.4542353271306,113.35717170009366,0.6575817919957557
2421,2018-09-02,2018,30,25,Vancouver Whitecaps,San Jose Earthquakes,1541.6647930815716,1395.8907529952178,285.7740400863538,0.8382205971317932
2422,2018-09-03,2018,8,0,DC United,Atlanta Utd,1453.237483435214,1655.9203396800592,-62.6828562448452,0.41075829187339036
2423,2018-09-06,2018,18,17,New York City,New England Revolution,1592.6128173553018,1428.2252180232617,304.38759933204005,0.8522295515799578
2424,2018-09-08,2018,18,8,New York City,DC United,1558.5236352921036,1476.8071517602784,221.71648353182513,0.7818197526243824
2425,2018-09-09,2018,22,6,Portland Timbers,Colorado Rapids,1543.6149967482422,1386.5677811243681,297.0472156238741,0.8468286608902226
2426,2018-09-09,2018,27,20,Sporting Kansas City,Orlando City,1578.8717851435283,1349.070263315119,369.80152182840925,0.8936661576435334
2427,2018-09-13,2018,8,15,DC United,Minnesota United,1488.0799418652537,1421.7606701905213,206.31927167473236,0.7663239430702838
2428,2018-09-15,2018,6,0,Colorado Rapids,Atlanta Utd,1380.4409275599771,1632.3506713549948,-111.90974379501768,0.34429677785310014
2429,2018-09-16,2018,4,20,Chicago Fire,Orlando City,1378.812011799316,1344.8169096208603,173.99510217845568,0.7313723186641606
2430,2018-09-16,2018,8,19,DC United,New York Red Bulls,1497.4269841424423,1639.5761478232228,-2.1491636807804753,0.496907144289639
2431,2018-09-16,2018,10,7,FC Dallas,Columbus Crew,1569.3250386794148,1571.897973804847,137.4270648745678,0.6880661375336902
2432,2018-09-16,2018,11,22,Houston Dynamo,Portland Timbers,1403.9172269647597,1549.7418503126332,-5.824623347873512,0.4916184783923126
2433,2018-09-16,2018,13,17,Los Angeles FC,New England Revolution,1556.7575070069609,1462.31440008646,234.4431069205009,0.7940581761519893
2434,2018-09-16,2018,21,2,Philadelphia Union,CF Montreal,1550.6685233212213,1477.0251519303172,213.64337139090412,0.7737888373670849
2435,2018-09-16,2018,23,15,Real Salt Lake,Minnesota United,1543.6184823884967,1412.4136279133327,271.204854475164,0.8265227015268783
2436,2018-09-16,2018,25,27,San Jose Earthquakes,Sporting Kansas City,1389.4195768804896,1583.125138837787,-53.705561957297505,0.42332123519580545
2437,2018-09-16,2018,29,14,Toronto FC,Los Angeles Galaxy,1477.508135347394,1469.0487991374773,148.45933620991673,0.7015313395054736
2438,2018-09-16,2018,30,26,Vancouver Whitecaps,Seattle Sounders,1548.1359691962998,1644.3349054117596,43.80106378454025,0.562702958555334
2439,2018-09-20,2018,22,7,Portland Timbers,Columbus Crew,1529.4065894483258,1579.4206193061946,89.98597014213124,0.6266801873353054
2440,2018-09-20,2018,25,0,San Jose Earthquakes,Atlanta Utd,1372.4867274726573,1646.1225424691188,-133.63581499646148,0.3166371300597267
2441,2018-09-20,2018,26,21,Seattle Sounders,Philadelphia Union,1666.8430237539728,1519.716969826538,287.1260539274349,0.8392732241418732
2442,2018-09-22,2018,13,25,Los Angeles FC,San Jose Earthquakes,1544.9951799608814,1359.8212422702682,325.17393769061323,0.8666723839039964
2443,2018-09-22,2018,19,29,New York Red Bulls,Toronto FC,1639.4524335948083,1489.446881767175,290.0055518276333,0.8414966296480215
2444,2018-09-23,2018,0,23,Atlanta Utd,Real Salt Lake,1658.788027671508,1530.5575743274214,268.2304533440865,0.824053953085617
2445,2018-09-23,2018,2,18,CF Montreal,New York City,1507.9767054250005,1547.2508451871283,100.72586023787221,0.6410270597563968
2446,2018-09-23,2018,7,6,Columbus Crew,Colorado Rapids,1564.4878267996069,1366.6690564458531,337.81877035375373,0.8748611384657586
2447,2018-09-23,2018,15,22,Minnesota United,Portland Timbers,1425.474535974408,1544.3393819549135,21.135154019494394,0.5303784688566223
2448,2018-09-23,2018,17,4,New England Revolution,Chicago Fire,1474.0767271325394,1389.5571190527496,224.5196080797898,0.784559687985793
2449,2018-09-23,2018,20,11,Orlando City,Houston Dynamo,1334.0718023674267,1424.2524878290671,49.81931453835955,0.5712083830290645
2450,2018-09-23,2018,21,27,Philadelphia Union,Sporting Kansas City,1553.287898792213,1600.0579882456193,93.2299105465936,0.6310384844528906
2451,2018-09-24,2018,14,26,Los Angeles Galaxy,Seattle Sounders,1457.1100527176964,1633.2720947882979,-36.1620420706015,0.44814575240407956
2452,2018-09-24,2018,30,10,Vancouver Whitecaps,FC Dallas,1525.6278508540865,1561.8023931780672,103.82545767601937,0.6451224578875461
2453,2018-09-27,2018,18,4,New York City,Chicago Fire,1552.8919275773842,1400.9395065721812,291.95242100520295,0.842985715955687
2454,2018-09-29,2018,4,13,Chicago Fire,Los Angeles FC,1394.6589352104088,1550.3282846047216,-15.669349394312803,0.4774652701016826
2455,2018-09-29,2018,26,6,Seattle Sounders,Colorado Rapids,1611.1979248844611,1361.6635019844834,389.5344228999777,0.9039877818118852
2456,2018-09-30,2018,7,21,Columbus Crew,Philadelphia Union,1569.4933812609765,1568.0463594140972,141.44702184687935,0.6930111178891633
2457,2018-09-30,2018,8,2,DC United,CF Montreal,1497.5506983708567,1502.3356230347447,135.21507533611202,0.6853266656968624
2458,2018-09-30,2018,11,25,Houston Dynamo,San Jose Earthquakes,1427.1008231502296,1354.488137626428,212.6126855238017,0.7727486219557397
2459,2018-09-30,2018,14,30,Los Angeles Galaxy,Vancouver Whitecaps,1479.184222621533,1499.8229525385848,119.3612700829483,0.6653212083004204
2460,2018-09-30,2018,15,18,Minnesota United,New York City,1444.259397220143,1559.1724989391566,25.08689828098636,0.5360403361170061
2461,2018-09-30,2018,19,0,New York Red Bulls,Atlanta Utd,1645.7925684088875,1665.8258695480833,119.96669886080417,0.6660967903070117
2462,2018-09-30,2018,22,10,Portland Timbers,FC Dallas,1525.5545207091784,1587.607291493569,77.94722921560947,0.6103301790060223
2463,2018-09-30,2018,27,23,Sporting Kansas City,Real Salt Lake,1585.299527623735,1523.519732450846,201.77979517288895,0.7616120417185736
2464,2018-09-30,2018,29,17,Toronto FC,New England Revolution,1483.1067469530958,1462.6943396131078,160.41240733998802,0.7157360090808517
2465,2018-10-06,2018,0,17,Atlanta Utd,New England Revolution,1652.4697411603638,1451.323779976342,341.14596118402187,0.8769429653159677
2466,2018-10-06,2018,2,7,CF Montreal,Columbus Crew,1489.7486896626192,1561.77293654541,67.97575311720925,0.5965955820347024
2467,2018-10-06,2018,29,30,Toronto FC,Vancouver Whitecaps,1494.4773065898617,1486.4358008706015,148.04150571926016,0.7010274770529743
2468,2018-10-07,2018,6,13,Colorado Rapids,Los Angeles FC,1357.8230132569588,1529.4268954087888,-31.60388215183002,0.4546433869599165
2469,2018-10-07,2018,8,4,DC United,Chicago Fire,1510.1376317429822,1415.5603244063416,234.57730733664062,0.7941844774370032
2470,2018-10-07,2018,10,20,FC Dallas,Orlando City,1592.02049865381,1331.2234670462642,400.7970316075457,0.9094693784537818
2471,2018-10-07,2018,21,15,Philadelphia Union,Minnesota United,1575.7668041296638,1462.8177837754627,252.94902035420114,0.8109341685822922
2472,2018-10-07,2018,23,22,Real Salt Lake,Portland Timbers,1533.984214119589,1521.1413135489374,152.84290057065164,0.7067879161836488
2473,2018-10-07,2018,25,19,San Jose Earthquakes,New York Red Bulls,1345.3980825046576,1659.148696796607,-173.75061429194943,0.2689042759356022
2474,2018-10-07,2018,27,14,Sporting Kansas City,Los Angeles Galaxy,1574.835045954992,1492.5713742895164,222.2636716654756,0.7823565726738267
2475,2018-10-09,2018,26,11,Seattle Sounders,Houston Dynamo,1615.0384136119858,1436.190878272,318.8475353399858,0.862407793798162
2476,2018-10-13,2018,8,10,DC United,FC Dallas,1518.370252645502,1595.6417235156587,62.72852912984331,0.5893053413274647
2477,2018-10-13,2018,13,11,Los Angeles FC,Houston Dynamo,1547.6126308871856,1430.6871900239264,256.92544086325915,0.8144187270693497
2478,2018-10-13,2018,15,6,Minnesota United,Colorado Rapids,1455.2551505187544,1339.637277778562,255.6178727401923,0.8132784014142905
2479,2018-10-14,2018,17,20,New England Revolution,Orlando City,1446.4014985889808,1327.6022421844154,258.7992564045653,0.8160434893321964
2480,2018-10-18,2018,8,29,DC United,Toronto FC,1534.7980389924035,1466.4362075077427,208.3618314846608,0.768422855265801
2481,2018-10-18,2018,20,26,Orlando City,Seattle Sounders,1320.2439817577033,1620.5421018600593,-160.29812010235605,0.2843978629272453
2482,2018-10-18,2018,30,27,Vancouver Whitecaps,Sporting Kansas City,1514.4768999527205,1563.540783048039,90.93611690468151,0.6279588956950288
2483,2018-10-19,2018,23,17,Real Salt Lake,New England Revolution,1505.712697472243,1453.759759015693,191.9529384565501,0.7511901633215727
2484,2018-10-21,2018,0,4,Atlanta Utd,Chicago Fire,1657.392022547725,1407.3277035038218,390.0643190439032,0.9042522054856462
2485,2018-10-21,2018,2,29,CF Montreal,Toronto FC,1505.8848663812312,1457.1731217183747,188.71174466285652,0.7476866348490008
2486,2018-10-21,2018,8,18,DC United,New York City,1544.0611247817715,1540.614112383837,143.4470123979345,0.6954549857715784
2487,2018-10-21,2018,10,27,FC Dallas,Sporting Kansas City,1579.2139371687572,1588.6591388758402,130.55479829291698,0.6795128213619517
2488,2018-10-21,2018,11,26,Houston Dynamo,Seattle Sounders,1423.2639391067005,1631.9180163771491,-68.65407727044862,0.40246502060960976
2489,2018-10-21,2018,13,30,Los Angeles FC,Vancouver Whitecaps,1555.0358818044115,1489.3585441249193,205.6773376794922,0.7656615743651735
2490,2018-10-21,2018,15,14,Minnesota United,Los Angeles Galaxy,1422.7240144621828,1503.8656371964694,58.85837726571344,0.5839028999586281
2491,2018-10-21,2018,20,7,Orlando City,Columbus Crew,1308.8680672406135,1545.636759826798,-96.76869258618444,0.36423137873571776
2492,2018-10-21,2018,21,19,Philadelphia Union,New York Red Bulls,1583.329437386372,1669.9048678340312,53.42456955234093,0.576283845769324
2493,2018-10-21,2018,22,23,Portland Timbers,Real Salt Lake,1549.4128301962835,1515.6650909393802,173.7477392569033,0.7310924704022609
2494,2018-10-21,2018,25,6,San Jose Earthquakes,Colorado Rapids,1334.6419114672335,1372.1684138351336,102.4734976320999,0.6433387291331593
2495,2018-10-28,2018,4,8,Chicago Fire,DC United,1403.4977917232477,1556.2429253509083,-12.745133627660607,0.481666501219061
2496,2018-10-28,2018,6,10,Colorado Rapids,FC Dallas,1377.90196300046,1552.033424314279,-34.131461313819045,0.4510382832918221
2497,2018-10-28,2018,7,15,Columbus Crew,Minnesota United,1520.2060149762267,1399.3678984638377,260.838116512389,0.8177988189697417
2498,2018-10-28,2018,14,11,Los Angeles Galaxy,Houston Dynamo,1527.2217531948145,1407.165338282316,260.05641491249844,0.8171273667170427
2499,2018-10-28,2018,17,2,New England Revolution,CF Montreal,1443.8073655485557,1515.977400987271,67.82996456128467,0.5963935896497775
2500,2018-10-28,2018,18,21,New York City,Philadelphia Union,1528.4323118147001,1560.278083555599,108.15422825910105,0.650806416175914
2501,2018-10-28,2018,19,20,New York Red Bulls,Orlando City,1692.9562216648042,1334.2988120911848,498.65740957361936,0.9463688729692957
2502,2018-10-28,2018,26,25,Seattle Sounders,San Jose Earthquakes,1648.0166172015336,1328.9083623019071,459.10825489962644,0.9335682867213183
2503,2018-10-28,2018,27,13,Sporting Kansas City,Los Angeles FC,1615.8396517303183,1544.4094188298045,211.43023290051383,0.7715510832437433
2504,2018-10-28,2018,29,0,Toronto FC,Atlanta Utd,1447.0805871123348,1661.221934328299,-74.14134721596429,0.3948926553309552
2505,2018-10-28,2018,30,22,Vancouver Whitecaps,Portland Timbers,1499.9850070995262,1560.169131380193,79.81587571933323,0.6128853806004002
2506,2018-10-31,2018,18,21,New York City,Philadelphia Union,1542.4000551676636,1546.3103402026356,136.08971496502795,0.6864114326789321
2507,2018-11-01,2018,10,22,FC Dallas,Portland Timbers,1530.0749556459518,1544.684546604209,125.39040904174294,0.6730044141495187
2508,2018-11-02,2018,8,7,DC United,Columbus Crew,1555.5095853996706,1527.494062217437,168.01552318223366,0.724556076908399
2509,2018-11-02,2018,13,23,Los Angeles FC,Real Salt Lake,1535.2714621595542,1504.9087897554707,170.36267240408347,0.7272443868527834
2510,2018-11-04,2018,7,19,Columbus Crew,New York Red Bulls,1536.4763052937728,1695.1014667460324,-18.62516145225959,0.47322188449181196
2511,2018-11-04,2018,22,26,Portland Timbers,Seattle Sounders,1571.6047231701896,1650.673885732681,60.93083743750867,0.5867984933035667
2512,2018-11-05,2018,18,0,New York City,Atlanta Utd,1554.9435978605063,1637.0176405415373,57.92595731896904,0.5825982405308663
2513,2018-11-05,2018,23,27,Real Salt Lake,Sporting Kansas City,1533.998565229582,1624.9776084005687,49.02095682901336,0.570082390620593
2514,2018-11-09,2018,26,22,Seattle Sounders,Portland Timbers,1634.1458254648235,1588.132783438047,186.01304202677647,0.7447446790668321
2515,2018-11-11,2018,0,18,Atlanta Utd,New York City,1660.3215701627719,1531.6396682392717,268.68190192350016,0.8244304256431721
2516,2018-11-11,2018,27,23,Sporting Kansas City,Real Salt Lake,1627.7809040253924,1531.1952696047583,236.58563442063405,0.7960677375217591
2517,2018-11-12,2018,19,7,New York Red Bulls,Columbus Crew,1674.030342125705,1557.5474299141003,256.48291221160457,0.8140334024614414
2518,2018-11-25,2018,0,19,Atlanta Utd,New York Red Bulls,1667.344353137045,1681.4690060272474,125.87534710979753,0.6736184472820583
2519,2018-11-26,2018,22,27,Portland Timbers,Sporting Kansas City,1577.9225706007203,1635.938194524522,81.98437607619826,0.6158428267772943
2520,2018-11-30,2018,19,0,New York Red Bulls,Atlanta Utd,1668.4137439185297,1680.3996152457626,128.01412867276713,0.6763194740736449
2521,2018-11-30,2018,27,22,Sporting Kansas City,Portland Timbers,1640.5719075956138,1573.2888575296286,207.2830500659852,0.7673159556076009
2522,2018-12-09,2018,0,22,Atlanta Utd,Portland Timbers,1667.4523942087083,1603.9814957539327,203.47089845477558,0.7633749750881618
2523,2019-03-02,2019,6,22,Colorado Rapids,Portland Timbers,1399.8604316687872,1594.5164947574592,-54.656063088672,0.4219860881572332
2524,2019-03-02,2019,7,19,Columbus Crew,New York Red Bulls,1550.108766012558,1681.360964955584,8.747801056973913,0.512586438117732
2525,2019-03-02,2019,10,17,FC Dallas,New England Revolution,1503.1547790799711,1459.9516219625646,183.2031571174066,0.7416576578876519
2526,2019-03-02,2019,11,23,Houston Dynamo,Real Salt Lake,1439.8504329509979,1523.0379791056287,56.81245384536919,0.5810386908133127
2527,2019-03-02,2019,20,18,Orlando City,New York City,1332.1535670099565,1524.6168852649987,-52.46331825504217,0.42506787302991594
2528,2019-03-02,2019,21,29,Philadelphia Union,Toronto FC,1533.766797509793,1471.2848808990966,202.48191661069632,0.7623450797215229
2529,2019-03-02,2019,30,15,Vancouver Whitecaps,Minnesota United,1515.4695918755103,1392.0798512226274,263.3897406528829,0.8199772296305105
2530,2019-03-03,2019,8,0,DC United,Atlanta Utd,1546.5273423233348,1676.9173952051817,9.609947118153059,0.5138262998255688
2531,2019-03-03,2019,14,4,Los Angeles Galaxy,Chicago Fire,1494.5366585261327,1404.2311316744854,230.3055268516473,0.7901359671238993
2532,2019-03-03,2019,25,2,San Jose Earthquakes,CF Montreal,1326.2510937707598,1499.8331445732622,-33.58205080250241,0.4518214875124786
2533,2019-03-03,2019,26,9,Seattle Sounders,FC Cincinnati,1644.3560383021502,1500.0,284.3560383021502,0.8371106245153397
2534,2019-03-04,2019,13,27,Los Angeles FC,Sporting Kansas City,1506.1816866854429,1609.8792693713096,36.30241731413321,0.5520540826504344
2535,2019-03-09,2019,4,20,Chicago Fire,Orlando City,1395.8365703594413,1335.1508520887598,200.6857182706815,0.7604666965864827
2536,2019-03-09,2019,10,14,FC Dallas,Los Angeles Galaxy,1493.488472764465,1502.9312198411767,130.5572529232884,0.6795158985144152
2537,2019-03-09,2019,11,2,Houston Dynamo,CF Montreal,1436.6088853184654,1517.9060040737613,58.70288124470403,0.5836854081586418
2538,2019-03-09,2019,17,7,New England Revolution,Columbus Crew,1469.6179282780706,1549.6053084878486,60.01261979022206,0.5855163088610542
2539,2019-03-09,2019,23,30,Real Salt Lake,Vancouver Whitecaps,1526.2795267381612,1482.6705026902898,183.60902404787134,0.7421050549332099
2540,2019-03-10,2019,0,9,Atlanta Utd,FC Cincinnati,1657.4704471982045,1493.4844249806135,303.98602221759097,0.8519381966294666
2541,2019-03-10,2019,13,22,Los Angeles FC,Portland Timbers,1524.0995233794256,1591.3959382837486,72.703585095677,0.6031279623025736
2542,2019-03-10,2019,18,8,New York City,DC United,1521.6196001861954,1565.974290330312,95.6453098558834,0.6342698345296236
2543,2019-03-10,2019,25,15,San Jose Earthquakes,Minnesota United,1308.1782342702606,1424.878940407848,23.299293862412696,0.5334802057933482
2544,2019-03-10,2019,26,6,Seattle Sounders,Colorado Rapids,1650.8716133215366,1402.9809881424978,387.8906251790388,0.903163352832335
2545,2019-03-10,2019,27,21,Sporting Kansas City,Philadelphia Union,1591.9614326773271,1503.272994320932,228.68843835639518,0.7885882174844933
2546,2019-03-16,2019,4,26,Chicago Fire,Seattle Sounders,1385.417902495982,1654.7450792082432,-129.32717671226123,0.32202809122210035
2547,2019-03-16,2019,7,10,Columbus Crew,FC Dallas,1573.0259608422907,1506.3078368238885,206.71812401840225,0.7667348361122016
2548,2019-03-16,2019,11,30,Houston Dynamo,Vancouver Whitecaps,1453.2614689921197,1472.3547048876183,120.90676410450146,0.667299277307635
2549,2019-03-16,2019,19,25,New York Red Bulls,San Jose Earthquakes,1681.8644224802933,1286.8390260385268,535.0253964417666,0.9560540405951943
2550,2019-03-16,2019,20,2,Orlando City,CF Montreal,1345.5695199522193,1501.253420400107,-15.683900447887709,0.47744437202755985
2551,2019-03-17,2019,0,21,Atlanta Utd,Philadelphia Union,1643.392919333026,1494.8165230203117,288.5763963127142,0.8403962426267525
2552,2019-03-17,2019,8,23,DC United,Real Salt Lake,1571.345083711497,1536.5953245408327,174.74975917066422,0.7322249427564221
2553,2019-03-17,2019,9,22,FC Cincinnati,Portland Timbers,1507.5619528457921,1575.5210567758515,72.04089606994057,0.6022144891200965
2554,2019-03-17,2019,14,15,Los Angeles Galaxy,Minnesota United,1490.1118557817533,1446.2181486395818,183.89370714217148,0.7424185662510322
2555,2019-03-17,2019,18,13,New York City,Los Angeles FC,1516.2488068050104,1539.9744048873226,116.27440191768778,0.6613529533393984
2556,2019-03-17,2019,29,17,Toronto FC,New England Revolution,1501.7786840879576,1446.1972759236285,195.5814081643291,0.7550735290900299
2557,2019-03-18,2019,6,27,Colorado Rapids,Sporting Kansas City,1399.1075222557913,1600.4179039779474,-61.31038172215608,0.4126718596981694
2558,2019-03-23,2019,10,6,FC Dallas,Colorado Rapids,1496.9772302683766,1402.6006478678646,234.376582400512,0.7939955460345496
2559,2019-03-23,2019,19,20,New York Red Bulls,Orlando City,1683.6222608564856,1326.4717450711169,497.1505157853687,0.9459268978544182
2560,2019-03-23,2019,21,7,Philadelphia Union,Columbus Crew,1508.4323727253818,1582.3565673978026,66.07580532757925,0.5939606296445421
2561,2019-03-24,2019,13,23,Los Angeles FC,Real Salt Lake,1546.4285230208986,1525.8843222510895,160.5442007698091,0.7158903400479207
2562,2019-03-24,2019,17,9,New England Revolution,FC Cincinnati,1436.4002170872297,1523.4733732809882,52.92684380624155,0.5755840812706559
2563,2019-03-30,2019,4,19,Chicago Fire,New York Red Bulls,1372.5367788470978,1645.785184942309,-133.24840609521107,0.31711987302988476
2564,2019-03-30,2019,7,0,Columbus Crew,Atlanta Utd,1566.1149925835844,1629.7770696279558,76.33792295562853,0.6081247299997747
2565,2019-03-30,2019,9,21,FC Cincinnati,Philadelphia Union,1546.4967365318143,1524.6739475396,161.82278899221433,0.7173849483928776
2566,2019-03-30,2019,17,15,New England Revolution,Minnesota United,1413.3768538364036,1435.914891289623,117.46196254678057,0.6628823199759828
2567,2019-03-30,2019,25,13,San Jose Earthquakes,Los Angeles FC,1285.0811876623345,1557.7929094189817,-132.7117217566472,0.31778927602066903
2568,2019-03-30,2019,27,2,Sporting Kansas City,CF Montreal,1596.924778365874,1520.3511952812094,216.57358308466473,0.7767277041896279
2569,2019-03-30,2019,29,18,Toronto FC,New York City,1511.5757429243563,1509.7946886714344,141.78105425292188,0.6934200449629238
2570,2019-03-31,2019,6,11,Colorado Rapids,Houston Dynamo,1394.3604697092467,1466.5694978998142,67.79097180943245,0.5963395590236474
2571,2019-03-31,2019,20,8,Orlando City,DC United,1364.3088209852936,1582.0560860012401,-77.7472650159466,0.38994361546542317
2572,2019-03-31,2019,23,10,Real Salt Lake,FC Dallas,1514.5199358530065,1505.2174084269946,149.30252742601192,0.702546657578289
2573,2019-03-31,2019,30,26,Vancouver Whitecaps,Seattle Sounders,1459.0466759799237,1667.6262028571273,-68.57952687720353,0.40256822906588796
2574,2019-04-01,2019,14,22,Los Angeles Galaxy,Portland Timbers,1500.4151131317121,1559.6096363406555,80.80547679105666,0.6142360663768848
2575,2019-04-06,2019,8,13,DC United,Los Angeles FC,1597.653830619857,1570.5044804598085,167.14935016004847,0.7235598662550241
2576,2019-04-06,2019,18,2,New York City,CF Montreal,1497.5314904699514,1511.4203034487946,126.11118702115687,0.6739168550721617
2577,2019-04-06,2019,29,4,Toronto FC,Chicago Fire,1523.8389411258393,1399.8519839259025,263.9869571999368,0.820484148968242
2578,2019-04-06,2019,30,14,Vancouver Whitecaps,Los Angeles Galaxy,1462.9439468172882,1515.8456704766368,87.09827634065141,0.6227831073571823
2579,2019-04-07,2019,7,17,Columbus Crew,New England Revolution,1581.7900033835933,1426.8615610373643,294.9284423462291,0.8452399354128157
2580,2019-04-07,2019,9,27,FC Cincinnati,Sporting Kansas City,1517.8013385960992,1605.8556701982889,51.94566839781032,0.574203738074538
2581,2019-04-07,2019,19,15,New York Red Bulls,Minnesota United,1618.4699798635042,1422.4301840886624,336.0397957748419,0.873735695907191
2582,2019-04-07,2019,20,6,Orlando City,Colorado Rapids,1348.7110763666767,1370.5068873483008,118.20418901837593,0.6638364494421332
2583,2019-04-07,2019,21,10,Philadelphia Union,FC Dallas,1553.3693454753152,1533.3192747301262,160.05007074518903,0.7153114502082285
2584,2019-04-07,2019,25,22,San Jose Earthquakes,Portland Timbers,1272.3696166215077,1544.1790789957308,-131.80946237422313,0.3189163569583063
2585,2019-04-07,2019,26,23,Seattle Sounders,Real Salt Lake,1663.7289320197629,1486.4180695498749,317.310862469888,0.8613547770485158
2586,2019-04-10,2019,8,2,DC United,CF Montreal,1568.7114359696561,1518.376977651681,190.33445831797508,0.7494447635364567
2587,2019-04-13,2019,2,7,CF Montreal,Columbus Crew,1528.3547681931393,1587.9804059670807,80.37436222605857,0.6136478620098377
2588,2019-04-13,2019,4,30,Chicago Fire,Vancouver Whitecaps,1412.671349884632,1438.0326225230008,114.63872736163125,0.6592409710317613
2589,2019-04-13,2019,11,25,Houston Dynamo,San Jose Earthquakes,1490.4230802607601,1299.6129623431755,330.81011791758465,0.8703769888882246
2590,2019-04-13,2019,15,18,Minnesota United,New York City,1457.37961192495,1490.574816267065,106.80479565788505,0.6490390284024036
2591,2019-04-13,2019,26,29,Seattle Sounders,Toronto FC,1669.2747409378221,1511.0195751671097,298.25516577071244,0.847728427560556
2592,2019-04-14,2019,6,8,Colorado Rapids,DC United,1357.0603453259862,1558.7336454281979,-61.67330010221167,0.41216560281335096
2593,2019-04-14,2019,10,22,FC Dallas,Portland Timbers,1521.9317327384554,1516.935733274063,144.9959994643923,0.697340218197914
2594,2019-04-14,2019,13,9,Los Angeles FC,FC Cincinnati,1599.4468751100094,1514.8331890731176,224.61368603689175,0.7846512108498168
2595,2019-04-14,2019,14,21,Los Angeles Galaxy,Philadelphia Union,1540.7569947709242,1564.756887466986,116.0001073039382,0.660999229658134
2596,2019-04-14,2019,17,0,New England Revolution,Atlanta Utd,1420.6711584538768,1614.1020588279468,-53.430900374070006,0.42370725554141037
2597,2019-04-14,2019,23,20,Real Salt Lake,Orlando City,1480.8722606318156,1362.1576183889913,258.7146422428243,0.8159703595850184
2598,2019-04-15,2019,27,19,Sporting Kansas City,New York Red Bulls,1608.8238197212704,1583.5205520272166,165.30326769405383,0.7214292204240214
2599,2019-04-18,2019,30,13,Vancouver Whitecaps,Los Angeles FC,1444.4022613642712,1608.0608266760166,-23.658565311745406,0.4660051150699877
2600,2019-04-20,2019,0,10,Atlanta Utd,FC Dallas,1631.0503490496033,1534.0381240105387,237.01222503906456,0.7964661079622848
2601,2019-04-20,2019,4,6,Chicago Fire,Colorado Rapids,1406.3017110433616,1340.5737212134522,205.72798982990935,0.7657138862420976
2602,2019-04-20,2019,9,23,FC Cincinnati,Real Salt Lake,1506.2192375071104,1488.2334462484148,157.9857912586956,0.7128854165084269
2603,2019-04-20,2019,14,11,Los Angeles Galaxy,Houston Dynamo,1554.3170255845987,1495.6080007052312,198.70902487936746,0.7583878354538225
2604,2019-04-20,2019,20,30,Orlando City,Vancouver Whitecaps,1354.796432772392,1465.7620567614717,29.03437601092037,0.5416868302947145
2605,2019-04-20,2019,21,2,Philadelphia Union,CF Montreal,1551.1968566533114,1543.8088537127458,147.38800294056568,0.7002384398244991
2606,2019-04-20,2019,29,15,Toronto FC,Minnesota United,1504.9287122695318,1451.4180507888539,193.51066148067798,0.7528623446112632
2607,2019-04-21,2019,7,22,Columbus Crew,Portland Timbers,1572.5263204474743,1504.8293420019797,207.69697844549455,0.7677411083571594
2608,2019-04-21,2019,8,18,DC United,New York City,1575.2202695407318,1496.5363774031612,218.68389213757064,0.7788273332077257
2609,2019-04-21,2019,17,19,New England Revolution,New York Red Bulls,1403.7228682322204,1592.3777208441775,-48.65485261195704,0.4304342009040995
2610,2019-04-21,2019,25,27,San Jose Earthquakes,Sporting Kansas City,1294.4280418987044,1599.9666509043095,-165.53860900560517,0.2782986016943082
2611,2019-04-22,2019,13,26,Los Angeles FC,Seattle Sounders,1586.7010312788161,1675.3656038354,51.335427443416165,0.5733446500180619
2612,2019-04-25,2019,7,8,Columbus Crew,DC United,1541.816676113188,1544.0671762124227,137.74949990076516,0.6884643720714599
2613,2019-04-25,2019,15,14,Minnesota United,Los Angeles Galaxy,1441.5325445733044,1563.9815121664458,17.551032406858667,0.5252365029738085
2614,2019-04-25,2019,17,2,New England Revolution,CF Montreal,1426.5055001960563,1531.8183913057258,34.68710889033059,0.5497535654075447
2615,2019-04-25,2019,18,4,New York City,Chicago Fire,1527.6894707314702,1415.6731555936776,252.01631513779262,0.8101096065427323
2616,2019-04-25,2019,26,25,Seattle Sounders,San Jose Earthquakes,1658.2993898361224,1323.296097830932,475.00329200519036,0.9390227434271797
2617,2019-04-27,2019,0,6,Atlanta Utd,Colorado Rapids,1599.191704731112,1331.2022766631362,407.9894280679757,0.9128209689425071
2618,2019-04-27,2019,10,25,FC Dallas,San Jose Earthquakes,1565.89676832903,1340.8570075680193,365.0397607610107,0.8910331358304757
2619,2019-04-27,2019,18,20,New York City,Orlando City,1535.285086469761,1373.1289595606036,302.15612690915736,0.8506045460676301
2620,2019-04-27,2019,29,22,Toronto FC,Portland Timbers,1514.8142184850813,1535.5389863362661,119.27523214881512,0.6652109171203344
2621,2019-04-27,2019,30,21,Vancouver Whitecaps,Philadelphia Union,1447.4295299732603,1563.1873190603314,24.24221091292884,0.5348308395200193
2622,2019-04-28,2019,2,4,CF Montreal,Chicago Fire,1553.8085339220274,1408.077539855387,285.7309940666405,0.838186991918909
2623,2019-04-28,2019,11,7,Houston Dynamo,Columbus Crew,1485.9435141233841,1514.2781012303294,111.66541289305474,0.6553856302462888
2624,2019-04-28,2019,15,8,Minnesota United,DC United,1440.523084454352,1571.6057510952812,8.91733335907088,0.5128302570966997
2625,2019-04-28,2019,19,9,New York Red Bulls,FC Cincinnati,1569.5950888803416,1477.7038208467734,231.89126803356817,0.791645616735053
2626,2019-04-28,2019,26,13,Seattle Sounders,Los Angeles FC,1640.738480099035,1603.7672452780937,176.9712348209414,0.7347248172162425
2627,2019-04-28,2019,27,17,Sporting Kansas City,New England Revolution,1571.0985949720819,1404.5153575797547,306.5832373923272,0.8538141738029593
2628,2019-04-29,2019,14,23,Los Angeles Galaxy,Real Salt Lake,1564.9909722853981,1516.7488629087518,188.24210937664634,0.7471762862465359
2629,2019-05-02,2019,21,9,Philadelphia Union,FC Cincinnati,1564.5805526411323,1469.3696455161755,235.21090712495675,0.7947800079554342
2630,2019-05-04,2019,2,18,CF Montreal,New York City,1560.281054245271,1521.2609046270557,179.02014961821533,0.7370172427704156
2631,2019-05-04,2019,6,30,Colorado Rapids,Vancouver Whitecaps,1327.7151154208366,1446.0362963924595,21.67881902837712,0.5311579028147143
2632,2019-05-04,2019,11,10,Houston Dynamo,FC Dallas,1499.7280889135327,1550.255442895811,89.47264601772167,0.6259886165152153
2633,2019-05-04,2019,19,14,New York Red Bulls,Los Angeles Galaxy,1577.9292642109394,1575.1039208355367,142.82534337540278,0.694696514987247
2634,2019-05-04,2019,20,29,Orlando City,Toronto FC,1387.1531414033088,1488.205781800268,38.94735960304092,0.5558161508110847
2635,2019-05-05,2019,8,7,DC United,Columbus Crew,1552.1189613791491,1500.4935264401809,191.62543493896828,0.7508376344515395
2636,2019-05-05,2019,13,4,Los Angeles FC,Chicago Fire,1613.1562379667434,1401.6050195321434,351.55121843460006,0.8832621776263101
2637,2019-05-05,2019,15,26,Minnesota United,Seattle Sounders,1460.0098741704842,1631.3494874103853,-31.339613239901155,0.45502059689195584
2638,2019-05-05,2019,21,17,Philadelphia Union,New England Revolution,1572.789352322915,1418.667924531873,294.1214277910419,0.8446312788817598
2639,2019-05-05,2019,23,22,Real Salt Lake,Portland Timbers,1506.6359143586133,1562.1474230210795,84.48849133753379,0.6192473533991991
2640,2019-05-05,2019,25,9,San Jose Earthquakes,FC Cincinnati,1356.4983330012383,1461.1608458343928,35.33748716684545,0.5506800936563593
2641,2019-05-06,2019,27,0,Sporting Kansas City,Atlanta Utd,1556.9460280199635,1602.6788659734116,94.2671620465519,0.632427591543858
2642,2019-05-09,2019,0,29,Atlanta Utd,Toronto FC,1627.975969635166,1510.4384278327113,257.5375418024546,0.8149506874908751
2643,2019-05-09,2019,4,17,Chicago Fire,New England Revolution,1416.9355066371959,1412.4531756871434,144.48233095005253,0.6967157774323933
2644,2019-05-09,2019,7,14,Columbus Crew,Los Angeles Galaxy,1490.5270318182424,1562.8917814350266,67.63525038321586,0.5961237590645363
2645,2019-05-09,2019,19,2,New York Red Bulls,CF Montreal,1590.1414036114495,1530.8003645344543,199.34103907699523,0.7590538506485339
2646,2019-05-11,2019,9,2,FC Cincinnati,CF Montreal,1443.1880495806472,1561.1625185603957,22.025531020251492,0.5316548928228996
2647,2019-05-11,2019,10,19,FC Dallas,New York Red Bulls,1535.2949875564195,1559.779249585508,115.51573797091146,0.6603741596020262
2648,2019-05-11,2019,14,18,Los Angeles Galaxy,New York City,1546.736731797608,1550.7415943378724,135.9951374597356,0.6862942314006757
2649,2019-05-11,2019,29,21,Toronto FC,Philadelphia Union,1503.0364553323463,1579.0041011676446,64.0323541647017,0.5911206120741997
2650,2019-05-11,2019,30,22,Vancouver Whitecaps,Portland Timbers,1467.282612505048,1586.9173171570474,20.3652953480007,0.5292744961168518
2651,2019-05-12,2019,0,20,Atlanta Utd,Orlando City,1635.377942135531,1364.9204953708654,410.4574467646655,0.9139449392593271
2652,2019-05-12,2019,4,15,Chicago Fire,Minnesota United,1429.0668755399001,1461.809050294806,107.25782524509418,0.6496328320889277
2653,2019-05-12,2019,6,23,Colorado Rapids,Real Salt Lake,1306.468799308248,1481.8660202226454,-35.397220914397394,0.4492348272363438
2654,2019-05-12,2019,7,13,Columbus Crew,Los Angeles FC,1506.682081455661,1597.825750861691,48.85633059397014,0.5698501135095828
2655,2019-05-12,2019,17,25,New England Revolution,San Jose Earthquakes,1400.321806784439,1374.471129254984,165.8506775294552,0.7220620609708468
2656,2019-05-12,2019,26,11,Seattle Sounders,Houston Dynamo,1629.5503112860636,1514.6885442529242,254.86176703313936,0.8126165448118772
2657,2019-05-13,2019,8,27,DC United,Sporting Kansas City,1562.0854560010876,1531.6489243582091,170.43653164287844,0.7273287150148156
2658,2019-05-16,2019,11,22,Houston Dynamo,Portland Timbers,1507.1932060453994,1568.0882970017215,79.10490904367794,0.6119139229752548
2659,2019-05-16,2019,26,20,Seattle Sounders,Orlando City,1637.0456494935884,1361.4782929412386,415.5673565523498,0.9162304239908876
2660,2019-05-16,2019,29,8,Toronto FC,DC United,1479.3916308493783,1572.9923074004948,46.39932344888348,0.5663798329342319
2661,2019-05-16,2019,30,0,Vancouver Whitecaps,Atlanta Utd,1486.111632660374,1638.8201445651578,-12.70851190478379,0.48171913346062584
2662,2019-05-17,2019,13,10,Los Angeles FC,FC Dallas,1620.6197554020744,1508.8800211723385,251.73973422973586,0.8098645653717091
2663,2019-05-18,2019,2,17,CF Montreal,New England Revolution,1542.4287142733117,1411.4393243456052,270.9893899277065,0.8263447896993168
2664,2019-05-18,2019,23,29,Real Salt Lake,Toronto FC,1499.835413312099,1476.736437532009,163.0989757800901,0.7188719879912491
2665,2019-05-18,2019,25,4,San Jose Earthquakes,Chicago Fire,1363.3536116938178,1443.081562256343,60.272049437474834,0.5858786905167135
2666,2019-05-19,2019,11,8,Houston Dynamo,DC United,1502.7166491263893,1575.6475007178642,67.06914840852505,0.5953389377659577
2667,2019-05-19,2019,15,7,Minnesota United,Columbus Crew,1447.7943635783631,1483.8880769152777,103.90628666308544,0.6452289737231967
2668,2019-05-19,2019,20,9,Orlando City,FC Cincinnati,1358.127509900874,1461.9218538677312,36.20565603314276,0.5519163372530435
2669,2019-05-19,2019,21,26,Philadelphia Union,Seattle Sounders,1602.6489256506127,1640.396432533953,102.2524931166597,0.6430467635641671
2670,2019-05-19,2019,27,30,Sporting Kansas City,Vancouver Whitecaps,1520.7420729588018,1466.842867321949,193.8992056368529,0.7532782598615688
2671,2019-05-20,2019,10,13,FC Dallas,Los Angeles FC,1501.2746037872068,1628.225172787206,13.049431000000823,0.518770814977301
2672,2019-05-20,2019,14,6,Los Angeles Galaxy,Colorado Rapids,1519.2849625415809,1288.4994062187943,370.78555632278653,0.8942032442296262
2673,2019-05-23,2019,19,30,New York Red Bulls,Vancouver Whitecaps,1586.194215969589,1476.9739977164118,249.22021825317734,0.8076212166079313
2674,2019-05-25,2019,4,18,Chicago Fire,New York City,1426.5167098770114,1578.1933635938994,-11.67665371688804,0.4832022684081068
2675,2019-05-25,2019,13,2,Los Angeles FC,CF Montreal,1628.976005386298,1529.374922685339,239.60108270095907,0.7988712756491432
2676,2019-05-25,2019,20,14,Orlando City,Los Angeles Galaxy,1376.0508564107522,1483.516832772396,32.5340236383563,0.5466838537076099
2677,2019-05-25,2019,23,0,Real Salt Lake,Atlanta Utd,1511.0805337924492,1658.0889099035828,-7.008376111133657,0.48991550377731313
2678,2019-05-26,2019,6,7,Colorado Rapids,Columbus Crew,1324.2675359879793,1469.6972358642056,-5.429699876226323,0.49218666983225584
2679,2019-05-26,2019,9,19,FC Cincinnati,New York Red Bulls,1443.998507357853,1573.889367305272,10.109140052581097,0.5145441178593125
2680,2019-05-26,2019,15,11,Minnesota United,Houston Dynamo,1461.9852046294352,1518.903091615751,83.0821130136842,0.6173366994037084
2681,2019-05-26,2019,17,8,New England Revolution,DC United,1424.4931159335779,1559.4610582285025,5.032057705075431,0.50724120684038
2682,2019-05-26,2019,21,22,Philadelphia Union,Portland Timbers,1596.927055108046,1572.5648539207316,164.36220118731444,0.7203392229262621
2683,2019-05-26,2019,27,26,Sporting Kansas City,Seattle Sounders,1510.610942564339,1646.1183030765196,4.4926394878193605,0.5064650676146204
2684,2019-05-26,2019,30,10,Vancouver Whitecaps,FC Dallas,1489.278846380729,1500.5237711881148,128.75507519261419,0.6772524788785819
2685,2019-05-27,2019,29,25,Toronto FC,San Jose Earthquakes,1465.4913170516588,1379.9184640731494,225.57285297850945,0.7855827172583082
2686,2019-05-30,2019,0,15,Atlanta Utd,Minnesota United,1637.6855300546754,1477.2917366532868,300.3937934013886,0.8493107894067794
2687,2019-05-30,2019,2,23,CF Montreal,Real Salt Lake,1521.3297737113048,1531.4839136413566,129.84586006994823,0.6786234357950837
2688,2019-05-30,2019,8,4,DC United,Chicago Fire,1559.7507065021177,1427.188619140687,272.5620873614307,0.8276400761334988
2689,2019-05-30,2019,21,6,Philadelphia Union,Colorado Rapids,1568.1134861909954,1344.580069194689,363.5334169963064,0.8901883620093036
2690,2019-05-30,2019,27,14,Sporting Kansas City,Los Angeles Galaxy,1530.3523398597542,1505.3841869207004,164.96815293905388,0.7210413702851984
2691,2019-06-01,2019,0,4,Atlanta Utd,Chicago Fire,1643.7130984784042,1440.294222186027,343.41887629237726,0.878347957499458
2692,2019-06-01,2019,2,20,CF Montreal,Orlando City,1534.1848362795015,1354.1835022624477,320.00133401705375,0.8631940182391518
2693,2019-06-01,2019,30,29,Vancouver Whitecaps,Toronto FC,1502.1887472255858,1434.0680083613265,208.12073886425924,0.7681757981707764
2694,2019-06-02,2019,6,9,Colorado Rapids,FC Cincinnati,1360.1876036750612,1423.4167426434806,76.77086103158058,0.6087184815616595
2695,2019-06-02,2019,7,18,Columbus Crew,New York City,1449.3847026574958,1577.5214543302238,11.863248327272004,0.5170659548776235
2696,2019-06-02,2019,8,25,DC United,San Jose Earthquakes,1546.6451034567779,1411.3417727634817,275.3033306932962,0.8298794806894506
2697,2019-06-02,2019,10,26,FC Dallas,Seattle Sounders,1487.613870343258,1626.3769057811044,1.2369645621536165,0.501780127579517
2698,2019-06-02,2019,11,27,Houston Dynamo,Sporting Kansas City,1503.5965595918994,1501.5106850483462,142.08587454355325,0.693792944836339
2699,2019-06-02,2019,15,21,Minnesota United,Philadelphia Union,1471.264168229558,1552.5059517106233,58.75821651893466,0.5837628091731379
2700,2019-06-02,2019,19,23,New York Red Bulls,Real Salt Lake,1594.4711320196443,1518.62885107316,215.84228094648438,0.7759967978040467
2701,2019-06-02,2019,22,13,Portland Timbers,Los Angeles FC,1601.3784228377822,1637.0211543603323,104.3572684774499,0.6458230097437769
2702,2019-06-03,2019,14,17,Los Angeles Galaxy,New England Revolution,1534.2258417321084,1424.2034676599626,250.0223740721458,0.8083376273611376
2703,2019-06-06,2019,2,26,CF Montreal,Seattle Sounders,1499.6570755499354,1606.4481108842851,33.20896466565023,0.5476465286101521
2704,2019-06-07,2019,18,9,New York City,FC Cincinnati,1578.2040925253289,1407.765481905947,310.43861061938196,0.8565625499454359
2705,2019-06-08,2019,25,10,San Jose Earthquakes,FC Dallas,1424.5369519910596,1507.5426652400772,56.99428675098238,0.5812934737093345
2706,2019-06-08,2019,29,27,Toronto FC,Sporting Kansas City,1444.7950402881577,1509.2624028417997,75.53263744635797,0.6070194735486071
2707,2019-06-09,2019,6,15,Colorado Rapids,Minnesota United,1375.8388644125948,1447.9136558626324,67.92520854996246,0.5965255554305845
2708,2019-06-09,2019,21,19,Philadelphia Union,New York Red Bulls,1575.856464077549,1603.4312601074823,112.4252039700666,0.6563727831806664
2709,2019-06-23,2019,4,23,Chicago Fire,Real Salt Lake,1435.4281404860053,1509.668722985322,65.75941750068341,0.5935213152092708
2710,2019-06-23,2019,7,27,Columbus Crew,Sporting Kansas City,1448.7020644623908,1513.543181783744,75.1588826786467,0.6065061207498639
2711,2019-06-23,2019,9,14,FC Cincinnati,Los Angeles Galaxy,1402.0279839037644,1501.892336637663,40.13564726610139,0.557504272446611
2712,2019-06-23,2019,10,29,FC Dallas,Toronto FC,1510.7944041884507,1440.5142613462133,210.2801428422374,0.7703820651875857
2713,2019-06-23,2019,22,11,Portland Timbers,Houston Dynamo,1575.5455024480311,1495.844841798446,219.7006606495852,0.7798338963130719
2714,2019-06-23,2019,30,6,Vancouver Whitecaps,Colorado Rapids,1491.4617152987546,1391.9778421953715,239.48387310338308,0.7987628436796709
2715,2019-06-27,2019,2,22,CF Montreal,Portland Timbers,1517.7512144055293,1584.3521465955082,73.39906781002105,0.6040858666635808
2716,2019-06-27,2019,8,20,DC United,Orlando City,1533.4499242292,1388.7112629920139,284.7386612371861,0.8374107340455044
2717,2019-06-27,2019,10,30,FC Dallas,Vancouver Whitecaps,1519.9791215809473,1479.5112015515679,180.46792002937946,0.7386293754725842
2718,2019-06-27,2019,17,21,New England Revolution,Philadelphia Union,1456.536972754408,1589.6015527503223,6.9354200040856995,0.5099795462115411
2719,2019-06-27,2019,25,11,San Jose Earthquakes,Houston Dynamo,1421.285213042686,1487.0381976509689,74.24701539171724,0.605252684151419
2720,2019-06-27,2019,29,0,Toronto FC,Atlanta Utd,1431.3295439537167,1648.5791801784258,-77.24963622470909,0.39062527832156363
2721,2019-06-29,2019,0,2,Atlanta Utd,CF Montreal,1624.2041913112882,1533.587779738986,230.61641157230224,0.7904325659081359
2722,2019-06-29,2019,6,13,Colorado Rapids,Los Angeles FC,1403.9283559425583,1662.8540747500833,-118.92571880752507,0.33523730609526237
2723,2019-06-29,2019,15,9,Minnesota United,FC Cincinnati,1431.7746780798557,1379.7278130058999,192.04686507395581,0.7512912055295697
2724,2019-06-29,2019,19,4,New York Red Bulls,Chicago Fire,1589.686171434709,1431.6872878776344,297.9988835570746,0.8475378935481361
2725,2019-06-30,2019,7,20,Columbus Crew,Orlando City,1424.4418196323963,1382.207692353834,182.23412727856226,0.74058742910542
2726,2019-06-30,2019,8,29,DC United,Toronto FC,1539.9534948673797,1455.7045328208542,224.24896204652555,0.7842962351881759
2727,2019-06-30,2019,17,11,New England Revolution,Houston Dynamo,1456.1377909059463,1471.2483050170256,124.88948588892072,0.6723695175319672
2728,2019-06-30,2019,18,21,New York City,Philadelphia Union,1583.9415905275114,1590.000734598784,133.9408559287274,0.6837426980598579
2729,2019-06-30,2019,23,27,Real Salt Lake,Sporting Kansas City,1513.4095755936928,1537.8034266137386,115.60614897995424,0.660490875913271
2730,2019-06-30,2019,25,14,San Jose Earthquakes,Los Angeles Galaxy,1437.0751056766294,1524.1925075355275,52.88259814110188,0.5755218605233333
2731,2019-06-30,2019,26,30,Seattle Sounders,Vancouver Whitecaps,1588.3539720286913,1489.0563765704712,239.29759545822003,0.7985904260876682
2732,2019-07-01,2019,22,10,Portland Timbers,FC Dallas,1568.5155812620515,1510.433946562044,198.0816347000075,0.7577254533963728
2733,2019-07-04,2019,4,0,Chicago Fire,Atlanta Utd,1425.58880361956,1632.586888674963,-66.99808505540295,0.40475961618299056
2734,2019-07-04,2019,11,19,Houston Dynamo,New York Red Bulls,1458.1430857183043,1595.7846556927834,2.3584300255208746,0.5033940015073779
2735,2019-07-04,2019,15,25,Minnesota United,San Jose Earthquakes,1441.7230298586728,1454.054231255696,127.66879860297672,0.6758841520270342
2736,2019-07-04,2019,18,26,New York City,Seattle Sounders,1596.591882605117,1596.4103549851845,140.18152761993247,0.6914591316808691
2737,2019-07-04,2019,20,21,Orlando City,Philadelphia Union,1411.831189518051,1577.3504425211784,-25.51925300312746,0.46334074401808184
2738,2019-07-04,2019,23,7,Real Salt Lake,Columbus Crew,1526.989940557162,1394.8183224681795,272.17161808898254,0.8273191979913419
2739,2019-07-04,2019,27,13,Sporting Kansas City,Los Angeles FC,1524.2230616502693,1636.2635669938938,27.959494656375455,0.5401503128680536
2740,2019-07-05,2019,6,17,Colorado Rapids,New England Revolution,1430.5188636987477,1469.2430102046676,101.27585349408014,0.6417552702077307
2741,2019-07-05,2019,10,8,FC Dallas,DC United,1500.742964697899,1528.5816454598528,112.16131923804619,0.6560300854966014
2742,2019-07-05,2019,14,29,Los Angeles Galaxy,Toronto FC,1507.2133819564608,1467.0763822283811,180.13699972807967,0.7382614500550122
2743,2019-07-07,2019,0,19,Atlanta Utd,New York Red Bulls,1608.7772733222826,1575.9204157530785,172.85685756920407,0.7300830663455562
2744,2019-07-07,2019,2,15,CF Montreal,Minnesota United,1525.2050823753113,1454.6876637775915,210.51741859771982,0.7706235893623125
2745,2019-07-07,2019,7,26,Columbus Crew,Seattle Sounders,1387.9110903878332,1584.0687202524193,-56.15762986458617,0.41987920082730723
2746,2019-07-07,2019,9,11,FC Cincinnati,Houston Dynamo,1369.7794612270827,1478.0073256580092,31.772135569073498,0.5455967460923421
2747,2019-07-07,2019,13,30,Los Angeles FC,Vancouver Whitecaps,1657.869579508616,1480.999993613978,316.869585894638,0.8610511418317565
2748,2019-07-07,2019,18,22,New York City,Portland Timbers,1608.9335173378822,1578.2065631261964,170.72695421168578,0.7276601444489234
2749,2019-07-07,2019,21,20,Philadelphia Union,Orlando City,1595.8840722819016,1393.2975597573277,342.5865125245739,0.8778350464494781
2750,2019-07-07,2019,25,23,San Jose Earthquakes,Real Salt Lake,1441.0895973367774,1533.8971726375084,47.19242469926894,0.5675007390440701
2751,2019-07-07,2019,27,4,Sporting Kansas City,Chicago Fire,1502.6170491355472,1449.3984189722403,193.2186301633069,0.7525494312056678
2752,2019-07-13,2019,8,17,DC United,New England Revolution,1514.8228488797167,1494.913221012977,159.9096278667398,0.7151467871501425
2753,2019-07-13,2019,11,13,Houston Dynamo,Los Angeles FC,1459.831195501703,1663.4275338353457,-63.596338333642734,0.40948616391221143
2754,2019-07-13,2019,14,25,Los Angeles Galaxy,San Jose Earthquakes,1517.6829239542603,1458.3895677750145,199.29335617924585,0.7590036462469498
2755,2019-07-14,2019,2,29,CF Montreal,Toronto FC,1494.380138800819,1456.6068402305816,177.77329857023733,0.735623724171797
2756,2019-07-14,2019,4,9,Chicago Fire,FC Cincinnati,1439.5003962204669,1387.955591383389,191.5448048370779,0.7507507920265972
2757,2019-07-14,2019,15,10,Minnesota United,FC Dallas,1485.512607352084,1514.501761278035,111.01084607404891,0.6545341122761972
2758,2019-07-14,2019,19,18,New York Red Bulls,New York City,1585.1237384069007,1579.8271115599252,145.2966268469754,0.6977053378957081
2759,2019-07-14,2019,20,7,Orlando City,Columbus Crew,1408.4109616153069,1371.1159223547409,177.295039260566,0.7350879535727747
2760,2019-07-14,2019,22,6,Portland Timbers,Colorado Rapids,1607.3129689041534,1404.8486528904384,342.464316013715,0.8777595911972352
2761,2019-07-14,2019,23,21,Real Salt Lake,Philadelphia Union,1516.5972021992714,1580.7706704239224,75.82653177534894,0.6074229719604477
2762,2019-07-14,2019,26,0,Seattle Sounders,Atlanta Utd,1600.8638882855116,1599.5739506684604,141.28993761705124,0.6928187082131385
2763,2019-07-14,2019,30,27,Vancouver Whitecaps,Sporting Kansas City,1475.4420392872482,1512.5150718873206,102.92696739992766,0.6439374673366516
2764,2019-07-18,2019,0,11,Atlanta Utd,Houston Dynamo,1587.286698996986,1443.4517489452146,283.83495005177133,0.8367011926429551
2765,2019-07-18,2019,4,7,Chicago Fire,Columbus Crew,1409.470364539403,1360.5194404976519,188.95092404175102,0.7479462865412598
2766,2019-07-18,2019,17,30,New England Revolution,Vancouver Whitecaps,1503.5190924989827,1449.6845405937822,193.83455190520044,0.7532090842380877
2767,2019-07-18,2019,29,19,Toronto FC,New York Red Bulls,1486.0317891974535,1597.2155248910724,28.816264306381072,0.5413751079332673
2768,2019-07-19,2019,9,8,FC Cincinnati,DC United,1417.985623064453,1506.216977393711,51.76864567074199,0.5739545740212746
2769,2019-07-19,2019,22,20,Portland Timbers,Orlando City,1592.202585256264,1419.0074434723958,313.19514178386817,0.8585011173996793
2770,2019-07-20,2019,14,13,Los Angeles Galaxy,Los Angeles FC,1487.3227781043825,1679.806980391834,-52.48420228745158,0.42503849375977454
2771,2019-07-21,2019,0,8,Atlanta Utd,DC United,1593.8186512912678,1529.175160354562,204.6434909367058,0.7645920809524158
2772,2019-07-21,2019,6,18,Colorado Rapids,New York City,1419.9590365383278,1567.7353250757535,-7.776288537425671,0.4888108895494322
2773,2019-07-21,2019,7,2,Columbus Crew,CF Montreal,1370.4372919593022,1464.955189833947,45.48210212535514,0.5650826586710902
2774,2019-07-21,2019,9,17,FC Cincinnati,New England Revolution,1395.027440103602,1513.3907291294593,21.636710974142716,0.5310975393170517
2775,2019-07-21,2019,21,4,Philadelphia Union,Chicago Fire,1565.0675893023404,1399.5525130777526,305.5150762245878,0.8530450334560311
2776,2019-07-21,2019,23,15,Real Salt Lake,Minnesota United,1532.3002833208534,1499.3312428610361,172.96904045981728,0.730210305329345
2777,2019-07-21,2019,27,10,Sporting Kansas City,FC Dallas,1538.2725705807866,1500.6831257690828,177.58944481170374,0.7354178439197704
2778,2019-07-21,2019,29,11,Toronto FC,Houston Dynamo,1504.3767848801228,1436.9197966509328,207.45698822919007,0.7674946764274557
2779,2019-07-21,2019,30,25,Vancouver Whitecaps,San Jose Earthquakes,1439.8129039633056,1488.7497136248926,91.06319033841305,0.6281297759710035
2780,2019-07-22,2019,20,19,Orlando City,New York Red Bulls,1433.347488168383,1578.870529208403,-5.523041040019962,0.49205237446866285
2781,2019-07-22,2019,26,22,Seattle Sounders,Portland Timbers,1613.151139956986,1577.8625405602768,175.2885993967093,0.7328326819999078
2782,2019-07-27,2019,13,0,Los Angeles FC,Atlanta Utd,1656.808520142225,1603.234968053171,193.57355208905392,0.7529296975007133
2783,2019-07-27,2019,18,27,New York City,Sporting Kansas City,1587.2877606577308,1508.8558568239957,218.43190383373508,0.7785773652555393
2784,2019-07-28,2019,2,21,CF Montreal,Philadelphia Union,1447.5584961807906,1570.945787964099,16.612708216691544,0.523889405631427
2785,2019-07-28,2019,4,8,Chicago Fire,DC United,1393.6743144159939,1519.7588435926586,13.915470823335227,0.5200152708901932
2786,2019-07-28,2019,10,23,FC Dallas,Real Salt Lake,1530.0998395258737,1523.0918711076797,147.00796841819397,0.6997790400817889
2787,2019-07-28,2019,11,26,Houston Dynamo,Seattle Sounders,1467.619583708031,1583.8378326769898,23.781751031041267,0.5341713396803736
2788,2019-07-28,2019,15,30,Minnesota United,Vancouver Whitecaps,1508.5396550742098,1414.6877129244656,233.85194214974422,0.7935011244451456
2789,2019-07-28,2019,17,20,New England Revolution,Orlando City,1534.6346307021413,1413.6653931896365,260.96923751250483,0.8179112591242987
2790,2019-07-28,2019,19,7,New York Red Bulls,Columbus Crew,1598.5526241871496,1387.8339856124587,350.7186385746909,0.882767091835955
2791,2019-07-28,2019,22,14,Portland Timbers,Los Angeles Galaxy,1607.175847840273,1510.3212383539915,236.85460948628156,0.7963189866434758
2792,2019-07-28,2019,25,6,San Jose Earthquakes,Colorado Rapids,1513.8749046637327,1400.4066009563505,253.46830370738212,0.8113920520397598
2793,2019-07-28,2019,29,9,Toronto FC,FC Cincinnati,1473.6769978230245,1373.78353853092,239.89345929210458,0.7991415660956548
2794,2019-08-03,2019,0,14,Atlanta Utd,Los Angeles Galaxy,1593.3521559531996,1502.1739978197304,231.1781581334692,0.7909677173259536
2795,2019-08-03,2019,19,29,New York Red Bulls,Toronto FC,1563.2419405137114,1481.7113351791984,221.53060533451298,0.7816371793702072
2796,2019-08-04,2019,6,2,Colorado Rapids,CF Montreal,1392.8622830379409,1466.6029199555335,66.25936308240739,0.5942154364849914
2797,2019-08-04,2019,9,30,FC Cincinnati,Vancouver Whitecaps,1365.749201174746,1426.4277579022714,79.32144327247465,0.6122098877445171
2798,2019-08-04,2019,11,4,Houston Dynamo,Chicago Fire,1446.252730120816,1392.873703580386,193.37902654043,0.7527213298498138
2799,2019-08-04,2019,15,22,Minnesota United,Portland Timbers,1496.799610096404,1615.323088374534,21.476521721869858,0.5308678936287469
2800,2019-08-04,2019,17,13,New England Revolution,Los Angeles FC,1541.9181803371694,1666.6913322421965,15.226848094972866,0.5218991767260313
2801,2019-08-04,2019,20,10,Orlando City,FC Dallas,1406.3818435546084,1522.108677922602,24.27316563200634,0.5348751704889736
2802,2019-08-04,2019,23,18,Real Salt Lake,New York City,1531.0830327109513,1596.1446660475092,74.93836666344214,0.6062031311900193
2803,2019-08-04,2019,25,7,San Jose Earthquakes,Columbus Crew,1521.4192225821423,1423.144669285897,238.27455329624536,0.7976415346427099
2804,2019-08-05,2019,8,21,DC United,Philadelphia Union,1520.5594544282665,1551.9013641893562,108.65809023891029,0.6514652792079102
2805,2019-08-05,2019,26,27,Seattle Sounders,Sporting Kansas City,1605.2046862642048,1499.9989514342174,245.20573482998748,0.8040052103667761
2806,2019-08-09,2019,18,11,New York City,Houston Dynamo,1580.3927912951099,1416.1438769268236,304.24891436828625,0.8521289855346906
2807,2019-08-10,2019,26,17,Seattle Sounders,New England Revolution,1573.044477849534,1521.042213268128,192.00226458140583,0.7512432296641459
2808,2019-08-11,2019,0,18,Atlanta Utd,New York City,1601.7134472601615,1586.3076318737224,155.40581538643914,0.7098360221668351
2809,2019-08-11,2019,4,2,Chicago Fire,CF Montreal,1422.9825567743785,1450.371537414933,112.61101935944544,0.6566139973524056
2810,2019-08-11,2019,6,25,Colorado Rapids,San Jose Earthquakes,1409.0936655785413,1509.513561196434,39.580104382107265,0.5567152123695932
2811,2019-08-11,2019,7,9,Columbus Crew,FC Cincinnati,1435.0503306716053,1341.2608056649653,233.7895250066399,0.793442244063242
2812,2019-08-11,2019,10,15,FC Dallas,Minnesota United,1503.503684742161,1515.564894351254,127.93879039090712,0.6762245288599511
2813,2019-08-11,2019,21,11,Philadelphia Union,Houston Dynamo,1577.9599753576726,1410.2290363482111,307.7309390094615,0.8546368666920343
2814,2019-08-11,2019,22,30,Portland Timbers,Vancouver Whitecaps,1596.557804119684,1450.9161534120522,285.6416507076319,0.8381172252711765
2815,2019-08-11,2019,27,23,Sporting Kansas City,Real Salt Lake,1532.1591598488885,1546.8349074633506,125.32425238553787,0.6729205999395588
2816,2019-08-11,2019,29,20,Toronto FC,Orlando City,1472.9768223540066,1424.9868367350496,187.989985618957,0.7469020239525599
2817,2019-08-12,2019,8,14,DC United,Los Angeles Galaxy,1494.50084325995,1493.8127065127685,140.6881367471815,0.6920809524074154
2818,2019-08-12,2019,13,19,Los Angeles FC,New York Red Bulls,1687.5672993112378,1571.9764533389032,255.5908459723346,0.8132547746215721
2819,2019-08-15,2019,14,10,Los Angeles Galaxy,FC Dallas,1481.4959446090652,1516.454703587763,105.04124102130208,0.6467230840962694
2820,2019-08-15,2019,15,6,Minnesota United,Colorado Rapids,1502.613875505652,1426.8250570837577,215.78881842189435,0.7759432975057952
2821,2019-08-15,2019,20,27,Orlando City,Sporting Kansas City,1434.862917693152,1505.2423358513063,69.6205818418457,0.5988722347846293
2822,2019-08-15,2019,22,4,Portland Timbers,Chicago Fire,1603.033115108837,1436.7179968802823,306.31511822855464,0.8536214260518281
2823,2019-08-15,2019,23,26,Real Salt Lake,Seattle Sounders,1573.751731460933,1562.994748662968,150.75698279796484,0.7042933310574168
2824,2019-08-18,2019,2,10,CF Montreal,FC Dallas,1436.6360973090293,1502.323626951614,74.31247035741535,0.6053427037306526
2825,2019-08-18,2019,4,21,Chicago Fire,Philadelphia Union,1430.8628539223555,1583.7745006899913,-12.91164676763583,0.48142719594882993
2826,2019-08-18,2019,7,29,Columbus Crew,Toronto FC,1423.3126409090755,1463.1007413959042,100.21189951317137,0.6403459695553367
2827,2019-08-18,2019,9,18,FC Cincinnati,New York City,1352.998495427495,1574.7010727603958,-81.70257733290077,0.38454101753252856
2828,2019-08-18,2019,11,6,Houston Dynamo,Colorado Rapids,1404.4145110158925,1417.8627889839895,126.55172203190295,0.6744738856858691
2829,2019-08-18,2019,14,26,Los Angeles Galaxy,Seattle Sounders,1495.6270212452143,1551.1664819052646,84.46053933994972,0.6192094145660508
2830,2019-08-18,2019,15,20,Minnesota United,Orlando City,1511.5761436054202,1450.9080283017668,200.6681153036534,0.7604482379703359
2831,2019-08-18,2019,19,17,New York Red Bulls,New England Revolution,1564.506644323766,1531.091942454694,173.41470186907213,0.7307154053532559
2832,2019-08-18,2019,23,13,Real Salt Lake,Los Angeles FC,1585.5799982186363,1695.037108326375,30.542889892261428,0.5438418721511191
2833,2019-08-18,2019,27,25,Sporting Kansas City,San Jose Earthquakes,1489.1972252426915,1491.7821696912176,137.41505555147387,0.6880512996288837
2834,2019-08-18,2019,30,8,Vancouver Whitecaps,DC United,1444.4408424228993,1506.8176051636533,77.62323725924603,0.6098865286940897
2835,2019-08-19,2019,22,0,Portland Timbers,Atlanta Utd,1608.8882580667637,1613.320006373488,135.56825169327567,0.685764935088718
2836,2019-08-22,2019,8,19,DC United,New York Red Bulls,1491.213066311417,1555.278028109636,75.93503820178103,0.6075719074165997
2837,2019-08-22,2019,13,25,Los Angeles FC,San Jose Earthquakes,1716.7907832124197,1479.304221676373,377.4865615360468,0.8977974009982821
2838,2019-08-22,2019,18,7,New York City,Columbus Crew,1590.082713461697,1417.6988021268621,312.3839113348349,0.8579328919225323
2839,2019-08-23,2019,27,15,Sporting Kansas City,Minnesota United,1501.6751732575362,1501.1582140866067,140.51695917092957,0.6918709239250963
2840,2019-08-24,2019,20,0,Orlando City,Atlanta Utd,1461.3259578205802,1640.7506037770368,-39.424645956456516,0.4435056429644506
2841,2019-08-24,2019,22,26,Portland Timbers,Seattle Sounders,1581.457660663215,1555.9348584879067,165.52280217530824,0.7216831224458051
2842,2019-08-25,2019,9,7,FC Cincinnati,Columbus Crew,1337.6168547261939,1412.0161178037633,65.60073692243054,0.5933009258408288
2843,2019-08-25,2019,17,4,New England Revolution,Chicago Fire,1540.320558668824,1451.6057660844024,228.71479258442173,0.7886135085108572
2844,2019-08-25,2019,18,19,New York City,New York Red Bulls,1595.7653977847958,1579.5809044062999,156.18449337849597,0.7107583941599248
2845,2019-08-25,2019,21,8,Philadelphia Union,DC United,1563.0315885279445,1466.910190014753,236.12139851319148,0.7956335534593152
2846,2019-08-25,2019,23,6,Real Salt Lake,Colorado Rapids,1563.8263233325915,1424.8417444114243,278.9845789211672,0.8328503327750886
2847,2019-08-25,2019,25,30,San Jose Earthquakes,Vancouver Whitecaps,1475.216117716304,1460.0453812751357,155.1707364411684,0.7095572212271039
2848,2019-08-25,2019,29,2,Toronto FC,CF Montreal,1468.7145801781176,1432.4223891598033,176.29219101831427,0.7339622591492759
2849,2019-08-26,2019,10,11,FC Dallas,Houston Dynamo,1506.53733510084,1397.4355555884576,249.10177951238234,0.8075152655126356
2850,2019-08-26,2019,13,14,Los Angeles FC,Los Angeles Galaxy,1720.8788871724885,1490.8586446625723,370.0202425099162,0.8937857427530741
2851,2019-08-29,2019,2,30,CF Montreal,Vancouver Whitecaps,1421.7808795257743,1448.42767012422,113.3532094015543,0.6575766561605247
2852,2019-09-01,2019,2,8,CF Montreal,DC United,1435.4778132793533,1458.7355321531256,116.74228112622768,0.6619559030319702
2853,2019-09-01,2019,7,4,Columbus Crew,Chicago Fire,1435.7481548373964,1443.1503064248366,132.59784841255987,0.6820685934375446
2854,2019-09-01,2019,10,9,FC Dallas,FC Cincinnati,1514.2367244803345,1313.8848176925608,340.3519067877737,0.8764488459026114
2855,2019-09-01,2019,17,29,New England Revolution,Toronto FC,1548.77601832839,1479.3560898121466,209.41992851624332,0.7695049526762121
2856,2019-09-01,2019,19,6,New York Red Bulls,Colorado Rapids,1568.011240172697,1418.1557577224278,289.85548245026916,0.841381372790973
2857,2019-09-01,2019,21,0,Philadelphia Union,Atlanta Utd,1571.2062463895718,1658.490829495615,52.7154168939569,0.5752867392398482
2858,2019-09-01,2019,22,23,Portland Timbers,Real Salt Lake,1552.5903357653826,1570.512310021588,122.07802574379457,0.6687944548677605
2859,2019-09-01,2019,25,20,San Jose Earthquakes,Orlando City,1486.8338288672198,1443.585732102002,183.24809676521772,0.7417072208536762
2860,2019-09-01,2019,26,14,Seattle Sounders,Los Angeles Galaxy,1584.802183385739,1506.6100743726952,218.19210901304382,0.7783393053534778
2861,2019-09-01,2019,27,11,Sporting Kansas City,Houston Dynamo,1514.0003363005324,1389.7361662089631,264.2641700915692,0.8207190689599223
2862,2019-09-01,2019,30,18,Vancouver Whitecaps,New York City,1434.730736370641,1607.3350620183987,-32.60432564775783,0.45321585744032095
2863,2019-09-02,2019,13,15,Los Angeles FC,Minnesota United,1705.1274574623656,1488.8330510436106,356.294406418755,0.8860481670222343
2864,2019-09-07,2019,18,17,New York City,New England Revolution,1625.4636963160115,1537.9958202213413,227.46787609467015,0.7874144696320808
2865,2019-09-08,2019,6,26,Colorado Rapids,Seattle Sounders,1451.8110126340666,1593.6686111715999,-1.8575985375332493,0.4973267262844801
2866,2019-09-08,2019,9,29,FC Cincinnati,Toronto FC,1308.9427715286652,1490.1362879191952,-41.19351639053002,0.44099399869736655
2867,2019-09-08,2019,20,13,Orlando City,Los Angeles FC,1433.2540209361491,1669.6855307814762,-96.43150984532713,0.36468096372931913
2868,2019-09-08,2019,22,27,Portland Timbers,Sporting Kansas City,1565.8385575706723,1521.1715735421355,184.66698402853672,0.7432688913561692
2869,2019-09-12,2019,6,14,Colorado Rapids,Los Angeles Galaxy,1471.9179435826875,1497.7436465868343,114.17429699585318,0.6586401397460298
2870,2019-09-12,2019,11,15,Houston Dynamo,Minnesota United,1382.56492896736,1524.2749777244999,-1.7100487571399299,0.49753906188695174
2871,2019-09-12,2019,18,29,New York City,Toronto FC,1633.9671175307283,1507.7760478670898,266.1910696636385,0.8223453542048996
2872,2019-09-12,2019,23,25,Real Salt Lake,San Jose Earthquakes,1557.2640882162984,1497.1655400330728,200.0985481832256,0.7598504595106939
2873,2019-09-14,2019,4,10,Chicago Fire,FC Dallas,1450.4330501623383,1519.17877064423,71.2542795181082,0.6011292654655522
2874,2019-09-14,2019,18,25,New York City,San Jose Earthquakes,1621.0733033625322,1487.5595584135006,273.51374494903166,0.8284201474861846
2875,2019-09-15,2019,0,7,Atlanta Utd,Columbus Crew,1641.5022990652087,1428.4654110998947,353.036887965314,0.8841411097197078
2876,2019-09-15,2019,2,9,CF Montreal,FC Cincinnati,1408.9995771580745,1291.3030115807705,257.696565577304,0.8150886977395028
2877,2019-09-15,2019,15,23,Minnesota United,Real Salt Lake,1504.176540199978,1566.8700698358707,77.30647036410733,0.6094525959899677
2878,2019-09-15,2019,20,17,Orlando City,New England Revolution,1438.6667823869764,1529.4923990066245,49.174383380351856,0.5702988379203948
2879,2019-09-15,2019,21,13,Philadelphia Union,Los Angeles FC,1588.194776819978,1664.272769330649,63.92200748932896,0.5909670756596431
2880,2019-09-15,2019,22,8,Portland Timbers,DC United,1576.1078019164254,1485.2137682744044,230.894033642021,0.7906971700781125
2881,2019-09-15,2019,26,19,Seattle Sounders,New York Red Bulls,1573.561680222979,1534.355985261058,179.20569496192093,0.7372242095820686
2882,2019-09-15,2019,29,6,Toronto FC,Colorado Rapids,1520.6698620352859,1485.5723379928463,175.09752404243955,0.7326172750443204
2883,2019-09-15,2019,30,11,Vancouver Whitecaps,Houston Dynamo,1416.6021020730282,1402.6633664918818,153.93873558114637,0.7080934985220503
2884,2019-09-16,2019,14,27,Los Angeles Galaxy,Sporting Kansas City,1484.0892521766755,1510.9023291963824,113.18692298029305,0.6573610864619831
2885,2019-09-19,2019,9,0,FC Cincinnati,Atlanta Utd,1323.9065594903507,1606.1366546764204,-142.23009518606978,0.3060307121316172
2886,2019-09-19,2019,22,19,Portland Timbers,New York Red Bulls,1544.4799151133009,1523.8449536443409,160.63496146896,0.7159965920298258
2887,2019-09-19,2019,26,10,Seattle Sounders,FC Dallas,1584.0727118396962,1503.2239412628521,220.84877057684412,0.7809665253681551
2888,2019-09-21,2019,0,25,Atlanta Utd,San Jose Earthquakes,1618.377883161685,1480.696364312948,277.68151884873714,0.8318035025842851
2889,2019-09-21,2019,30,7,Vancouver Whitecaps,Columbus Crew,1428.2783621321462,1463.831055488683,104.44730664346321,0.6459415547769078
2890,2019-09-22,2019,9,4,FC Cincinnati,Chicago Fire,1311.665331005086,1466.3878795437163,-14.722548538630235,0.47882522202357136
2891,2019-09-22,2019,10,18,FC Dallas,New York City,1514.4626022775783,1627.9364974630848,26.526104814493465,0.5381001329097107
2892,2019-09-22,2019,11,20,Houston Dynamo,Orlando City,1390.9871064327638,1435.8548288701606,95.13227756260312,0.6335844928094733
2893,2019-09-22,2019,13,29,Los Angeles FC,Toronto FC,1667.9114523570347,1531.365171033513,276.5462813235217,0.8308872371758937
2894,2019-09-22,2019,14,2,Los Angeles Galaxy,CF Montreal,1497.7948087181962,1376.3960292484944,261.3987794697018,0.8182792263097337
2895,2019-09-22,2019,17,23,New England Revolution,Real Salt Lake,1532.3043525234402,1551.2481736754694,121.05617884797084,0.6674902015319867
2896,2019-09-22,2019,19,21,New York Red Bulls,Philadelphia Union,1552.4848173255339,1584.5560937935923,107.92872353194161,0.6505113534196166
2897,2019-09-22,2019,22,15,Portland Timbers,Minnesota United,1515.8400514321079,1519.7984363603794,136.04161507172853,0.6863518298389836
2898,2019-09-22,2019,27,6,Sporting Kansas City,Colorado Rapids,1497.1967726548617,1474.8770289946192,162.31974366024247,0.7179645768936346
2899,2019-09-23,2019,8,26,DC United,Seattle Sounders,1516.841655077529,1572.83405082497,84.00760425255885,0.6185944498817288
2900,2019-09-26,2019,13,11,Los Angeles FC,Houston Dynamo,1654.675962869999,1405.6437267203848,389.03223614961416,0.9037365832212487
2901,2019-09-26,2019,15,27,Minnesota United,Sporting Kansas City,1527.2525095539388,1468.4781895791164,198.77431997482245,0.7584567013543887
2902,2019-09-26,2019,18,0,New York City,Atlanta Utd,1629.4605027794732,1625.1057430583137,144.35475972115955,0.6965605828262236
2903,2019-09-26,2019,22,17,Portland Timbers,New England Revolution,1508.3859782385484,1525.6047444621609,122.78123377638758,0.6696905054942919
2904,2019-09-26,2019,23,14,Real Salt Lake,Los Angeles Galaxy,1557.9477817367488,1505.063639665807,192.88414207094183,0.7521906985179588
2905,2019-09-26,2019,25,21,San Jose Earthquakes,Philadelphia Union,1473.9685044163193,1570.5765479303768,43.3919564859425,0.5621233796141244
2906,2019-09-29,2019,2,0,CF Montreal,Atlanta Utd,1369.1271983008837,1612.9681663713627,-103.840968070479,0.3548571015147881
2907,2019-09-29,2019,4,29,Chicago Fire,Toronto FC,1465.5408884246592,1544.6006605205487,60.94022790411054,0.5868115999540593
2908,2019-09-29,2019,7,21,Columbus Crew,Philadelphia Union,1469.6687176797593,1593.061483114942,16.607234564817418,0.5238815463894863
2909,2019-09-29,2019,9,20,FC Cincinnati,Orlando City,1312.512322124143,1421.1982085825396,31.314113541603547,0.5449430028258296
2910,2019-09-29,2019,17,18,New England Revolution,New York City,1532.3923646819326,1641.5980794664242,30.794285215508353,0.5442008546880107
2911,2019-09-29,2019,19,8,New York Red Bulls,DC United,1566.4643631887493,1532.0978770822599,174.36648610648945,0.731792129025297
2912,2019-09-30,2019,6,10,Colorado Rapids,FC Dallas,1503.5956120703645,1512.93859696119,130.6570151091746,0.6796409483094352
2913,2019-09-30,2019,14,30,Los Angeles Galaxy,Vancouver Whitecaps,1535.1512676065254,1422.4406999410699,252.71056766545553,0.810723625052903
2914,2019-09-30,2019,15,13,Minnesota United,Los Angeles FC,1536.9142414997632,1658.526499541149,18.387741958614242,0.5264374089889893
2915,2019-09-30,2019,23,11,Real Salt Lake,Houston Dynamo,1527.8601537960303,1401.793190049235,266.0669637467954,0.8222409593722421
2916,2019-09-30,2019,25,26,San Jose Earthquakes,Seattle Sounders,1451.4835692317542,1557.5778288202391,33.905740411515126,0.5486399726699256
2917,2019-09-30,2019,27,22,Sporting Kansas City,Portland Timbers,1458.816457633292,1501.5983580187767,97.21809961451527,0.6363674729146293
2918,2019-10-06,2019,0,17,Atlanta Utd,New England Revolution,1607.1624504319543,1550.624330494412,196.5381199375422,0.7560905995442645
2919,2019-10-06,2019,2,19,CF Montreal,New York Red Bulls,1374.9329142402921,1557.1926780277374,-42.25976378744531,0.4394814679599726
2920,2019-10-06,2019,8,9,DC United,FC Cincinnati,1541.3695622432717,1310.71460201111,370.6549602321618,0.8941321027051018
2921,2019-10-06,2019,10,27,FC Dallas,Sporting Kansas City,1500.1242348935673,1453.3617587167068,186.76247617686045,0.7455639214427385
2922,2019-10-06,2019,11,14,Houston Dynamo,Los Angeles Galaxy,1394.6828284241246,1502.7223226044093,31.96050581971531,0.5458655649322098
2923,2019-10-06,2019,13,6,Los Angeles FC,Colorado Rapids,1659.5839959007085,1516.409974137987,283.1740217627214,0.8361806939902258
2924,2019-10-06,2019,20,4,Orlando City,Chicago Fire,1422.9959286955727,1462.068424426497,100.92750426907583,0.6412941192415855
2925,2019-10-06,2019,21,18,Philadelphia Union,New York City,1574.0167449705214,1623.3661136539447,90.65063131657666,0.627574876205331
2926,2019-10-06,2019,22,25,Portland Timbers,San Jose Earthquakes,1507.0530569353618,1429.5379703249573,217.51508661040452,0.7776661935601956
2927,2019-10-06,2019,26,15,Seattle Sounders,Minnesota United,1579.523427727036,1535.8567451402037,183.6666825868324,0.7421685723239468
2928,2019-10-06,2019,29,7,Toronto FC,Columbus Crew,1548.073124518711,1488.7134558241798,199.35966869453114,0.7590734634733303
2929,2019-10-06,2019,30,23,Vancouver Whitecaps,Real Salt Lake,1454.869644943186,1534.9705154211406,59.899129522045314,0.5853577520103307
2930,2019-10-19,2019,0,17,Atlanta Utd,New England Revolution,1616.9188264501838,1540.8679544761826,216.0508719740012,0.7762054493093393
2931,2019-10-19,2019,26,10,Seattle Sounders,FC Dallas,1589.8366848340781,1510.3016780358578,219.53500679822037,0.7796701295853508
2932,2019-10-19,2019,29,8,Toronto FC,DC United,1557.7101859797779,1525.6042781350677,172.10590784471015,0.7292303581115066
2933,2019-10-20,2019,21,19,Philadelphia Union,New York Red Bulls,1548.9137499223082,1534.7719367461364,154.1418131761718,0.7083350704132492
2934,2019-10-20,2019,23,22,Real Salt Lake,Portland Timbers,1558.384825501554,1515.946409192954,182.43841630859993,0.7408132921569662
2935,2019-10-21,2019,15,14,Minnesota United,Los Angeles Galaxy,1525.5434880331616,1484.5569452016978,180.9865428314638,0.7392053205187352
2936,2019-10-24,2019,18,29,New York City,Toronto FC,1648.4691087021579,1548.5409716553177,239.92813704684022,0.7991736062445786
2937,2019-10-24,2019,26,23,Seattle Sounders,Real Salt Lake,1578.6498796506642,1568.7522938152752,149.897585835389,0.7032619896255256
2938,2019-10-25,2019,0,21,Atlanta Utd,Philadelphia Union,1625.8706084778103,1540.5803471057782,225.2902613720321,0.7853085798053412
2939,2019-10-25,2019,13,14,Los Angeles FC,Los Angeles Galaxy,1666.1367681410995,1514.125158022447,292.01161011865247,0.8430308086471128
2940,2019-10-30,2019,13,26,Los Angeles FC,Seattle Sounders,1672.415535795215,1590.5194000656431,221.89613572957182,0.7819961059712484
2941,2019-10-31,2019,0,29,Atlanta Utd,Toronto FC,1634.4582652855966,1580.5079159051008,193.9503493804957,0.7533329713687797
2942,2019-11-10,2019,26,29,Seattle Sounders,Toronto FC,1621.7992443044932,1610.641234759852,151.15800954464112,0.7047738812652277
2943,2020-02-29,2020,2,17,CF Montreal,New England Revolution,1397.3536555218932,1531.9161724485562,5.4374830733370345,0.507824528349668
2944,2020-02-29,2020,8,6,DC United,Colorado Rapids,1534.773492459528,1509.857201897596,164.91629056193187,0.7209813170017436
2945,2020-02-29,2020,10,21,FC Dallas,Philadelphia Union,1521.4884832192718,1531.9926902979919,129.49579292127987,0.6781837865636627
2946,2020-02-29,2020,11,14,Houston Dynamo,Los Angeles Galaxy,1412.8482058268362,1507.8463903683316,45.00181545850455,0.564403059550358
2947,2020-02-29,2020,20,23,Orlando City,Real Salt Lake,1397.3441639259092,1556.8827734002962,-19.53860947438693,0.4719112851820626
2948,2020-02-29,2020,25,29,San Jose Earthquakes,Toronto FC,1420.6446180673652,1598.832190010461,-38.18757194309592,0.4452639074924885
2949,2020-03-01,2020,7,18,Columbus Crew,New York City,1479.076394363113,1616.5021644523747,2.574229910738268,0.5037045468476458
2950,2020-03-01,2020,13,12,Los Angeles FC,Inter Miami,1641.1356915563651,1500.0,281.13569155636515,0.8345670528446444
2951,2020-03-01,2020,16,0,Nashville SC,Atlanta Utd,1500.0,1604.3249464308453,35.67505356915467,0.5511608522383418
2952,2020-03-01,2020,19,9,New York Red Bulls,FC Cincinnati,1543.1053395626664,1326.479886119314,356.6254534433524,0.8862404339200189
2953,2020-03-01,2020,26,4,Seattle Sounders,Chicago Fire,1633.6082890538842,1487.7201891961604,285.8880998577238,0.8383096142031917
2954,2020-03-01,2020,30,27,Vancouver Whitecaps,Sporting Kansas City,1431.4553348627726,1443.1843155744164,128.27101928835623,0.6766431117685415
2955,2020-03-02,2020,22,15,Portland Timbers,Minnesota United,1505.5789408792327,1495.9752752124123,149.60366566682046,0.7029087863765023
2956,2020-03-07,2020,8,12,DC United,Inter Miami,1505.9342397794583,1493.3826821137857,152.5515576656726,0.706440234618784
2957,2020-03-07,2020,10,2,FC Dallas,CF Montreal,1534.3611317567252,1417.0406743879064,257.3204573688188,0.8147621602589652
2958,2020-03-07,2020,17,4,New England Revolution,Chicago Fire,1512.229153582543,1481.2525737642882,170.97657981825478,0.7279448149695711
2959,2020-03-07,2020,23,19,Real Salt Lake,New York Red Bulls,1555.7592248075787,1547.6557222058657,148.103502601713,0.7011022700101031
2960,2020-03-07,2020,29,18,Toronto FC,New York City,1596.6427463101606,1596.6503463262804,139.9923999838802,0.6912268149982334
2961,2020-03-08,2020,0,9,Atlanta Utd,FC Cincinnati,1626.371380520379,1321.9295034761146,444.4418770442644,0.9281366851426115
2962,2020-03-08,2020,6,20,Colorado Rapids,Orlando City,1538.6964545776657,1398.4677125186267,280.22874205903895,0.8338449811719102
2963,2020-03-08,2020,14,30,Los Angeles Galaxy,Vancouver Whitecaps,1510.422512750346,1404.3896103920308,246.03290235831514,0.80475445482788
2964,2020-03-08,2020,22,16,Portland Timbers,Nashville SC,1477.4625894241726,1477.9535659104663,139.50902351370632,0.6906326155749515
2965,2020-03-08,2020,25,15,San Jose Earthquakes,Minnesota United,1422.8340617676656,1524.0916266674724,38.742435100193234,0.5555248967035551
2966,2020-03-08,2020,26,7,Seattle Sounders,Columbus Crew,1640.0759044857564,1498.9282124892072,281.14769199654916,0.8345765901585885
2967,2020-03-08,2020,27,11,Sporting Kansas City,Houston Dynamo,1470.2500400451581,1410.2720834448219,199.97795660033626,0.7597237640915498
2968,2020-03-09,2020,13,21,Los Angeles FC,Philadelphia Union,1647.7530094425795,1519.1200417605385,268.632967682041,0.8243896489959773
2969,2020-07-09,2020,18,21,New York City,Philadelphia Union,1584.2994189262097,1532.0956277203775,192.2037912058322,0.7514599586495389
2970,2020-07-09,2020,20,12,Orlando City,Inter Miami,1391.8215117655031,1481.640291498537,50.18122026696619,0.5717185677340118
2971,2020-07-10,2020,2,17,CF Montreal,New England Revolution,1429.631160798265,1503.11136098376,66.51979981450495,0.5945768762792897
2972,2020-07-11,2020,26,25,Seattle Sounders,San Jose Earthquakes,1626.6928408794129,1400.6130658995235,366.0797749798894,0.8916130536800065
2973,2020-07-12,2020,0,19,Atlanta Utd,New York Red Bulls,1629.2459131146745,1555.6998130062698,213.54610010840474,0.7736908108878124
2974,2020-07-12,2020,9,7,FC Cincinnati,Columbus Crew,1319.0549708818191,1512.3112760955507,-53.25630521373159,0.4239526869934919
2975,2020-07-13,2020,23,6,Real Salt Lake,Colorado Rapids,1547.7151340071746,1545.3426553307893,142.3724786763853,0.694143328853173
2976,2020-07-13,2020,27,15,Sporting Kansas City,Minnesota United,1479.861089481496,1546.3126225356145,73.5484669458815,0.6042915336395462
2977,2020-07-13,2020,29,8,Toronto FC,DC United,1608.9936737102314,1517.676630394707,231.31704331552442,0.7910998720500487
2978,2020-07-14,2020,4,26,Chicago Fire,Seattle Sounders,1490.370366363071,1611.0283187322127,19.34204763085836,0.527806723380894
2979,2020-07-14,2020,13,11,Los Angeles FC,Houston Dynamo,1634.7774234827405,1400.661034008484,374.1163894742565,0.8960034980554995
2980,2020-07-14,2020,14,22,Los Angeles Galaxy,Portland Timbers,1478.2323345572308,1489.8372848011745,128.39504975605632,0.6767993081875068
2981,2020-07-15,2020,18,20,New York City,Orlando City,1554.2410205802282,1408.9527690561426,285.2882515240856,0.8378410242218166
2982,2020-07-15,2020,21,12,Philadelphia Union,Inter Miami,1562.154026066359,1464.5090342078975,237.64499185846148,0.7970559479626799
2983,2020-07-16,2020,0,9,Atlanta Utd,FC Cincinnati,1598.298280679162,1302.0968634020794,436.20141727708256,0.9249077887070248
2984,2020-07-16,2020,30,25,Vancouver Whitecaps,San Jose Earthquakes,1436.579788585146,1416.2775880467236,160.3022005384223,0.7156069174044585
2985,2020-07-17,2020,2,29,CF Montreal,Toronto FC,1405.8480857470934,1597.3496788282296,-51.50159308113621,0.4264213804125591
2986,2020-07-17,2020,7,19,Columbus Crew,New York Red Bulls,1529.2693835752905,1586.6474454417823,82.62193813350814,0.616710731205939
2987,2020-07-18,2020,8,17,DC United,New England Revolution,1529.320625276709,1526.8944360349317,142.42618924177737,0.6942089670227473
2988,2020-07-18,2020,23,15,Real Salt Lake,Minnesota United,1559.9494008530476,1570.4842838811965,129.4651169718511,0.6781452455886003
2989,2020-07-18,2020,27,6,Sporting Kansas City,Colorado Rapids,1455.689428135914,1533.1083884849163,62.58103965099781,0.5890998426294428
2990,2020-07-19,2020,13,14,Los Angeles FC,Los Angeles Galaxy,1618.9372835605204,1451.1603622297305,307.77692133078995,0.8546697474424031
2991,2020-07-19,2020,22,11,Portland Timbers,Houston Dynamo,1516.9092571286749,1416.501173930704,240.40808319797088,0.7996166545061628
2992,2020-07-20,2020,4,25,Chicago Fire,San Jose Earthquakes,1509.2580974278353,1444.901864742902,204.35623268493327,0.7642943191171594
2993,2020-07-20,2020,12,18,Inter Miami,New York City,1456.3912721264046,1520.7273796113554,75.66389251504916,0.6071996965833605
2994,2020-07-20,2020,26,30,Seattle Sounders,Vancouver Whitecaps,1592.1405876674485,1407.9555118889675,324.18507577848095,0.8660132515009317
2995,2020-07-21,2020,21,20,Philadelphia Union,Orlando City,1570.2717881478518,1442.4664100250152,267.8053781228366,0.8236988937502989
2996,2020-07-21,2020,29,17,Toronto FC,New England Revolution,1614.4065340447319,1534.6627947158415,219.74373932889034,0.7798764699257142
2997,2020-07-22,2020,0,7,Atlanta Utd,Columbus Crew,1561.301969130881,1544.600954327053,156.701014803828,0.7113692720575618
2998,2020-07-22,2020,2,8,CF Montreal,DC United,1388.791230530591,1521.5522665957992,7.238963934791855,0.5104161992975631
2999,2020-07-22,2020,23,27,Real Salt Lake,Sporting Kansas City,1552.8235910295036,1472.1254344307365,220.69815659876713,0.7808181814765692
3000,2020-07-23,2020,4,30,Chicago Fire,Vancouver Whitecaps,1478.686324663149,1402.5960419490048,216.09028271414422,0.7762448559368337
3001,2020-07-23,2020,6,15,Colorado Rapids,Minnesota United,1516.672382190094,1577.6100937047404,79.06228848535352,0.6118556583239457
3002,2020-07-23,2020,9,19,FC Cincinnati,New York Red Bulls,1339.0931749503604,1571.3158746900199,-92.22269973965945,0.3703124735738223
3003,2020-07-24,2020,13,22,Los Angeles FC,Portland Timbers,1624.7504936628243,1524.9245909484284,239.82590271439585,0.7990791369127515
3004,2020-07-24,2020,14,11,Los Angeles Galaxy,Houston Dynamo,1445.3471521274266,1408.4858401109504,176.86131201647618,0.7346014700082074
3005,2020-07-26,2020,20,2,Orlando City,CF Montreal,1455.4143657750271,1408.3745825586886,187.0397832163385,0.7458666196639003
3006,2020-07-26,2020,21,17,Philadelphia Union,New England Revolution,1557.3238323978399,1545.8578535128702,151.46597888496967,0.7051426125721691
3007,2020-07-27,2020,27,30,Sporting Kansas City,Vancouver Whitecaps,1503.3581616897993,1433.6458361864782,209.71232550332115,0.7698033566100907
3008,2020-07-27,2020,29,18,Toronto FC,New York City,1603.2114752477032,1545.0153674746898,198.1961077730134,0.7578464031362361
3009,2020-07-28,2020,25,23,San Jose Earthquakes,Real Salt Lake,1475.4736375075884,1521.5908637704408,93.88277373714755,0.6319130663065704
3010,2020-07-28,2020,26,13,Seattle Sounders,Los Angeles FC,1597.5000576074112,1612.7873281863142,124.71272942109704,0.672145336188769
3011,2020-07-29,2020,7,15,Columbus Crew,Minnesota United,1573.0557252093554,1582.0843200376983,130.97140517165712,0.6800348608027801
3012,2020-07-29,2020,22,9,Portland Timbers,FC Cincinnati,1536.8877564249385,1364.2806760074075,312.60708041753105,0.8580894000413662
3013,2020-07-31,2020,21,27,Philadelphia Union,Sporting Kansas City,1569.118127894953,1492.5660274253958,216.55210046955722,0.776706257446979
3014,2020-08-01,2020,20,13,Orlando City,Los Angeles FC,1465.5797009884711,1639.673141633865,-34.09344064539391,0.4510924753395368
3015,2020-08-02,2020,18,22,New York City,Portland Timbers,1575.3292236001394,1522.564180423284,192.76504317685544,0.7520628828579575
3016,2020-08-02,2020,25,15,San Jose Earthquakes,Minnesota United,1490.1971148553255,1589.2857144698094,40.91140038551612,0.5586056197169394
3017,2020-08-06,2020,21,22,Philadelphia Union,Portland Timbers,1578.0498775970739,1552.6466957376022,165.40318185947172,0.7215447935160664
3018,2020-08-07,2020,20,15,Orlando City,Minnesota United,1467.5360019748896,1611.629939258487,-4.09393728359737,0.49410862331188404
3019,2020-08-12,2020,22,20,Portland Timbers,Orlando City,1581.508487478245,1487.7716570424143,233.7368304358306,0.7933925256739685
3020,2020-08-13,2020,10,16,FC Dallas,Nashville SC,1521.7706453463666,1465.5788705334644,196.19177481290217,0.7557227342598554
3021,2020-08-17,2020,10,16,FC Dallas,Nashville SC,1491.5417359759724,1495.8077799038585,135.73395607211387,0.6859704496609691
3022,2020-08-19,2020,29,30,Toronto FC,Vancouver Whitecaps,1572.8976191222537,1444.4379704508817,268.45964867137195,0.8242451632236386
3023,2020-08-21,2020,7,4,Columbus Crew,Chicago Fire,1565.8543307772443,1447.6365304256756,258.2178003515687,0.8155404982197222
3024,2020-08-21,2020,17,21,New England Revolution,Philadelphia Union,1534.063558015757,1549.1880858564311,124.87547215932591,0.6723517466989244
3025,2020-08-21,2020,19,18,New York Red Bulls,New York City,1546.1283736329729,1545.2467082858211,140.88166534715174,0.6923183090202503
3026,2020-08-22,2020,9,8,FC Cincinnati,DC United,1378.604252009062,1501.9689145677016,16.635337441360434,0.5239218972600755
3027,2020-08-22,2020,11,10,Houston Dynamo,FC Dallas,1417.8698989112788,1484.1029179895336,73.76698092174524,0.6045922795579551
3028,2020-08-22,2020,13,14,Los Angeles FC,Los Angeles Galaxy,1637.7168406474466,1435.9630933270982,341.75374732034834,0.8773200261851583
3029,2020-08-22,2020,15,27,Minnesota United,Sporting Kansas City,1591.3942841909623,1483.6342777232749,247.7600064676874,0.8063118588939212
3030,2020-08-22,2020,29,30,Toronto FC,Vancouver Whitecaps,1579.927812593308,1437.4077769798273,282.5200356134808,0.8356643502168514
3031,2020-08-23,2020,0,16,Atlanta Utd,Nashville SC,1532.8471982485785,1503.2465978902974,169.6006003582811,0.7263733465230588
3032,2020-08-23,2020,6,23,Colorado Rapids,Real Salt Lake,1512.198155857136,1506.8673864227037,145.33076943443234,0.6977467891594438
3033,2020-08-23,2020,12,20,Inter Miami,Orlando City,1432.1032842630702,1479.5073580693731,92.5959261936971,0.6301883680215369
3034,2020-08-24,2020,22,26,Portland Timbers,Seattle Sounders,1589.772786451286,1570.6142441598604,159.15854229142565,0.7142652006567677
3035,2020-08-25,2020,18,7,New York City,Columbus Crew,1532.939440646631,1573.2327108484553,99.70672979817573,0.6396759775935995
3036,2020-08-26,2020,2,30,CF Montreal,Vancouver Whitecaps,1398.2092473452446,1430.8343509885015,107.37489635674319,0.6497862065323141
3037,2020-08-26,2020,4,9,Chicago Fire,FC Cincinnati,1440.2581503544645,1377.647376118659,202.6107742358056,0.7624794427262902
3038,2020-08-26,2020,8,17,DC United,New England Revolution,1502.9257904581048,1527.1694881478002,115.75630231030459,0.6606846736366112
3039,2020-08-26,2020,21,19,Philadelphia Union,New York Red Bulls,1556.082155724388,1558.435641272163,137.64651445222512,0.6883372065823002
3040,2020-08-26,2020,27,11,Sporting Kansas City,Houston Dynamo,1515.8867520790318,1413.6862077289607,242.20054435007114,0.8012648339958212
3041,2020-08-27,2020,20,16,Orlando City,Nashville SC,1464.7148927902347,1492.3015317512197,112.41336103901494,0.6563574066751992
3042,2020-08-29,2020,0,20,Atlanta Utd,Orlando City,1543.7922643876561,1478.4605965232267,205.3316678644294,0.765304361567388
3043,2020-08-29,2020,2,29,CF Montreal,Toronto FC,1412.217799083952,1586.501238584634,-34.28343950068188,0.45082167564183817
3044,2020-08-30,2020,6,27,Colorado Rapids,Sporting Kansas City,1484.2882842907584,1483.836158719199,140.45212557155946,0.6917913547809053
3045,2020-08-30,2020,9,7,FC Cincinnati,Columbus Crew,1368.1465538277105,1558.8197499521993,-50.67319612448887,0.4275881301248866
3046,2020-08-30,2020,10,15,FC Dallas,Minnesota United,1488.2866091718518,1559.1418098352053,69.14479933664643,0.5982141248948675
3047,2020-08-30,2020,14,25,Los Angeles Galaxy,San Jose Earthquakes,1471.0558943745045,1467.852890066648,143.20300430785665,0.6951574085953568
3048,2020-08-30,2020,17,19,New England Revolution,New York Red Bulls,1553.5968750932645,1545.9691295354548,147.6277455578097,0.7005280426276993
3049,2020-08-30,2020,18,4,New York City,Chicago Fire,1547.352401542887,1449.758972645413,237.59342889747404,0.7970079307472115
3050,2020-08-30,2020,21,8,Philadelphia Union,DC United,1568.548667461096,1476.4984035126404,232.05026394845572,0.791796541036804
3051,2020-08-30,2020,22,23,Portland Timbers,Real Salt Lake,1561.2021784250153,1534.7772579890814,166.42492043593393,0.7227249710523627
3052,2020-08-31,2020,16,12,Nashville SC,Inter Miami,1478.5558280182277,1446.8957495422087,171.66007847601895,0.7287233155535567
3053,2020-08-31,2020,26,13,Seattle Sounders,Los Angeles FC,1599.1848521861311,1602.6240396000403,136.56081258609083,0.6869948664748267
3054,2020-09-02,2020,29,2,Toronto FC,CF Montreal,1604.5341056103075,1394.1849320582785,350.349173552029,0.8825468102327595
3055,2020-09-03,2020,0,12,Atlanta Utd,Inter Miami,1513.1800899249606,1436.044682164351,217.13540776060972,0.7772880695172598
3056,2020-09-03,2020,7,21,Columbus Crew,Philadelphia Union,1555.923275157195,1576.876805819624,119.0464693375709,0.6649175805494388
3057,2020-09-03,2020,9,4,FC Cincinnati,Chicago Fire,1371.043028622715,1441.6392898753015,69.4037387474134,0.5985723380462894
3058,2020-09-03,2020,11,15,Houston Dynamo,Minnesota United,1445.7368010887935,1543.070374831,42.666426257793546,0.5610951107655551
3059,2020-09-03,2020,13,25,Los Angeles FC,San Jose Earthquakes,1590.1038342590334,1455.659186410462,274.4446478485713,0.8291804953660625
3060,2020-09-03,2020,16,20,Nashville SC,Orlando City,1489.4068953960855,1509.0727709859223,120.33412441016321,0.6665670419036013
3061,2020-09-03,2020,17,18,New England Revolution,New York City,1545.5757533881565,1555.4720843129985,130.103669075158,0.678947015776917
3062,2020-09-03,2020,19,8,New York Red Bulls,DC United,1553.9902512405629,1468.1702651541125,225.8199860864504,0.7858222483296604
3063,2020-09-03,2020,22,14,Portland Timbers,Los Angeles Galaxy,1552.2931795829209,1483.2495980306903,209.04358155223053,0.7691204754641562
3064,2020-09-03,2020,23,26,Real Salt Lake,Seattle Sounders,1543.6862568311758,1611.705057527138,71.98119930403777,0.6021321659829229
3065,2020-09-03,2020,27,10,Sporting Kansas City,FC Dallas,1491.5078129104352,1504.358044176057,127.14976873437809,0.6752292919151227
3066,2020-09-06,2020,11,27,Houston Dynamo,Sporting Kansas City,1463.2929966581714,1484.4986412338303,118.79435542434112,0.6645941538635913
3067,2020-09-06,2020,20,0,Orlando City,Atlanta Utd,1515.7354526620663,1502.0885671442702,153.64688551779614,0.7077461210753653
3068,2020-09-06,2020,25,6,San Jose Earthquakes,Colorado Rapids,1448.8264062251046,1476.6166300995221,112.2097761255825,0.6560930269146804
3069,2020-09-06,2020,30,29,Vancouver Whitecaps,Toronto FC,1416.825799249794,1569.2322332009971,-12.406433951203098,0.48215329114972405
3070,2020-09-07,2020,4,17,Chicago Fire,New England Revolution,1445.5821833971531,1518.4178727570797,67.16431064007338,0.5954709011149278
3071,2020-09-07,2020,7,9,Columbus Crew,FC Cincinnati,1569.3265719352173,1367.1001351008633,342.226436834354,0.877612587875158
3072,2020-09-07,2020,8,18,DC United,New York City,1499.603155087299,1582.6299649440753,56.973190143223746,0.581263915522499
3073,2020-09-07,2020,12,16,Inter Miami,Nashville SC,1447.1362049450413,1482.7442137199414,104.3919912250999,0.6458687281391439
3074,2020-09-07,2020,14,13,Los Angeles Galaxy,Los Angeles FC,1514.0144170492565,1596.936614444391,57.07780260486561,0.5814104809719565
3075,2020-09-07,2020,15,23,Minnesota United,Real Salt Lake,1525.514179261622,1539.6009701918588,125.9132090697633,0.6736663634336505
3076,2020-09-07,2020,19,21,New York Red Bulls,Philadelphia Union,1522.5573613073764,1563.4735090416016,99.0838522657748,0.6388491238189654
3077,2020-09-07,2020,26,22,Seattle Sounders,Portland Timbers,1615.790344166455,1521.5283605643547,234.26198360210037,0.793887622873043
3078,2020-09-10,2020,2,29,CF Montreal,Toronto FC,1429.4868044675889,1548.518364846986,20.968439620602794,0.5301394262467529
3079,2020-09-10,2020,6,11,Colorado Rapids,Houston Dynamo,1482.8603511761094,1476.7092305036279,146.1511206724815,0.6987417778246032
3080,2020-09-10,2020,12,0,Inter Miami,Atlanta Utd,1441.3014558194754,1510.3984119872848,70.90304383219063,0.6006443756773775
3081,2020-09-10,2020,15,10,Minnesota United,FC Dallas,1538.5675247242762,1511.367215852662,167.2003088716142,0.7236185369479468
3082,2020-09-10,2020,23,13,Real Salt Lake,Los Angeles FC,1526.5476247292047,1580.193033683269,86.35459104593565,0.6217768697953822
3083,2020-09-11,2020,26,25,Seattle Sounders,San Jose Earthquakes,1584.0348392515334,1442.5826851485174,281.452154103016,0.8348184130508716
3084,2020-09-12,2020,4,7,Chicago Fire,Columbus Crew,1421.763347352556,1574.222068420211,-12.458721067655006,0.4820781402111202
3085,2020-09-13,2020,8,19,DC United,New York Red Bulls,1496.352598466399,1497.0033963546177,139.34920211178132,0.6904360133687001
3086,2020-09-13,2020,10,11,FC Dallas,Houston Dynamo,1500.3119573305798,1484.658901616612,155.6530557139679,0.7101290755807078
3087,2020-09-13,2020,16,0,Nashville SC,Atlanta Utd,1488.5789628455072,1494.4241870143799,134.15477583112738,0.6840089187731824
3088,2020-09-13,2020,18,9,New York City,FC Cincinnati,1585.8805215649752,1362.2046386158697,363.67588294910547,0.8902685036247993
3089,2020-09-13,2020,20,12,Orlando City,Inter Miami,1507.4256078190517,1457.2756807923804,190.14992702667132,0.7492452447099981
3090,2020-09-13,2020,21,17,Philadelphia Union,New England Revolution,1589.0274739943602,1542.236708801677,186.79076519268324,0.7455948115734373
3091,2020-09-13,2020,23,6,Real Salt Lake,Colorado Rapids,1541.6765499373894,1474.9106800631253,206.76586987426413,0.7667839896318331
3092,2020-09-14,2020,13,22,Los Angeles FC,Portland Timbers,1565.0641084750844,1553.2838654792763,151.78024299580807,0.7055186042194977
3093,2020-09-14,2020,25,14,San Jose Earthquakes,Los Angeles Galaxy,1435.9754216705524,1530.7579978103784,45.217423860173994,0.5647081726040755
3094,2020-09-14,2020,27,15,Sporting Kansas City,Minnesota United,1471.082407388374,1549.6227832463583,61.45962414201563,0.5875363500390266
3095,2020-09-14,2020,30,2,Vancouver Whitecaps,CF Montreal,1437.5396676038051,1408.2812274177188,169.25844018608632,0.7259816975478077
3096,2020-09-17,2020,10,6,FC Dallas,Colorado Rapids,1511.9067943073514,1505.5820396483987,146.32475465895277,0.6989521361741422
3097,2020-09-17,2020,25,22,San Jose Earthquakes,Portland Timbers,1433.3870947663893,1541.5046096480562,31.88248511833308,0.5457542266237904
3098,2020-09-17,2020,30,2,Vancouver Whitecaps,CF Montreal,1408.5003997018928,1437.3204953196312,111.17990438226161,0.654754133375056
3099,2020-09-19,2020,17,18,New England Revolution,New York City,1532.0605012646145,1590.2697814199832,81.79071984463121,0.6155790588109451
3100,2020-09-19,2020,26,13,Seattle Sounders,Los Angeles FC,1590.6421027294984,1576.8433643063045,153.79873842319398,0.7079268957952572
3101,2020-09-19,2020,27,10,Sporting Kansas City,FC Dallas,1487.5809533868128,1523.9487088603858,103.63224452642703,0.6448677847642394
3102,2020-09-20,2020,0,12,Atlanta Utd,Inter Miami,1481.7845437653073,1447.2454905807804,174.5390531845269,0.7319870564172978
3103,2020-09-20,2020,7,16,Columbus Crew,Nashville SC,1573.5051940286558,1501.2186060945799,212.2865879340759,0.7724188070062883
3104,2020-09-20,2020,8,29,DC United,Toronto FC,1468.735157931651,1569.723941896856,39.01121603479487,0.5559069005437675
3105,2020-09-20,2020,11,15,Houston Dynamo,Minnesota United,1473.0640646398404,1533.1242372479194,79.93982739192097,0.6130546552509202
3106,2020-09-20,2020,14,6,Los Angeles Galaxy,Colorado Rapids,1533.3463247145414,1493.5401250953644,179.80619961917705,0.7378933243190701
3107,2020-09-20,2020,19,9,New York Red Bulls,FC Cincinnati,1524.6208368893658,1357.8153787608617,306.80545812850414,0.8539737662482851
3108,2020-09-20,2020,20,4,Orlando City,Chicago Fire,1517.4557980306517,1422.480221744111,234.97557628654067,0.794558966090844
3109,2020-09-20,2020,23,30,Real Salt Lake,Vancouver Whitecaps,1511.005190352116,1422.3102343668904,228.69495598522553,0.7885944723804675
3110,2020-09-20,2020,25,22,San Jose Earthquakes,Portland Timbers,1431.5569257014376,1543.3347787130078,28.222146988429813,0.5405258397575868
3111,2020-09-21,2020,2,21,CF Montreal,Philadelphia Union,1423.5106606546335,1599.2036815314227,-35.693020876789205,0.44881356157906727
3112,2020-09-23,2020,17,2,New England Revolution,CF Montreal,1527.4373389121768,1405.5581181914708,261.8792207207059,0.8186901107496642
3113,2020-09-24,2020,0,10,Atlanta Utd,FC Dallas,1452.5050615086154,1549.7434202509553,42.76164125766013,0.5612300857910248
3114,2020-09-24,2020,4,11,Chicago Fire,Houston Dynamo,1414.262580387745,1468.5418784298035,85.7207019579414,0.6209183621576813
3115,2020-09-24,2020,6,25,Colorado Rapids,San Jose Earthquakes,1523.0558580681272,1409.935892111134,253.11996595699316,0.8110849956831061
3116,2020-09-24,2020,7,15,Columbus Crew,Minnesota United,1582.6084417484042,1537.6464234579562,184.962018290448,0.7435928377157845
3117,2020-09-24,2020,9,21,FC Cincinnati,Philadelphia Union,1391.9743294107932,1617.1562239945854,-85.1818945837922,0.3798119676753239
3118,2020-09-24,2020,12,19,Inter Miami,New York Red Bulls,1476.5249728374722,1490.4618862394343,126.0630865980379,0.6738560051292831
3119,2020-09-24,2020,13,30,Los Angeles FC,Vancouver Whitecaps,1565.1604401381148,1453.8540132621092,251.30642687600562,0.8094801835975101
3120,2020-09-24,2020,16,8,Nashville SC,DC United,1492.1153583748314,1466.4988819099003,165.6164764649311,0.7217914179120708
3121,2020-09-24,2020,18,29,New York City,Toronto FC,1594.892943772421,1571.9602179186068,162.9327258538142,0.718678540195176
3122,2020-09-24,2020,22,26,Portland Timbers,Seattle Sounders,1564.9558123033114,1602.325026897688,102.63078540562333,0.6435464546853819
3123,2020-09-24,2020,23,14,Real Salt Lake,Los Angeles Galaxy,1479.4614114568972,1503.8305917417786,115.6308197151186,0.6605227212732271
3124,2020-09-24,2020,27,20,Sporting Kansas City,Orlando City,1461.7862419962432,1525.6734393870179,76.11280260922535,0.6078158628189543
3125,2020-09-26,2020,16,11,Nashville SC,Houston Dynamo,1503.2437016583485,1453.3786129161108,189.86508874223773,0.7489370645636253
3126,2020-09-27,2020,18,9,New York City,FC Cincinnati,1566.145802164614,1396.7818507037803,309.36395146083373,0.8558008117931191
3127,2020-09-28,2020,4,0,Chicago Fire,Atlanta Utd,1429.4258459014377,1470.0558580769743,99.36998782446335,0.6392290638856276
3128,2020-09-28,2020,8,17,DC United,New England Revolution,1455.3705386263832,1534.6897344821903,60.68080414419296,0.5864494666367368
3129,2020-09-28,2020,10,20,FC Dallas,Orlando City,1532.1926236825964,1549.986073899776,122.20654978282028,0.6689583160461727
3130,2020-09-28,2020,13,25,Los Angeles FC,San Jose Earthquakes,1572.7812327942145,1402.3792919384584,310.40194085575604,0.8565366130414898
3131,2020-09-28,2020,14,26,Los Angeles Galaxy,Seattle Sounders,1490.2515005927075,1588.0668850851034,42.18461550760412,0.5604119665351652
3132,2020-09-28,2020,15,23,Minnesota United,Real Salt Lake,1527.3901369665875,1493.0405026059682,174.34963436061935,0.7317730889081395
3133,2020-09-28,2020,19,2,New York Red Bulls,CF Montreal,1517.4161264446057,1398.3057226214573,259.1104038231483,0.8163122121100077
3134,2020-09-28,2020,21,12,Philadelphia Union,Inter Miami,1612.3487027015983,1449.5707326323009,302.77797006929745,0.8510588604302842
3135,2020-09-28,2020,29,7,Toronto FC,Columbus Crew,1600.7073595264137,1592.8647282397728,147.84263128664088,0.7007874827789322
3136,2020-09-28,2020,30,22,Vancouver Whitecaps,Portland Timbers,1446.2332206060096,1579.213954115896,7.019266490113523,0.5101001623525676
3137,2020-10-03,2020,20,19,Orlando City,New York Red Bulls,1556.744406541623,1524.7636379602054,171.98076858141758,0.7290880971618502
3138,2020-10-04,2020,2,4,CF Montreal,Chicago Fire,1390.9582111058576,1443.8566833460127,87.10152775984488,0.6227875043486379
3139,2020-10-04,2020,8,0,DC United,Atlanta Utd,1431.9125599609138,1455.6250206323994,116.28753932851441,0.6613698905063607
3140,2020-10-04,2020,11,27,Houston Dynamo,Sporting Kansas City,1463.3360954986558,1437.473607483485,165.8624880151708,0.7220757048938132
3141,2020-10-04,2020,12,18,Inter Miami,New York City,1443.6130870495122,1571.9137696928892,11.699317356622942,0.5168303103080666
3142,2020-10-04,2020,15,9,Minnesota United,FC Cincinnati,1518.1192134102619,1391.013883175505,267.1053302347568,0.8231129266127869
3143,2020-10-04,2020,17,16,New England Revolution,Nashville SC,1558.1477131476597,1493.2862190758035,204.8614940718562,0.7648178815374459
3144,2020-10-04,2020,25,14,San Jose Earthquakes,Los Angeles Galaxy,1436.640756460118,1467.8350219313008,108.80573452881708,0.6516582331900291
3145,2020-10-04,2020,26,30,Seattle Sounders,Vancouver Whitecaps,1610.4833637465101,1425.8292141119068,324.6541496346033,0.8663262584946517
3146,2020-10-04,2020,29,21,Toronto FC,Philadelphia Union,1612.6758602152565,1618.306348284387,134.36951193086952,0.6842760339228503
3147,2020-10-05,2020,23,13,Real Salt Lake,Los Angeles FC,1502.3114261622939,1538.519768272555,103.79165788973887,0.6450779125155117
3148,2020-10-07,2020,16,15,Nashville SC,Minnesota United,1503.8789343373014,1525.1946963457503,118.68423799155107,0.6644528401792038
3149,2020-10-08,2020,0,20,Atlanta Utd,Orlando City,1482.0798162526537,1567.580882655149,54.498933597504674,0.5777932737759952
3150,2020-10-08,2020,7,2,Columbus Crew,CF Montreal,1580.89622755093,1386.046710931912,334.849516619018,0.8729778567496854
3151,2020-10-08,2020,11,10,Houston Dynamo,FC Dallas,1434.4530673029033,1525.4342910407495,49.01877626215378,0.5700793141813177
3152,2020-10-08,2020,14,22,Los Angeles Galaxy,Portland Timbers,1453.901351258902,1599.6179606099988,-5.716609351096849,0.49177388015404894
3153,2020-10-08,2020,17,29,New England Revolution,Toronto FC,1547.5549978861618,1625.3048188583425,62.250179027819286,0.588638737908053
3154,2020-10-08,2020,18,8,New York City,DC United,1592.586982105212,1405.4577643406594,327.12921776455255,0.8679676127213511
3155,2020-10-08,2020,19,12,New York Red Bulls,Inter Miami,1513.9271618466794,1422.9398746371894,230.98728720948998,0.7907859957826049
3156,2020-10-08,2020,21,9,Philadelphia Union,FC Cincinnati,1605.677389641301,1383.9384002400166,361.73898940128447,0.8891745393579277
3157,2020-10-08,2020,25,30,San Jose Earthquakes,Vancouver Whitecaps,1450.5744271325168,1420.4822644516928,170.092162680824,0.726935395538817
3158,2020-10-08,2020,26,23,Seattle Sounders,Real Salt Lake,1615.8303134067241,1476.5083096616734,279.3220037450508,0.8331205570632751
3159,2020-10-08,2020,27,4,Sporting Kansas City,Chicago Fire,1466.3566356792376,1448.7681835199583,157.5884521592793,0.7124170311458727
3160,2020-10-10,2020,0,19,Atlanta Utd,New York Red Bulls,1478.9680853016139,1482.295722015375,136.6723632862388,0.6871329305823086
3161,2020-10-10,2020,12,11,Inter Miami,Houston Dynamo,1454.5713144684937,1451.6498947356506,142.9214197328431,0.6948138026509983
3162,2020-10-11,2020,18,17,New York City,New England Revolution,1597.868277596358,1524.0094483698397,213.8588292265183,0.7740058609738594
3163,2020-10-11,2020,30,23,Vancouver Whitecaps,Real Salt Lake,1409.5596802732455,1469.8331319442043,79.72654832904118,0.6127633737042035
3164,2020-10-12,2020,4,8,Chicago Fire,DC United,1437.2648647657932,1400.1764688495134,177.08839591627975,0.7348562463634715
3165,2020-10-12,2020,9,29,FC Cincinnati,Toronto FC,1379.5053818143338,1648.8503683746646,-129.34498656033088,0.3220057084720475
3166,2020-10-12,2020,13,26,Los Angeles FC,Seattle Sounders,1564.3228847731755,1622.5054911241932,81.81739364898226,0.6156153936989216
3167,2020-10-12,2020,21,2,Philadelphia Union,CF Montreal,1610.1104080669838,1420.9658252018994,329.14458286508443,0.8692914620215635
3168,2020-10-12,2020,22,25,Portland Timbers,San Jose Earthquakes,1619.2889158161609,1461.4970113109641,297.7919045051967,0.8473838714803676
3169,2020-10-12,2020,27,16,Sporting Kansas City,Nashville SC,1477.8599544334027,1497.3008207301332,120.55913370326948,0.666854857792766
3170,2020-10-15,2020,2,17,CF Montreal,New England Revolution,1415.7374836827619,1554.969682808794,0.7678008739678717,0.5011049524804914
3171,2020-10-15,2020,8,21,DC United,Philadelphia Union,1389.5707187040523,1615.3387495861214,-85.76803088206907,0.37901751167683173
3172,2020-10-15,2020,9,7,FC Cincinnati,Columbus Crew,1366.625153475452,1545.9771132809426,-39.35195980549065,0.4436089137649964
3173,2020-10-15,2020,10,27,FC Dallas,Sporting Kansas City,1508.2374636080021,1491.185760121692,157.0517034863101,0.7117835861391828
3174,2020-10-15,2020,11,16,Houston Dynamo,Nashville SC,1439.4424468416905,1483.9750150418438,95.46743179984674,0.6340322749288138
3175,2020-10-15,2020,12,0,Inter Miami,Atlanta Utd,1466.7787623624538,1451.4827680783214,155.29599428413235,0.7097057952893382
3176,2020-10-15,2020,14,25,Los Angeles Galaxy,San Jose Earthquakes,1434.23039605274,1455.3923661701788,118.83802988256116,0.6646501931240206
3177,2020-10-15,2020,20,18,Orlando City,New York City,1570.6926136061888,1566.9080431574037,143.7845704487852,0.695866381367338
3178,2020-10-15,2020,23,22,Real Salt Lake,Portland Timbers,1454.3436668923725,1625.3935609569462,-31.049894064573664,0.45543419311245587
3179,2020-10-15,2020,29,19,Toronto FC,New York Red Bulls,1661.7305967135464,1509.7810392386675,291.94955747487893,0.8429835341336785
3180,2020-10-15,2020,30,13,Vancouver Whitecaps,Los Angeles FC,1425.0491453250772,1579.6982690252187,-14.649123700141445,0.4789307002907448
3181,2020-10-17,2020,4,27,Chicago Fire,Sporting Kansas City,1447.8706149112543,1479.6571035672594,108.21351134399492,0.6508839662503544
3182,2020-10-18,2020,2,12,CF Montreal,Inter Miami,1395.6932855835423,1458.3905305508802,77.30275503266216,0.6094475054017975
3183,2020-10-18,2020,7,18,Columbus Crew,New York City,1523.7214698315424,1574.742698412097,88.97877141944537,0.6253227626350372
3184,2020-10-19,2020,9,8,FC Cincinnati,DC United,1388.8807969248521,1394.410018236979,134.470778687873,0.6844019597512295
3185,2020-10-19,2020,14,30,Los Angeles Galaxy,Vancouver Whitecaps,1407.644388327779,1445.8919173134475,101.7524710143316,0.6423858002837077
3186,2020-10-19,2020,15,11,Minnesota United,Houston Dynamo,1531.7728099529186,1414.081155844538,257.6916541083806,0.8150844364671243
3187,2020-10-19,2020,19,20,New York Red Bulls,Orlando City,1523.5003806040147,1562.8579583514954,100.64242225251928,0.6409165280201734
3188,2020-10-19,2020,22,13,Portland Timbers,Los Angeles FC,1603.6109286814444,1558.8554970368484,184.755431644596,0.7433660345737901
3189,2020-10-19,2020,25,26,San Jose Earthquakes,Seattle Sounders,1481.9783738951396,1607.13010687215,14.848267022989603,0.5213553741601203
3190,2020-10-19,2020,29,0,Toronto FC,Atlanta Utd,1648.0112553481993,1459.870999889895,328.1402554583042,0.8686331566702953
3191,2020-10-20,2020,17,21,New England Revolution,Philadelphia Union,1575.0138809080136,1610.4994500531946,104.51443085481901,0.6460299194308025
3192,2020-10-21,2020,16,10,Nashville SC,FC Dallas,1509.3363060389963,1519.7661201624348,129.57018587656148,0.6782772431014104
3193,2020-10-23,2020,26,22,Seattle Sounders,Portland Timbers,1607.984321838555,1593.8762872984928,154.10803454006214,0.7082948970348037
3194,2020-10-24,2020,0,8,Atlanta Utd,DC United,1454.616326156707,1421.7860966270282,172.83022952967872,0.730052858996545
3195,2020-10-24,2020,12,20,Inter Miami,Orlando City,1442.768430766952,1568.4946194723025,14.273811294649477,0.5205301164734623
3196,2020-10-24,2020,16,17,Nashville SC,New England Revolution,1522.20521631494,1549.1726841307814,113.03253218415853,0.6571608798143914
3197,2020-10-25,2020,4,19,Chicago Fire,New York Red Bulls,1441.8352562612401,1517.8637194832077,63.97153677803249,0.5910359929311142
3198,2020-10-25,2020,9,15,FC Cincinnati,Minnesota United,1361.504718534803,1519.1694324942337,-17.664713959430628,0.47460031559903154
3199,2020-10-25,2020,11,7,Houston Dynamo,Columbus Crew,1426.684533303223,1538.7085593261409,27.97597397708205,0.5401738755041459
3200,2020-10-25,2020,13,14,Los Angeles FC,Los Angeles Galaxy,1568.5901384198,1421.948956316431,286.64118210336915,0.8388963594777075
3201,2020-10-25,2020,18,2,New York City,CF Montreal,1559.7556089174986,1411.3153853674705,288.4402235500281,0.8402910733144331
3202,2020-10-25,2020,21,29,Philadelphia Union,Toronto FC,1636.3406468304267,1653.2659290813874,123.07471774903934,0.6700641087882313
3203,2020-10-25,2020,23,10,Real Salt Lake,FC Dallas,1476.1262991678743,1506.8972098864913,109.22908928138304,0.6522112328642601
3204,2020-10-25,2020,27,6,Sporting Kansas City,Colorado Rapids,1485.6924622172735,1530.6124582408029,95.0800039764706,0.6335146319649451
3205,2020-10-25,2020,30,25,Vancouver Whitecaps,San Jose Earthquakes,1431.5873493247957,1481.1241589287347,90.46319039606101,0.6273226533897078
3206,2020-10-27,2020,2,16,CF Montreal,Nashville SC,1404.9270283000478,1515.9187811223642,29.008247177683643,0.5416494890276264
3207,2020-10-28,2020,9,27,FC Cincinnati,Sporting Kansas City,1342.5207059108418,1500.3518769386758,-17.83117102783399,0.47436138863410254
3208,2020-10-28,2020,19,17,New York Red Bulls,New England Revolution,1521.5051592004522,1555.459119323357,106.04603987709515,0.6480434637729588
3209,2020-10-28,2020,20,0,Orlando City,Atlanta Utd,1549.315824131241,1425.4142117968452,263.90161233439585,0.8204117763192045
3210,2020-10-28,2020,21,4,Philadelphia Union,Chicago Fire,1649.5380824788974,1438.1938165439956,351.34426593490184,0.8831392849840471
3211,2020-10-28,2020,29,18,Toronto FC,New York City,1640.0684934329167,1566.1439659849214,213.9245274479954,0.7740720073001233
3212,2020-10-28,2020,30,26,Vancouver Whitecaps,Seattle Sounders,1446.4944431892075,1599.6525259571629,-13.15808276795542,0.48107304477083224
3213,2020-10-29,2020,8,7,DC United,Columbus Crew,1450.98821098689,1540.3155143463066,50.672696640583354,0.5724111661362127
3214,2020-10-29,2020,10,12,FC Dallas,Inter Miami,1512.9856592010617,1461.9472261080134,191.0384330930483,0.750204943693785
3215,2020-10-29,2020,13,11,Los Angeles FC,Houston Dynamo,1575.0342840406918,1425.0775782830572,289.9567057576346,0.8414591221661419
3216,2020-10-29,2020,15,6,Minnesota United,Colorado Rapids,1538.153445118195,1515.9530435194006,162.20040159879431,0.7178254468481569
3217,2020-10-29,2020,22,14,Portland Timbers,Los Angeles Galaxy,1602.2080831798849,1415.5048106955392,326.7032724843457,0.8676863674054858
3218,2020-10-29,2020,25,23,San Jose Earthquakes,Real Salt Lake,1466.217065064323,1470.037849853304,136.17921521101903,0.6865223202673223
3219,2020-10-31,2020,10,11,FC Dallas,Houston Dynamo,1522.9774614533103,1418.7359431697028,244.24151828360755,0.8031290855425604
3220,2020-11-01,2020,7,21,Columbus Crew,Philadelphia Union,1523.2119609917552,1654.2125110795355,8.999449912219688,0.5129483537838495
3221,2020-11-01,2020,16,4,Nashville SC,Chicago Fire,1537.5847606834693,1433.5193879433575,244.0653727401118,0.8029687138397293
3222,2020-11-02,2020,0,9,Atlanta Utd,FC Cincinnati,1418.2306828496135,1323.5462503654776,234.68443248413587,0.7942852559295183
3223,2020-11-02,2020,2,20,CF Montreal,Orlando City,1383.2610487389427,1556.4993530784727,-33.23830433953003,0.45231163196071056
3224,2020-11-02,2020,6,26,Colorado Rapids,Seattle Sounders,1504.6660613933268,1618.895447747996,25.77061364533074,0.5370190293224667
3225,2020-11-02,2020,14,23,Los Angeles Galaxy,Real Salt Lake,1410.2122653917586,1457.4987426639968,92.71352272776176,0.6303461156649744
3226,2020-11-02,2020,17,8,New England Revolution,DC United,1541.3808578742755,1468.0917643414414,213.28909353283416,0.773431664376369
3227,2020-11-02,2020,18,19,New York City,New York Red Bulls,1597.1068462769263,1535.5834206495338,201.5234256273925,0.7613439966177854
3228,2020-11-02,2020,22,30,Portland Timbers,Vancouver Whitecaps,1607.5006284836654,1427.2515213983743,320.24910708529114,0.8633623625002743
3229,2020-11-02,2020,29,12,Toronto FC,Inter Miami,1609.1056131409118,1451.9554238557648,297.150189285147,0.8469055324370859
3230,2020-11-05,2020,14,26,Los Angeles Galaxy,Seattle Sounders,1424.9984207651596,1600.3762089208947,-35.37778815573506,0.4492625050963515
3231,2020-11-05,2020,15,4,Minnesota United,Chicago Fire,1549.4404272442687,1445.6381364969468,243.80229074732188,0.8027290073106546
3232,2020-11-05,2020,16,10,Nashville SC,FC Dallas,1525.46601212988,1530.852298031608,134.6137140982721,0.6845796547313187
3233,2020-11-05,2020,20,7,Orlando City,Columbus Crew,1574.591818356901,1542.6940268404012,171.89779151649986,0.7289937411930697
3234,2020-11-05,2020,22,6,Portland Timbers,Colorado Rapids,1612.9661339836543,1523.1853002204282,229.78083376322616,0.7896346860548383
3235,2020-11-05,2020,25,13,San Jose Earthquakes,Los Angeles FC,1478.75617225363,1581.3759191540462,37.3802530995838,0.5535879007920346
3236,2020-11-08,2020,4,18,Chicago Fire,New York City,1457.747296789373,1606.6530864122149,-8.905789622841894,0.48718634475041883
3237,2020-11-08,2020,7,0,Columbus Crew,Atlanta Utd,1531.853776488124,1426.4592726124326,245.39450387569127,0.8041763877492115
3238,2020-11-08,2020,8,2,DC United,CF Montreal,1459.0290309164961,1365.1685834605144,233.86044745598178,0.7935091468513731
3239,2020-11-08,2020,11,6,Houston Dynamo,Colorado Rapids,1410.8611065914051,1554.7706876626216,-3.9095810712165076,0.4943738980282009
3240,2020-11-08,2020,12,9,Inter Miami,FC Cincinnati,1445.8316451532482,1315.3176606026584,270.51398455058984,0.8259517316762359
3241,2020-11-08,2020,13,22,Los Angeles FC,Portland Timbers,1563.5194351857276,1581.380746541461,122.13868864426672,0.6688718018776145
3242,2020-11-08,2020,15,10,Minnesota United,FC Dallas,1537.3312669518425,1558.2354842208606,119.09578273098191,0.664980824604861
3243,2020-11-08,2020,19,29,New York Red Bulls,Toronto FC,1526.0371805142452,1615.2293918434284,50.80778867081676,0.5726014909448292
3244,2020-11-08,2020,20,16,Orlando City,Nashville SC,1585.4320687091783,1498.0828259406273,227.349242768551,0.7873001331751331
3245,2020-11-08,2020,21,17,Philadelphia Union,New England Revolution,1634.7304452308895,1550.4435912992208,224.2868539316687,0.784333134038333
3246,2020-11-08,2020,23,27,Real Salt Lake,Sporting Kansas City,1442.7125872905958,1519.32633248404,63.386254806555826,0.5902213774211013
3247,2020-11-08,2020,26,25,Seattle Sounders,San Jose Earthquakes,1598.3467091247487,1496.6126562219486,241.73405290280016,0.8008368757364108
3248,2020-11-08,2020,30,14,Vancouver Whitecaps,Los Angeles Galaxy,1421.7860158983854,1427.0279205613056,134.7580953370798,0.6847590923543075
3249,2020-11-20,2020,17,2,New England Revolution,CF Montreal,1541.816916660754,1396.9089493345693,284.9079673261847,0.8375433866690173
3250,2020-11-21,2020,7,19,Columbus Crew,New York Red Bulls,1539.6867209781556,1543.133120876452,136.55360010170352,0.6869859385832517
3251,2020-11-21,2020,16,12,Nashville SC,Inter Miami,1529.5748312676326,1452.7935758861988,216.78125538143377,0.7769349540266058
3252,2020-11-21,2020,20,18,Orlando City,New York City,1553.940063382173,1626.1405402022317,67.79952317994139,0.5963514085003536
3253,2020-11-22,2020,27,25,Sporting Kansas City,San Jose Earthquakes,1542.935187580884,1488.646131251405,194.28905632947908,0.7536951003506314
3254,2020-11-23,2020,15,6,Minnesota United,Colorado Rapids,1550.732033967648,1574.5456435837498,116.18639038389824,0.6612394754182527
3255,2020-11-23,2020,22,10,Portland Timbers,FC Dallas,1588.1356186165656,1544.834717205055,183.3009014115105,0.7417654500367451
3256,2020-11-24,2020,29,16,Toronto FC,Nashville SC,1598.1334514812215,1538.4974331065685,199.63601837465308,0.7593642699457495
3257,2020-11-25,2020,21,17,Philadelphia Union,New England Revolution,1643.3571198693562,1548.3151811939933,235.04193867536287,0.7946213169096786
3258,2020-11-25,2020,26,13,Seattle Sounders,Los Angeles FC,1606.3132340952923,1556.764563110623,189.54867098466934,0.748594421995049
3259,2020-11-29,2020,20,17,Orlando City,New England Revolution,1550.086007042159,1580.1000338703805,109.9859731717786,0.6531988762913686
3260,2020-11-30,2020,7,16,Columbus Crew,Nashville SC,1552.2072834348255,1548.8720039043985,143.335279530427,0.6953187435407172
3261,2020-12-02,2020,26,10,Seattle Sounders,FC Dallas,1616.3694572154902,1554.505335206525,201.8641220089653,0.7617001637422827
3262,2020-12-04,2020,27,15,Sporting Kansas City,Minnesota United,1532.7873835668588,1564.282454950918,108.5049286159408,0.6512650622066446
3263,2020-12-06,2020,7,17,Columbus Crew,New England Revolution,1544.3945336931968,1606.2279889220351,78.16654477116163,0.6106303897318093
3264,2020-12-08,2020,26,15,Seattle Sounders,Minnesota United,1625.9014506657988,1590.333057439184,175.56839322661494,0.7331479058464522
3265,2020-12-13,2020,7,26,Columbus Crew,Seattle Sounders,1559.9693181039245,1636.5755344319407,63.39378367198378,0.5902318595082782
3266,2021-04-17,2021,2,29,CF Montreal,Toronto FC,1390.41068480133,1587.7588806833915,-57.34819588206142,0.418210755915335
3267,2021-04-17,2021,11,25,Houston Dynamo,San Jose Earthquakes,1391.086150670277,1498.7939352654303,32.29221540484673,0.5463388749377555
3268,2021-04-17,2021,13,1,Los Angeles FC,Austin FC,1546.708339990425,1500.0,186.70833999042497,0.7455048006612182
3269,2021-04-17,2021,20,0,Orlando City,Atlanta Utd,1523.9580519905044,1418.626328122401,245.33172386810338,0.8041194708575663
3270,2021-04-17,2021,26,15,Seattle Sounders,Minnesota United,1620.1848088122717,1579.658973673042,180.52583513922968,0.738693732559793
3271,2021-04-18,2021,4,17,Chicago Fire,New England Revolution,1438.2598429993561,1590.6532045113074,-12.393361511951298,0.48217207995946826
3272,2021-04-18,2021,7,21,Columbus Crew,Philadelphia Union,1576.3600437235934,1611.572267192969,104.78777653062434,0.6463896581815187
3273,2021-04-18,2021,8,18,DC United,New York City,1427.2886650424412,1629.9945965422457,-62.70593149980459,0.4107261421770105
3274,2021-04-18,2021,10,6,FC Dallas,Colorado Rapids,1544.9733417562163,1560.9952226004798,123.97811915573652,0.6712127846081297
3275,2021-04-18,2021,12,14,Inter Miami,Los Angeles Galaxy,1443.870974047263,1414.4182842554778,169.45268979178513,0.7262040855294687
3276,2021-04-18,2021,16,9,Nashville SC,FC Cincinnati,1556.6847536460273,1308.3557298697078,388.32902377631945,0.9033838429013282
3277,2021-04-18,2021,19,27,New York Red Bulls,Sporting Kansas City,1530.612558419782,1506.736781078593,163.87577734118918,0.7197747970417875
3278,2021-04-19,2021,30,22,Vancouver Whitecaps,Portland Timbers,1434.395652204213,1578.4650006150957,-4.06934841088264,0.4941440046608967
3279,2021-04-24,2021,13,26,Los Angeles FC,Seattle Sounders,1556.8881479639763,1630.63705950988,66.25108845409636,0.5942039510990654
3280,2021-04-24,2021,16,2,Nashville SC,CF Montreal,1540.5493999299742,1413.6822545647167,266.86714536525756,0.8229132083581845
3281,2021-04-24,2021,18,9,New York City,FC Cincinnati,1606.423642229326,1324.4910835857609,421.93255864356524,0.919000154964781
3282,2021-04-24,2021,25,10,San Jose Earthquakes,FC Dallas,1480.6474902629404,1538.1248303718912,82.52265989104922,0.6165756338343882
3283,2021-04-24,2021,27,20,Sporting Kansas City,Orlando City,1535.5277729602644,1511.7932731562016,163.7344998040628,0.7196107341935594
3284,2021-04-24,2021,29,30,Toronto FC,Vancouver Whitecaps,1564.4873109200048,1454.6298920177771,249.85741890222766,0.8081904712084614
3285,2021-04-25,2021,0,4,Atlanta Utd,Chicago Fire,1430.7911069567037,1438.9729598009774,131.81814715572636,0.6810945019935356
3286,2021-04-25,2021,6,1,Colorado Rapids,Austin FC,1567.8437339848049,1489.8201920264487,218.0235419583562,0.7781718483455212
3287,2021-04-25,2021,14,19,Los Angeles Galaxy,New York Red Bulls,1443.4664476766566,1501.8215665381106,81.644881138546,0.6153803754531254
3288,2021-04-25,2021,15,23,Minnesota United,Real Salt Lake,1569.2067229754339,1419.1037321937517,290.10299078168214,0.8415714286842123
3289,2021-04-25,2021,17,8,New England Revolution,DC United,1589.9400877096862,1450.8596193553608,279.0804683543254,0.8329271607052372
3290,2021-04-25,2021,21,12,Philadelphia Union,Inter Miami,1617.4278535202297,1414.8228106260842,342.6050428941455,0.8778464852852406
3291,2021-04-25,2021,22,11,Portland Timbers,Houston Dynamo,1558.2307608015317,1409.2325956727668,288.99816512876487,0.8407216282729921
3292,2021-05-01,2021,2,7,CF Montreal,Columbus Crew,1426.598782899044,1570.5044573963328,-3.905674497288828,0.4943795193289039
3293,2021-05-01,2021,11,13,Houston Dynamo,Los Angeles FC,1402.8614608036864,1553.1199899200137,-10.258529116327281,0.4852410786029452
3294,2021-05-01,2021,19,4,New York Red Bulls,Chicago Fire,1486.4367815562357,1426.2167398807187,200.220041675517,0.759978056276895
3295,2021-05-01,2021,23,27,Real Salt Lake,Sporting Kansas City,1452.7665893411202,1526.743343592522,66.02324574859813,0.5938876594132383
3296,2021-05-02,2021,10,22,FC Dallas,Portland Timbers,1522.7878557252668,1564.601895670612,98.18596005465474,0.6376557467152982
3297,2021-05-02,2021,15,1,Minnesota United,Austin FC,1535.5438658280655,1520.9470659602696,154.59679986779588,0.7088758747802123
3298,2021-05-02,2021,16,12,Nashville SC,Inter Miami,1527.632871595647,1449.9366700374937,217.69620155815323,0.7778464052548302
3299,2021-05-02,2021,17,0,New England Revolution,Atlanta Utd,1596.6230012814767,1443.5473268769624,293.0756744045143,0.8438396596282888
3300,2021-05-02,2021,20,9,Orlando City,FC Cincinnati,1520.577702523944,1321.2510897843522,339.32661273959184,0.8758083118092774
3301,2021-05-02,2021,21,18,Philadelphia Union,New York City,1582.3139941088202,1609.6636360307348,112.65035807808545,0.6566650541096113
3302,2021-05-02,2021,25,8,San Jose Earthquakes,DC United,1495.9844649095648,1444.1767057835702,191.8077591259946,0.7510339316502896
3303,2021-05-03,2021,26,14,Seattle Sounders,Los Angeles Galaxy,1634.4052175538425,1458.8512326585314,315.55398489531103,0.8601425875812194
3304,2021-05-03,2021,30,6,Vancouver Whitecaps,Colorado Rapids,1466.9575108661156,1536.716860050984,70.24065081513163,0.599729388866954
3305,2021-05-08,2021,4,21,Chicago Fire,Philadelphia Union,1416.6158621317945,1556.0473919444357,0.5684701873587983,0.5008180936319718
3306,2021-05-08,2021,7,8,Columbus Crew,DC United,1570.2796381694889,1434.2180630495818,276.06157511990705,0.8304948149387833
3307,2021-05-08,2021,10,11,FC Dallas,Houston Dynamo,1537.281625856655,1403.4518176595686,273.8298081970863,0.8286786037683991
3308,2021-05-08,2021,16,17,Nashville SC,New England Revolution,1516.5190153854537,1602.8694148963452,53.64960048910848,0.5766001219013602
3309,2021-05-08,2021,19,29,New York Red Bulls,Toronto FC,1496.0376593051599,1552.1596920716663,83.87796723349356,0.6184183673887937
3310,2021-05-08,2021,20,18,Orlando City,New York City,1525.545370051573,1635.9302381951193,29.615131856453672,0.5425166791060402
3311,2021-05-08,2021,23,25,Real Salt Lake,San Jose Earthquakes,1469.0110829645905,1505.9431076435533,103.06797532103724,0.64412355535764
3312,2021-05-08,2021,30,2,Vancouver Whitecaps,CF Montreal,1442.9683353114374,1426.8236021258879,156.1447331855495,0.7107113389310421
3313,2021-05-09,2021,6,15,Colorado Rapids,Minnesota United,1560.7060356056622,1507.188830836857,193.5172047688052,0.7528693527405229
3314,2021-05-09,2021,12,0,Inter Miami,Atlanta Utd,1461.050526247687,1437.300913262094,163.7496129855931,0.7196282876366211
3315,2021-05-09,2021,14,13,Los Angeles Galaxy,Los Angeles FC,1453.2569361617802,1552.5296330641315,40.7273030976487,0.5583443060520303
3316,2021-05-09,2021,22,26,Portland Timbers,Seattle Sounders,1550.108125539224,1639.9995140505937,50.10861148863023,0.5716162220853567
3317,2021-05-10,2021,27,1,Sporting Kansas City,Austin FC,1510.4988499690517,1549.302100951478,101.19674901757367,0.641650573255524
3318,2021-05-13,2021,11,27,Houston Dynamo,Sporting Kansas City,1416.5989618103047,1524.8328270388306,31.76613477147407,0.545588182054764
3319,2021-05-13,2021,12,2,Inter Miami,CF Montreal,1452.2653947422223,1415.2520556831296,177.0133390590927,0.7347720537622654
3320,2021-05-13,2021,15,30,Minnesota United,Vancouver Whitecaps,1497.303604946478,1454.5398817541957,182.7637231922822,0.7411726892118513
3321,2021-05-13,2021,21,17,Philadelphia Union,New England Revolution,1576.0801156897146,1585.9334197723997,130.1466959173149,0.6790010026923996
3322,2021-05-13,2021,25,26,San Jose Earthquakes,Seattle Sounders,1531.708049857859,1662.864162934008,8.84388692385096,0.5127246282065526
3323,2021-05-13,2021,29,7,Toronto FC,Columbus Crew,1536.8964267672181,1577.0598455719376,99.83658119528059,0.6398482478189934
3324,2021-05-14,2021,8,4,DC United,Chicago Fire,1427.4378556471331,1396.5831383865157,170.85471726061746,0.7278058674228645
3325,2021-05-15,2021,14,1,Los Angeles Galaxy,Austin FC,1470.923163919699,1534.968123881699,75.95504003799988,0.6075993596674768
3326,2021-05-15,2021,18,29,New York City,Toronto FC,1637.630905359361,1551.3024968544585,226.32840850490243,0.7863144188660531
3327,2021-05-16,2021,0,2,Atlanta Utd,CF Montreal,1446.0860447675586,1444.6429378336202,141.44310693393845,0.6930063233977569
3328,2021-05-16,2021,6,11,Colorado Rapids,Houston Dynamo,1570.5912614960414,1434.7754345281141,275.81582696792725,0.8302955784441527
3329,2021-05-16,2021,9,12,FC Cincinnati,Inter Miami,1316.2834222567233,1422.8745125917317,33.4089096649916,0.5479316439912542
3330,2021-05-16,2021,15,10,Minnesota United,FC Dallas,1507.6566973780039,1524.134481705919,123.52221567208494,0.670633357665076
3331,2021-05-16,2021,17,7,New England Revolution,Columbus Crew,1593.0934598800957,1562.6537754846972,170.43968439539844,0.7273323142806651
3332,2021-05-16,2021,21,19,Philadelphia Union,New York Red Bulls,1568.9200755820186,1511.300924609608,197.61915097241058,0.7572363849431811
3333,2021-05-16,2021,23,16,Real Salt Lake,Nashville SC,1443.246140750285,1533.4550105093992,49.79113024088565,0.5711686447745954
3334,2021-05-16,2021,25,22,San Jose Earthquakes,Portland Timbers,1511.1990647295968,1527.2434766558097,123.95558807378711,0.671184161121769
3335,2021-05-16,2021,27,30,Sporting Kansas City,Vancouver Whitecaps,1506.6563543210211,1444.1867893226697,202.46956499835142,0.7623321976453493
3336,2021-05-17,2021,8,20,DC United,Orlando City,1438.3256209502185,1523.8447028873313,54.48091806288721,0.5777679747393074
3337,2021-05-17,2021,26,13,Seattle Sounders,Los Angeles FC,1683.37314806227,1534.8634053062128,288.5097427560572,0.8403447715849094
3338,2021-05-22,2021,2,9,CF Montreal,FC Cincinnati,1432.3631907695305,1294.366156497073,277.99703427245754,0.8320574549253555
3339,2021-05-22,2021,4,12,Chicago Fire,Inter Miami,1385.6953730834302,1444.791778351382,80.9035947320483,0.6143698900747282
3340,2021-05-22,2021,22,14,Portland Timbers,Los Angeles Galaxy,1554.0908431006803,1486.6191895329998,207.4716535676805,0.7675097406337459
3341,2021-05-23,2021,10,23,FC Dallas,Real Salt Lake,1510.959816012522,1440.3993949593012,210.5604210532208,0.7706673426718463
3342,2021-05-23,2021,11,30,Houston Dynamo,Vancouver Whitecaps,1427.9872576658802,1434.6800772284837,133.30718043739648,0.6829533899421558
3343,2021-05-23,2021,13,6,Los Angeles FC,Colorado Rapids,1528.4771961696092,1577.3794383582754,91.09775781133385,0.6281762545713487
3344,2021-05-23,2021,17,19,New England Revolution,New York Red Bulls,1604.000167308869,1501.5903800073354,242.4097873015337,0.8014565682558183
3345,2021-05-23,2021,18,7,New York City,Columbus Crew,1626.1783286047187,1551.7470680559238,214.43126054879485,0.7745817359042736
3346,2021-05-23,2021,20,29,Orlando City,Toronto FC,1546.9554218769035,1562.7550736091007,124.20034826780284,0.6714950363432325
3347,2021-05-23,2021,25,27,San Jose Earthquakes,Sporting Kansas City,1484.3516982847261,1516.1630664152071,108.18863186951899,0.6508514215968211
3348,2021-05-23,2021,26,0,Seattle Sounders,Atlanta Utd,1689.7593571988737,1458.3657918316483,371.3935653672254,0.8945338992347539
3349,2021-05-24,2021,8,21,DC United,Philadelphia Union,1415.2149019606463,1578.6306201842913,-23.415718223644944,0.4663530010662577
3350,2021-05-24,2021,16,1,Nashville SC,Austin FC,1536.301756300383,1519.2720982683982,157.0296580319848,0.7117575514077735
3351,2021-05-29,2021,0,16,Atlanta Utd,Nashville SC,1474.1471478010385,1547.8314542440721,66.31569355696638,0.5942936218174881
3352,2021-05-29,2021,4,2,Chicago Fire,CF Montreal,1401.1205774804412,1399.0808925725164,142.03968490792477,0.6937364553427059
3353,2021-05-29,2021,7,29,Columbus Crew,Toronto FC,1582.7303374920948,1549.61487506283,173.11546242926488,0.7303763217203771
3354,2021-05-29,2021,9,17,FC Cincinnati,New England Revolution,1327.6484546940871,1611.9419045786365,-144.29344988454932,0.3035140185554073
3355,2021-05-29,2021,13,18,Los Angeles FC,New York City,1543.3501459867553,1595.1950591685477,88.15508681820756,0.6242111959545302
3356,2021-05-29,2021,19,20,New York Red Bulls,Orlando City,1493.648642737568,1560.0956204231743,73.55302231439373,0.6042978041064091
3357,2021-05-30,2021,6,10,Colorado Rapids,FC Dallas,1562.5064885411293,1500.1331223056482,202.37336623548117,0.7622318509947124
3358,2021-05-30,2021,12,8,Inter Miami,DC United,1429.366573954371,1396.560781917996,172.8057920363749,0.7300251347695695
3359,2021-05-30,2021,14,25,Los Angeles Galaxy,San Jose Earthquakes,1477.3195791583496,1458.3176414208533,159.0019377374963,0.7140811799994631
3360,2021-05-30,2021,23,15,Real Salt Lake,Minnesota United,1451.226088666175,1520.8313630714008,70.39472559477417,0.5999422801341526
3361,2021-05-30,2021,27,11,Sporting Kansas City,Houston Dynamo,1542.19712327908,1440.669122068194,241.52800121088603,0.8006476240221961
3362,2021-05-31,2021,21,22,Philadelphia Union,Portland Timbers,1597.2847402269415,1563.3904534753306,173.89428675161093,0.731258285735184
3363,2021-05-31,2021,26,1,Seattle Sounders,Austin FC,1673.9780012294834,1507.742400324709,306.2356009047744,0.8535642215026371
3364,2021-06-12,2021,27,1,Sporting Kansas City,Austin FC,1550.1712183181921,1521.8849691848145,168.28624913337762,0.7248669898072266
3365,2021-06-19,2021,19,16,New York Red Bulls,Nashville SC,1509.4767305733117,1551.6031991167717,97.87353145653992,0.6372401026837885
3366,2021-06-19,2021,23,30,Real Salt Lake,Vancouver Whitecaps,1447.2283974608088,1421.99821282617,165.23018463463882,0.7213446648664695
3367,2021-06-20,2021,0,21,Atlanta Utd,Philadelphia Union,1470.3754029283389,1608.034408797534,2.340994130804802,0.5033689103854926
3368,2021-06-20,2021,1,25,Austin FC,San Jose Earthquakes,1530.8796487771035,1446.880888620832,223.9987601562716,0.784052475475544
3369,2021-06-20,2021,7,4,Columbus Crew,Chicago Fire,1593.5152846232797,1373.3711192667329,360.14416535654686,0.8882666217987065
3370,2021-06-20,2021,8,12,DC United,Inter Miami,1425.7617873087788,1400.1655685635883,165.59621874519053,0.7217680004554264
3371,2021-06-20,2021,9,6,FC Cincinnati,Colorado Rapids,1315.5078939518708,1572.0172145013407,-116.50932054946998,0.3383442445262718
3372,2021-06-20,2021,10,15,FC Dallas,Minnesota United,1490.6223963454368,1524.829054276767,105.79334206866974,0.6477116122603689
3373,2021-06-20,2021,13,11,Los Angeles FC,Houston Dynamo,1518.381698148574,1432.6950270290818,225.6866711194923,0.7856930584384405
3374,2021-06-20,2021,14,26,Los Angeles Galaxy,Seattle Sounders,1488.756331958371,1659.835432369378,-31.079100411006948,0.4553924960291987
3375,2021-06-20,2021,18,17,New York City,New England Revolution,1620.1635070067289,1624.0824653208529,136.08104168587602,0.6864006856654631
3376,2021-06-20,2021,22,27,Portland Timbers,Sporting Kansas City,1552.640784904738,1541.1765387259031,151.46424617883486,0.7051405387549669
3377,2021-06-20,2021,29,20,Toronto FC,Orlando City,1538.829927931645,1544.2675325874307,134.56239534421434,0.6845158622976815
3378,2021-06-23,2021,20,25,Orlando City,San Jose Earthquakes,1571.648167079338,1458.2429876398537,253.4051794394843,0.8113364370412478
3379,2021-06-24,2021,2,8,CF Montreal,DC United,1426.8303507862247,1436.8910672905618,129.93928349566295,0.6787407127862345
3380,2021-06-24,2021,4,9,Chicago Fire,FC Cincinnati,1368.9017841386813,1301.9741241708198,206.92765996786147,0.7669504960950448
3381,2021-06-24,2021,11,22,Houston Dynamo,Portland Timbers,1444.1227493666195,1564.4351633545393,19.687586012080146,0.5283024275203982
3382,2021-06-24,2021,13,10,Los Angeles FC,FC Dallas,1506.9539758110363,1484.713931855022,162.24004395601423,0.7178716668836717
3383,2021-06-24,2021,15,1,Minnesota United,Austin FC,1530.7375187671817,1519.5175497580817,151.21996900909994,0.7048480867843955
3384,2021-06-24,2021,16,29,Nashville SC,Toronto FC,1537.0928032241234,1511.4492934397376,165.64350978438574,0.7218226659188903
3385,2021-06-24,2021,17,19,New England Revolution,New York Red Bulls,1651.5384927474713,1523.98712646596,267.55136628151126,0.8234864525679606
3386,2021-06-24,2021,18,0,New York City,Atlanta Utd,1592.7074795801104,1470.240646512919,262.4668330671914,0.8191916666220159
3387,2021-06-24,2021,21,7,Philadelphia Union,Columbus Crew,1608.1691652129539,1597.9846197513316,150.1845454616223,0.7036065941114249
3388,2021-06-24,2021,26,23,Seattle Sounders,Real Salt Lake,1678.0511322105458,1458.37461086615,359.6765213443957,0.8879991664736426
3389,2021-06-24,2021,27,6,Sporting Kansas City,Colorado Rapids,1529.3821602761018,1585.5509842823917,83.83117599371008,0.618354804453931
3390,2021-06-24,2021,30,14,Vancouver Whitecaps,Los Angeles Galaxy,1410.8519994208286,1470.5406321172031,80.3113673036255,0.613561885129662
3391,2021-06-26,2021,12,20,Inter Miami,Orlando City,1389.0362885818054,1579.1947095976882,-50.15842101588282,0.42831356827269945
3392,2021-06-26,2021,27,13,Sporting Kansas City,Los Angeles FC,1544.6479680979446,1518.2391091356894,166.40885896225518,0.7227064428258941
3393,2021-06-27,2021,0,19,Atlanta Utd,New York Red Bulls,1463.0083131777997,1516.9265845686784,86.08172860912123,0.621407411785198
3394,2021-06-27,2021,4,21,Chicago Fire,Philadelphia Union,1338.2237642948794,1620.0249014484968,-141.80113715361745,0.3065553789591899
3395,2021-06-27,2021,16,2,Nashville SC,CF Montreal,1548.2198965873677,1419.6807222747752,268.5391743125924,0.8243114706394539
3396,2021-06-27,2021,18,8,New York City,DC United,1599.9398129152298,1444.0406958020112,295.8991171132186,0.8459694437137368
3397,2021-06-27,2021,22,15,Portland Timbers,Minnesota United,1565.5672604553552,1542.5435952958057,163.0236651595494,0.718784366869357
3398,2021-06-27,2021,23,11,Real Salt Lake,Houston Dynamo,1453.8945775250959,1442.9906522658036,150.90392525929224,0.7044694648290118
3399,2021-06-27,2021,25,14,San Jose Earthquakes,Los Angeles Galaxy,1450.6964451215035,1495.0831075223896,95.61333759911395,0.6342271397712276
3400,2021-06-27,2021,26,30,Seattle Sounders,Vancouver Whitecaps,1682.5311655516,1386.3095240156422,436.2216415359578,0.9249158740818829
3401,2021-06-27,2021,29,9,Toronto FC,FC Cincinnati,1500.3222000764933,1332.6521440146216,307.6700560618717,0.8545933213963731
3402,2021-06-28,2021,1,7,Austin FC,Columbus Crew,1507.7114732294576,1586.1288835157886,61.582589713668995,0.5877078771310373
3403,2021-06-28,2021,10,17,FC Dallas,New England Revolution,1473.428798530369,1658.599034644753,-45.1702361143839,0.43535859982044317
3404,2021-07-02,2021,1,22,Austin FC,Portland Timbers,1504.203158144216,1536.8158857805809,107.38727236363525,0.6498024184854834
3405,2021-07-03,2021,7,17,Columbus Crew,New England Revolution,1589.6371986010301,1636.0133786375707,93.62381996345948,0.631566272761873
3406,2021-07-03,2021,8,29,DC United,Toronto FC,1437.8794735505608,1466.1384672206384,111.74100632992236,0.6554839047173312
3407,2021-07-04,2021,2,12,CF Montreal,Inter Miami,1432.6531811003533,1371.9037458508974,200.74943524945593,0.7605335025885352
3408,2021-07-04,2021,4,0,Chicago Fire,Atlanta Utd,1345.9615491365118,1458.1520167063918,27.809532430120044,0.5399358840609036
3409,2021-07-04,2021,11,9,Houston Dynamo,FC Cincinnati,1451.169430858964,1366.8358768704766,224.33355398848744,0.7843786039277952
3410,2021-07-04,2021,15,25,Minnesota United,San Jose Earthquakes,1571.29496997058,1425.3273595306543,285.9676104399257,0.8383716442379782
3411,2021-07-04,2021,16,21,Nashville SC,Philadelphia Union,1535.2474377617896,1612.2871166068644,62.96032115492517,0.5896282366896702
3412,2021-07-04,2021,20,19,Orlando City,New York Red Bulls,1596.3272523285962,1521.7828810400863,214.54437128850986,0.7746954039097765
3413,2021-07-04,2021,23,13,Real Salt Lake,Los Angeles FC,1445.7157989319353,1507.1473668487251,78.56843208321015,0.6111802965794887
3414,2021-07-05,2021,6,26,Colorado Rapids,Seattle Sounders,1570.2851764605489,1665.5345305883247,44.75064587222414,0.5640475614420565
3415,2021-07-05,2021,10,30,FC Dallas,Vancouver Whitecaps,1496.0144545375513,1403.3061589789174,232.70829555863384,0.7924203099290923
3416,2021-07-05,2021,14,27,Los Angeles Galaxy,Sporting Kansas City,1520.4521931132388,1555.739710384909,104.71248272832986,0.6462905836941684
3417,2021-07-08,2021,1,13,Austin FC,Los Angeles FC,1518.2110614047967,1531.5945787119047,126.61648269289208,0.674555730222068
3418,2021-07-08,2021,2,18,CF Montreal,New York City,1442.231840996812,1606.1010351666803,-23.86919416986825,0.4657034094515286
3419,2021-07-08,2021,4,20,Chicago Fire,Orlando City,1364.3641137740758,1565.339436172205,-60.975322398129265,0.4131394183435173
3420,2021-07-08,2021,6,15,Colorado Rapids,Minnesota United,1567.7232740028667,1557.7601042010608,149.96316980180586,0.703340768608656
3421,2021-07-08,2021,14,10,Los Angeles Galaxy,FC Dallas,1494.600569765472,1484.3176421403875,150.28292762508454,0.7037246860949872
3422,2021-07-08,2021,17,29,New England Revolution,Toronto FC,1641.2760295480457,1452.3578234093316,328.91820613871414,0.8691433242422388
3423,2021-07-08,2021,26,11,Seattle Sounders,Houston Dynamo,1668.096433046007,1439.7942867018521,368.30214634415483,0.8928431793834448
3424,2021-07-08,2021,30,23,Vancouver Whitecaps,Real Salt Lake,1415.0029713760812,1421.2685870687558,133.7343843073254,0.6834856323605341
3425,2021-07-09,2021,16,0,Nashville SC,Atlanta Utd,1551.6623082942028,1439.7494520688278,251.91285622537498,0.8100179738210476
3426,2021-07-09,2021,19,21,New York Red Bulls,Philadelphia Union,1552.7706971964774,1595.8722460744511,96.89845112202624,0.6359415726396574
3427,2021-07-10,2021,9,7,FC Cincinnati,Columbus Crew,1378.2110210275885,1584.3745476905551,-66.16352666296666,0.40591759311689557
3428,2021-07-17,2021,0,17,Atlanta Utd,New England Revolution,1452.1501710216698,1606.5102965783562,-14.360125556686398,0.47934587800726974
3429,2021-07-18,2021,2,9,CF Montreal,FC Cincinnati,1463.603704618751,1381.9743173029126,221.62938731583836,0.7817342186973947
3430,2021-07-18,2021,6,25,Colorado Rapids,San Jose Earthquakes,1579.5896432585205,1438.8622253001736,280.7274179583469,0.8342423159321011
3431,2021-07-18,2021,7,18,Columbus Crew,New York City,1580.611251415231,1584.7291715447413,135.88207987048963,0.6861540982411016
3432,2021-07-18,2021,13,23,Los Angeles FC,Real Salt Lake,1558.5768079207874,1448.608012363177,249.9687955576103,0.8082898395299831
3433,2021-07-18,2021,15,26,Minnesota United,Seattle Sounders,1545.893734945407,1672.3827058706693,13.511029074737735,0.5194341382935909
3434,2021-07-18,2021,16,4,Nashville SC,Chicago Fire,1539.2615893413608,1387.838537040335,291.4230523010258,0.8425819523643203
3435,2021-07-18,2021,21,8,Philadelphia Union,DC United,1601.3099089800373,1451.6601173618676,289.64979161816973,0.8412232868514584
3436,2021-07-18,2021,22,10,Portland Timbers,FC Dallas,1522.8079825200002,1472.466629584187,190.34135293581312,0.7494522160832159
3437,2021-07-18,2021,29,20,Toronto FC,Orlando City,1487.123556379021,1541.8650129059458,85.25854347307518,0.6202919598419636
3438,2021-07-18,2021,30,14,Vancouver Whitecaps,Los Angeles Galaxy,1387.66354608166,1506.4515823216725,21.211963759987384,0.5304885974367944
3439,2021-07-21,2021,30,11,Vancouver Whitecaps,Houston Dynamo,1406.444002184188,1435.5080138771898,110.9359883069983,0.6544366674161882
3440,2021-07-22,2021,4,8,Chicago Fire,DC United,1381.541815134908,1445.309048835926,76.23276629898191,0.6079804648596204
3441,2021-07-22,2021,6,10,Colorado Rapids,FC Dallas,1566.2199506212364,1462.4447182275158,243.77523239372067,0.8027043406857286
3442,2021-07-22,2021,7,16,Columbus Crew,Nashville SC,1593.1650874855868,1545.558311246788,187.60677623879883,0.7464847891150292
3443,2021-07-22,2021,9,0,FC Cincinnati,Atlanta Utd,1373.2436860508085,1432.9763359013791,80.26735014942938,0.613501805329294
3444,2021-07-22,2021,12,17,Inter Miami,New England Revolution,1362.3250859544387,1625.684131698647,-123.35904574420829,0.32957414809772123
3445,2021-07-22,2021,18,2,New York City,CF Montreal,1572.1753354743855,1472.334335870855,239.84099960353046,0.799093089241544
3446,2021-07-22,2021,22,13,Portland Timbers,Los Angeles FC,1532.8298938766716,1566.245214339588,106.5846795370835,0.6487503467724656
3447,2021-07-22,2021,23,14,Real Salt Lake,Los Angeles Galaxy,1440.9396059443764,1487.6711262191443,93.26847972523205,0.6310901760994747
3448,2021-07-22,2021,27,25,Sporting Kansas City,San Jose Earthquakes,1581.5913337326756,1452.2319179374576,269.35941579521796,0.8249942287160174
3449,2021-07-22,2021,29,19,Toronto FC,New York Red Bulls,1482.3118779853426,1547.3330342908912,74.97884369445137,0.6062587528610262
3450,2021-07-23,2021,1,26,Austin FC,Seattle Sounders,1491.228832195914,1653.160071402413,-21.931239206498958,0.4684802624335783
3451,2021-07-23,2021,20,21,Orlando City,Philadelphia Union,1546.6766912996243,1607.660977505979,79.01571379364532,0.6117919844976923
3452,2021-07-24,2021,0,7,Atlanta Utd,Columbus Crew,1437.5164081145508,1583.3056959209857,-5.789287806434913,0.49166931612129133
3453,2021-07-25,2021,4,29,Chicago Fire,Toronto FC,1377.222596540523,1478.0615278709015,39.1610686696215,0.5561198493451288
3454,2021-07-25,2021,10,14,FC Dallas,Los Angeles Galaxy,1454.5528918549448,1492.9147332631233,101.6381585918216,0.6422346181430066
3455,2021-07-25,2021,13,30,Los Angeles FC,Vancouver Whitecaps,1552.1952282104867,1400.2665354875405,291.92869272294615,0.8429676358184724
3456,2021-07-25,2021,15,22,Minnesota United,Portland Timbers,1565.1163694136633,1546.879880005773,158.2364894078903,0.7131807062284496
3457,2021-07-25,2021,16,9,Nashville SC,FC Cincinnati,1555.417702811389,1368.7036138376368,326.71408897375227,0.8676935156508445
3458,2021-07-25,2021,17,2,New England Revolution,CF Montreal,1638.8670976225558,1464.298059440517,314.56903818203887,0.8594591310208218
3459,2021-07-25,2021,18,20,New York City,Orlando City,1580.2116119047237,1562.2050119197165,158.00659998500714,0.7129099333828848
3460,2021-07-25,2021,23,6,Real Salt Lake,Colorado Rapids,1435.6959989003974,1574.1117769938073,1.5842219065900736,0.5022798627908378
3461,2021-07-25,2021,25,11,San Jose Earthquakes,Houston Dynamo,1465.2316870860984,1441.6854805738374,163.54620651226105,0.7193919817517122
3462,2021-07-26,2021,8,19,DC United,New York Red Bulls,1449.6282674303109,1551.5833844053323,38.04488302497862,0.5545331984345636
3463,2021-07-26,2021,12,21,Inter Miami,Philadelphia Union,1349.14212003053,1592.1326568858867,-102.99053685535682,0.3559786347265483
3464,2021-07-26,2021,26,27,Seattle Sounders,Sporting Kansas City,1671.899281899756,1568.5915645840348,243.30771731572122,0.8022777826377633
3465,2021-07-29,2021,13,15,Los Angeles FC,Minnesota United,1538.4765227777477,1576.5891411645252,101.88738161322249,0.6425641877809255
3466,2021-07-31,2021,14,22,Los Angeles Galaxy,Portland Timbers,1478.6041179888434,1535.407108254911,83.19700973393242,0.6174929308738306
3467,2021-07-31,2021,18,7,New York City,Columbus Crew,1591.6952145694083,1602.9724685658373,128.72274600357105,0.6772117991214119
3468,2021-07-31,2021,19,17,New York Red Bulls,New England Revolution,1533.7647123427148,1644.488732381723,29.27597996099189,0.5420320893622047
3469,2021-07-31,2021,20,0,Orlando City,Atlanta Utd,1550.7214092550319,1417.8496354696993,272.8717737853326,0.8278942330687512
3470,2021-07-31,2021,26,25,Seattle Sounders,San Jose Earthquakes,1639.8081705942454,1456.45600781603,323.3521627782154,0.865455932688864
3471,2021-08-01,2021,1,6,Austin FC,Colorado Rapids,1472.489621698571,1554.202971505441,58.28665019313007,0.5831030669477569
3472,2021-08-01,2021,9,8,FC Cincinnati,DC United,1363.4113544636705,1467.4469394929283,35.964414970742155,0.551572881708733
3473,2021-08-01,2021,11,23,Houston Dynamo,Real Salt Lake,1450.4611598439058,1455.6048043887638,134.85635545514197,0.6848811789434346
3474,2021-08-01,2021,12,2,Inter Miami,CF Montreal,1354.902974641468,1458.6764246813498,36.22654996011829,0.5519460816670289
3475,2021-08-01,2021,21,4,Philadelphia Union,Chicago Fire,1586.3718022749485,1354.9778025667179,371.3939997082307,0.8945341351172931
3476,2021-08-01,2021,27,10,Sporting Kansas City,FC Dallas,1600.6826758895454,1468.8635071292247,271.81916876032074,0.8270291579891889
3477,2021-08-01,2021,30,15,Vancouver Whitecaps,Minnesota United,1413.9852409202795,1582.2917086757623,-28.3064677554828,0.4593536124539142
3478,2021-08-02,2021,29,16,Toronto FC,Nashville SC,1500.3063218447066,1560.7099621853554,79.59635965935126,0.6125855315151134
3479,2021-08-05,2021,1,11,Austin FC,Houston Dynamo,1449.1654990206607,1443.0659126861683,146.09958633449241,0.6986793276551906
3480,2021-08-05,2021,2,0,CF Montreal,Atlanta Utd,1440.754267948031,1410.9654047924494,169.78886315558157,0.7265886901036281
3481,2021-08-05,2021,4,18,Chicago Fire,New York City,1370.7591679714096,1604.6067426045518,-93.84757463314213,0.368134064692883
3482,2021-08-05,2021,7,8,Columbus Crew,DC United,1590.0609405306939,1469.5098547612777,260.5510857694162,0.8175524932358249
3483,2021-08-05,2021,13,27,Los Angeles FC,Sporting Kansas City,1532.7739552665107,1567.601509569978,105.1724456965328,0.6468956243714489
3484,2021-08-05,2021,14,23,Los Angeles Galaxy,Real Salt Lake,1493.9044007538903,1463.0000515465013,170.90434920738903,0.7278624630727601
3485,2021-08-05,2021,17,16,New England Revolution,Nashville SC,1666.170015956211,1565.2133834459598,240.9566325102512,0.8001221342699738
3486,2021-08-05,2021,19,9,New York Red Bulls,FC Cincinnati,1512.0834287682267,1361.3484391953211,290.73498957290553,0.8420558872157321
3487,2021-08-05,2021,20,12,Orlando City,Inter Miami,1557.6056399322817,1372.825131374787,324.78050855749484,0.8664104703953334
3488,2021-08-05,2021,21,29,Philadelphia Union,Toronto FC,1570.5904368702568,1495.8029005841022,214.7875362861546,0.7749396292701093
3489,2021-08-05,2021,22,25,Portland Timbers,San Jose Earthquakes,1520.1068254898641,1491.0742451235847,169.0325803662795,0.7257229790527907
3490,2021-08-05,2021,26,10,Seattle Sounders,FC Dallas,1605.1899332866908,1501.9446734487922,243.24525983789863,0.802220744206282
3491,2021-08-08,2021,4,19,Chicago Fire,New York Red Bulls,1376.0338053836942,1498.4011932795975,17.63261210409678,0.5253536051195252
3492,2021-08-08,2021,6,27,Colorado Rapids,Sporting Kansas City,1577.5270941833512,1593.477334544836,124.0497596385153,0.6713037882292573
3493,2021-08-08,2021,7,0,Columbus Crew,Atlanta Utd,1557.3588408012608,1420.0289523965944,277.32988840466646,0.8315201210880109
3494,2021-08-08,2021,9,20,FC Cincinnati,Orlando City,1375.0306746839503,1542.9492211164684,-27.918546432518042,0.459908236930038
3495,2021-08-08,2021,10,1,FC Dallas,Austin FC,1514.0335032170435,1461.218325914453,192.81517730259043,0.7521166916510775
3496,2021-08-08,2021,12,16,Inter Miami,Nashville SC,1387.4815501906003,1577.2182688167588,-49.73671862615856,0.42890807509922074
3497,2021-08-08,2021,15,11,Minnesota United,Houston Dynamo,1580.6658531739188,1431.013085792376,289.65276738154284,0.8412255748178807
3498,2021-08-08,2021,17,21,New England Revolution,Philadelphia Union,1654.165130585412,1579.5928516994525,214.57227888595958,0.7747234427478236
3499,2021-08-08,2021,22,23,Portland Timbers,Real Salt Lake,1511.0779063277525,1452.1145500694117,198.9633562583408,0.7586560000625956
3500,2021-08-08,2021,29,18,Toronto FC,New York City,1486.8004857549065,1599.3321051922671,27.468380562639368,0.5394480210130183
3501,2021-08-09,2021,8,2,DC United,CF Montreal,1502.2119544907107,1431.690720343886,210.52123414682478,0.7706274717706816
3502,2021-08-09,2021,14,30,Los Angeles Galaxy,Vancouver Whitecaps,1504.7899022309798,1415.611096422123,229.17880580885685,0.789058439410642
3503,2021-08-09,2021,25,13,San Jose Earthquakes,Los Angeles FC,1500.1031642856963,1506.8981302916527,133.20503399404356,0.6828260572750262
3504,2021-08-14,2021,15,14,Minnesota United,Los Angeles Galaxy,1587.0168301812037,1493.227564654554,233.78926552664961,0.793441999260326
3505,2021-08-14,2021,25,30,San Jose Earthquakes,Vancouver Whitecaps,1512.7901219946953,1427.1734339985487,225.61668799614654,0.7856252180768077
3506,2021-08-15,2021,0,13,Atlanta Utd,Los Angeles FC,1453.2897572401148,1494.2111725826537,99.07858465746108,0.6388421276872612
3507,2021-08-15,2021,2,19,CF Montreal,New York Red Bulls,1422.5158192147132,1479.4153374843784,83.10048173033488,0.6173616780002
3508,2021-08-15,2021,4,7,Chicago Fire,Columbus Crew,1395.0196611789133,1524.0980359577404,10.921625221172917,0.5157123070732396
3509,2021-08-15,2021,10,27,FC Dallas,Sporting Kansas City,1523.9488355510005,1600.3294860740061,63.61934947699433,0.5905458661658792
3510,2021-08-15,2021,11,6,Houston Dynamo,Colorado Rapids,1424.662108785091,1570.674942654181,-6.012833869089945,0.491347700275494
3511,2021-08-15,2021,18,12,New York City,Inter Miami,1600.9100260327878,1410.3252271866315,330.5847988461562,0.8702305852807148
3512,2021-08-15,2021,23,1,Real Salt Lake,Austin FC,1442.4607900719157,1451.3029935804961,131.1577964914195,0.6802682771644035
3513,2021-08-15,2021,29,17,Toronto FC,New England Revolution,1485.2225649143859,1663.176192875499,-37.95362796111317,0.4455965696807191
3514,2021-08-16,2021,16,8,Nashville SC,DC United,1554.3745918207276,1511.3868556198834,182.9877362008442,0.7414199887700651
3515,2021-08-16,2021,22,26,Portland Timbers,Seattle Sounders,1520.7316663252486,1593.1011035184395,67.63056280680917,0.5961172624078034
3516,2021-08-18,2021,14,6,Los Angeles Galaxy,Colorado Rapids,1524.965244624967,1590.3288506652007,74.63639395976634,0.6057880874262112
3517,2021-08-18,2021,25,15,San Jose Earthquakes,Minnesota United,1501.365113271623,1555.2791502107907,86.08596306083223,0.6214131463456213
3518,2021-08-19,2021,0,29,Atlanta Utd,Toronto FC,1467.7360721326243,1467.398702127157,140.33737000546716,0.6916504893544345
3519,2021-08-19,2021,1,30,Austin FC,Vancouver Whitecaps,1438.5137246670722,1438.598442721621,139.91528194545117,0.6911320585685035
3520,2021-08-19,2021,9,2,FC Cincinnati,CF Montreal,1376.6343452067488,1437.8213520947052,78.81299311204361,0.6115147938030497
3521,2021-08-19,2021,10,26,FC Dallas,Seattle Sounders,1500.3270009043654,1616.9457940147515,23.38120688961385,0.5335975577120674
3522,2021-08-19,2021,12,4,Inter Miami,Chicago Fire,1405.1344505978602,1414.3911688959838,130.7432817018764,0.6797490608639652
3523,2021-08-19,2021,16,20,Nashville SC,Orlando City,1564.717792269925,1541.34555059367,163.37224167625504,0.7191897831120982
3524,2021-08-19,2021,17,8,New England Revolution,DC United,1681.0000556627278,1501.043655170686,319.9564004920419,0.863163470400004
3525,2021-08-19,2021,19,7,New York Red Bulls,Columbus Crew,1464.1098046043865,1504.72652824067,99.3832763637165,0.6392467046082614
3526,2021-08-19,2021,21,18,Philadelphia Union,New York City,1570.5817894093655,1606.100802621559,104.48098678780639,0.6459858937401892
3527,2021-08-19,2021,23,11,Real Salt Lake,Houston Dynamo,1455.2500589853396,1405.0082007740714,190.2418582112682,0.7493446557086884
3528,2021-08-19,2021,27,22,Sporting Kansas City,Portland Timbers,1623.9513207206412,1496.8869758289366,267.06434489170465,0.8230785729619646
3529,2021-08-21,2021,7,26,Columbus Crew,Seattle Sounders,1490.2963964250005,1638.2896963232342,-7.993299898233772,0.4884987458976147
3530,2021-08-21,2021,14,25,Los Angeles Galaxy,San Jose Earthquakes,1500.7337211279184,1496.508587417798,144.22513371012042,0.6964028426115895
3531,2021-08-21,2021,15,27,Minnesota United,Sporting Kansas City,1560.1356760646156,1611.0281778021626,89.10749826245296,0.625496361153331
3532,2021-08-22,2021,1,22,Austin FC,Portland Timbers,1410.8684423243321,1509.8101187474151,41.05832357691702,0.5588141439819365
3533,2021-08-22,2021,6,23,Colorado Rapids,Real Salt Lake,1614.5603741622492,1465.276272756992,289.28410140525716,0.8409419160451924
3534,2021-08-22,2021,8,0,DC United,Atlanta Utd,1495.570193986686,1480.0700525584468,155.5001414282392,0.7099478472805968
3535,2021-08-22,2021,11,10,Houston Dynamo,FC Dallas,1394.981987002419,1478.9830985958827,55.99888840653625,0.5798982014955516
3536,2021-08-22,2021,12,29,Inter Miami,Toronto FC,1417.9444881633017,1455.0647217013345,102.87976646196717,0.6438751665858271
3537,2021-08-22,2021,17,9,New England Revolution,FC Cincinnati,1686.4735168467278,1372.1737534546269,454.2997633921009,0.9318308796657588
3538,2021-08-22,2021,20,4,Orlando City,Chicago Fire,1550.1131419181538,1401.5811313305423,288.53201058761147,0.8403619686892211
3539,2021-08-22,2021,21,2,Philadelphia Union,CF Montreal,1584.7423536597578,1442.281943846827,282.4604098129307,0.8356172086930664
3540,2021-08-22,2021,30,13,Vancouver Whitecaps,Los Angeles FC,1466.2437250643611,1479.7648576901443,126.47886737421686,0.6743817992284876
3541,2021-08-27,2021,7,9,Columbus Crew,FC Cincinnati,1470.756446589096,1369.4469886412571,241.30945794783884,0.8004467516580561
3542,2021-08-28,2021,0,16,Atlanta Utd,Nashville SC,1508.4679664496707,1555.950200945441,92.5177655042296,0.6300835054601831
3543,2021-08-28,2021,2,29,CF Montreal,Toronto FC,1455.7066321945497,1440.8197283647676,154.8869038297821,0.7092203882339934
3544,2021-08-28,2021,19,4,New York Red Bulls,Chicago Fire,1478.539936420056,1395.1956100781113,223.34432634194468,0.7834139484884812
3545,2021-08-28,2021,20,12,Orlando City,Inter Miami,1556.498663170585,1432.1894814998686,264.30918167071627,0.8207571906791971
3546,2021-08-29,2021,8,21,DC United,Philadelphia Union,1467.1722800954622,1571.3176653120352,35.854614783426996,0.5514165425772222
3547,2021-08-29,2021,11,15,Houston Dynamo,Minnesota United,1391.7860589425968,1555.1158216184824,-23.329762675885604,0.4664761429175712
3548,2021-08-29,2021,13,14,Los Angeles FC,Los Angeles Galaxy,1466.7401296592839,1472.877607423455,133.86252223582892,0.6836451825853009
3549,2021-08-29,2021,18,17,New York City,New England Revolution,1591.9402383711667,1689.2002816600975,42.739956711069226,0.5611993469741879
3550,2021-08-29,2021,27,6,Sporting Kansas City,Colorado Rapids,1616.0480322482958,1620.9226975204415,135.12533472785435,0.6852152506495224
3551,2021-08-30,2021,1,10,Austin FC,FC Dallas,1428.5158765650547,1482.1790266557048,86.3368499093499,0.6217528524399969
3552,2021-08-30,2021,26,22,Seattle Sounders,Portland Timbers,1657.8296461591387,1492.1626845066926,305.66696165244616,0.8531546040385072
3553,2021-08-30,2021,30,23,Vancouver Whitecaps,Real Salt Lake,1479.2684530952215,1458.9139493987998,160.35450369642172,0.7156681875586406
3554,2021-09-04,2021,11,22,Houston Dynamo,Portland Timbers,1373.127013225894,1526.288868668233,-13.161855442338947,0.4810676232379541
3555,2021-09-04,2021,13,27,Los Angeles FC,Sporting Kansas City,1459.3943223558717,1608.639422222315,-9.245099866443297,0.4866983711253752
3556,2021-09-04,2021,16,18,Nashville SC,New York City,1581.1535411638483,1609.4922644921992,111.66127667164915,0.6553802526105714
3557,2021-09-04,2021,21,17,Philadelphia Union,New England Revolution,1553.374327015124,1671.648255539065,21.726071476058905,0.5312256399103322
3558,2021-09-05,2021,9,12,FC Cincinnati,Inter Miami,1361.4648587075794,1445.0197691270366,56.4450895805428,0.58052381102066
3559,2021-09-05,2021,20,7,Orlando City,Columbus Crew,1543.668375543417,1478.7385765227737,204.92979902064326,0.7648885987240639
3560,2021-09-05,2021,23,10,Real Salt Lake,FC Dallas,1447.5406769011454,1507.0491407533048,80.49153614784063,0.6138077647484982
3561,2021-09-05,2021,25,6,San Jose Earthquakes,Colorado Rapids,1524.3647011222615,1628.3313075464223,36.03339357583923,0.5516710917695591
3562,2021-09-05,2021,30,1,Vancouver Whitecaps,Austin FC,1490.641725592876,1403.6457624674547,226.9959631254212,0.7869593834447463
3563,2021-09-11,2021,0,20,Atlanta Utd,Orlando City,1483.2646262312635,1553.0728315944543,70.19179463680916,0.5996618744683538
3564,2021-09-11,2021,6,14,Colorado Rapids,Los Angeles Galaxy,1650.3981512172047,1480.223414726867,310.17473649033764,0.8563758219873912
3565,2021-09-11,2021,26,15,Seattle Sounders,Minnesota United,1623.7034619975984,1573.7748673351853,189.92859466241316,0.7490057964576048
3566,2021-09-11,2021,30,22,Vancouver Whitecaps,Portland Timbers,1499.163350255086,1545.531573597751,93.63177665733497,0.6315769304753092
3567,2021-09-12,2021,2,16,CF Montreal,Nashville SC,1467.3378166651898,1594.9383310594255,12.399485605764312,0.5178367221097848
3568,2021-09-12,2021,9,29,FC Cincinnati,Toronto FC,1338.2439062667531,1429.1885438941274,49.05536237262572,0.5701309307525276
3569,2021-09-12,2021,10,25,FC Dallas,San Jose Earthquakes,1491.6014513432447,1502.297857451479,129.30359389176556,0.6779422695154572
3570,2021-09-12,2021,11,1,Houston Dynamo,Austin FC,1353.8843082963758,1395.1241378052446,98.76017049113125,0.6384191191546893
3571,2021-09-12,2021,12,7,Inter Miami,Columbus Crew,1468.240721567863,1469.3341204717362,138.90660109612668,0.6898911940424787
3572,2021-09-12,2021,17,18,New England Revolution,New York City,1692.8972811354784,1595.707474596622,237.18980653885637,0.7966317710757504
3573,2021-09-12,2021,19,8,New York Red Bulls,DC United,1447.2033784805167,1485.1156183923733,102.08776008814334,0.6428290682186334
3574,2021-09-12,2021,27,4,Sporting Kansas City,Chicago Fire,1588.10735706733,1426.5321680176505,301.57518904967947,0.8501790852685703
3575,2021-09-13,2021,13,23,Los Angeles FC,Real Salt Lake,1479.9263875108568,1462.9883663112055,156.9380211996513,0.7116493172624261
3576,2021-09-15,2021,7,19,Columbus Crew,New York Red Bulls,1456.9297682334354,1441.4902157517713,155.43955248166412,0.709876020990228
3577,2021-09-15,2021,18,10,New York City,FC Dallas,1587.572745439652,1484.4837605626265,243.0889848770255,0.8020779739355111
3578,2021-09-15,2021,29,12,Toronto FC,Inter Miami,1411.9937811242285,1480.6450738061637,71.34870731806473,0.6012595916647548
3579,2021-09-16,2021,0,9,Atlanta Utd,FC Cincinnati,1499.2781512525294,1355.438669036652,283.8394822158773,0.8367047572438374
3580,2021-09-16,2021,1,13,Austin FC,Los Angeles FC,1380.6609025714322,1491.4604148203598,29.200487751072387,0.5419242131201519
3581,2021-09-16,2021,8,4,DC United,Chicago Fire,1490.8287811211187,1420.5393314283933,210.28944969272538,0.7703915420399217
3582,2021-09-16,2021,14,11,Los Angeles Galaxy,Houston Dynamo,1494.4784476063628,1368.3475435301882,266.1309040761746,0.8222947504020742
3583,2021-09-16,2021,20,2,Orlando City,CF Montreal,1537.0593065731885,1446.6243477807984,230.43495879239003,0.7902594887823748
3584,2021-09-16,2021,22,6,Portland Timbers,Colorado Rapids,1570.7946508167634,1636.143118337709,74.65153247905437,0.6058088980723575
3585,2021-09-16,2021,25,23,San Jose Earthquakes,Real Salt Lake,1509.4155482320973,1451.4543390017025,197.96120923039484,0.7575981701354958
3586,2021-09-16,2021,27,15,Sporting Kansas City,Minnesota United,1594.1001936565872,1563.7350991934895,170.36509446309765,0.727247152476665
3587,2021-09-18,2021,0,8,Atlanta Utd,DC United,1505.809960962776,1500.013119439522,145.796841523254,0.6983123078365844
3588,2021-09-18,2021,12,19,Inter Miami,New York Red Bulls,1504.695457472754,1429.8852565913803,214.8102008813737,0.7749623831251117
3589,2021-09-19,2021,1,25,Austin FC,San Jose Earthquakes,1358.983934046626,1479.1116214266774,19.872312619948616,0.5285674106889886
3590,2021-09-19,2021,2,4,CF Montreal,Chicago Fire,1478.2347273320934,1411.3549931099901,206.87973422210325,0.7669011818856042
3591,2021-09-19,2021,9,18,FC Cincinnati,New York City,1348.9068593264055,1575.4896264822314,-86.58276715582588,0.37791428632984075
3592,2021-09-19,2021,11,10,Houston Dynamo,FC Dallas,1381.2393335462712,1496.566879520047,24.67245402622416,0.5354469509932176
3593,2021-09-19,2021,15,14,Minnesota United,Los Angeles Galaxy,1552.8249852925562,1481.5866575902799,211.23832770227637,0.771356311263303
3594,2021-09-19,2021,17,7,New England Revolution,Columbus Crew,1701.0320102924484,1468.5347273938264,372.49728289862196,0.8951318075609529
3595,2021-09-19,2021,21,20,Philadelphia Union,Orlando City,1532.1253014187107,1505.4489270218935,166.6763743968172,0.7230149442996898
3596,2021-09-19,2021,23,26,Real Salt Lake,Seattle Sounders,1481.7582658071224,1633.7432301392942,-11.984964332171785,0.48275908787315974
3597,2021-09-19,2021,29,16,Toronto FC,Nashville SC,1387.9433974576382,1615.651799943817,-87.70840248617878,0.37639215540882276
3598,2021-09-20,2021,6,30,Colorado Rapids,Vancouver Whitecaps,1640.3754742606034,1473.9002730360737,306.47520122452966,0.8537365331725404
3599,2021-09-20,2021,22,13,Portland Timbers,Los Angeles FC,1566.562294893869,1513.137383345166,193.424911548703,0.7527704905884056
3600,2021-09-23,2021,4,17,Chicago Fire,New England Revolution,1402.0310403854144,1685.2267379900102,-143.1956976045958,0.30485150472534617
3601,2021-09-23,2021,12,16,Inter Miami,Nashville SC,1473.6969621477494,1590.70748616017,22.989475987579453,0.5330363147613819
3602,2021-09-23,2021,19,18,New York Red Bulls,New York City,1460.8837519163849,1590.6061979354251,10.277553980959738,0.5147862764784848
3603,2021-09-25,2021,21,0,Philadelphia Union,Atlanta Utd,1543.2047036467231,1517.8774686493125,165.32723499741064,0.721456946658417
3604,2021-09-26,2021,4,16,Chicago Fire,Nashville SC,1389.8369801964004,1612.0289387506252,-82.19195855422481,0.3838745127643954
3605,2021-09-26,2021,6,29,Colorado Rapids,Toronto FC,1626.2260129337017,1412.8877112412852,353.3383016924165,0.8843187249476013
3606,2021-09-26,2021,7,2,Columbus Crew,CF Montreal,1484.3399996962646,1487.5586800566691,136.7813196395955,0.6872677516893706
3607,2021-09-26,2021,8,9,DC United,FC Cincinnati,1487.9456117529853,1333.7902878732118,294.1553238797735,0.8446568828236052
3608,2021-09-26,2021,15,11,Minnesota United,Houston Dynamo,1561.970732842024,1399.8214555065424,302.14927733548166,0.8505995354608218
3609,2021-09-26,2021,17,20,New England Revolution,Orlando City,1697.4207981790241,1494.369524793881,343.0512733851431,0.878121665959919
3610,2021-09-26,2021,18,19,New York City,New York Red Bulls,1591.1976489945646,1460.2923008572454,270.90534813731915,0.8262753562616127
3611,2021-09-26,2021,22,23,Portland Timbers,Real Salt Lake,1576.4514752703328,1502.447902292196,214.00357297813684,0.7741515738002948
3612,2021-09-26,2021,25,13,San Jose Earthquakes,Los Angeles FC,1500.254317854237,1503.2482029687021,137.00611488553477,0.6875458101812741
3613,2021-09-26,2021,30,10,Vancouver Whitecaps,FC Dallas,1488.0497343629754,1477.9847575597757,150.06497680319967,0.7034630344777065
3614,2021-09-27,2021,1,14,Austin FC,Los Angeles Galaxy,1337.8412376190665,1472.440910040812,5.400327578254519,0.5077710702994059
3615,2021-09-27,2021,27,26,Sporting Kansas City,Seattle Sounders,1605.0103075575205,1613.0535936542205,131.95671390329994,0.6812677312930502
3616,2021-09-30,2021,0,12,Atlanta Utd,Inter Miami,1506.7357465156492,1452.3755095572942,194.36023695835502,0.7537711576870474
3617,2021-09-30,2021,2,17,CF Montreal,New England Revolution,1475.049390124244,1702.2959315406274,-87.24654141638348,0.3770164099055394
3618,2021-09-30,2021,4,18,Chicago Fire,New York City,1394.4819996858246,1558.1466347441,-23.664635058275508,0.4659964203916916
3619,2021-09-30,2021,6,1,Colorado Rapids,Austin FC,1610.8532639357977,1357.5303948070903,393.32286912870745,0.9058639828372556
3620,2021-09-30,2021,8,15,DC United,Minnesota United,1494.1593364400412,1567.9467514235912,66.21258501645002,0.5941505060329375
3621,2021-09-30,2021,10,27,FC Dallas,Sporting Kansas City,1466.123278938884,1577.7595983057986,28.363680633085323,0.5407281782814979
3622,2021-09-30,2021,11,30,Houston Dynamo,Vancouver Whitecaps,1393.8454369249753,1499.9112129838672,33.93422394110803,0.5486805755255467
3623,2021-09-30,2021,13,22,Los Angeles FC,Portland Timbers,1490.750035375953,1585.485412318321,45.26462305763198,0.5647749588850048
3624,2021-09-30,2021,16,20,Nashville SC,Orlando City,1607.383919261201,1489.4943914322778,257.8895278289233,0.8152560549256329
3625,2021-09-30,2021,19,21,New York Red Bulls,Philadelphia Union,1493.34331510771,1554.3464257803864,78.99688932732352,0.6117662478539057
3626,2021-09-30,2021,23,14,Real Salt Lake,Los Angeles Galaxy,1493.4139652442077,1452.7517528527883,180.66221239141942,0.7388452387851152
3627,2021-09-30,2021,25,26,San Jose Earthquakes,Seattle Sounders,1512.752485446986,1640.3043029059424,12.44818254104348,0.5179067130985527
3628,2021-09-30,2021,29,9,Toronto FC,FC Cincinnati,1428.2604602391891,1327.576563186156,240.6838970530332,0.7998709323919905
3629,2021-10-02,2021,1,23,Austin FC,Real Salt Lake,1353.7649541205806,1503.8601556928031,-10.09520157222255,0.48547592427724506
3630,2021-10-03,2021,2,0,CF Montreal,Atlanta Utd,1459.9687337280222,1516.5849002081673,83.38383351985499,0.61774691373269
3631,2021-10-03,2021,9,19,FC Cincinnati,New York Red Bulls,1319.5714004818356,1488.8726651935538,-29.301264711718204,0.45793178032154525
3632,2021-10-03,2021,10,15,FC Dallas,Minnesota United,1444.494151807624,1551.7127716649086,32.78138014271531,0.5470367015988175
3633,2021-10-03,2021,18,16,New York City,Nashville SC,1536.7864915597677,1594.7736770641757,82.01281449559201,0.6158815553729634
3634,2021-10-03,2021,20,8,Orlando City,DC United,1502.1046336293032,1510.3933161987238,131.71131743057936,0.6809609145790816
3635,2021-10-03,2021,21,7,Philadelphia Union,Columbus Crew,1558.8170756945426,1496.8492896286898,201.9677860658528,0.7618084625963633
3636,2021-10-03,2021,22,12,Portland Timbers,Inter Miami,1608.0764106737213,1442.5263558647762,305.5500548089451,0.8530702731032491
3637,2021-10-03,2021,27,11,Sporting Kansas City,Houston Dynamo,1599.3887254370586,1391.8982139039533,347.4905115331053,0.880830270803931
3638,2021-10-03,2021,29,4,Toronto FC,Chicago Fire,1436.2656229435095,1415.842142870157,160.4234800733525,0.7157489772684302
3639,2021-10-03,2021,30,25,Vancouver Whitecaps,San Jose Earthquakes,1501.8584360048892,1492.0362169230439,149.82221908184533,0.7031714446983192
3640,2021-10-04,2021,14,13,Los Angeles Galaxy,Los Angeles FC,1442.3055624041929,1468.159037020553,114.14652538363998,0.6586041955768405
3641,2021-10-04,2021,26,6,Seattle Sounders,Colorado Rapids,1661.0205714298845,1614.6187046223074,186.4018668075771,0.7451699383699079
3642,2021-10-09,2021,19,12,New York Red Bulls,Inter Miami,1507.1899364064157,1436.649166788906,210.54076961750957,0.7706473488352299
3643,2021-10-10,2021,9,21,FC Cincinnati,Philadelphia Union,1301.2541292689737,1568.3447371906882,-127.09060792171454,0.3248453948875858
3644,2021-10-10,2021,15,6,Minnesota United,Colorado Rapids,1553.5942397288613,1604.4255021571037,89.16873757175767,0.6255789359652562
3645,2021-10-10,2021,26,30,Seattle Sounders,Vancouver Whitecaps,1671.2137738950883,1513.7315782169564,297.4821956781318,0.847153165504093
3646,2021-10-16,2021,2,21,CF Montreal,Philadelphia Union,1475.2588571787146,1581.3385529861916,33.92030419252296,0.5486607332080914
3647,2021-10-16,2021,7,12,Columbus Crew,Inter Miami,1487.3216281325444,1427.4750607423152,199.8465673902292,0.7595856725015531
3648,2021-10-16,2021,13,25,Los Angeles FC,San Jose Earthquakes,1474.5032048436265,1480.1630747109766,134.34013013264985,0.6842394924133636
3649,2021-10-17,2021,1,15,Austin FC,Minnesota United,1374.3459171494908,1528.571082290251,-14.225165140760282,0.47953977334232656
3650,2021-10-17,2021,8,16,DC United,Nashville SC,1497.6317527818871,1599.4089392790943,38.22281350279286,0.5547862008354008
3651,2021-10-17,2021,9,20,FC Cincinnati,Orlando City,1288.2603134734702,1514.8661970461399,-86.60588357266965,0.3778830030199894
3652,2021-10-17,2021,11,26,Houston Dynamo,Seattle Sounders,1387.1314247361106,1677.3276472749246,-150.19622253881403,0.29637938800841584
3653,2021-10-17,2021,14,22,Los Angeles Galaxy,Portland Timbers,1435.9613945811193,1613.9535997495914,-37.99220516847208,0.44554171054238983
3654,2021-10-17,2021,17,4,New England Revolution,Chicago Fire,1717.376587936849,1404.4721019608942,452.9044859759549,0.9313189059851349
3655,2021-10-17,2021,19,18,New York Red Bulls,New York City,1516.3640424530065,1532.151229344849,124.21281310815743,0.6715108641892465
3656,2021-10-17,2021,23,6,Real Salt Lake,Colorado Rapids,1483.279192663893,1629.448659595714,-6.1694669318210344,0.49112235645144175
3657,2021-10-17,2021,29,0,Toronto FC,Atlanta Utd,1447.6356638527723,1501.294776757475,86.34088709529738,0.6217583178993576
3658,2021-10-18,2021,30,27,Vancouver Whitecaps,Sporting Kansas City,1507.61770483712,1604.1555146049013,43.462190232218745,0.5622228912863182
3659,2021-10-21,2021,0,18,Atlanta Utd,New York City,1526.165109473449,1519.011663912419,147.15344556103014,0.6999549457047727
3660,2021-10-21,2021,6,26,Colorado Rapids,Seattle Sounders,1609.0935538537717,1649.1828227952612,99.91073105851046,0.6399466042221766
3661,2021-10-21,2021,8,17,DC United,New England Revolution,1495.4403047484711,1700.1238316974436,-64.68352694897249,0.40797370863311383
3662,2021-10-21,2021,9,4,FC Cincinnati,Chicago Fire,1273.1449933526706,1421.7248582002996,-8.579864847629096,0.487655091288883
3663,2021-10-21,2021,10,13,FC Dallas,Los Angeles FC,1442.6126837436711,1487.1336251470918,95.4790585965793,0.6340478047349195
3664,2021-10-21,2021,11,14,Houston Dynamo,Los Angeles Galaxy,1415.276249215774,1458.1397261594236,97.13652305635037,0.6362588004350761
3665,2021-10-21,2021,12,29,Inter Miami,Toronto FC,1417.8584876423774,1422.765331136798,135.09315650557937,0.6851752954459855
3666,2021-10-21,2021,15,21,Minnesota United,Philadelphia Union,1547.7526732239442,1583.2849823145152,104.46769090942894,0.645968390389849
3667,2021-10-21,2021,16,7,Nashville SC,Columbus Crew,1601.6003873125103,1496.9382012324822,244.66218608002805,0.8035116838020795
3668,2021-10-21,2021,20,2,Orlando City,CF Montreal,1529.9815171669395,1473.312427850391,196.66908931654848,0.7562296088839362
3669,2021-10-21,2021,22,30,Portland Timbers,Vancouver Whitecaps,1591.775268171287,1525.1287891856673,206.64647898561975,0.7666610652878861
3670,2021-10-21,2021,25,1,San Jose Earthquakes,Austin FC,1467.5326544075112,1355.1643262157977,252.36832819171354,0.8104211282207788
3671,2021-10-23,2021,7,19,Columbus Crew,New York Red Bulls,1509.0786685845653,1529.5036078854366,119.5750606991287,0.6655951861736982
3672,2021-10-23,2021,26,27,Seattle Sounders,Sporting Kansas City,1654.7806869641483,1586.644430256354,208.13625670779425,0.7681917054555368
3673,2021-10-24,2021,1,11,Austin FC,Houston Dynamo,1347.581171344629,1389.825897198371,97.75527414625799,0.637082723741295
3674,2021-10-24,2021,4,23,Chicago Fire,Real Salt Lake,1441.231061851855,1503.6342984058351,77.59676344601985,0.6098502693905387
3675,2021-10-24,2021,6,22,Colorado Rapids,Portland Timbers,1603.4956896848846,1561.1088255597715,182.3868641251131,0.7407563078478211
3676,2021-10-24,2021,12,9,Inter Miami,FC Cincinnati,1430.451475824538,1253.6387897011152,316.81268612342274,0.8610119494636713
3677,2021-10-24,2021,14,10,Los Angeles Galaxy,FC Dallas,1483.5900781768266,1417.2507715542743,206.33930662255239,0.7663445948357311
3678,2021-10-24,2021,15,13,Minnesota United,Los Angeles FC,1561.9139376083501,1512.4955373364887,189.4184002718614,0.7484532641786669
3679,2021-10-24,2021,18,8,New York City,DC United,1527.00986174061,1479.1213564031466,187.88850533746336,0.7467915773654098
3680,2021-10-24,2021,21,16,Philadelphia Union,Nashville SC,1569.1237179301093,1589.4599199604272,119.66379796968204,0.6657088723637926
3681,2021-10-24,2021,25,30,San Jose Earthquakes,Vancouver Whitecaps,1475.11580927868,1555.7952317971829,59.32057748149714,0.5845491847965081
3682,2021-10-24,2021,29,2,Toronto FC,CF Montreal,1410.1723429546375,1483.5616122057486,66.61073074888895,0.5947030481006574
3683,2021-10-25,2021,20,17,Orlando City,New England Revolution,1519.732332811582,1716.4427800427682,-56.71044723118621,0.41910425902051246
3684,2021-10-27,2021,13,26,Los Angeles FC,Seattle Sounders,1522.4336679036353,1624.053018745927,38.380649157708376,0.5550106063026737
3685,2021-10-28,2021,0,12,Atlanta Utd,Inter Miami,1518.166911645258,1436.0109978459911,222.15591379926695,0.7822509320322085
3686,2021-10-28,2021,7,20,Columbus Crew,Orlando City,1482.4548611376174,1522.9681624507614,99.48669868685602,0.6393839863487951
3687,2021-10-28,2021,8,19,DC United,New York Red Bulls,1468.993019497763,1556.1274153323845,52.8656041653785,0.5754979620007986
3688,2021-10-28,2021,9,16,FC Cincinnati,Nashville SC,1248.079267679662,1576.0882748549789,-188.0090071753168,0.2530772773835283
3689,2021-10-28,2021,10,23,FC Dallas,Real Salt Lake,1427.9045553477035,1488.0283091814567,79.8762461662468,0.6129678289338807
3690,2021-10-28,2021,17,6,New England Revolution,Colorado Rapids,1713.2069504035887,1613.8654373709717,239.34151303261706,0.7986310859092499
3691,2021-10-28,2021,18,4,New York City,Chicago Fire,1537.1381986459935,1456.8370510762334,220.30114756976013,0.7804268100248367
3692,2021-10-28,2021,22,25,Portland Timbers,San Jose Earthquakes,1550.7390778736844,1471.7338418868196,219.00523598686482,0.7791458074138593
3693,2021-10-28,2021,27,14,Sporting Kansas City,Los Angeles Galaxy,1617.3720984745755,1472.9362943833974,284.43580409117817,0.8371732254399752
3694,2021-10-28,2021,29,21,Toronto FC,Philadelphia Union,1406.3842210306113,1582.4953630355576,-36.11114200494626,0.448218216738803
3695,2021-10-28,2021,30,15,Vancouver Whitecaps,Minnesota United,1559.1771991890432,1551.9758070412036,147.20139214783967,0.7000129080544804
3696,2021-10-30,2021,0,29,Atlanta Utd,Toronto FC,1526.8768743639698,1408.4554923610592,258.4213820029106,0.815716728396953
3697,2021-10-30,2021,12,18,Inter Miami,New York City,1427.3010351272794,1545.921126245,21.379908882279324,0.530729384114813
3698,2021-10-30,2021,19,2,New York Red Bulls,CF Montreal,1539.1473338124165,1487.3497341297748,191.7975996826417,0.751022996325005
3699,2021-10-30,2021,23,25,Real Salt Lake,San Jose Earthquakes,1512.547022338812,1462.899674183374,189.64734815543807,0.7487013108804979
3700,2021-10-31,2021,8,7,DC United,Columbus Crew,1485.973101017731,1496.8795016836657,129.0935993340654,0.6776782819004534
3701,2021-10-31,2021,10,1,FC Dallas,Austin FC,1403.3858421903483,1362.0978623949773,181.28797979537103,0.739539696967126
3702,2021-10-31,2021,11,6,Houston Dynamo,Colorado Rapids,1375.3092061480227,1605.8106808073417,-90.501474659319,0.3726258251968402
3703,2021-10-31,2021,15,27,Minnesota United,Sporting Kansas City,1539.9763233633828,1623.8851694569764,56.09115390640636,0.580027586188511
3704,2021-10-31,2021,20,16,Orlando City,Nashville SC,1508.543521904713,1586.21136595032,62.3321559543931,0.5887529997937149
3705,2021-10-31,2021,21,9,Philadelphia Union,FC Cincinnati,1580.4240917051097,1237.956176584321,482.4679151207888,0.9414372337375879
3706,2021-11-02,2021,26,14,Seattle Sounders,Los Angeles Galaxy,1606.253442998034,1466.4232234009964,279.8302195970375,0.8335268986296879
3707,2021-11-03,2021,2,11,CF Montreal,Houston Dynamo,1477.390653982775,1360.4041731401492,256.9864808426257,0.8144718282276089
3708,2021-11-03,2021,13,30,Los Angeles FC,Vancouver Whitecaps,1540.2332436515283,1571.176682866864,109.05656078466427,0.6519859200033085
3709,2021-11-03,2021,19,0,New York Red Bulls,Atlanta Utd,1549.1064139594164,1514.2482052280916,174.8582087313248,0.7323473297207309
3710,2021-11-04,2021,1,27,Austin FC,Sporting Kansas City,1351.6794502736623,1607.0862729045168,-115.40682263085455,0.3397664707947926
3711,2021-11-04,2021,23,22,Real Salt Lake,Portland Timbers,1482.598969903592,1559.5732455771301,63.02572432646184,0.5897193319098513
3712,2021-11-07,2021,2,20,CF Montreal,Orlando City,1484.8117808536706,1504.9934019129646,119.818378940706,0.6659068685665318
3713,2021-11-07,2021,6,13,Colorado Rapids,Los Angeles FC,1620.7157138152152,1534.153806851396,226.56190696381918,0.7865401773113293
3714,2021-11-07,2021,7,4,Columbus Crew,Chicago Fire,1523.986632959684,1448.0541234772268,215.93250948245714,0.7760870694791984
3715,2021-11-07,2021,9,0,FC Cincinnati,Atlanta Utd,1235.6136659338244,1523.542098416921,-147.92843248309646,0.299108961985989
3716,2021-11-07,2021,14,15,Los Angeles Galaxy,Minnesota United,1479.7642993461839,1556.7752199158424,62.98907943034146,0.5896682927133189
3717,2021-11-07,2021,16,19,Nashville SC,New York Red Bulls,1589.7614859420685,1539.812520770587,189.9489651714814,0.7490278406284975
3718,2021-11-07,2021,17,12,New England Revolution,Inter Miami,1721.2617069672187,1406.071859762687,455.1898472045318,0.932155630733436
3719,2021-11-07,2021,18,21,New York City,Philadelphia Union,1567.1503016095926,1582.7666023556062,124.38369925398638,0.6717278160130001
3720,2021-11-07,2021,22,1,Portland Timbers,Austin FC,1583.1620188535242,1378.0887914418706,345.07322741165353,0.8793618785240787
3721,2021-11-07,2021,25,10,San Jose Earthquakes,FC Dallas,1492.847726618594,1413.8042543116633,219.04347230693065,0.7791836803946118
3722,2021-11-07,2021,27,23,Sporting Kansas City,Real Salt Lake,1580.6769317363085,1459.010196627198,261.6667351091105,0.8185084774247051
3723,2021-11-07,2021,29,8,Toronto FC,DC United,1421.0841614969374,1458.865969741713,102.21819175522455,0.6430014390454326
3724,2021-11-07,2021,30,26,Vancouver Whitecaps,Seattle Sounders,1577.2561196669963,1592.9123670528465,124.34375261414971,0.6716771075418585
3725,2021-11-20,2021,21,19,Philadelphia Union,New York Red Bulls,1589.6357149961261,1549.773634395727,179.86208060039917,0.7379555340248798
3726,2021-11-20,2021,27,30,Sporting Kansas City,Vancouver Whitecaps,1547.9365926393202,1570.389035365322,117.54755727399834,0.6629924195941954
3727,2021-11-21,2021,18,0,New York City,Atlanta Utd,1560.2811889690727,1535.5064568963605,164.77473207271214,0.7208173610829992
3728,2021-11-21,2021,22,15,Portland Timbers,Minnesota United,1587.987543712561,1560.3619516243753,167.62559208818584,0.7241078813581845
3729,2021-11-24,2021,16,20,Nashville SC,Orlando City,1579.8003723169286,1531.6296766556259,188.17069566130272,0.7470986217846745
3730,2021-11-24,2021,26,23,Seattle Sounders,Real Salt Lake,1599.779451354521,1491.7505357241862,248.02891563033472,0.8065534947688314
3731,2021-11-25,2021,6,22,Colorado Rapids,Portland Timbers,1629.254106722762,1599.0232284582337,170.2308782645282,0.7270938715243801
3732,2021-11-28,2021,21,16,Philadelphia Union,Nashville SC,1580.117493635131,1589.9164274455416,130.20106618958948,0.6790692156629953
3733,2021-11-28,2021,27,23,Sporting Kansas City,Real Salt Lake,1561.4168958555524,1504.0126755149395,197.40422034061294,0.7570088713922508
3734,2021-12-01,2021,17,18,New England Revolution,New York City,1683.9754817378814,1571.4484945257527,252.5269872121287,0.8105614089499443
3735,2021-12-04,2021,22,23,Portland Timbers,Real Salt Lake,1628.106983319209,1534.2930303706296,233.8139529485793,0.7934652893163097
3736,2021-12-05,2021,21,18,Philadelphia Union,New York City,1572.9547250086111,1583.8709508837505,129.0837741248606,0.6776659276897214
3737,2021-12-11,2021,22,18,Portland Timbers,New York City,1636.3683717465565,1610.9775879913393,165.39078375521717,0.721530453934193
3738,2022-02-26,2022,1,9,Austin FC,FC Cincinnati,1373.2632665828337,1223.6493074543848,289.61395912844887,0.8411957343304141
3739,2022-02-26,2022,7,30,Columbus Crew,Vancouver Whitecaps,1532.9431501805159,1556.9087321490897,116.03441803142618,0.6610434857898603
3740,2022-02-26,2022,8,3,DC United,Charlotte,1484.5860273035303,1500.0,124.58602730353027,0.6719845907574561
3741,2022-02-26,2022,10,29,FC Dallas,Toronto FC,1424.9716015274478,1395.36410393512,169.60749759232772,0.7263812377594991
3742,2022-02-26,2022,12,4,Inter Miami,Chicago Fire,1443.3580849920243,1439.0976062563948,144.26047873562948,0.6964458581018517
3743,2022-02-26,2022,13,6,Los Angeles FC,Colorado Rapids,1525.6154139438493,1600.1703518617867,65.44506208206258,0.5930846745939694
3744,2022-02-26,2022,21,15,Philadelphia Union,Minnesota United,1545.8480879010224,1549.3262668787027,136.52182102231973,0.6869465995611965
3745,2022-02-26,2022,25,19,San Jose Earthquakes,New York Red Bulls,1481.6803794028094,1559.291855756722,62.38852364608738,0.5888315612116264
3746,2022-02-27,2022,0,27,Atlanta Utd,Sporting Kansas City,1524.3391513396805,1531.1365409998623,133.2026103398182,0.6828230356883804
3747,2022-02-27,2022,20,2,Orlando City,CF Montreal,1521.513621527013,1458.1755061110093,203.33811541600357,0.7632368780674599
3748,2022-02-27,2022,22,17,Portland Timbers,New England Revolution,1627.5071535891886,1671.5530253798836,95.95412820930505,0.6346821122590585
3749,2022-02-28,2022,11,23,Houston Dynamo,Real Salt Lake,1352.9830462692535,1526.031641943282,-33.04859567402855,0.45258217521823707
3750,2022-02-28,2022,26,16,Seattle Sounders,Nashville SC,1587.5173115637676,1597.0791960720614,130.43811549170618,0.6793665284746073
3751,2022-03-05,2022,2,21,CF Montreal,Philadelphia Union,1448.7049812337077,1538.3702239185745,50.334757315133174,0.5719349655491323
3752,2022-03-05,2022,4,20,Chicago Fire,Orlando City,1446.9554405804688,1530.9841464043145,55.97129417615429,0.5798595037382269
3753,2022-03-05,2022,6,0,Colorado Rapids,Atlanta Utd,1583.8937388455454,1537.0262299121453,186.86750893340013,0.745678599294609
3754,2022-03-05,2022,9,8,FC Cincinnati,DC United,1217.2971368276014,1497.706643673232,-140.40950684563063,0.3082609566427838
3755,2022-03-05,2022,15,16,Minnesota United,Nashville SC,1556.8041308611505,1624.2538572110457,72.55027365010483,0.6029166962386359
3756,2022-03-05,2022,17,10,New England Revolution,FC Dallas,1676.940309870246,1415.9163520170678,401.0239578531782,0.9095768743068581
3757,2022-03-05,2022,23,26,Real Salt Lake,Seattle Sounders,1524.1349289520115,1560.3426504247834,103.79227852722806,0.6450787304879619
3758,2022-03-05,2022,25,7,San Jose Earthquakes,Columbus Crew,1458.1271169543443,1546.5014107489214,51.62570620542283,0.5737533556252282
3759,2022-03-05,2022,27,11,Sporting Kansas City,Houston Dynamo,1518.4494624273975,1354.879759260524,303.5697031668735,0.8516356451019487
3760,2022-03-05,2022,29,19,Toronto FC,New York Red Bulls,1404.4193534455,1582.8451182051872,-38.42576475968713,0.4449252539581926
3761,2022-03-05,2022,30,18,Vancouver Whitecaps,New York City,1543.3504715806841,1619.8388061487071,63.51166543197701,0.5903959700723347
3762,2022-03-06,2022,1,12,Austin FC,Inter Miami,1379.615437209617,1435.5002506679502,84.11518654166684,0.6187405523646256
3763,2022-03-06,2022,3,14,Charlotte,Los Angeles Galaxy,1486.8793836302982,1476.177567637651,150.7018159926472,0.7042271891979445
3764,2022-03-07,2022,13,22,Los Angeles FC,Portland Timbers,1541.8920269600906,1622.1198690988263,59.772157861264304,0.5851803393947786
3765,2022-03-12,2022,7,29,Columbus Crew,Toronto FC,1549.4515449739306,1386.6223432871723,302.8292016867583,0.8510962390336915
3766,2022-03-12,2022,11,30,Houston Dynamo,Vancouver Whitecaps,1348.945185064602,1539.7346327777907,-50.78944771318879,0.427424347508337
3767,2022-03-12,2022,12,13,Inter Miami,Los Angeles FC,1420.2498727625352,1538.4848133842995,21.76505937823572,0.5312815287891954
3768,2022-03-12,2022,18,2,New York City,CF Montreal,1623.4546449516006,1425.8275826117424,337.6270623398582,0.8747402716882894
3769,2022-03-12,2022,26,14,Seattle Sounders,Los Angeles Galaxy,1546.1457996443019,1504.3466552055688,181.79914443873304,0.7401060838939884
3770,2022-03-13,2022,0,3,Atlanta Utd,Charlotte,1526.8533738839296,1458.7102960623804,208.14307782154924,0.768198697513205
3771,2022-03-13,2022,6,27,Colorado Rapids,Sporting Kansas City,1594.066594873761,1524.3840366233196,209.6825582504414,0.769772990209349
3772,2022-03-13,2022,8,4,DC United,Chicago Fire,1510.0370819389434,1443.7610604309398,206.27602150800362,0.766279357031541
3773,2022-03-13,2022,10,16,FC Dallas,Nashville SC,1412.299426989342,1628.370525060591,-76.07109807124903,0.3922413656733436
3774,2022-03-13,2022,17,23,New England Revolution,Real Salt Lake,1680.5572348979717,1538.331779732493,282.2254551654787,0.8354313424250819
3775,2022-03-13,2022,19,15,New York Red Bulls,Minnesota United,1600.642128363515,1552.6874630116051,187.95466535190985,0.7468635865718696
3776,2022-03-13,2022,20,9,Orlando City,FC Cincinnati,1534.1785265538435,1204.96669856189,469.21182799195344,0.9370856495434271
3777,2022-03-13,2022,21,25,Philadelphia Union,San Jose Earthquakes,1561.2476225405399,1455.1769827293351,246.07063981120473,0.8047885854380045
3778,2022-03-13,2022,22,1,Portland Timbers,Austin FC,1625.5270826746173,1394.865815115032,370.6612675595852,0.8941355395571315
3779,2022-03-19,2022,0,2,Atlanta Utd,CF Montreal,1536.1254259834013,1420.817193479274,255.30823250412732,0.8130075760446941
3780,2022-03-19,2022,3,17,Charlotte,New England Revolution,1449.4382439629087,1647.1399812009686,-57.70173723805988,0.4177156656658649
3781,2022-03-19,2022,4,27,Chicago Fire,Sporting Kansas City,1474.4122347122013,1515.1749562316936,99.23727848050771,0.6390528697580415
3782,2022-03-19,2022,9,12,FC Cincinnati,Inter Miami,1242.4501245436272,1398.9986116109674,-16.548487067340147,0.4762028058635758
3783,2022-03-19,2022,14,20,Los Angeles Galaxy,Orlando City,1493.9508985613284,1496.6951005721064,137.25579798922195,0.6878544953172893
3784,2022-03-19,2022,18,21,New York City,Philadelphia Union,1628.465034084069,1569.0560791230196,199.4089549610494,0.7591253456444128
3785,2022-03-19,2022,29,8,Toronto FC,DC United,1380.66619284852,1479.3859076576819,41.280285190838185,0.5591291289641751
3786,2022-03-20,2022,1,26,Austin FC,Seattle Sounders,1390.6312366973173,1556.5415562885423,-25.91031959122506,0.4627810257222228
3787,2022-03-20,2022,10,22,FC Dallas,Portland Timbers,1436.6097723624082,1629.7616610923321,-53.15188872992394,0.424099484996613
3788,2022-03-20,2022,11,6,Houston Dynamo,Colorado Rapids,1371.8482111642684,1603.275675265387,-91.42746410111863,0.37138054946356147
3789,2022-03-20,2022,15,25,Minnesota United,San Jose Earthquakes,1582.5620064744799,1447.3685261468554,275.19348032762446,0.8297901872567108
3790,2022-03-20,2022,19,7,New York Red Bulls,Columbus Crew,1570.7675849006403,1555.4076954125828,155.35988948805743,0.7097815670142336
3791,2022-03-20,2022,23,16,Real Salt Lake,Nashville SC,1571.7490334294962,1604.0601796875249,107.68885374197134,0.6501973680566591
3792,2022-03-21,2022,13,30,Los Angeles FC,Vancouver Whitecaps,1559.7360745358674,1516.8316066781242,182.90446785774316,0.7413280825061268
3793,2022-03-26,2022,3,9,Charlotte,FC Cincinnati,1472.729617336274,1263.4020123090843,349.32760502718975,0.8819358645404839
3794,2022-03-26,2022,27,23,Sporting Kansas City,Real Salt Lake,1500.7370710220152,1585.7411387072298,54.99593231478548,0.5784910427447548
3795,2022-03-27,2022,22,20,Portland Timbers,Orlando City,1606.7256404921966,1524.209280384798,222.51636010739867,0.7826041511902645
3796,2022-04-02,2022,4,10,Chicago Fire,FC Dallas,1488.8501199218797,1459.6457929625437,169.20432695933596,0.7259197256292468
3797,2022-04-02,2022,7,16,Columbus Crew,Nashville SC,1563.7989580931521,1590.0680744097913,113.73088368336084,0.6580660223197555
3798,2022-04-02,2022,9,2,FC Cincinnati,CF Montreal,1258.6794468907037,1433.3374965210617,-34.65804963035794,0.45028784048952986
3799,2022-04-02,2022,29,18,Toronto FC,New York City,1398.3010276899531,1598.1000202582925,-59.79899256833937,0.41478216365905085
3800,2022-04-03,2022,6,23,Colorado Rapids,Real Salt Lake,1598.1308972439294,1568.8807804170199,169.25011682690956,0.7259721659813725
3801,2022-04-03,2022,8,0,DC United,Atlanta Utd,1461.7510728162488,1523.6051229416137,78.14594987463511,0.6106022019128121
3802,2022-04-03,2022,12,11,Inter Miami,Houston Dynamo,1378.0467238455103,1376.992989185726,141.05373465978437,0.69252926111108
3803,2022-04-03,2022,15,26,Minnesota United,Seattle Sounders,1589.3703989842115,1555.0527973174312,174.31760166678032,0.7317368940813493
3804,2022-04-03,2022,17,19,New England Revolution,New York Red Bulls,1623.8486078276032,1562.376322220071,201.47228560753229,0.761290502837231
3805,2022-04-03,2022,20,13,Orlando City,Los Angeles FC,1535.5134464324085,1570.0829512356222,105.4304951967863,0.6472348597961746
3806,2022-04-03,2022,21,3,Philadelphia Union,Charlotte,1599.421092948796,1477.4521827546546,261.9689101941415,0.8187667350897172
3807,2022-04-03,2022,22,14,Portland Timbers,Los Angeles Galaxy,1595.421474444586,1466.4367187486368,268.98475569594916,0.8246826263355324
3808,2022-04-03,2022,25,1,San Jose Earthquakes,Austin FC,1440.5601336371237,1392.1199956684284,188.44013796869535,0.7473915654528898
3809,2022-04-03,2022,30,27,Vancouver Whitecaps,Sporting Kansas City,1506.4847299783694,1517.5974293122251,128.88730066614426,0.6774188300014788
3810,2022-04-09,2022,12,17,Inter Miami,New England Revolution,1350.345553401067,1593.396987714114,-103.05143431304691,0.3558982715420701
3811,2022-04-09,2022,19,2,New York Red Bulls,CF Montreal,1592.8279423335603,1451.3490101406428,281.47893219291745,0.8348396683162442
3812,2022-04-09,2022,20,4,Orlando City,Chicago Fire,1509.6240520405615,1479.8133308967099,169.81072114385165,0.7266136854185351
3813,2022-04-09,2022,21,7,Philadelphia Union,Columbus Crew,1606.6704235452073,1537.4763172003618,209.19410634484552,0.7692743058888099
3814,2022-04-10,2022,3,0,Charlotte,Atlanta Utd,1470.2028521582433,1548.0292110181263,62.17364114011707,0.5885320484879273
3815,2022-04-10,2022,10,6,FC Dallas,Colorado Rapids,1468.6825819877135,1589.0920106046744,19.590571383039105,0.5281632573928164
3816,2022-04-10,2022,11,25,Houston Dynamo,San Jose Earthquakes,1404.6941596301692,1430.664471019008,114.02968861116119,0.6584529564245329
3817,2022-04-10,2022,14,13,Los Angeles Galaxy,Los Angeles FC,1499.4240238020582,1595.9723456274692,43.451678174589006,0.5622079974478809
3818,2022-04-10,2022,23,29,Real Salt Lake,Toronto FC,1577.9196670562749,1421.7097411435911,296.20992591268373,0.8462024360870835
3819,2022-04-10,2022,27,16,Sporting Kansas City,Nashville SC,1504.6941825122842,1616.3907153025816,28.303467209702603,0.5406420979470286
3820,2022-04-10,2022,30,22,Vancouver Whitecaps,Portland Timbers,1519.3879767783103,1562.4341693911647,96.95380738714562,0.6360153447091924
3821,2022-04-11,2022,1,15,Austin FC,Minnesota United,1402.015658286544,1560.1009232209576,-18.085264934413544,0.473996693326771
3822,2022-04-16,2022,0,9,Atlanta Utd,FC Cincinnati,1531.5704929576434,1240.6679332711226,430.9025596865208,0.9227616253664961
3823,2022-04-16,2022,2,30,CF Montreal,Vancouver Whitecaps,1484.7425968732925,1493.9473629899426,130.79523388334997,0.6798141599910905
3824,2022-04-16,2022,11,22,Houston Dynamo,Portland Timbers,1418.356041373188,1587.8747831795324,-29.51874180634445,0.4576210375590881
3825,2022-04-16,2022,25,16,San Jose Earthquakes,Nashville SC,1417.0025892759893,1638.0163992204627,-81.01380994447345,0.3854798072980493
3826,2022-04-17,2022,4,14,Chicago Fire,Los Angeles Galaxy,1468.8778783134512,1516.9357039041429,91.94217440930834,0.629310898882378
3827,2022-04-17,2022,7,20,Columbus Crew,Orlando City,1528.2472894359141,1520.5595046238202,147.68778481209392,0.700600543389667
3828,2022-04-17,2022,8,1,DC United,Austin FC,1437.3269847397362,1423.0557905534733,154.27119418626285,0.7084889148477959
3829,2022-04-17,2022,13,27,Los Angeles FC,Sporting Kansas City,1578.4606655253845,1483.068498594403,235.39216693098138,0.7949501416020456
3830,2022-04-17,2022,15,6,Minnesota United,Colorado Rapids,1539.0607909540286,1570.218540900387,108.84225005364146,0.6517059470811442
3831,2022-04-17,2022,17,3,New England Revolution,Charlotte,1567.6329185757968,1486.6615702187262,220.9713483570706,0.7810872022976283
3832,2022-04-17,2022,18,23,New York City,Real Salt Lake,1574.6913068046545,1564.0715696127916,150.6197371918629,0.7041287655091605
3833,2022-04-17,2022,19,10,New York Red Bulls,FC Dallas,1559.4343556009105,1487.556051692001,211.87830390890963,0.7720053929450913
3834,2022-04-17,2022,26,12,Seattle Sounders,Inter Miami,1584.3222730806851,1376.1096225393842,348.21265054130095,0.881265930189369
3835,2022-04-17,2022,29,21,Toronto FC,Philadelphia Union,1435.5578385870745,1615.899451309655,-40.34161272258052,0.4422032599891042
3836,2022-04-23,2022,10,11,FC Dallas,Houston Dynamo,1498.4362674098045,1420.0511998708243,218.38506753898014,0.7785308822037643
3837,2022-04-23,2022,15,4,Minnesota United,Chicago Fire,1552.9925530707828,1463.705442358156,229.28711071262683,0.7891621915042208
3838,2022-04-23,2022,21,2,Philadelphia Union,CF Montreal,1593.5875817092192,1497.550030473649,236.03755123557016,0.7955550607511492
3839,2022-04-24,2022,1,30,Austin FC,Vancouver Whitecaps,1451.395347147385,1481.139929389586,110.25541775779902,0.6535501517526173
3840,2022-04-24,2022,6,3,Colorado Rapids,Charlotte,1556.2867787836328,1477.9050583106314,218.38172047300145,0.778527560114317
3841,2022-04-24,2022,8,17,DC United,New England Revolution,1408.9874281458244,1576.3894304838916,-27.402002338067177,0.46064691175136957
3842,2022-04-24,2022,9,13,FC Cincinnati,Los Angeles FC,1257.5783982857824,1586.6626598613027,-189.08426157552026,0.2519090399677601
3843,2022-04-24,2022,14,16,Los Angeles Galaxy,Nashville SC,1522.108139859438,1633.4355915123847,28.672548347053407,0.5411696932696791
3844,2022-04-24,2022,18,29,New York City,Toronto FC,1586.526156184288,1457.8697081875102,268.65644799677784,0.8244092159493603
3845,2022-04-24,2022,20,19,Orlando City,New York Red Bulls,1548.583526359407,1548.554139883107,140.02938647630003,0.6912722553114761
3846,2022-04-24,2022,22,23,Portland Timbers,Real Salt Lake,1586.179624681896,1552.236720233158,173.9429044487381,0.7313132813237526
3847,2022-04-24,2022,25,26,San Jose Earthquakes,Seattle Sounders,1421.5833969840673,1549.0716358731104,12.511761110956968,0.5179980920616585
3848,2022-04-24,2022,27,7,Sporting Kansas City,Columbus Crew,1474.8665042584848,1500.2232677003274,114.64323655815747,0.6592468020530687
3849,2022-04-30,2022,2,0,CF Montreal,Atlanta Utd,1509.372232903695,1514.6600279429836,134.71220496071146,0.6847020655692546
3850,2022-04-30,2022,11,1,Houston Dynamo,Austin FC,1411.1924351589748,1465.2533410772803,85.93909408169452,0.6212142273327511
3851,2022-04-30,2022,23,14,Real Salt Lake,Los Angeles Galaxy,1561.489251486108,1540.461352128651,161.02789935745704,0.7164563209182234
3852,2022-04-30,2022,29,9,Toronto FC,FC Cincinnati,1450.8460768254847,1247.502036687072,343.34404013841277,0.8783019187050763
3853,2022-05-01,2022,4,19,Chicago Fire,New York Red Bulls,1455.2719300183248,1576.205030095566,19.06689992275892,0.5274119613713016
3854,2022-05-01,2022,6,22,Colorado Rapids,Portland Timbers,1545.1456763790602,1576.927093428946,108.2185829501143,0.6508906002076236
3855,2022-05-01,2022,7,8,Columbus Crew,DC United,1506.5931397824502,1430.5615516757696,216.0315881066806,0.7761861656548097
3856,2022-05-01,2022,16,21,Nashville SC,Philadelphia Union,1615.0823792431718,1581.7653792791732,173.31699996399857,0.7306047239014222
3857,2022-05-01,2022,17,12,New England Revolution,Inter Miami,1554.8153069539464,1411.360259746959,283.4550472069875,0.8364021718609781
3858,2022-05-01,2022,18,25,New York City,San Jose Earthquakes,1593.5497875463136,1440.863473301601,292.68631424471255,0.8435440813402204
3859,2022-05-01,2022,20,3,Orlando City,Charlotte,1520.932636146948,1489.046160715204,171.88647543174397,0.7289808716985963
3860,2022-05-01,2022,27,10,Sporting Kansas City,FC Dallas,1468.496632176362,1507.295032121654,101.20160005470802,0.6416569941255564
3861,2022-05-02,2022,13,15,Los Angeles FC,Minnesota United,1596.7390214600132,1561.426065410614,175.3129560493992,0.7328601323117642
3862,2022-05-05,2022,9,29,FC Cincinnati,Toronto FC,1282.634113435275,1415.7140000772818,6.920113357993159,0.5099575269329517
3863,2022-05-07,2022,0,4,Atlanta Utd,Chicago Fire,1502.0481105657536,1434.1754515634727,207.8726590022809,0.7679213889293318
3864,2022-05-07,2022,2,20,CF Montreal,Orlando City,1521.984150280925,1531.773401279004,130.21074900192093,0.6790813629221677
3865,2022-05-07,2022,3,12,Charlotte,Inter Miami,1478.205395583148,1404.816346621398,213.38904896174995,0.7735324769989731
3866,2022-05-08,2022,8,11,DC United,Houston Dynamo,1421.608998301962,1386.3438660656648,175.26513223629718,0.732806232463844
3867,2022-05-08,2022,10,26,FC Dallas,Seattle Sounders,1512.9613118866762,1529.7915595555767,123.16975233109952,0.6701850412435113
3868,2022-05-08,2022,13,21,Los Angeles FC,Philadelphia Union,1607.4246161675426,1590.98956823523,156.4350479323125,0.7110548149687078
3869,2022-05-08,2022,15,9,Minnesota United,FC Cincinnati,1550.7404707030846,1302.2358123579568,388.50465834512784,0.9034720514452895
3870,2022-05-08,2022,16,23,Nashville SC,Real Salt Lake,1605.858190287115,1572.8309986493791,173.02719163773577,0.7302762461059711
3871,2022-05-08,2022,17,7,New England Revolution,Columbus Crew,1561.3592200795074,1515.5456931562578,185.81352692324958,0.744526287565799
3872,2022-05-08,2022,18,27,New York City,Sporting Kansas City,1599.8080242927049,1462.8303524113398,276.97767188136504,0.8312358857350655
3873,2022-05-08,2022,19,22,New York Red Bulls,Portland Timbers,1597.301508550418,1562.9627174372508,174.3387911131672,0.7317608371015716
3874,2022-05-08,2022,25,6,San Jose Earthquakes,Colorado Rapids,1434.6052365552098,1559.1100523707553,15.495184184454502,0.5222845895048915
3875,2022-05-08,2022,30,29,Vancouver Whitecaps,Toronto FC,1467.2819354596909,1396.1123011546,211.169634305091,0.7712865632976293
3876,2022-05-09,2022,1,14,Austin FC,Los Angeles Galaxy,1490.1019101705904,1529.11960496538,100.98230520521042,0.6413666830500067
3877,2022-05-14,2022,6,13,Colorado Rapids,Los Angeles FC,1540.001435950951,1598.9824235687943,81.01901238215669,0.614527286827757
3878,2022-05-14,2022,29,20,Toronto FC,Orlando City,1386.963763686505,1518.9366557958908,8.027107890614161,0.5115498818620626
3879,2022-05-15,2022,0,17,Atlanta Utd,New England Revolution,1511.3312550085805,1551.5781685768754,99.75308643170501,0.6397374817768822
3880,2022-05-15,2022,3,2,Charlotte,CF Montreal,1487.264096503189,1534.8208957640381,92.44320073915083,0.6299834558497448
3881,2022-05-15,2022,4,9,Chicago Fire,FC Cincinnati,1424.892307120646,1338.3746944157683,226.5176127048776,0.7864973646798409
3882,2022-05-15,2022,11,16,Houston Dynamo,Nashville SC,1375.6561153642185,1616.647140442876,-100.99102507865746,0.35862177126175127
3883,2022-05-15,2022,12,8,Inter Miami,DC United,1395.757645701357,1432.2967490034082,103.46089669794878,0.6446418635151353
3884,2022-05-15,2022,14,10,Los Angeles Galaxy,FC Dallas,1554.7742722873802,1526.1539102369356,168.62036205044456,0.7252503985971769
3885,2022-05-15,2022,18,7,New York City,Columbus Crew,1586.5585888633022,1525.3267446588898,201.23184420441248,0.7610388846190198
3886,2022-05-15,2022,21,19,Philadelphia Union,New York Red Bulls,1599.4317608339784,1588.0310750663552,151.40068576762314,0.7050644595895357
3887,2022-05-15,2022,22,27,Portland Timbers,Sporting Kansas City,1572.2331509213136,1476.0797878407425,236.15336308057113,0.7956634708413127
3888,2022-05-15,2022,23,1,Real Salt Lake,Austin FC,1562.042048493618,1464.4472428485901,237.59480564502792,0.7970092129322424
3889,2022-05-15,2022,26,15,Seattle Sounders,Minnesota United,1516.5989612053172,1514.601588645273,141.99737256004414,0.693684702628018
3890,2022-05-15,2022,30,25,Vancouver Whitecaps,San Jose Earthquakes,1476.4304729277858,1453.713852975014,162.71661995277168,0.7184269591210272
3891,2022-05-19,2022,8,18,DC United,New York City,1438.0824235440136,1596.1170334785415,-18.034609934527907,0.4740693951148453
3892,2022-05-19,2022,11,26,Houston Dynamo,Seattle Sounders,1401.3112445137485,1528.8515731001964,12.459671413552087,0.517923225689302
3893,2022-05-19,2022,13,1,Los Angeles FC,Austin FC,1583.5635150419046,1456.3276113658799,267.2359036760247,0.823222337511054
3894,2022-05-19,2022,15,14,Minnesota United,Los Angeles Galaxy,1502.3489767503938,1525.7642563434931,116.58472040690071,0.6617529152781876
3895,2022-05-19,2022,16,2,Nashville SC,CF Montreal,1590.992011293346,1560.0202339980278,170.97177729531813,0.72793933997937
3896,2022-05-19,2022,19,4,New York Red Bulls,Chicago Fire,1596.2336534499366,1393.4324125334522,342.8012409164844,0.8779675421791102
3897,2022-05-19,2022,21,12,Philadelphia Union,Inter Miami,1591.229182450397,1389.9719711607515,341.2572112896455,0.8770120575259207
3898,2022-05-19,2022,25,22,San Jose Earthquakes,Portland Timbers,1462.4509313398553,1580.4066120876612,22.0443192521941,0.5316818227963713
3899,2022-05-19,2022,27,6,Sporting Kansas City,Colorado Rapids,1467.906326674395,1555.4203444778407,52.48598219655423,0.5749640101589124
3900,2022-05-19,2022,30,10,Vancouver Whitecaps,FC Dallas,1467.6933945629446,1555.1639261808227,52.52946838212188,0.5750251839261828
3901,2022-05-21,2022,7,13,Columbus Crew,Los Angeles FC,1515.7683000436505,1550.6346215414624,105.1336785021881,0.6468446476832856
3902,2022-05-21,2022,8,29,DC United,Toronto FC,1419.1196477394199,1366.5017684120226,192.6178793273973,0.7519048871608605
3903,2022-05-21,2022,9,17,FC Cincinnati,New England Revolution,1369.834589002962,1557.1676678479507,-47.33307884498868,0.4323005433816703
3904,2022-05-22,2022,2,23,CF Montreal,Real Salt Lake,1549.1378075972027,1570.1616799763283,118.97612762087442,0.6648273575802272
3905,2022-05-22,2022,3,30,Charlotte,Vancouver Whitecaps,1462.0647582691993,1484.6923872058974,117.3723710633019,0.6627670604405643
3906,2022-05-22,2022,12,19,Inter Miami,New York Red Bulls,1405.0524534617884,1581.114951762772,-36.062498300983634,0.4482874708388967
3907,2022-05-22,2022,16,0,Nashville SC,Atlanta Utd,1601.874437694171,1505.7417557375052,236.13268195666592,0.7956441146211841
3908,2022-05-22,2022,18,4,New York City,Chicago Fire,1615.0798092831353,1408.5511142206167,346.52869506251864,0.8802478703993168
3909,2022-05-23,2022,1,20,Austin FC,Orlando City,1489.256504866322,1539.3986510703733,89.85785379594881,0.6265076322343291
3910,2022-05-23,2022,6,26,Colorado Rapids,Seattle Sounders,1538.4189048841972,1549.5685021277686,128.8504027564286,0.6773724137458718
3911,2022-05-23,2022,10,15,FC Dallas,Minnesota United,1538.16493353787,1495.8788601392664,182.28607339860355,0.7406448731379973
3912,2022-05-23,2022,14,11,Los Angeles Galaxy,Houston Dynamo,1532.2343729546205,1380.5943154861764,291.6400574684442,0.8427475699980913
3913,2022-05-23,2022,22,21,Portland Timbers,Philadelphia Union,1561.673884999516,1576.1487001493601,125.52518485015594,0.67317512814849
3914,2022-05-23,2022,25,27,San Jose Earthquakes,Sporting Kansas City,1481.1836584280004,1484.9077662680384,136.27589215996204,0.6866420755909172
3915,2022-05-28,2022,13,25,Los Angeles FC,San Jose Earthquakes,1576.5084074487938,1473.7179754043636,242.7904320444302,0.8018050051240114
3916,2022-05-29,2022,0,7,Atlanta Utd,Columbus Crew,1517.5675203223525,1489.894514136319,167.6730061860335,0.724162404288794
3917,2022-05-29,2022,2,9,CF Montreal,FC Cincinnati,1522.5447132939937,1352.5425672676952,310.00214602629853,0.8562535806179671
3918,2022-05-29,2022,6,16,Colorado Rapids,Nashville SC,1551.3240083343624,1590.0486731093238,101.27533522503859,0.6417545843083631
3919,2022-05-29,2022,12,22,Inter Miami,Portland Timbers,1427.1209546282325,1534.7468798735765,32.37407475465602,0.5464556656122377
3920,2022-05-29,2022,14,1,Los Angeles Galaxy,Austin FC,1498.524470154697,1484.1961995769489,154.32827057774807,0.7085567680872805
3921,2022-05-29,2022,15,18,Minnesota United,New York City,1525.5046550647862,1619.8698944671626,45.634760597623654,0.5652986172434286
3922,2022-05-29,2022,17,21,New England Revolution,Philadelphia Union,1574.4596895832176,1603.0757052752997,111.3839843079179,0.6550196451115042
3923,2022-05-29,2022,19,8,New York Red Bulls,DC United,1559.046450596328,1409.0434522529854,290.0029983433426,0.8414946690798405
3924,2022-05-29,2022,20,10,Orlando City,FC Dallas,1544.4589563597465,1508.5391386123501,175.91981774739634,0.7335434956034658
3925,2022-05-29,2022,23,11,Real Salt Lake,Houston Dynamo,1596.7547742795373,1414.3042182861,322.4505559934373,0.8648504441461214
3926,2022-05-29,2022,27,30,Sporting Kansas City,Vancouver Whitecaps,1492.3734492916751,1471.20306962352,161.1703796681552,0.7166229086903757
3927,2022-05-29,2022,29,4,Toronto FC,Chicago Fire,1376.577963898457,1403.7610290365894,112.8169348618676,0.6568812098703798
3928,2022-05-30,2022,26,3,Seattle Sounders,Charlotte,1536.6633986776035,1475.5540758515767,201.10932282602676,0.7609105979284142
3929,2022-06-05,2022,30,23,Vancouver Whitecaps,Real Salt Lake,1499.8679859711349,1602.1607565136924,37.70722945744251,0.5540530054242598
3930,2022-06-11,2022,3,19,Charlotte,New York Red Bulls,1465.9904997687133,1565.3866638331344,40.6038359355789,0.5581690346422852
3931,2022-06-12,2022,16,25,Nashville SC,San Jose Earthquakes,1615.7188564816583,1465.790175609324,289.9286808723343,0.8414375994169044
3932,2022-06-12,2022,27,17,Sporting Kansas City,New England Revolution,1463.7085329440602,1568.2589037787575,35.44962916530267,0.5508398156795313
3933,2022-06-15,2022,26,30,Seattle Sounders,Vancouver Whitecaps,1546.2269747604669,1517.7058657541645,168.52110900630237,0.725136536163006
3934,2022-06-16,2022,17,20,New England Revolution,Orlando City,1590.2924964059387,1515.117216535608,215.17527987033077,0.775328674956852
3935,2022-06-18,2022,14,22,Los Angeles Galaxy,Portland Timbers,1510.1821994312056,1516.605106498066,133.5770929331395,0.6832897228359749
3936,2022-06-18,2022,26,13,Seattle Sounders,Los Angeles FC,1557.2215133139466,1584.4362072438335,112.78530607011317,0.6568401722618795
3937,2022-06-19,2022,0,12,Atlanta Utd,Inter Miami,1488.6010241508006,1445.262728003743,183.3382961470577,0.7418066810975797
3938,2022-06-19,2022,2,1,CF Montreal,Austin FC,1528.294570069275,1472.5384703004402,195.75609976883493,0.7552594555844934
3939,2022-06-19,2022,4,8,Chicago Fire,DC United,1390.0362774314046,1402.703239016179,127.3330384152257,0.6754606017660637
3940,2022-06-19,2022,7,3,Columbus Crew,Charlotte,1518.8610103078709,1483.6637383830218,175.19727192484902,0.7327297386145312
3941,2022-06-19,2022,10,30,FC Dallas,Vancouver Whitecaps,1537.8808784364887,1506.7113272006848,171.16955123580397,0.7281647498700704
3942,2022-06-19,2022,16,27,Nashville SC,Sporting Kansas City,1602.061352504982,1441.674940316879,300.3864121881031,0.8493053514131184
3943,2022-06-19,2022,17,15,New England Revolution,Minnesota United,1579.2793494076645,1502.892710375049,216.38663903261545,0.7765410231151388
3944,2022-06-19,2022,18,6,New York City,Colorado Rapids,1642.4818391568997,1525.6538249620278,256.8280141948719,0.8143339473397602
3945,2022-06-19,2022,19,29,New York Red Bulls,Toronto FC,1547.713425218826,1390.3027155036418,297.4107097151841,0.8470998741328085
3946,2022-06-19,2022,20,11,Orlando City,Houston Dynamo,1526.130363533882,1408.8982360519449,257.23212748193714,0.8146854075993158
3947,2022-06-19,2022,21,9,Philadelphia Union,FC Cincinnati,1609.2764910797598,1346.7927104924138,402.483780587346,0.9102656534550511
3948,2022-06-19,2022,23,25,Real Salt Lake,San Jose Earthquakes,1584.3228767306628,1479.4476795860003,244.87519714466248,0.8037052034810244
3949,2022-06-25,2022,8,16,DC United,Nashville SC,1389.7216630868215,1568.0891384484573,-38.3674753616358,0.44500812290424
3950,2022-06-25,2022,9,20,FC Cincinnati,Orlando City,1363.203336630616,1533.5429472299095,-30.339610599293565,0.4564484359332839
3951,2022-06-25,2022,26,27,Seattle Sounders,Sporting Kansas City,1550.9479064234715,1475.6471543734037,215.30075205006779,0.7754544661561076
3952,2022-06-26,2022,1,10,Austin FC,FC Dallas,1502.74884852382,1508.754288441686,133.99456008213406,0.6838095435578252
3953,2022-06-26,2022,2,3,CF Montreal,Charlotte,1498.0841918458955,1492.972927927603,145.11126391829248,0.6974802393492452
3954,2022-06-26,2022,11,4,Houston Dynamo,Chicago Fire,1401.4856523559174,1403.017853360762,138.46779899515536,0.6893505303245242
3955,2022-06-26,2022,12,15,Inter Miami,Minnesota United,1434.9349952476462,1493.9543512996547,80.98064394799144,0.6144749658839693
3956,2022-06-26,2022,13,19,Los Angeles FC,New York Red Bulls,1590.7098141343085,1553.8294302535137,176.88038388079485,0.7346228736643803
3957,2022-06-26,2022,21,18,Philadelphia Union,New York City,1592.8658649415577,1629.9084812633093,102.95738367824833,0.6439776113507578
3958,2022-06-26,2022,22,6,Portland Timbers,Colorado Rapids,1523.936695411505,1538.2271828556181,125.70951255588693,0.6734085328717727
3959,2022-06-26,2022,23,7,Real Salt Lake,Columbus Crew,1592.1746685914218,1509.5518207632897,222.62284782813208,0.7827084245534366
3960,2022-06-26,2022,29,0,Toronto FC,Atlanta Utd,1384.186710468954,1498.9287569068974,25.257953562056628,0.5362852167466221
3961,2022-06-27,2022,30,17,Vancouver Whitecaps,New England Revolution,1535.8379171954875,1588.217708483059,87.62020871242862,0.6234886729276204
3962,2022-06-30,2022,4,21,Chicago Fire,Philadelphia Union,1390.591874573743,1607.1067604875273,-76.51488591378416,0.39163253594083625
3963,2022-06-30,2022,9,18,FC Cincinnati,New York City,1384.9453991932846,1615.6675857173398,-90.72218652405513,0.37232885652923675
3964,2022-06-30,2022,13,10,Los Angeles FC,FC Dallas,1601.3248991877333,1516.1066701839989,225.21822900373445,0.7852386616763807
3965,2022-06-30,2022,14,15,Los Angeles Galaxy,Minnesota United,1502.8506105177667,1478.5333499350136,164.31726058275308,0.7202871048970891
3966,2022-06-30,2022,22,11,Portland Timbers,Houston Dynamo,1537.000354096634,1413.9116311429364,263.0887229536977,0.8197213016807599
3967,2022-06-30,2022,26,2,Seattle Sounders,CF Montreal,1559.9297277772273,1510.1849822719257,189.74474550530158,0.7488067838297131
3968,2022-06-30,2022,29,7,Toronto FC,Columbus Crew,1402.7353017990893,1520.8601577454272,21.875144053662098,0.531439330143297
3969,2022-07-01,2022,3,1,Charlotte,Austin FC,1480.8721375015728,1495.3964667815071,125.47567072006564,0.6731124163225372
3970,2022-07-01,2022,19,0,New York Red Bulls,Atlanta Utd,1543.214345200089,1480.3801655767622,202.8341796233267,0.7627122690328306
3971,2022-07-03,2022,18,0,New York City,Atlanta Utd,1610.5607399785092,1470.8886563380754,279.6720836404338,0.8334005467044029
3972,2022-07-03,2022,29,26,Toronto FC,Seattle Sounders,1381.4777285933574,1529.9774564240388,-8.499727830681422,0.48777034807958175
3973,2022-07-03,2022,30,13,Vancouver Whitecaps,Los Angeles FC,1530.8983702783828,1609.9153527206781,60.98301755770467,0.5868713216304836
3974,2022-07-04,2022,7,21,Columbus Crew,Philadelphia Union,1542.117730951159,1582.7720619251606,99.3456690259984,0.6391967793658145
3975,2022-07-04,2022,11,3,Houston Dynamo,Charlotte,1406.7004832101668,1453.9476408486712,92.7528423614956,0.6303988540348265
3976,2022-07-04,2022,15,23,Minnesota United,Real Salt Lake,1507.3448341308972,1580.8663316092843,66.47850252161288,0.5945195698202569
3977,2022-07-04,2022,16,22,Nashville SC,Portland Timbers,1585.8894633646269,1544.2115020294036,181.67796133522324,0.7399718814002629
3978,2022-07-04,2022,17,9,New England Revolution,FC Cincinnati,1593.1572554001636,1390.0522449321152,343.1050104680485,0.878154768413719
3979,2022-07-04,2022,25,4,San Jose Earthquakes,Chicago Fire,1471.5958877252413,1414.9265731361097,196.66931458913155,0.7562298479393169
3980,2022-07-04,2022,27,19,Sporting Kansas City,New York Red Bulls,1466.665333019648,1552.7058544387758,53.9594785808722,0.5770355461147615
3981,2022-07-05,2022,6,1,Colorado Rapids,Austin FC,1525.1635241704892,1522.3209634344087,142.8425607360805,0.6947175353775674
3982,2022-07-05,2022,10,12,FC Dallas,Inter Miami,1507.516216651054,1450.3559966122873,197.16022003876674,0.7567504108919467
3983,2022-07-05,2022,14,2,Los Angeles Galaxy,CF Montreal,1474.039126321883,1540.1372536251142,73.9018726967688,0.6047778947917759
3984,2022-07-05,2022,20,8,Orlando City,DC United,1511.8008846672408,1371.921338170652,279.8795464965888,0.8335662955319796
3985,2022-07-09,2022,13,14,Los Angeles FC,Los Angeles Galaxy,1593.3902055858975,1489.848010530212,243.54219505568562,0.802491805580561
3986,2022-07-09,2022,18,17,New York City,New England Revolution,1597.224718110333,1578.0310646636149,159.19365344671814,0.7143064488220304
3987,2022-07-09,2022,21,8,Philadelphia Union,DC United,1588.3399330997931,1405.263989991931,323.07594310786203,0.8652706767416647
3988,2022-07-09,2022,26,22,Seattle Sounders,Portland Timbers,1549.4882703472222,1553.8103772854142,135.67789306180794,0.685900925765506
3989,2022-07-09,2022,30,15,Vancouver Whitecaps,Minnesota United,1547.4235174131634,1523.564051338087,163.8594660750764,0.719755858080321
3990,2022-07-10,2022,0,1,Atlanta Utd,Austin FC,1484.2246782062516,1550.1096648495113,74.11501335674029,0.6050711213195156
3991,2022-07-10,2022,2,27,CF Montreal,Sporting Kansas City,1524.3283694167853,1443.5839111750574,220.7444582417279,0.7808637929429936
3992,2022-07-10,2022,3,16,Charlotte,Nashville SC,1479.1635950100642,1576.2905881086162,42.87300690144798,0.5613879441750464
3993,2022-07-10,2022,4,7,Chicago Fire,Columbus Crew,1405.1757670536824,1536.5498597765265,8.625907277155875,0.5124111284850117
3994,2022-07-10,2022,9,19,FC Cincinnati,New York Red Bulls,1405.178435668664,1575.7872762833663,-30.60884061470233,0.4560639484138554
3995,2022-07-10,2022,11,10,Houston Dynamo,FC Dallas,1381.4845290487738,1497.2462002153761,24.238328833397645,0.53482527986531
3996,2022-07-10,2022,20,12,Orlando City,Inter Miami,1478.4582328459617,1460.6260130479652,157.83221979799646,0.7127044397073452
3997,2022-07-10,2022,23,6,Real Salt Lake,Colorado Rapids,1564.6471144020945,1497.3748227553865,207.27229164670803,0.7673048982288574
3998,2022-07-10,2022,29,25,Toronto FC,San Jose Earthquakes,1361.966914670174,1481.3466938076685,20.620220862505448,0.5296400900360568
3999,2022-07-13,2022,1,11,Austin FC,Houston Dynamo,1574.312509702292,1380.0915178541613,334.22099184813055,0.8725761152042084
4000,2022-07-14,2022,0,23,Atlanta Utd,Real Salt Lake,1460.021833353471,1553.9549184729403,46.0669148805307,0.5659098304052751
4001,2022-07-14,2022,4,29,Chicago Fire,Toronto FC,1384.679321914282,1360.7813110687316,163.8980108455503,0.719800611037234
4002,2022-07-14,2022,6,20,Colorado Rapids,Orlando City,1508.0670186845407,1489.9500552576678,158.11696342687287,0.7130399428599263
4003,2022-07-14,2022,8,7,DC United,Columbus Crew,1399.8748170615977,1557.046304915927,-17.17148785432937,0.4753083438894885
4004,2022-07-14,2022,9,30,FC Cincinnati,Vancouver Whitecaps,1406.9358777321097,1518.6332830899505,28.302594642159193,0.5406408505178683
4005,2022-07-14,2022,10,18,FC Dallas,New York City,1498.6392114099885,1608.6524601574517,29.986751252536806,0.5430475669319431
4006,2022-07-14,2022,12,21,Inter Miami,Philadelphia Union,1449.134190636259,1593.7291060301266,-4.594915393867495,0.4933877706973066
4007,2022-07-14,2022,14,25,Los Angeles Galaxy,San Jose Earthquakes,1481.9476827534343,1482.532297409111,139.41538534432334,0.6905174361674965
4008,2022-07-14,2022,15,27,Minnesota United,Sporting Kansas City,1552.3542856612999,1474.8184628927772,217.53582276852262,0.7776868315941091
4009,2022-07-14,2022,16,26,Nashville SC,Seattle Sounders,1558.746105875618,1522.0522333166018,176.6938725590162,0.7344135114984899
4010,2022-07-17,2022,0,20,Atlanta Utd,Orlando City,1477.38544013726,1498.471652972065,118.91378716519512,0.664747387266454
4011,2022-07-17,2022,2,29,CF Montreal,Toronto FC,1493.0938176990655,1349.5733355102209,283.52048218884465,0.8364537069863129
4012,2022-07-17,2022,4,26,Chicago Fire,Seattle Sounders,1395.8872974727926,1511.4287737765414,24.458523696251177,0.5351406145069553
4013,2022-07-17,2022,6,14,Colorado Rapids,Los Angeles Galaxy,1499.5454209701436,1454.3269853067345,185.21843566340908,0.7438741652824122
4014,2022-07-17,2022,10,1,FC Dallas,Austin FC,1476.9173087327108,1579.4094650941236,37.50784363858725,0.5537694020349871
4015,2022-07-17,2022,12,3,Inter Miami,Charlotte,1429.3986798083668,1496.7080772430625,72.69060256530429,0.603110073620056
4016,2022-07-17,2022,15,8,Minnesota United,DC United,1541.2468123975355,1400.8624833060182,280.3843290915172,0.8339690315275089
4017,2022-07-17,2022,19,18,New York Red Bulls,New York City,1574.0298342199205,1630.3743628347295,83.65547138519105,0.6181160847078605
4018,2022-07-17,2022,21,17,Philadelphia Union,New England Revolution,1613.4646168580189,1566.6033226164961,186.86129424152273,0.7456718148593626
4019,2022-07-18,2022,7,9,Columbus Crew,FC Cincinnati,1556.0586386715065,1405.310243711395,290.74839496011145,0.8420661500651284
4020,2022-07-18,2022,16,13,Nashville SC,Los Angeles FC,1569.3695654156784,1601.2905333626752,108.07903205300317,0.6507080381616033
4021,2022-07-18,2022,22,30,Portland Timbers,Vancouver Whitecaps,1581.2464143160346,1520.2589171106652,200.98749720536944,0.7607829929135796
4022,2022-07-18,2022,23,27,Real Salt Lake,Sporting Kansas City,1536.5913116891513,1485.9259361565416,190.6653755326097,0.7498022929071988
4023,2022-07-18,2022,25,11,San Jose Earthquakes,Houston Dynamo,1510.1529948558107,1374.9945624623297,275.158432393481,0.8297616902066184
4024,2022-07-24,2022,7,17,Columbus Crew,New England Revolution,1562.3759926689013,1556.4301952108706,145.9457974580307,0.6984929199723371
4025,2022-07-24,2022,8,2,DC United,CF Montreal,1394.2212445671187,1499.6356694196131,34.58557514750555,0.549608889222875
4026,2022-07-24,2022,9,16,FC Cincinnati,Nashville SC,1398.9928897140003,1543.3412438892142,-4.348354175213899,0.4937425420289197
4027,2022-07-24,2022,11,15,Houston Dynamo,Minnesota United,1408.1850300705944,1547.888051136435,0.2969789341593696,0.5004273869376169
4028,2022-07-24,2022,18,12,New York City,Inter Miami,1655.099006223044,1445.2742768635644,349.82472935947953,0.8822335111927895
4029,2022-07-24,2022,20,21,Orlando City,Philadelphia Union,1505.061548462723,1623.6377442636444,21.42380419907863,0.5307923154585229
4030,2022-07-24,2022,22,25,Portland Timbers,San Jose Earthquakes,1570.8150945994914,1476.962527247546,233.85256735194548,0.7935017141585163
4031,2022-07-24,2022,23,10,Real Salt Lake,FC Dallas,1546.5992199728635,1474.7665326513113,211.83268732155216,0.7719591703402268
4032,2022-07-24,2022,26,6,Seattle Sounders,Colorado Rapids,1492.8343983568197,1509.790454358847,123.04394399797275,0.6700249440584569
4033,2022-07-24,2022,27,13,Sporting Kansas City,Los Angeles FC,1475.9180278728295,1627.3188548891394,-11.400827016309904,0.4835987774150587
4034,2022-07-24,2022,29,3,Toronto FC,Charlotte,1343.0314837896733,1480.8324801878648,2.1990036018084993,0.5031645783137919
4035,2022-07-24,2022,30,4,Vancouver Whitecaps,Chicago Fire,1530.6902368272083,1414.4816728925143,256.208563934694,0.8137942083660435
4036,2022-07-25,2022,1,19,Austin FC,New York Red Bulls,1581.560241175523,1549.305190831606,172.255050343917,0.7293998450895458
4037,2022-07-25,2022,14,0,Los Angeles Galaxy,Atlanta Utd,1444.081951918031,1470.795544646602,113.2864072714292,0.6574900633029975
4038,2022-07-30,2022,4,0,Chicago Fire,Atlanta Utd,1447.0334412271561,1457.0951471787218,129.93829404843427,0.6787394708240643
4039,2022-07-30,2022,13,26,Los Angeles FC,Seattle Sounders,1646.6628059857417,1506.0334005944815,280.6294053912602,0.8341642816852857
4040,2022-07-30,2022,15,22,Minnesota United,Portland Timbers,1567.9051466139397,1579.0750260331508,128.83012058078884,0.6773468980019521
4041,2022-07-31,2022,2,18,CF Montreal,New York City,1521.620024988528,1659.8096657753324,1.8103592131956248,0.5026052927573345
4042,2022-07-31,2022,8,20,DC United,Orlando City,1372.2368889982038,1483.829855844382,28.407033153821658,0.5407901529821924
4043,2022-07-31,2022,10,14,FC Dallas,Los Angeles Galaxy,1505.6448994649204,1457.7823493859112,187.86255007900922,0.746763323711081
4044,2022-07-31,2022,12,9,Inter Miami,FC Cincinnati,1440.563617311276,1399.2431880328436,181.32042927843236,0.739575675800685
4045,2022-07-31,2022,16,30,Nashville SC,Vancouver Whitecaps,1543.0909455703709,1498.1384684925665,184.95247707780436,0.7435823656965072
4046,2022-07-31,2022,17,29,New England Revolution,Toronto FC,1564.369912009764,1362.9049006571215,341.4650113526425,0.8771410230440023
4047,2022-07-31,2022,21,11,Philadelphia Union,Houston Dynamo,1644.8694368819854,1388.1679345930897,396.70150228889565,0.9075094425864545
4048,2022-07-31,2022,25,23,San Jose Earthquakes,Real Salt Lake,1468.7025958138865,1515.7208531592544,92.98174265463217,0.630705810010944
4049,2022-07-31,2022,27,1,Sporting Kansas City,Austin FC,1456.5740767762272,1552.3842473719412,44.189829404286,0.5632535610409218
4050,2022-08-03,2022,19,6,New York Red Bulls,Colorado Rapids,1578.481184635188,1496.5914521211853,221.88973251400262,0.7819898221014764
4051,2022-08-03,2022,26,10,Seattle Sounders,FC Dallas,1499.399971861893,1515.7743665164771,123.6256053454158,0.6707648055219534
4052,2022-08-04,2022,3,8,Charlotte,DC United,1460.9590633204166,1390.6052828789161,210.35378044150048,0.7704570403662642
4053,2022-08-04,2022,7,2,Columbus Crew,CF Montreal,1554.4362758700079,1521.5158132782346,172.92046259177323,0.7301552124566226
4054,2022-08-04,2022,22,16,Portland Timbers,Nashville SC,1586.168901953229,1533.3476509425107,192.82125101071824,0.752123210010413
4055,2022-08-04,2022,25,12,San Jose Earthquakes,Inter Miami,1463.4743634134488,1430.9805902792486,172.49377313420018,0.7296709930442402
4056,2022-08-06,2022,0,26,Atlanta Utd,Seattle Sounders,1464.2447260116844,1512.5693796410148,91.67534637066956,0.6289525150458374
4057,2022-08-06,2022,30,11,Vancouver Whitecaps,Houston Dynamo,1507.8817631204267,1384.468312296548,263.41345082387875,0.8199973761788214
4058,2022-08-07,2022,1,25,Austin FC,San Jose Earthquakes,1574.914389813578,1434.2875236916793,280.62686612189873,0.8341622596149536
4059,2022-08-07,2022,2,12,CF Montreal,Inter Miami,1550.7220217764996,1460.1674300010181,230.5545917754814,0.7903736114332243
4060,2022-08-07,2022,3,4,Charlotte,Chicago Fire,1470.1407817057661,1439.8838623941936,170.25691931157257,0.7271236157815307
4061,2022-08-07,2022,6,15,Colorado Rapids,Minnesota United,1527.8710450052442,1560.8112706938616,107.05977431138263,0.6493732958500654
4062,2022-08-07,2022,7,18,Columbus Crew,New York City,1525.230067371743,1659.9138774856258,5.316189886117172,0.5076500152226425
4063,2022-08-07,2022,8,19,DC United,New York Red Bulls,1381.4235644935666,1547.201591751129,-25.77802725756237,0.4629703601324713
4064,2022-08-07,2022,9,21,FC Cincinnati,Philadelphia Union,1408.826215064871,1648.5690591785271,-99.74284411365625,0.3602761069387334
4065,2022-08-07,2022,16,29,Nashville SC,Toronto FC,1543.4325793429273,1377.9905415788817,305.4420377640456,0.8529923192101115
4066,2022-08-07,2022,20,17,Orlando City,New England Revolution,1465.4614619636698,1549.2842710880038,56.17719087566593,0.5801482266507573
4067,2022-08-07,2022,22,10,Portland Timbers,FC Dallas,1576.0839735528123,1502.6049587373552,213.47901481545705,0.7736231872478313
4068,2022-08-07,2022,23,13,Real Salt Lake,Los Angeles FC,1520.949085559692,1653.2962347183302,7.6528508413618965,0.5110115568820597
4069,2022-08-07,2022,27,14,Sporting Kansas City,Los Angeles Galaxy,1434.0439343345904,1447.6528823343544,126.39105200023596,0.6742707848986794
4070,2022-08-13,2022,19,20,New York Red Bulls,Orlando City,1545.7204061564278,1442.2555328976396,243.4648732587882,0.8024212483005263
4071,2022-08-14,2022,1,27,Austin FC,Sporting Kansas City,1561.54789942898,1447.0731029386432,254.47479649033676,0.8122771127469621
4072,2022-08-14,2022,6,7,Colorado Rapids,Columbus Crew,1541.8961131712417,1544.9240667628374,136.97204640840437,0.6875036781514203
4073,2022-08-14,2022,9,0,FC Cincinnati,Atlanta Utd,1434.4151707873216,1479.086625409851,95.32854537747062,0.6338467440686604
4074,2022-08-14,2022,10,25,FC Dallas,San Jose Earthquakes,1513.5498862272684,1447.6540140762775,205.89587215099095,0.7658872116348033
4075,2022-08-14,2022,11,2,Houston Dynamo,CF Montreal,1377.2682073437009,1539.1070773191707,-21.838869975469834,0.46861266639792903
4076,2022-08-14,2022,12,18,Inter Miami,New York City,1471.782374458347,1640.2198780945314,-28.437503636184374,0.4591662886211157
4077,2022-08-14,2022,13,3,Los Angeles FC,Charlotte,1673.7366969936127,1441.055837074505,372.68085991910766,0.8952309645751351
4078,2022-08-14,2022,14,30,Los Angeles Galaxy,Vancouver Whitecaps,1434.6237137303017,1515.0818680732739,59.54184565702781,0.5848584766638579
4079,2022-08-14,2022,17,8,New England Revolution,DC United,1572.490200154034,1382.9047500882677,329.5854500657663,0.8695795504368501
4080,2022-08-14,2022,21,4,Philadelphia Union,Chicago Fire,1622.9801034560764,1468.9688070254547,294.01129643062177,0.8445480656602972
4081,2022-08-14,2022,29,22,Toronto FC,Portland Timbers,1412.1102343472862,1565.139046062899,-13.028811715612846,0.481258816803112
4082,2022-08-15,2022,16,15,Nashville SC,Minnesota United,1509.3128865745227,1546.7862025278641,102.5266840466586,0.6434089769770595
4083,2022-08-15,2022,26,23,Seattle Sounders,Real Salt Lake,1497.7274802428483,1500.5086232844096,137.21885695843866,0.6878088353370426
4084,2022-08-17,2022,13,8,Los Angeles FC,DC United,1677.9274584106072,1377.6879321057418,440.2395263048654,0.9265063864305475
4085,2022-08-18,2022,0,19,Atlanta Utd,New York Red Bulls,1484.4404951725974,1513.6235562244067,110.81693894819068,0.6542816701688184
4086,2022-08-18,2022,10,21,FC Dallas,Philadelphia Union,1522.9143977618762,1629.1981808296646,33.71621693221164,0.5483697932512998
4087,2022-08-18,2022,18,3,New York City,Charlotte,1618.586529639376,1436.8650756575105,321.7214539818656,0.864359124043833
4088,2022-08-18,2022,29,17,Toronto FC,New England Revolution,1432.8598816751617,1577.70701813656,-4.84713646139835,0.49302486243059845
4089,2022-08-18,2022,30,6,Vancouver Whitecaps,Colorado Rapids,1498.4762071398281,1534.3959660451849,104.08024109464327,0.6454581607390742
4090,2022-08-20,2022,14,26,Los Angeles Galaxy,Seattle Sounders,1451.2293746637474,1470.2151268293667,121.01424783438074,0.6674366270529783
4091,2022-08-20,2022,19,9,New York Red Bulls,FC Cincinnati,1539.7948230311595,1429.0613010245752,250.73352200658428,0.8089710547842579
4092,2022-08-21,2022,2,17,CF Montreal,New England Revolution,1557.8515839750878,1577.428012633784,120.42357134130384,0.6666814709420694
4093,2022-08-21,2022,4,18,Chicago Fire,New York City,1462.7507296518665,1584.0121646776226,18.7385649742439,0.5269408453408622
4094,2022-08-21,2022,6,11,Colorado Rapids,Houston Dynamo,1520.214292474748,1358.5237006877837,301.6905917869642,0.8502636820101342
4095,2022-08-21,2022,7,0,Columbus Crew,Atlanta Utd,1552.4242138888942,1458.2692283658446,234.15498552304962,0.7937868198890634
4096,2022-08-21,2022,8,21,DC United,Philadelphia Union,1374.7481875629637,1611.1329725597166,-96.38478499675284,0.36474328328765576
4097,2022-08-21,2022,12,29,Inter Miami,Toronto FC,1493.4157229135023,1433.1388871779377,200.27683573556465,0.7600376874975256
4098,2022-08-21,2022,15,1,Minnesota United,Austin FC,1572.5225616069465,1569.0568149191015,143.465746687845,0.6954778262027617
4099,2022-08-21,2022,23,30,Real Salt Lake,Vancouver Whitecaps,1528.0209766978912,1512.657880710265,155.36309598762614,0.7097853692138257
4100,2022-08-21,2022,25,13,San Jose Earthquakes,Los Angeles FC,1438.2895025416697,1680.8672029533852,-102.57770041171557,0.35652364714494994
4101,2022-08-22,2022,3,20,Charlotte,Orlando City,1471.439440619264,1474.3523828296607,137.08705778960325,0.6876458987581945
4102,2022-08-22,2022,16,10,Nashville SC,FC Dallas,1483.5765274954404,1540.9796060318242,82.59692146361613,0.6166766903352731
4103,2022-08-22,2022,27,22,Sporting Kansas City,Portland Timbers,1439.5641874485216,1544.3893987350236,35.174788713497946,0.5504483463250167
4104,2022-08-27,2022,1,13,Austin FC,Los Angeles FC,1556.875927967212,1655.1281488391833,41.7477791280287,0.5597923920714004
4105,2022-08-27,2022,15,11,Minnesota United,Houston Dynamo,1584.703448558836,1372.534247968189,352.16920059064705,0.8836284807962973
4106,2022-08-27,2022,22,26,Portland Timbers,Seattle Sounders,1526.4073325880242,1476.9125919114858,189.4947406765384,0.7485359909559283
4107,2022-08-28,2022,0,8,Atlanta Utd,DC United,1470.020701161407,1360.1584562314574,249.8622449299496,0.8081947777207957
4108,2022-08-28,2022,3,29,Charlotte,Toronto FC,1443.9336046689361,1423.5403946778388,160.39320999109736,0.7157135246434579
4109,2022-08-28,2022,4,2,Chicago Fire,CF Montreal,1441.673095838232,1571.184325137405,10.48877070082699,0.5150899704467834
4110,2022-08-28,2022,9,7,FC Cincinnati,Columbus Crew,1441.4201432159455,1540.6727410933318,40.74740212261372,0.5583728368343541
4111,2022-08-28,2022,10,23,FC Dallas,Real Salt Lake,1525.646673645235,1519.6295619293383,146.01711171589682,0.6985793682200209
4112,2022-08-28,2022,19,12,New York Red Bulls,Inter Miami,1527.4359808397892,1503.0142154136013,164.4217654261879,0.7204082909617108
4113,2022-08-28,2022,21,6,Philadelphia Union,Colorado Rapids,1625.7227038912229,1506.2037451943427,259.5189586968802,0.8166645988140191
4114,2022-08-28,2022,27,25,Sporting Kansas City,San Jose Earthquakes,1457.546253595521,1464.0285566558716,133.51769693964934,0.6832157270297069
4115,2022-08-28,2022,30,16,Vancouver Whitecaps,Nashville SC,1521.049295478818,1498.9094598820295,162.13983559678854,0.7177548225282339
4116,2022-08-29,2022,17,14,New England Revolution,Los Angeles Galaxy,1564.0952714714667,1444.5319095816283,259.56336188983846,0.8167028658485234
4117,2022-08-29,2022,20,18,Orlando City,New York City,1501.8582187799884,1605.0897984912572,36.76842028873125,0.5527173531712544
4118,2022-09-01,2022,1,22,Austin FC,Portland Timbers,1574.484232284356,1536.465892949787,178.01833933456896,0.7358979623099711
4119,2022-09-01,2022,2,19,CF Montreal,New York Red Bulls,1591.7879239552765,1538.6196492013207,193.16827475395576,0.7524954481942733
4120,2022-09-01,2022,7,12,Columbus Crew,Inter Miami,1543.007654566706,1491.8305470520697,191.1771075146362,0.75035450838003
4121,2022-09-01,2022,11,13,Houston Dynamo,Los Angeles FC,1367.8793872000408,1637.5198445220392,-129.64045732199838,0.32163449113396825
4122,2022-09-01,2022,16,6,Nashville SC,Colorado Rapids,1527.619652783159,1498.8703291469035,168.74932363625544,0.7253982986993408
4123,2022-09-01,2022,17,4,New England Revolution,Chicago Fire,1531.427156837526,1421.0694970203606,250.3576598171653,0.8086364695654882
4124,2022-09-01,2022,18,8,New York City,DC United,1587.1984926181074,1352.4862473402893,374.71224527781806,0.8963226778423142
4125,2022-09-01,2022,20,26,Orlando City,Seattle Sounders,1519.7495246531382,1466.854031549723,192.89549310341522,0.7522028780182197
4126,2022-09-01,2022,21,0,Philadelphia Union,Atlanta Utd,1633.056119938662,1477.6929100525751,295.3632098860869,0.8455670322971256
4127,2022-09-01,2022,23,15,Real Salt Lake,Minnesota United,1527.572736658139,1589.3583093269842,78.21442733115487,0.610695922766549
4128,2022-09-01,2022,29,14,Toronto FC,Los Angeles Galaxy,1452.168935663577,1477.200024215569,114.96891144800793,0.6596678176450407
4129,2022-09-03,2022,7,4,Columbus Crew,Chicago Fire,1552.9934742315047,1433.41495580298,259.5785184285246,0.8167159264591975
4130,2022-09-03,2022,15,10,Minnesota United,FC Dallas,1573.786146237646,1517.7034989164342,196.08264732121188,0.7556067483683325
4131,2022-09-04,2022,9,3,FC Cincinnati,Charlotte,1439.0852297425713,1415.305063683198,163.7801660593734,0.7196637719372679
4132,2022-09-04,2022,16,1,Nashville SC,Austin FC,1538.6037208351852,1545.0483137919573,133.5554070432279,0.6832627075277002
4133,2022-09-04,2022,19,21,New York Red Bulls,Philadelphia Union,1568.7194671290918,1639.2334386467771,69.48602848231462,0.5986861544903705
4134,2022-09-04,2022,22,0,Portland Timbers,Atlanta Utd,1565.9018114421858,1471.51559134446,234.38622009772575,0.7940046204063235
4135,2022-09-05,2022,8,6,DC United,Colorado Rapids,1388.3391544539818,1487.8862610948772,40.452893359104564,0.5579547400216479
4136,2022-09-05,2022,13,23,Los Angeles FC,Real Salt Lake,1610.3852241673978,1543.1448997474772,207.24032441992063,0.7672720405233118
4137,2022-09-05,2022,14,27,Los Angeles Galaxy,Sporting Kansas City,1483.5867369213706,1470.2176245143328,153.36911240703785,0.7074152735589909
4138,2022-09-05,2022,17,18,New England Revolution,New York City,1519.0816980549064,1551.3455855044149,107.7361125504915,0.6502592393219744
4139,2022-09-05,2022,25,30,San Jose Earthquakes,Vancouver Whitecaps,1451.3571857370598,1492.3391025776887,99.01808315937114,0.6387617688848973
4140,2022-09-05,2022,26,11,Seattle Sounders,Houston Dynamo,1456.9421466704518,1395.0140075546822,201.92813911576968,0.7617670470351892
4141,2022-09-05,2022,29,2,Toronto FC,CF Montreal,1445.7822229577755,1561.6881060275055,24.094116930270047,0.5346187431012225
4142,2022-09-08,2022,18,9,New York City,FC Cincinnati,1537.3559550772939,1450.2986788650805,227.0572762122133,0.787018550454194
4143,2022-09-10,2022,2,7,CF Montreal,Columbus Crew,1583.0728557515542,1540.3248371731368,182.7480185784175,0.7411553463031928
4144,2022-09-10,2022,3,18,Charlotte,New York City,1404.0916145606886,1525.875213059126,18.216401501562586,0.5261915132297608
4145,2022-09-10,2022,16,14,Nashville SC,Los Angeles Galaxy,1551.2732125340772,1475.290125979011,215.98308655506617,0.7761376594113493
4146,2022-09-10,2022,19,17,New York Red Bulls,New England Revolution,1544.7720209494769,1533.0713284820274,151.70069246744947,0.7054234548387209
4147,2022-09-11,2022,0,29,Atlanta Utd,Toronto FC,1463.275776160713,1424.3974732337267,178.87830292698618,0.7368589489852376
4148,2022-09-11,2022,4,12,Chicago Fire,Inter Miami,1446.083592861348,1481.844727387271,104.2388654740771,0.6456670920424535
4149,2022-09-11,2022,6,30,Colorado Rapids,Vancouver Whitecaps,1490.2044506957432,1477.8895733330846,152.31487736265854,0.7061576087744186
4150,2022-09-11,2022,9,25,FC Cincinnati,San Jose Earthquakes,1461.7794208832483,1465.8067149816638,135.9727059015845,0.6862664305273328
4151,2022-09-11,2022,10,13,FC Dallas,Los Angeles FC,1547.9277688511675,1619.6943425464654,68.2334263047021,0.5969525122467223
4152,2022-09-11,2022,11,27,Houston Dynamo,Sporting Kansas City,1385.4846894360896,1478.5142354566924,46.970453979397234,0.5671870924401397
4153,2022-09-11,2022,21,20,Philadelphia Union,Orlando City,1663.180884826392,1529.6614095324094,273.5194752939826,0.8284248361457575
4154,2022-09-11,2022,22,15,Portland Timbers,Minnesota United,1574.141626625933,1543.5618763029129,170.5797503230201,0.7274921872842695
4155,2022-09-11,2022,23,8,Real Salt Lake,DC United,1533.8357813684097,1386.0209648531159,287.81481651529384,0.8398073363133072
4156,2022-09-11,2022,26,1,Seattle Sounders,Austin FC,1466.4714647890444,1532.3788220930653,74.09264269597907,0.605040348612443
4157,2022-09-14,2022,2,4,CF Montreal,Chicago Fire,1573.4266418994266,1460.25690917965,253.16973271977668,0.8111288880705019
4158,2022-09-14,2022,11,17,Houston Dynamo,New England Revolution,1382.797205738484,1521.2882666755763,1.508939062907757,0.5021715242170033
4159,2022-09-14,2022,12,7,Inter Miami,Columbus Crew,1467.671411068969,1549.9710510252644,57.70036004370468,0.5822824060675132
4160,2022-09-14,2022,15,13,Minnesota United,Los Angeles FC,1532.6615637942837,1603.5724430363343,69.08912075794933,0.5981370862147234
4161,2022-09-14,2022,20,0,Orlando City,Atlanta Utd,1522.7984029782397,1473.8014182013035,188.9969847769362,0.7479962694493306
4162,2022-09-14,2022,27,8,Sporting Kansas City,DC United,1481.201719154298,1399.613258305648,221.5884608486499,0.7816940180028094
4163,2022-09-15,2022,1,23,Austin FC,Real Salt Lake,1516.580436037563,1520.2434879158775,136.3369481216855,0.6867176937979094
4164,2022-09-15,2022,6,25,Colorado Rapids,San Jose Earthquakes,1501.9581463447664,1453.257372202757,188.70077414200932,0.7476747210680469
4165,2022-09-15,2022,30,14,Vancouver Whitecaps,Los Angeles Galaxy,1466.1358776840614,1486.335632355465,119.80024532859647,0.6658836450179273
4166,2022-09-17,2022,0,21,Atlanta Utd,Philadelphia Union,1503.7212689792766,1670.0438913805617,-26.322622401285116,0.4621910144432966
4167,2022-09-17,2022,18,19,New York City,New York Red Bulls,1506.9228735883164,1556.555082755928,90.36779083238844,0.627194255937036
4168,2022-09-18,2022,1,16,Austin FC,Nashville SC,1529.1117282856467,1540.2277061576233,128.8840221280234,0.6774147058589448
4169,2022-09-18,2022,4,3,Chicago Fire,Charlotte,1452.7020647024701,1423.0439540314983,169.65811067097184,0.7264391406571091
4170,2022-09-18,2022,7,22,Columbus Crew,Portland Timbers,1533.262347267965,1585.0419391345622,88.22040813340277,0.6242993953726342
4171,2022-09-18,2022,8,12,DC United,Inter Miami,1390.8810190257605,1484.3801148262685,46.50090419949197,0.5665234372523502
4172,2022-09-18,2022,14,6,Los Angeles Galaxy,Colorado Rapids,1472.970978156182,1512.0511575020446,100.91982065413731,0.641283944585049
4173,2022-09-18,2022,17,2,New England Revolution,CF Montreal,1501.3751276442565,1580.9814863766064,60.39364126765008,0.5860485028585665
4174,2022-09-18,2022,20,29,Orlando City,Toronto FC,1492.8785522002665,1413.8718311931361,219.0067210071304,0.7791472784096418
4175,2022-09-18,2022,23,9,Real Salt Lake,FC Cincinnati,1507.7121956677938,1474.328763662155,173.38343200563872,0.7306799844616053
4176,2022-09-18,2022,25,10,San Jose Earthquakes,FC Dallas,1443.164361045479,1564.0496683612985,19.114692684180454,0.5274805334388334
4177,2022-09-18,2022,27,15,Sporting Kansas City,Minnesota United,1489.9339584341856,1528.7360803456947,101.19787808849082,0.6416520677070027
4178,2022-09-18,2022,30,26,Vancouver Whitecaps,Seattle Sounders,1479.5005318833444,1482.2698508445467,137.23068103879768,0.6878234505745192
4179,2022-09-19,2022,13,11,Los Angeles FC,Houston Dynamo,1607.4979264849233,1402.710344769804,344.78758171511936,0.879187333899854
4180,2022-09-25,2022,25,14,San Jose Earthquakes,Los Angeles Galaxy,1442.0651397079255,1487.31962037278,94.74551933514545,0.6330674784026404
4181,2022-09-28,2022,26,9,Seattle Sounders,FC Cincinnati,1469.7827888675274,1503.5559630406194,106.226825826908,0.6482807904714818
4182,2022-10-01,2022,3,21,Charlotte,Philadelphia Union,1452.1015196577825,1668.5315319582935,-76.43001230051095,0.3917489475035218
4183,2022-10-01,2022,6,10,Colorado Rapids,FC Dallas,1497.7025152854465,1565.148889698852,72.55362558659453,0.6029213156810072
4184,2022-10-01,2022,17,0,New England Revolution,Atlanta Utd,1477.9331875299138,1505.2336284015448,112.69955912836895,0.6567289058461553
4185,2022-10-01,2022,29,12,Toronto FC,Inter Miami,1405.0377223295218,1507.0410523163625,37.996670013159246,0.5544646386530317
4186,2022-10-02,2022,2,8,CF Montreal,DC United,1604.4234264909492,1368.2200815356664,376.2033449552828,0.8971176153484873
4187,2022-10-02,2022,7,19,Columbus Crew,New York Red Bulls,1528.2903714530596,1541.6428529934094,126.6475184596502,0.6745949494551703
4188,2022-10-02,2022,9,4,FC Cincinnati,Chicago Fire,1509.4871946594787,1423.6444990761859,225.84269558329288,0.7858442494936208
4189,2022-10-02,2022,14,23,Los Angeles Galaxy,Real Salt Lake,1512.6423195088857,1478.4849962893295,174.15732321955625,0.7315557435717703
4190,2022-10-02,2022,18,20,New York City,Orlando City,1521.835103350835,1501.712661063881,160.12244228695408,0.7153962802612781
4191,2022-10-02,2022,22,13,Portland Timbers,Los Angeles FC,1590.0139149494676,1612.3304331289291,117.68348182053842,0.6631672216023015
4192,2022-10-02,2022,25,15,San Jose Earthquakes,Minnesota United,1416.7424405718198,1514.4021630539748,42.340277517844925,0.5606326999366301
4193,2022-10-02,2022,27,26,Sporting Kansas City,Seattle Sounders,1504.2678757259055,1463.851557248668,180.41631847723738,0.7385720255817241
4194,2022-10-02,2022,30,1,Vancouver Whitecaps,Austin FC,1491.9875938603636,1522.0151400512889,109.97245380907475,0.6531812466685949
4195,2022-10-03,2022,16,11,Nashville SC,Houston Dynamo,1547.324294391981,1397.877838125798,289.4464562661831,0.841066885635619
4196,2022-10-06,2022,3,7,Charlotte,Columbus Crew,1476.4315617576417,1541.3065734748527,75.12498828278899,0.606459555087194
4197,2022-10-06,2022,12,20,Inter Miami,Orlando City,1529.2196378624838,1490.328512274332,178.89112558815168,0.7368732609493297
4198,2022-10-09,2022,0,18,Atlanta Utd,New York City,1491.502784635391,1533.2192521403838,98.2835324950072,0.6377855115242708
4199,2022-10-09,2022,1,6,Austin FC,Colorado Rapids,1508.1423899180327,1513.5856626582063,134.5567272598264,0.6845088160863559
4200,2022-10-09,2022,4,17,Chicago Fire,New England Revolution,1455.0782690559306,1491.6640312960676,103.414237759863,0.6445803327682377
4201,2022-10-09,2022,8,9,DC United,FC Cincinnati,1364.1047861496058,1478.053424679734,26.051361469871836,0.5374208190574992
4202,2022-10-09,2022,10,27,FC Dallas,Sporting Kansas City,1549.265742326092,1514.7249947026364,174.54074762345567,0.7319889699672574
4203,2022-10-09,2022,11,14,Houston Dynamo,Los Angeles Galaxy,1431.5205135512228,1503.3800897660149,68.14042378520799,0.5968236965026679
4204,2022-10-09,2022,13,16,Los Angeles FC,Nashville SC,1638.857121993021,1513.6816189665562,265.17550302646487,0.821489671260261
4205,2022-10-09,2022,15,30,Minnesota United,Vancouver Whitecaps,1496.82747105144,1505.8603439936198,130.9671270578201,0.6800295022958119
4206,2022-10-09,2022,19,3,New York Red Bulls,Charlotte,1528.6266509716163,1472.1731795541539,196.45347141746242,0.7560007260487647
4207,2022-10-09,2022,20,7,Orlando City,Columbus Crew,1479.8034427123052,1545.5649556783405,74.2384870339647,0.6052409546578571
4208,2022-10-09,2022,21,29,Philadelphia Union,Toronto FC,1644.2014898584343,1382.8591367834006,401.34235307503377,0.9097275055800703
4209,2022-10-09,2022,23,22,Real Salt Lake,Portland Timbers,1487.7472260322004,1563.4872260853756,64.25999994682479,0.5914373023362066
4210,2022-10-09,2022,26,25,Seattle Sounders,San Jose Earthquakes,1453.3944382719371,1434.3171325743547,159.07730569758246,0.7141697511826002
4211,2022-10-15,2022,14,16,Los Angeles Galaxy,Nashville SC,1527.2530376261216,1546.5412058169668,120.71183180915477,0.6670501075183342
4212,2022-10-15,2022,19,9,New York Red Bulls,FC Cincinnati,1538.3866219296658,1499.550257442034,178.83636448763173,0.7368121360619377
4213,2022-10-16,2022,1,23,Austin FC,Real Salt Lake,1500.7620372745785,1504.089733938752,136.67230333582643,0.6871328563917712
4214,2022-10-17,2022,2,20,CF Montreal,Orlando City,1608.5387218770097,1495.593804525991,252.94491735101883,0.8109305473249467
4215,2022-10-18,2022,10,15,FC Dallas,Minnesota United,1559.9861835274019,1509.6262909596076,190.3598925677943,0.7494722552545328
4216,2022-10-18,2022,18,12,New York City,Inter Miami,1558.7306726013546,1539.7447074245106,158.98596517684405,0.714062407196511
4217,2022-10-21,2022,13,14,Los Angeles FC,Los Angeles Galaxy,1605.9975351426106,1540.5710333253883,205.4265018172223,0.7654023998853666
4218,2022-10-21,2022,21,9,Philadelphia Union,FC Cincinnati,1647.8123896352315,1529.0227428845117,258.78964675071984,0.8160351850996697
4219,2022-10-23,2022,2,18,CF Montreal,New York City,1616.1014999840118,1570.168176313494,185.93332367051767,0.7446574331687859
4220,2022-10-24,2022,1,10,Austin FC,FC Dallas,1493.2767230189077,1550.0072933172205,83.26942970168716,0.6175913918648132
4221,2022-10-30,2022,13,1,Los Angeles FC,Austin FC,1615.3814391471958,1508.5730673443152,246.80837180288063,0.8054548993972365
4222,2022-10-31,2022,21,18,Philadelphia Union,New York City,1655.1709822312448,1599.9544736402456,195.21650859099918,0.7546848540819507
4223,2022-11-05,2022,13,21,Los Angeles FC,Philadelphia Union,1623.1632431713062,1664.9835880679668,98.17965510333943,0.637647360862003
4224,2023-02-25,2023,16,18,Nashville SC,New York City,1533.2232101177,1590.1418678035236,83.08134231417648,0.6173356513587483
4225,2023-02-26,2023,0,25,Atlanta Utd,San Jose Earthquakes,1465.9913641744201,1442.8839226216587,163.10744155276143,0.7188818365651888
4226,2023-02-26,2023,1,28,Austin FC,St. Louis City,1500.7912633202047,1500.0,140.79126332020473,0.6922074464881667
4227,2023-02-26,2023,3,17,Charlotte,New England Revolution,1462.4132085961044,1497.447244606797,104.96596398930728,0.6466240740155896
4228,2023-02-26,2023,8,29,DC United,Toronto FC,1342.6079533873058,1379.2482370066034,103.35971638070237,0.6445084274950847
4229,2023-02-26,2023,9,11,FC Cincinnati,Houston Dynamo,1521.6641502884984,1407.6475656911161,254.01658459738223,0.8118745800951621
4230,2023-02-26,2023,10,15,FC Dallas,Minnesota United,1534.710948991813,1519.605181169789,155.10576782202406,0.7094801412860327
4231,2023-02-26,2023,12,2,Inter Miami,CF Montreal,1528.3072037123711,1586.3152026572602,81.9920010551109,0.6158532109277082
4232,2023-02-26,2023,20,19,Orlando City,New York Red Bulls,1488.0310264189889,1508.9141364871882,119.11688993180064,0.6650078926206321
4233,2023-02-26,2023,21,7,Philadelphia Union,Columbus Crew,1670.489482502447,1529.774593864655,280.714888637792,0.8342323421569608
4234,2023-02-26,2023,30,23,Vancouver Whitecaps,Real Salt Lake,1493.0615240854522,1511.5750481944228,121.48647589102939,0.6680397335997987
4235,2023-02-27,2023,26,6,Seattle Sounders,Colorado Rapids,1444.827648224633,1520.9660153016605,63.8616329229726,0.590883062948308
4236,2023-02-28,2023,22,27,Portland Timbers,Sporting Kansas City,1547.144718178824,1504.0045535013267,183.1401646774973,0.7415881744560376
4237,2023-03-04,2023,13,22,Los Angeles FC,Portland Timbers,1617.6573487368262,1557.4811912005825,200.17615753624364,0.7599319729521905
4238,2023-03-05,2023,0,29,Atlanta Utd,Toronto FC,1477.2360907118125,1365.0285741064067,252.20751660540577,0.8102788630767803
4239,2023-03-05,2023,1,2,Austin FC,CF Montreal,1473.102965460678,1570.9493310943685,42.15363436630946,0.5603680314928046
4240,2023-03-05,2023,4,18,Chicago Fire,New York City,1449.2950557452011,1574.8352938578735,14.459761887327659,0.52079726382567
4241,2023-03-05,2023,6,27,Colorado Rapids,Sporting Kansas City,1504.6013378195928,1493.668080479568,150.93325734002474,0.7045046166726787
4242,2023-03-05,2023,7,8,Columbus Crew,DC United,1523.1438875509334,1356.8276162875025,306.31627126343096,0.8536222554058233
4243,2023-03-05,2023,10,14,FC Dallas,Los Angeles Galaxy,1506.3317433403718,1531.187129320803,115.14461401956873,0.6598948522011295
4244,2023-03-05,2023,12,21,Inter Miami,Philadelphia Union,1543.6730752752628,1677.1201888161684,6.552886459094452,0.5094292436210229
4245,2023-03-05,2023,17,11,New England Revolution,Houston Dynamo,1523.3122075674207,1400.1225488949226,263.1896586724981,0.8198071497494197
4246,2023-03-05,2023,19,16,New York Red Bulls,Nashville SC,1495.5144521920136,1548.5297840633502,86.98466812866332,0.6226294588877909
4247,2023-03-05,2023,20,9,Orlando City,FC Cincinnati,1501.4307107141635,1529.189167084692,112.24154362947161,0.6561342872539876
4248,2023-03-05,2023,25,30,San Jose Earthquakes,Vancouver Whitecaps,1431.6391960842664,1466.3399347414602,105.29926134280618,0.6470623564871598
4249,2023-03-05,2023,26,23,Seattle Sounders,Real Salt Lake,1461.1923257067008,1538.2966375384149,62.895688168285915,0.5895382081629011
4250,2023-03-05,2023,28,3,St. Louis City,Charlotte,1527.6882978595268,1436.5482456354807,231.14005222404603,0.7909314472998645
4251,2023-03-11,2023,3,0,Charlotte,Atlanta Utd,1428.1855035274752,1464.8249361887413,103.36056733873397,0.6445095498273326
4252,2023-03-11,2023,30,10,Vancouver Whitecaps,FC Dallas,1452.2224290009465,1519.9359492523265,72.28647974861997,0.60255309347158
4253,2023-03-12,2023,8,20,DC United,Orlando City,1350.9725065037353,1495.185339224004,-4.212832720268807,0.4939375434757869
4254,2023-03-12,2023,9,26,FC Cincinnati,Seattle Sounders,1535.4345385748513,1477.6107973801847,197.82374119466658,0.7574528182229548
4255,2023-03-12,2023,15,19,Minnesota United,New York Red Bulls,1547.9843868212301,1490.6092738365019,197.37511298472828,0.75697804884394
4256,2023-03-12,2023,16,2,Nashville SC,CF Montreal,1553.434962418862,1553.3640523540807,140.07091006478117,0.6913232653328094
4257,2023-03-12,2023,18,12,New York City,Inter Miami,1575.6671844109003,1563.2959055304218,152.37127888047849,0.706224973649604
4258,2023-03-12,2023,21,4,Philadelphia Union,Chicago Fire,1657.4973585610094,1448.4631651921743,349.0341933688351,0.8817598825576494
4259,2023-03-12,2023,22,28,Portland Timbers,St. Louis City,1547.87847011867,1536.0510399675322,151.82743015113783,0.7055750357177419
4260,2023-03-12,2023,23,1,Real Salt Lake,Austin FC,1521.878165864931,1490.6882442009658,171.18992166396515,0.7281879601115586
4261,2023-03-12,2023,25,6,San Jose Earthquakes,Colorado Rapids,1445.75670182478,1496.4211531526857,89.33554867209432,0.6258038262190435
4262,2023-03-12,2023,27,14,Sporting Kansas City,Los Angeles Galaxy,1501.8482651464751,1517.5829234088483,124.26534173762684,0.6715775607278022
4263,2023-03-12,2023,29,7,Toronto FC,Columbus Crew,1377.439728629478,1528.9989973347006,-11.559268705222621,0.48337101026385554
4264,2023-03-13,2023,13,17,Los Angeles FC,New England Revolution,1627.2600698187387,1530.519921577444,236.74014824129472,0.7962120967693398
4265,2023-03-18,2023,0,22,Atlanta Utd,Portland Timbers,1490.6053181818345,1519.6554686899603,110.94984949187415,0.6544547119630147
4266,2023-03-18,2023,2,21,CF Montreal,Philadelphia Union,1541.016982967393,1662.2269632587033,18.79001970868967,0.5270146790837735
4267,2023-03-18,2023,17,16,New England Revolution,Nashville SC,1522.3684054482176,1565.7820318055497,96.58637364266792,0.6355255543836886
4268,2023-03-18,2023,18,8,New York City,DC United,1587.4181854649162,1351.2150047647037,376.20318070021244,0.8971175280784721
4269,2023-03-18,2023,19,7,New York Red Bulls,Columbus Crew,1500.8883957902594,1528.3338377452549,112.55455804500457,0.6565407112694461
4270,2023-03-18,2023,20,3,Orlando City,Charlotte,1494.9428409630357,1402.405121534382,232.53771942865365,0.7922587479760874
4271,2023-03-18,2023,26,13,Seattle Sounders,Los Angeles FC,1467.9089101091029,1635.411585947965,-27.50267583886216,0.4605029317128474
4272,2023-03-18,2023,29,12,Toronto FC,Inter Miami,1378.1048882189236,1551.544904476406,-33.440016257482284,0.4520240017935533
4273,2023-03-19,2023,4,9,Chicago Fire,FC Cincinnati,1443.7335604944803,1545.1364258459332,38.597134648547126,0.5553183616493014
4274,2023-03-19,2023,6,15,Colorado Rapids,Minnesota United,1481.4533062014475,1537.7052648674726,83.74804133397492,0.6182418612896988
4275,2023-03-19,2023,10,27,FC Dallas,Sporting Kansas City,1524.0380729911897,1494.985162717363,169.05291027382668,0.7257462728305012
4276,2023-03-19,2023,11,1,Houston Dynamo,Austin FC,1392.9148348848994,1519.815762605428,13.09907227947133,0.518842153452944
4277,2023-03-19,2023,14,30,Los Angeles Galaxy,Vancouver Whitecaps,1524.4460258379604,1448.1203052620833,216.32572057587709,0.7764801663430181
4278,2023-03-19,2023,28,25,St. Louis City,San Jose Earthquakes,1564.274041396242,1460.7245487760183,243.54949262022365,0.8024984637347515
4279,2023-03-25,2023,3,19,Charlotte,New York Red Bulls,1434.0954714534255,1514.6267673394816,59.468704113943886,0.5847562457389928
4280,2023-03-25,2023,7,0,Columbus Crew,Atlanta Utd,1514.5954661960327,1504.427129703314,150.1683364927187,0.7035871352343257
4281,2023-03-25,2023,8,17,DC United,New England Revolution,1347.0997058878427,1536.94738327287,-49.84767738502728,0.4287516278991951
4282,2023-03-25,2023,12,4,Inter Miami,Chicago Fire,1529.625864548148,1441.5208260285083,228.10503851963972,0.7880277864538863
4283,2023-03-25,2023,21,20,Philadelphia Union,Orlando City,1643.3075504220542,1463.2524910439922,320.05505937806197,0.8632305356322374
4284,2023-03-25,2023,22,14,Portland Timbers,Los Angeles Galaxy,1505.8336571684808,1513.3868191842396,132.44683798424126,0.6818800580689554
4285,2023-03-26,2023,1,6,Austin FC,Colorado Rapids,1500.5694487435458,1456.7236317498596,183.84581699368619,0.7423658439589039
4286,2023-03-26,2023,11,18,Houston Dynamo,New York City,1412.1611487467817,1591.5334843417772,-39.37233559499555,0.44357996382301884
4287,2023-03-26,2023,13,10,Los Angeles FC,FC Dallas,1633.831703216479,1535.0082220779695,238.82348113850935,0.7981510901100963
4288,2023-03-26,2023,15,30,Minnesota United,Vancouver Whitecaps,1562.4349393190605,1459.1795119158041,243.25542740325636,0.8022300304400948
4289,2023-03-26,2023,16,9,Nashville SC,FC Cincinnati,1551.2030539808973,1547.3491603119053,143.853893668992,0.6959508296380602
4290,2023-03-26,2023,23,28,Real Salt Lake,St. Louis City,1492.7506474604686,1572.1741028468518,60.57654461361676,0.586303902910641
4291,2023-03-26,2023,25,29,San Jose Earthquakes,Toronto FC,1452.8244873254084,1400.0239281471816,192.80055917822688,0.752101002874654
4292,2023-03-26,2023,27,26,Sporting Kansas City,Seattle Sounders,1484.015013630583,1469.488792840589,154.5262207899941,0.7087920221053589
4293,2023-04-02,2023,0,19,Atlanta Utd,New York Red Bulls,1492.570615112687,1518.0170171690413,114.55359794364563,0.6591308777527669
4294,2023-04-02,2023,4,8,Chicago Fire,DC United,1473.0419374866638,1329.9496407718748,283.092296714789,0.8361162407459333
4295,2023-04-02,2023,6,13,Colorado Rapids,Los Angeles FC,1466.4182655082157,1641.905659612075,-35.48739410385929,0.4491063986912187
4296,2023-04-02,2023,7,23,Columbus Crew,Real Salt Lake,1526.4519807866598,1469.298491344043,197.15348944261677,0.756743278777048
4297,2023-04-02,2023,9,12,FC Cincinnati,Inter Miami,1575.1871934974276,1498.1047530899925,217.08244040743512,0.7772352826158998
4298,2023-04-02,2023,10,22,FC Dallas,Portland Timbers,1526.9342656823735,1498.5584548457227,168.37581083665077,0.7249697982328782
4299,2023-04-02,2023,14,26,Los Angeles Galaxy,Seattle Sounders,1520.6620215069977,1497.8404737248034,162.82154778219433,0.7185491286139468
4300,2023-04-02,2023,17,18,New England Revolution,New York City,1554.0974483888378,1569.276682894698,124.82076549413978,0.6722823683591825
4301,2023-04-02,2023,20,16,Orlando City,Nashville SC,1497.7817124692817,1523.365020795375,114.41669167390683,0.6589537882574522
4302,2023-04-02,2023,21,27,Philadelphia Union,Sporting Kansas City,1608.7783289967647,1455.6633327463687,293.11499625039596,0.8438694850417133
4303,2023-04-02,2023,25,11,San Jose Earthquakes,Houston Dynamo,1442.7404472104222,1434.4179501938609,148.32249701656133,0.7013663786337984
4304,2023-04-02,2023,28,15,St. Louis City,Minnesota United,1595.6262589632775,1550.3457381014566,185.28052086182083,0.7439422514325386
4305,2023-04-02,2023,29,3,Toronto FC,Charlotte,1410.1079682621678,1430.7052216238658,119.402746638302,0.6653743702371304
4306,2023-04-02,2023,30,2,Vancouver Whitecaps,CF Montreal,1471.268713133408,1559.9363958040421,51.33231732936588,0.5733402705078532
4307,2023-04-09,2023,4,15,Chicago Fire,Minnesota United,1459.5972878568264,1580.103428158758,19.493859698068263,0.5280245174893886
4308,2023-04-09,2023,8,7,DC United,Columbus Crew,1343.3942904017122,1536.1822496355778,-52.78795923386565,0.4246112340737377
4309,2023-04-09,2023,9,21,FC Cincinnati,Philadelphia Union,1584.0977821927916,1595.0235495950963,129.0742325976953,0.6776539299429386
4310,2023-04-09,2023,11,14,Houston Dynamo,Los Angeles Galaxy,1422.4726053392128,1491.9200563624397,70.5525489767731,0.6001603118670639
4311,2023-04-09,2023,12,10,Inter Miami,FC Dallas,1489.1941643946286,1517.9354737530584,111.25869064157018,0.6548566471974985
4312,2023-04-09,2023,13,1,Los Angeles FC,Austin FC,1639.8699155597237,1490.8748149851897,288.99510057453404,0.8407192659751874
4313,2023-04-09,2023,16,29,Nashville SC,Toronto FC,1549.723172325673,1403.4929934526826,286.23017887299034,0.838576350065173
4314,2023-04-09,2023,17,2,New England Revolution,CF Montreal,1547.2061536544707,1542.8700066243564,144.33614703011426,0.6965379361275186
4315,2023-04-09,2023,18,0,New York City,Atlanta Utd,1576.1679776290653,1506.2053800025762,209.962597626489,0.7700585551054617
4316,2023-04-09,2023,19,25,New York Red Bulls,San Jose Earthquakes,1504.382252279152,1454.6857920650702,189.69646021408175,0.748754498691343
4317,2023-04-09,2023,23,3,Real Salt Lake,Charlotte,1459.568222495125,1437.320196433351,162.248026061774,0.7178809728685638
4318,2023-04-09,2023,26,28,Seattle Sounders,St. Louis City,1526.5824388693613,1565.868568905976,100.71386996338538,0.6410111769542843
4319,2023-04-09,2023,27,6,Sporting Kansas City,Colorado Rapids,1469.4181121480372,1468.4540095605669,140.96410258747028,0.6924193847699389
4320,2023-04-09,2023,30,22,Vancouver Whitecaps,Portland Timbers,1488.335102313094,1507.5572467750378,120.7778555380562,0.6671345119998068
4321,2023-04-16,2023,1,30,Austin FC,Vancouver Whitecaps,1484.5035856241973,1501.6497218331017,122.85386379109559,0.6697829830222157
4322,2023-04-16,2023,2,8,CF Montreal,DC United,1530.7315240694572,1326.4098410387626,344.32168303069466,0.8789021777816689
4323,2023-04-16,2023,3,6,Charlotte,Colorado Rapids,1426.0354353480934,1496.1507849513644,69.88465039672906,0.5992373449606266
4324,2023-04-16,2023,4,21,Chicago Fire,Philadelphia Union,1478.4763071572509,1582.1297067928137,36.34660036443711,0.5521169771765663
4325,2023-04-16,2023,7,17,Columbus Crew,New England Revolution,1553.1666989985274,1559.3446362093698,133.8220627891576,0.6835948093992583
4326,2023-04-16,2023,10,23,FC Dallas,Real Salt Lake,1544.1297396409584,1470.8529835803824,213.27675606057596,0.7734192189012031
4327,2023-04-16,2023,14,13,Los Angeles Galaxy,Los Angeles FC,1475.9264688371222,1646.2411449207161,-30.314676083593895,0.45648404756077604
4328,2023-04-16,2023,15,20,Minnesota United,Orlando City,1561.2244088583336,1471.4235609389837,229.80084791934996,0.7896538232743489
4329,2023-04-16,2023,18,16,New York City,Nashville SC,1565.3656354248467,1536.1801183230662,169.18551710178053,0.7258981820327789
4330,2023-04-16,2023,19,11,New York Red Bulls,Houston Dynamo,1494.4320723314984,1438.4661928645303,195.9658794669681,0.7554826006788536
4331,2023-04-16,2023,22,26,Portland Timbers,Seattle Sounders,1494.2426272550301,1540.94199179119,93.30063546384008,0.6311332699487023
4332,2023-04-16,2023,25,27,San Jose Earthquakes,Sporting Kansas City,1464.6359720127239,1441.7213367572397,162.9146352554842,0.7186574851558233
4333,2023-04-16,2023,28,9,St. Louis City,FC Cincinnati,1551.5090159841473,1596.991624995074,94.51739098907319,0.6327623750402759
4334,2023-04-16,2023,29,0,Toronto FC,Atlanta Utd,1417.0360474552895,1517.0077222067948,40.02832524849464,0.5573518611271489
4335,2023-04-23,2023,0,4,Atlanta Utd,Chicago Fire,1519.3017966518807,1476.3916280701883,182.91016858169246,0.7413343752782311
4336,2023-04-23,2023,2,19,CF Montreal,New York Red Bulls,1495.5754369581905,1484.2127683043443,151.36266865384619,0.7050189492305404
4337,2023-04-23,2023,3,7,Charlotte,Columbus Crew,1422.0659415496684,1545.8229066225572,16.24303492711124,0.5233585906815617
4338,2023-04-23,2023,6,28,Colorado Rapids,St. Louis City,1500.1202787497893,1566.1985209825361,73.92175776725321,0.6048052547077283
4339,2023-04-23,2023,9,22,FC Cincinnati,Portland Timbers,1582.3021199966852,1508.997296457082,213.30482353960315,0.773447531383485
4340,2023-04-23,2023,11,12,Houston Dynamo,Inter Miami,1448.6854968916844,1462.9998985067286,125.68559838495571,0.6733782564294057
4341,2023-04-23,2023,14,1,Los Angeles Galaxy,Austin FC,1457.6671069346912,1477.7122663033088,119.95484063138247,0.666081607977799
4342,2023-04-23,2023,16,13,Nashville SC,Los Angeles FC,1525.2160456043773,1664.5005068231471,0.7155387812301797,0.5010297416260729
4343,2023-04-23,2023,17,27,New England Revolution,Sporting Kansas City,1566.68842858534,1430.4676361634727,276.2207924218674,0.8306237984837356
4344,2023-04-23,2023,18,10,New York City,FC Dallas,1576.3297081435355,1553.1929708849102,163.13673725862532,0.7189159158168873
4345,2023-04-23,2023,20,8,Orlando City,DC United,1503.0097138699575,1361.5659281500293,281.4437857199282,0.8348117701479033
4346,2023-04-23,2023,21,29,Philadelphia Union,Toronto FC,1584.2143858798763,1414.7419730102035,309.4724128696728,0.8558778435793019
4347,2023-04-23,2023,23,25,Real Salt Lake,San Jose Earthquakes,1461.7897523364306,1475.8896726064909,125.90007972993976,0.6736497480263928
4348,2023-04-23,2023,26,15,Seattle Sounders,Minnesota United,1526.1873225891381,1529.6382559273598,136.5490666617784,0.686980326845373
4349,2023-04-29,2023,16,0,Nashville SC,Atlanta Utd,1525.1748559393343,1529.6484216407514,135.5264342985829,0.6857130596230293
4350,2023-04-30,2023,1,25,Austin FC,San Jose Earthquakes,1464.3555306224207,1462.8356625275467,141.51986809487403,0.6931003231730104
4351,2023-04-30,2023,4,19,Chicago Fire,New York Red Bulls,1466.0450030813176,1472.4135262735658,133.63147680775182,0.68335746638816
4352,2023-04-30,2023,7,12,Columbus Crew,Inter Miami,1526.7572502498197,1449.935028763905,216.82222148591472,0.7769758205963119
4353,2023-04-30,2023,8,3,DC United,Charlotte,1394.9583989559455,1441.131597922406,93.8268010335396,0.6318381186299308
4354,2023-04-30,2023,17,9,New England Revolution,FC Cincinnati,1573.4634766459906,1591.3642187413457,122.0992579046449,0.6688215275443842
4355,2023-04-30,2023,20,14,Orlando City,Los Angeles Galaxy,1469.6172430640413,1471.0238426155793,138.59340044846203,0.68950534125499
4356,2023-04-30,2023,23,26,Real Salt Lake,Seattle Sounders,1474.8437624153748,1538.7081095153233,76.13565290005158,0.6078472175675835
4357,2023-04-30,2023,27,2,Sporting Kansas City,CF Montreal,1423.6925881028221,1507.374678988969,56.31790911385315,0.5803455201741319
4358,2023-04-30,2023,28,22,St. Louis City,Portland Timbers,1570.3907311708454,1499.9351977124215,210.45553345842382,0.7705606133745548
4359,2023-04-30,2023,29,18,Toronto FC,New York City,1408.9770867533757,1587.57307151086,-38.5959847574843,0.44468327292168425
4360,2023-04-30,2023,30,6,Vancouver Whitecaps,Colorado Rapids,1508.4410411539902,1495.9280685614801,152.5129725925101,0.7063941700621044
4361,2023-05-01,2023,15,10,Minnesota United,FC Dallas,1517.1174690011746,1541.9496075175857,115.16786148358892,0.6599248859769025
4362,2023-05-07,2023,2,20,CF Montreal,Orlando City,1530.5884997959342,1482.0370294138418,188.55147038209248,0.7475125429219852
4363,2023-05-07,2023,3,18,Charlotte,New York City,1426.405122667603,1565.3604024277274,1.0447202398756872,0.5015034687503638
4364,2023-05-07,2023,9,8,FC Cincinnati,DC United,1598.117079843121,1409.6848742107484,328.43220563237264,0.8688248105114127
4365,2023-05-07,2023,11,23,Houston Dynamo,Real Salt Lake,1461.750366634508,1470.5298737126716,131.22049292183647,0.680346771117277
4366,2023-05-07,2023,12,0,Inter Miami,Atlanta Utd,1481.0140615877574,1517.0769440256727,103.93711756208472,0.6452695986598045
4367,2023-05-07,2023,14,6,Los Angeles Galaxy,Colorado Rapids,1458.6040562657788,1504.1838353639644,94.42022090181445,0.6326323855176672
4368,2023-05-07,2023,16,4,Nashville SC,Chicago Fire,1537.746333554413,1458.7107044257912,219.03562912862185,0.77917591212527
4369,2023-05-07,2023,19,21,New York Red Bulls,Philadelphia Union,1479.7478249290923,1589.9792721367041,29.768552792388164,0.5427358648730777
4370,2023-05-07,2023,22,1,Portland Timbers,Austin FC,1530.7576222474038,1456.6315176955002,214.1261045519036,0.7742748737183728
4371,2023-05-07,2023,25,13,San Jose Earthquakes,Los Angeles FC,1470.5596754544672,1664.5416964881902,-53.98202103372296,0.42293278309039456
4372,2023-05-07,2023,26,27,Seattle Sounders,Sporting Kansas City,1543.0219982180265,1400.4787672958569,282.54323092216964,0.8356826860247758
4373,2023-05-07,2023,29,17,Toronto FC,New England Revolution,1431.1897558365083,1566.7106155442152,4.479140292293096,0.5064456439488336
4374,2023-05-07,2023,30,15,Vancouver Whitecaps,Minnesota United,1500.185274351506,1510.7204735620985,129.4648007894075,0.6781448483273181
4375,2023-05-13,2023,4,28,Chicago Fire,St. Louis City,1449.877740910802,1539.568306635863,50.309434274938894,0.5718992767037234
4376,2023-05-14,2023,0,3,Atlanta Utd,Charlotte,1502.8877279720648,1446.3449839175885,196.54274405447632,0.7560955084412907
4377,2023-05-14,2023,1,10,Austin FC,FC Dallas,1467.602512644235,1548.3466029566619,59.255909687573194,0.584458778624233
4378,2023-05-14,2023,2,29,CF Montreal,Toronto FC,1540.6879980790548,1410.931930078555,269.7560680004997,0.8253236460960068
4379,2023-05-14,2023,6,21,Colorado Rapids,Philadelphia Union,1529.489130784671,1611.6887067316272,57.8004240530438,0.5824225032618215
4380,2023-05-14,2023,7,20,Columbus Crew,Orlando City,1495.6782174259672,1471.9375311307213,163.74068629524595,0.7196179196724106
4381,2023-05-14,2023,8,16,DC United,Nashville SC,1404.437866631205,1546.5792970694022,-2.141430438197176,0.4969182728960221
4382,2023-05-14,2023,11,26,Houston Dynamo,Seattle Sounders,1454.536495789817,1509.5946907770356,84.94180501278151,0.619862425802156
4383,2023-05-14,2023,12,17,Inter Miami,New England Revolution,1495.2032776413653,1586.9684413021685,48.23483633919682,0.5689729484049685
4384,2023-05-14,2023,19,18,New York Red Bulls,New York City,1458.0383903341692,1545.420541177742,52.617849156427155,0.5751495056357732
4385,2023-05-14,2023,22,30,Portland Timbers,Vancouver Whitecaps,1519.786627298669,1513.0594804184132,146.72714688025576,0.6994393145133289
4386,2023-05-14,2023,23,13,Real Salt Lake,Los Angeles FC,1477.7437445573626,1641.459007811806,-23.71526325444347,0.4659238982545874
4387,2023-05-14,2023,27,15,Sporting Kansas City,Minnesota United,1433.9060747368478,1497.8462674951913,76.05980724165647,0.6077431401279387
4388,2023-05-15,2023,14,25,Los Angeles Galaxy,San Jose Earthquakes,1433.2987608450721,1493.6423641308513,79.65639671422082,0.612667547923288
4389,2023-05-18,2023,0,6,Atlanta Utd,Colorado Rapids,1472.6439076344132,1506.1922306541983,106.45167698021487,0.6485758615559969
4390,2023-05-18,2023,3,4,Charlotte,Chicago Fire,1476.5888042552401,1467.0017698426532,149.58703441258695,0.7028887933788012
4391,2023-05-18,2023,7,14,Columbus Crew,Los Angeles Galaxy,1486.8935006390707,1448.7920589281407,178.10144171092998,0.7359909251703175
4392,2023-05-18,2023,9,2,FC Cincinnati,CF Montreal,1603.3640874226644,1547.6750522352145,195.68903518744992,0.7551880891824385
4393,2023-05-18,2023,10,30,FC Dallas,Vancouver Whitecaps,1571.7249541016313,1501.0370529989464,210.68790110268492,0.7707970141636998
4394,2023-05-18,2023,13,27,Los Angeles FC,Sporting Kansas City,1660.0959637419896,1449.5963491317302,350.4996146102594,0.8826365491369947
4395,2023-05-18,2023,15,11,Minnesota United,Houston Dynamo,1482.155993100309,1429.741998757731,192.413994342578,0.7516858839785042
4396,2023-05-18,2023,16,12,Nashville SC,Inter Miami,1546.456027985243,1512.4443597051666,174.0116682800765,0.7313910537513396
4397,2023-05-18,2023,20,18,Orlando City,New York City,1480.7222479176178,1528.426521403173,92.29572651444482,0.6297855448166685
4398,2023-05-18,2023,21,8,Philadelphia Union,DC United,1634.9856068621002,1404.5611357153641,370.4244711467361,0.8940064421016726
4399,2023-05-18,2023,23,22,Real Salt Lake,Portland Timbers,1459.106788627179,1531.8090547181357,67.29773390904325,0.595655898555413
4400,2023-05-18,2023,26,1,Seattle Sounders,Austin FC,1534.3891878091217,1444.2241614992656,230.1650263098561,0.7900018218301155
4401,2023-05-18,2023,29,19,Toronto FC,New York Red Bulls,1403.9448759223953,1475.0324101087383,68.91246581365704,0.5978926286619057
4402,2023-05-21,2023,1,29,Austin FC,Toronto FC,1475.8242343724703,1400.029170775919,215.79506359655124,0.7759495475617271
4403,2023-05-21,2023,3,16,Charlotte,Nashville SC,1488.4732525200882,1557.2003858351895,71.27286668489864,0.6011549200059387
4404,2023-05-21,2023,4,0,Chicago Fire,Atlanta Utd,1455.1173215778051,1486.7008731721733,108.41644840563185,0.6511493741475054
4405,2023-05-21,2023,6,23,Colorado Rapids,Real Salt Lake,1492.1352651164382,1455.2805526849625,176.85471243147572,0.734594063278421
4406,2023-05-21,2023,8,14,DC United,Los Angeles Galaxy,1420.321393399431,1438.2316959349534,122.08969746447747,0.668809337368769
4407,2023-05-21,2023,9,7,FC Cincinnati,Columbus Crew,1613.1565638553668,1497.453863632258,255.70270022310888,0.8133525426180936
4408,2023-05-21,2023,10,11,FC Dallas,Houston Dynamo,1580.8930735350832,1419.809434116871,301.0836394182122,0.8498183104784036
4409,2023-05-21,2023,12,20,Inter Miami,Orlando City,1501.70000185522,1475.530826124951,166.169175730269,0.722429857933674
4410,2023-05-21,2023,13,25,Los Angeles FC,San Jose Earthquakes,1644.79050177651,1478.1490660477828,306.6414357287272,0.8538559841155992
4411,2023-05-21,2023,19,2,New York Red Bulls,CF Montreal,1478.9481152552146,1537.882575802512,81.06553945270252,0.6145907297085249
4412,2023-05-21,2023,21,17,Philadelphia Union,New England Revolution,1619.2253491780334,1569.7273592383672,189.49798993966624,0.7485395116402211
4413,2023-05-21,2023,22,15,Portland Timbers,Minnesota United,1535.6352906603522,1492.0885577411689,183.54673291918334,0.7420364227496138
4414,2023-05-21,2023,28,27,St. Louis City,Sporting Kansas City,1522.444277704012,1464.90181109721,197.542466606802,0.7571552277708842
4415,2023-05-21,2023,30,26,Vancouver Whitecaps,Seattle Sounders,1491.8689335654944,1502.789114935917,129.0798186295774,0.6776609539828007
4416,2023-05-28,2023,2,12,CF Montreal,Inter Miami,1522.4662049908532,1472.8028075378732,189.66339745298,0.7487186929132437
4417,2023-05-28,2023,6,9,Colorado Rapids,FC Cincinnati,1462.7515025853013,1620.622462150643,-17.870959565341764,0.4743042792189761
4418,2023-05-28,2023,11,1,Houston Dynamo,Austin FC,1433.8021665360072,1484.7862524700013,89.01591406600596,0.6253728557976751
4419,2023-05-28,2023,14,3,Los Angeles Galaxy,Charlotte,1424.9840694297043,1464.4270557198506,100.55701370985366,0.6408033703552474
4420,2023-05-28,2023,15,23,Minnesota United,Real Salt Lake,1521.7700146511534,1484.6643152160993,177.10569943505402,0.7348756536025687
4421,2023-05-28,2023,17,4,New England Revolution,Chicago Fire,1559.668939703976,1449.0713466119048,250.5975930920713,0.8088501051129892
4422,2023-05-28,2023,18,21,New York City,Philadelphia Union,1533.6179431958396,1629.2837687124245,44.334174483415154,0.5634579550437029
4423,2023-05-28,2023,20,0,Orlando City,Atlanta Utd,1504.428020442298,1492.7468481380736,151.68117230422445,0.7054001042826896
4424,2023-05-28,2023,25,10,San Jose Earthquakes,FC Dallas,1472.3033054124066,1566.900341115947,45.402964296459686,0.5649706964766238
4425,2023-05-28,2023,26,19,Seattle Sounders,New York Red Bulls,1489.8955530952292,1494.3644860668735,135.53106702835566,0.6857188068622034
4426,2023-05-28,2023,27,22,Sporting Kansas City,Portland Timbers,1455.1880202080454,1505.9538337503677,89.23418645767765,0.6256671788696194
4427,2023-05-28,2023,28,30,St. Louis City,Vancouver Whitecaps,1532.1580685931765,1504.7624954061823,167.39557318699417,0.7238432808835733
4428,2023-05-28,2023,29,8,Toronto FC,DC United,1391.067152678388,1433.56901990468,97.498132773708,0.6367404140618914
4429,2023-05-29,2023,16,7,Nashville SC,Columbus Crew,1581.246582635427,1489.9879653369817,231.25861729844542,0.7910442848861635
4430,2023-06-01,2023,0,17,Atlanta Utd,New England Revolution,1500.962852309381,1547.3149354994566,93.64791680992448,0.6315985492511731
4431,2023-06-01,2023,1,15,Austin FC,Minnesota United,1469.8011667019082,1512.3749885070506,97.42617819485758,0.6366446024328591
4432,2023-06-01,2023,7,6,Columbus Crew,Colorado Rapids,1481.6297367324282,1443.7793314165422,177.85040531588606,0.73571003809431
4433,2023-06-01,2023,8,2,DC United,CF Montreal,1419.0386364671558,1532.5174572743233,26.521179192832506,0.5380930855221822
4434,2023-06-01,2023,12,19,Inter Miami,New York Red Bulls,1462.751555254403,1481.7932383413615,120.95831691304147,0.6673651584106515
4435,2023-06-01,2023,18,9,New York City,FC Cincinnati,1511.0796249940915,1639.5946333194022,11.484991674689354,0.5165222139729333
4436,2023-06-01,2023,21,3,Philadelphia Union,Charlotte,1651.8220869141726,1490.0591905340605,301.7628963801121,0.850316665315343
4437,2023-06-01,2023,23,14,Real Salt Lake,Los Angeles Galaxy,1494.059341360202,1399.3519346154944,234.70740674470767,0.7943068643119626
4438,2023-06-01,2023,26,25,Seattle Sounders,San Jose Earthquakes,1502.4668008207411,1469.7044775533418,172.76232326739932,0.7299758152110322
4439,2023-06-01,2023,27,10,Sporting Kansas City,FC Dallas,1470.1613330532607,1569.4991689750118,40.66216407824891,0.5582518378665462
4440,2023-06-01,2023,29,4,Toronto FC,Chicago Fire,1405.5975361159124,1461.4253508164243,84.17218529948809,0.6188179510100126
4441,2023-06-01,2023,30,11,Vancouver Whitecaps,Houston Dynamo,1493.7162266415253,1448.7872523041003,184.92897433742496,0.7435565689175032
4442,2023-06-03,2023,18,17,New York City,New England Revolution,1490.4187364351742,1552.5788774695036,77.8398589656706,0.6101831744207673
4443,2023-06-03,2023,26,22,Seattle Sounders,Portland Timbers,1473.2677682122999,1490.9805209051524,122.28724730714748,0.6690611800810193
4444,2023-06-04,2023,1,23,Austin FC,Real Salt Lake,1484.3353826045939,1462.2870667877237,162.04831581687017,0.7176480835284675
4445,2023-06-04,2023,6,25,Colorado Rapids,San Jose Earthquakes,1433.2077329403146,1498.903510161783,74.30422277853154,0.605331361308797
4446,2023-06-04,2023,7,3,Columbus Crew,Charlotte,1492.2013352086558,1484.0718571466741,148.12947806198167,0.7011336035801038
4447,2023-06-04,2023,9,4,FC Cincinnati,Chicago Fire,1660.2555218783195,1466.1780688568247,334.0774530214949,0.872484215747234
4448,2023-06-04,2023,12,8,Inter Miami,DC United,1436.056948917977,1417.5149130462685,158.54203587170855,0.7135403545054788
4449,2023-06-04,2023,15,29,Minnesota United,Toronto FC,1497.840772604365,1400.844818075512,236.99595452885296,0.7964509244248157
4450,2023-06-04,2023,19,20,New York Red Bulls,Orlando City,1508.4878446777875,1496.2120162709905,152.27582840679702,0.7061109641780018
4451,2023-06-04,2023,21,2,Philadelphia Union,CF Montreal,1657.809420301559,1534.0411806952106,263.7682396063483,0.8202986302945893
4452,2023-06-04,2023,28,11,St. Louis City,Houston Dynamo,1543.2043373578335,1438.5295150608003,244.6748222970332,0.8035231677737351
4453,2023-06-04,2023,30,27,Vancouver Whitecaps,Sporting Kansas City,1503.9739638848253,1487.831259538599,156.1427043462263,0.7107089377269448
4454,2023-06-08,2023,10,28,FC Dallas,St. Louis City,1551.8292424896736,1551.0634106468842,140.76583184278934,0.6921762551588873
4455,2023-06-08,2023,13,0,Los Angeles FC,Atlanta Utd,1650.636262411886,1495.6989103393341,294.9373520725519,0.8452466443122514
4456,2023-06-11,2023,0,8,Atlanta Utd,DC United,1509.508776111824,1446.0565272264876,203.45224888533653,0.763355582517706
4457,2023-06-11,2023,2,15,CF Montreal,Minnesota United,1526.8531259069941,1485.9827356273722,180.87039027962192,0.739076401285377
4458,2023-06-11,2023,3,26,Charlotte,Seattle Sounders,1472.1172012898783,1466.5053210090591,145.61188028081915,0.698087953024135
4459,2023-06-11,2023,4,7,Chicago Fire,Columbus Crew,1461.077437486714,1504.1559910654516,96.92144642126232,0.6359722187423397
4460,2023-06-11,2023,11,13,Houston Dynamo,Los Angeles FC,1430.6704417717497,1636.826396639396,-66.15595486764641,0.40592810404123775
4461,2023-06-11,2023,17,12,New England Revolution,Inter Miami,1556.9862044463343,1407.515334737758,289.4708697085764,0.8410856705331162
4462,2023-06-11,2023,20,6,Orlando City,Colorado Rapids,1524.4564548381106,1428.9944784879626,235.461976350148,0.7950156380289564
4463,2023-06-11,2023,23,18,Real Salt Lake,New York City,1490.9929901288624,1486.0114094583435,144.98158067051895,0.6973226999296742
4464,2023-06-11,2023,25,21,San Jose Earthquakes,Philadelphia Union,1503.116764614135,1664.9974750897754,-21.8807104756404,0.4685526908117857
4465,2023-06-11,2023,27,1,Sporting Kansas City,Austin FC,1496.2596170476768,1455.6294592634551,180.63015778422164,0.7388096333150943
4466,2023-06-11,2023,28,14,St. Louis City,Los Angeles Galaxy,1538.7504608532397,1431.1242091879728,247.62625166526686,0.806191584389191
4467,2023-06-11,2023,29,16,Toronto FC,Nashville SC,1412.7028550525047,1589.6048112399806,-36.90195618747589,0.4470926172261618
4468,2023-06-11,2023,30,9,Vancouver Whitecaps,FC Cincinnati,1495.5456063757474,1665.3561532484302,-29.810546872682835,0.4572041429054616
4469,2023-06-12,2023,22,10,Portland Timbers,FC Dallas,1497.7429681083931,1564.142192283318,73.60077582507506,0.6043635347712142
4470,2023-06-15,2023,13,11,Los Angeles FC,Houston Dynamo,1613.0635208010456,1454.4333176101002,298.6302031909454,0.8480068984521384
4471,2023-06-17,2023,18,7,New York City,Columbus Crew,1493.9043174555304,1529.5948798151453,104.30943764038511,0.6457600279579591
4472,2023-06-18,2023,8,23,DC United,Real Salt Lake,1436.5907505271957,1483.1000821316754,93.49066839552029,0.6313879018354385
4473,2023-06-18,2023,16,28,Nashville SC,St. Louis City,1587.488515929027,1526.5027974776722,200.98571845135484,0.7607811294298795
4474,2023-06-18,2023,17,20,New England Revolution,Orlando City,1563.3427776250096,1532.6558293169523,170.68694830805725,0.7276145047951734
4475,2023-06-18,2023,25,22,San Jose Earthquakes,Portland Timbers,1524.3746569816635,1513.5684267175445,150.806230264119,0.7043523687164456
4476,2023-06-18,2023,27,13,Sporting Kansas City,Los Angeles FC,1506.707231715073,1579.14324486296,67.56398685211298,0.5960249891014332
4477,2023-06-22,2023,0,18,Atlanta Utd,New York City,1518.974552811116,1488.073916337212,170.9006364739039,0.7278582296722307
4478,2023-06-22,2023,1,10,Austin FC,FC Dallas,1445.181844596059,1548.3167336741667,36.86511092189221,0.5528549512900806
4479,2023-06-22,2023,2,16,CF Montreal,Nashville SC,1537.290069855579,1597.0572707518318,80.23279910374731,0.6134546435685703
4480,2023-06-22,2023,9,29,FC Cincinnati,Toronto FC,1663.6443189646486,1414.8191503634582,388.8251686011904,0.9036328351873797
4481,2023-06-22,2023,11,25,Houston Dynamo,San Jose Earthquakes,1488.3535935481857,1516.2005622330057,112.15303131517999,0.6560193196336802
4482,2023-06-22,2023,13,26,Los Angeles FC,Seattle Sounders,1602.9842444270173,1474.4288391300245,268.55540529699283,0.824325001398138
4483,2023-06-22,2023,14,27,Los Angeles Galaxy,Sporting Kansas City,1443.3718725635404,1482.8662321510158,100.5056404125246,0.6407352983945391
4484,2023-06-22,2023,19,3,New York Red Bulls,Charlotte,1480.2434061106674,1464.193683168913,156.04972294175445,0.7105988782194804
4485,2023-06-22,2023,20,21,Orlando City,Philadelphia Union,1521.7604095087593,1643.739582722247,18.020826786512316,0.5259108226493777
4486,2023-06-22,2023,22,4,Portland Timbers,Chicago Fire,1521.7425214662023,1435.6385487370203,226.10397272918203,0.7860972588533711
4487,2023-06-22,2023,28,23,St. Louis City,Real Salt Lake,1516.9340426548674,1508.355598205093,148.57844444977445,0.7016748829272743
4488,2023-06-25,2023,1,11,Austin FC,Houston Dynamo,1463.0676465444558,1502.1128207628385,100.95482578161727,0.6413302974068527
4489,2023-06-25,2023,3,2,Charlotte,CF Montreal,1472.617638297692,1552.7518841128363,59.86575418485586,0.5853111200787823
4490,2023-06-25,2023,6,14,Colorado Rapids,Los Angeles Galaxy,1420.795104009121,1437.7424606277589,123.05264338136203,0.6700360157136712
4491,2023-06-25,2023,7,16,Columbus Crew,Nashville SC,1535.4252809334637,1581.5954564945746,93.82982443888909,0.6318421671446437
4492,2023-06-25,2023,8,9,DC United,FC Cincinnati,1411.3352344537782,1667.4990055571534,-116.16377110337521,0.3387896918107029
4493,2023-06-25,2023,13,30,Los Angeles FC,Vancouver Whitecaps,1610.0112443710918,1497.257440659529,252.7538037115628,0.8107618139679442
4494,2023-06-25,2023,17,29,New England Revolution,Toronto FC,1574.2381974332027,1410.9644637709534,303.27373366224924,0.85142024484231
4495,2023-06-25,2023,19,0,New York Red Bulls,Atlanta Utd,1471.8194509818882,1509.8602236242266,101.95922735766158,0.6426591707442795
4496,2023-06-25,2023,21,12,Philadelphia Union,Inter Miami,1644.776015628222,1401.1587615590827,383.61725406913934,0.9009904570025283
4497,2023-06-25,2023,22,18,Portland Timbers,New York City,1490.2986311120676,1497.1882455241014,133.11038558796622,0.6827080469950806
4498,2023-06-25,2023,23,15,Real Salt Lake,Minnesota United,1536.422593522184,1475.5457916787873,200.8768018433966,0.7606670056960443
4499,2023-06-25,2023,25,28,San Jose Earthquakes,St. Louis City,1502.441335018353,1488.8670473377765,153.5742876805764,0.7076596730929121
4500,2023-06-25,2023,26,20,Seattle Sounders,Orlando City,1467.40183918595,1520.7239766027842,86.67786258316573,0.6222143992355856
4501,2023-06-25,2023,27,4,Sporting Kansas City,Chicago Fire,1488.4956440867973,1467.082439091155,161.41320499564222,0.7169066833108366
4502,2023-07-02,2023,0,21,Atlanta Utd,Philadelphia Union,1495.5665904539978,1648.7363973481208,-13.169806894122985,0.48105619659525856
4503,2023-07-02,2023,2,18,CF Montreal,New York City,1556.1643289159877,1504.4965674039047,191.66776151208296,0.750883214075682
4504,2023-07-02,2023,7,19,Columbus Crew,New York Red Bulls,1550.1515942476778,1486.113084152117,204.03851009556092,0.7639646757570042
4505,2023-07-02,2023,9,17,FC Cincinnati,New England Revolution,1641.0505932295814,1580.1813876395104,200.86920559007103,0.7606590448863829
4506,2023-07-02,2023,10,13,FC Dallas,Los Angeles FC,1530.4309317257698,1577.580771812374,92.85015991339583,0.6305293700667322
4507,2023-07-02,2023,12,1,Inter Miami,Austin FC,1397.1983798391839,1477.4144346481817,59.7839451910022,0.5851968103079603
4508,2023-07-02,2023,15,22,Minnesota United,Portland Timbers,1485.9724719066292,1482.9903092322643,142.98216267436487,0.6948879431072494
4509,2023-07-02,2023,16,8,Nashville SC,DC United,1566.8691431803604,1437.7836467813502,269.08549639901025,0.8247664546434329
4510,2023-07-02,2023,20,4,Orlando City,Chicago Fire,1525.6125525722077,1495.7587064235886,169.85384614861914,0.7266629960726916
4511,2023-07-02,2023,25,14,San Jose Earthquakes,Los Angeles Galaxy,1474.1349480946365,1444.5439012563056,169.59104683833084,0.7263624159528633
4512,2023-07-02,2023,26,11,Seattle Sounders,Houston Dynamo,1462.5132632165264,1487.7660326591126,114.74723055741379,0.6593812674495394
4513,2023-07-02,2023,27,30,Sporting Kansas City,Vancouver Whitecaps,1459.8193767543637,1529.6879132182469,70.13146353611683,0.599578497641429
4514,2023-07-02,2023,28,6,St. Louis City,Colorado Rapids,1517.173434261493,1413.9936633805742,243.1797708809188,0.802160924004264
4515,2023-07-02,2023,29,23,Toronto FC,Real Salt Lake,1405.0212735646458,1525.995913294342,19.025360270303736,0.527352360295196
4516,2023-07-05,2023,10,8,FC Dallas,DC United,1545.2097569231005,1430.7743049670876,254.4354519560129,0.8122425751383496
4517,2023-07-05,2023,12,7,Inter Miami,Columbus Crew,1393.7905074268654,1559.5930072173976,-25.802499790532238,0.4629353346765331
4518,2023-07-05,2023,14,13,Los Angeles Galaxy,Los Angeles FC,1453.5983978944203,1562.8019466150433,30.796451279376925,0.5442039475421726
4519,2023-07-05,2023,20,29,Orlando City,Toronto FC,1536.5460327293001,1383.9271791528379,292.61885357646224,0.8434928230573403
4520,2023-07-06,2023,18,3,New York City,Charlotte,1534.5318959669319,1469.2051934945407,205.32670247239116,0.7652992276161265
4521,2023-07-09,2023,2,0,CF Montreal,Atlanta Utd,1526.1290003529605,1516.3243425901876,149.80465776277288,0.703150344397106
4522,2023-07-09,2023,3,9,Charlotte,FC Cincinnati,1479.8171625991858,1630.6242314341262,-10.80706883494031,0.4844523917191233
4523,2023-07-09,2023,4,16,Chicago Fire,Nashville SC,1484.8252262664962,1573.878484994623,50.94674127187318,0.5727972323098685
4524,2023-07-09,2023,6,10,Colorado Rapids,FC Dallas,1406.0801003407448,1512.7200539175665,33.360046423178346,0.5478619694180432
4525,2023-07-09,2023,7,18,Columbus Crew,New York City,1558.110420604459,1523.9199268622867,174.1904937421723,0.7315932400387474
4526,2023-07-09,2023,8,12,DC United,Inter Miami,1463.2640079726216,1395.273094039804,207.99091393281765,0.7680426852474822
4527,2023-07-09,2023,11,27,Houston Dynamo,Sporting Kansas City,1474.1412833570942,1475.8362368487064,138.3050465083877,0.6891498655787296
4528,2023-07-09,2023,13,25,Los Angeles FC,San Jose Earthquakes,1544.5701045167302,1465.0804514565218,219.4896530602084,0.7796252772801859
4529,2023-07-09,2023,14,21,Los Angeles Galaxy,Philadelphia Union,1471.8302399927334,1627.978645211931,-16.148405219197684,0.4767772969219518
4530,2023-07-09,2023,15,1,Minnesota United,Austin FC,1498.1769541823392,1480.8223070605002,157.35464712183898,0.7121412077316246
4531,2023-07-09,2023,19,17,New York Red Bulls,New England Revolution,1476.6716711823972,1590.6077494349656,26.06392174743155,0.5374387934544317
4532,2023-07-09,2023,23,20,Real Salt Lake,Orlando City,1547.09000770615,1542.8063198070065,144.2836878991434,0.6964741021738374
4533,2023-07-09,2023,29,28,Toronto FC,St. Louis City,1377.6668920751315,1525.0869973013223,-7.420105226190799,0.489323233416466
4534,2023-07-09,2023,30,26,Vancouver Whitecaps,Seattle Sounders,1513.6710531239041,1476.1380125185449,177.53304060535925,0.7353546616682092
4535,2023-07-13,2023,4,2,Chicago Fire,CF Montreal,1501.9133369741014,1498.0029865770762,143.91035039702524,0.6960195944282214
4536,2023-07-13,2023,6,22,Colorado Rapids,Portland Timbers,1424.165621564023,1470.7858269565543,93.37979460746874,0.6312393469873616
4537,2023-07-13,2023,11,15,Houston Dynamo,Minnesota United,1466.575288733945,1469.6913058730743,136.88398286087067,0.687394756784459
4538,2023-07-13,2023,13,28,Los Angeles FC,St. Louis City,1533.3850934255229,1544.659926637981,128.72516678754187,0.6772148452822285
4539,2023-07-13,2023,16,21,Nashville SC,Philadelphia Union,1556.7903742870178,1607.049737088809,89.74063719820879,0.6263497293861575
4540,2023-07-13,2023,17,0,New England Revolution,Atlanta Utd,1572.1053011731428,1544.450356366072,167.65494480707093,0.7241416357397343
4541,2023-07-13,2023,19,9,New York Red Bulls,FC Cincinnati,1495.17411944422,1630.002327102891,5.17179234132891,0.507442257787412
4542,2023-07-13,2023,25,26,San Jose Earthquakes,Seattle Sounders,1476.2654625477292,1505.5521989852732,110.71326356245595,0.6541466624826703
4543,2023-07-13,2023,27,23,Sporting Kansas City,Real Salt Lake,1483.4022314718557,1559.2310436191965,64.17118785265916,0.5913137600807845
4544,2023-07-13,2023,30,1,Vancouver Whitecaps,Austin FC,1484.2568666571758,1509.307955369765,114.94891128741074,0.6596419697322785
4545,2023-07-16,2023,0,20,Atlanta Utd,Orlando City,1533.4160217956612,1530.66528389396,142.7507379017013,0.6946054210276642
4546,2023-07-16,2023,1,27,Austin FC,Sporting Kansas City,1495.6936341590563,1479.7496810686243,155.94395309043193,0.7104736512136665
4547,2023-07-16,2023,2,3,CF Montreal,Charlotte,1485.843770354205,1480.439066930421,145.40470342378399,0.6978365386624213
4548,2023-07-16,2023,4,29,Chicago Fire,Toronto FC,1514.0725531969726,1358.0939627384728,295.97859045849987,0.8460290469733956
4549,2023-07-16,2023,6,11,Colorado Rapids,Houston Dynamo,1418.9160476845286,1439.0794984625666,119.83654922196206,0.665930138270161
4550,2023-07-16,2023,9,16,FC Cincinnati,Nashville SC,1650.3000174143876,1531.7363851115715,258.56363230281613,0.8158397898060994
4551,2023-07-16,2023,15,13,Minnesota United,Los Angeles FC,1497.1870961444527,1546.2964996142337,90.890596530219,0.6278976750043593
4552,2023-07-16,2023,17,8,New England Revolution,DC United,1583.1396357435535,1452.5423005627224,270.5973351808311,0.8260206954528431
4553,2023-07-16,2023,21,18,Philadelphia Union,New York City,1632.1037262642553,1533.1836564638365,238.9200698004188,0.7982406516116447
4554,2023-07-16,2023,22,7,Portland Timbers,Columbus Crew,1476.0354008360487,1548.8466910029092,67.18870983313946,0.5955047337362157
4555,2023-07-16,2023,23,19,Real Salt Lake,New York Red Bulls,1562.8835940224278,1474.8764291327234,228.00716488970443,0.7879336598630146
4556,2023-07-16,2023,26,10,Seattle Sounders,FC Dallas,1491.71806548458,1494.6345326942883,137.08353279029166,0.6876415403444318
4557,2023-07-16,2023,28,12,St. Louis City,Inter Miami,1531.7485204492702,1405.9948014497031,265.7537189995671,0.8219772517969625
4558,2023-07-16,2023,30,14,Vancouver Whitecaps,Los Angeles Galaxy,1497.8711878678846,1492.7591481158554,145.1120397520292,0.6974811816935954
4559,2023-08-21,2023,4,20,Chicago Fire,Orlando City,1520.231391318037,1558.4495007350665,101.78189058297039,0.6424247041005694
4560,2023-08-21,2023,7,9,Columbus Crew,FC Cincinnati,1532.6668803523578,1657.6664258221438,15.000454530214029,0.5215739859549327
4561,2023-08-21,2023,11,22,Houston Dynamo,Portland Timbers,1445.716703993373,1492.2152114866,93.50149250677282,0.6314024032453955
4562,2023-08-21,2023,18,15,New York City,Minnesota United,1525.1132825283023,1492.0711891442784,173.04209338402393,0.7302931423686694
4563,2023-08-21,2023,19,8,New York Red Bulls,DC United,1466.3937755272439,1445.5831283808361,160.81064714640775,0.7162021960803475
4564,2023-08-21,2023,26,0,Seattle Sounders,Atlanta Utd,1484.2124038708027,1505.6318049545546,118.58059891624816,0.6643198132534532
4565,2023-08-21,2023,28,1,St. Louis City,Austin FC,1538.8694303773918,1507.2746881105097,171.59474226688212,0.7286489585089058
4566,2023-08-21,2023,29,2,Toronto FC,CF Montreal,1351.9351246174085,1497.9303088077081,-5.995184190299597,0.4913730926213554
4567,2023-08-21,2023,30,25,Vancouver Whitecaps,San Jose Earthquakes,1509.971940600141,1490.0995960484224,159.87234455171847,0.7151030644892934
4568,2023-08-24,2023,13,6,Los Angeles FC,Colorado Rapids,1551.412406614408,1412.2788421537223,279.13356446068565,0.8329696898897535
4569,2023-08-27,2023,0,16,Atlanta Utd,Nashville SC,1532.2045974846926,1524.3699767038154,147.83462078087723,0.7007778136856658
4570,2023-08-27,2023,2,17,CF Montreal,New England Revolution,1517.5852325125622,1590.0988079254398,67.48642458712243,0.5959174803636271
4571,2023-08-27,2023,3,13,Charlotte,Los Angeles FC,1468.3525284769178,1558.093619018818,50.25890945809988,0.5718280676798033
4572,2023-08-27,2023,7,29,Columbus Crew,Toronto FC,1551.8039209141605,1332.2802009125544,359.5237200016061,0.8879116550205296
4573,2023-08-27,2023,8,21,DC United,Philadelphia Union,1434.23121622405,1640.1741001997896,-65.9428839757395,0.4062239175531199
4574,2023-08-27,2023,9,18,FC Cincinnati,New York City,1638.529385260341,1495.9015568335556,282.6278284267855,0.8357495461189633
4575,2023-08-27,2023,10,1,FC Dallas,Austin FC,1502.1401943080655,1496.420646450866,145.7195478571996,0.6982185634636318
4576,2023-08-27,2023,14,4,Los Angeles Galaxy,Chicago Fire,1480.6583953835993,1494.5344031540142,126.12399222958516,0.6739330534472342
4577,2023-08-27,2023,15,26,Minnesota United,Seattle Sounders,1521.2829148390251,1457.6396113406647,203.6433034983604,0.7635541968394629
4578,2023-08-27,2023,19,12,New York Red Bulls,Inter Miami,1477.74568768403,1398.8738915215815,218.8717961624484,0.7790135991333309
4579,2023-08-27,2023,20,28,Orlando City,St. Louis City,1584.1464888990893,1549.7234720370357,174.4230168620536,0.7318559946227297
4580,2023-08-27,2023,22,30,Portland Timbers,Vancouver Whitecaps,1477.471307616416,1481.367818020569,136.1034895958469,0.6864285003386295
4581,2023-08-27,2023,23,11,Real Salt Lake,Houston Dynamo,1571.3662476279073,1460.460607863557,250.90563976435033,0.8091241214330102
4582,2023-08-27,2023,27,25,Sporting Kansas City,San Jose Earthquakes,1468.168627117171,1518.7037186279942,89.46490848917665,0.6259781882599109
4583,2023-08-31,2023,0,9,Atlanta Utd,FC Cincinnati,1544.173484937266,1645.0994034155826,39.07408152168341,0.5559962383491446
4584,2023-08-31,2023,1,26,Austin FC,Seattle Sounders,1484.3493889894112,1468.1817792142433,156.16760977516788,0.710738413377321
4585,2023-08-31,2023,3,20,Charlotte,Orlando City,1485.4794057697256,1594.87224911418,30.607156655545623,0.5439336468854802
4586,2023-08-31,2023,4,30,Chicago Fire,Vancouver Whitecaps,1481.4917252919035,1508.8249580341142,112.66676725778939,0.6566863501104941
4587,2023-08-31,2023,11,7,Houston Dynamo,Columbus Crew,1492.8255727208775,1556.2874547133392,76.53811800753829,0.6083993267536112
4588,2023-08-31,2023,12,16,Inter Miami,Nashville SC,1430.0344354869148,1512.401089251242,57.63334623567289,0.5821885742323645
4589,2023-08-31,2023,15,6,Minnesota United,Colorado Rapids,1510.7407469654465,1405.5976297493123,245.14311721613421,0.8039484031922464
4590,2023-08-31,2023,17,19,New England Revolution,New York Red Bulls,1573.9355071399848,1446.5851437186966,267.3503634212882,0.8233182026066787
4591,2023-08-31,2023,18,2,New York City,CF Montreal,1489.331538678314,1533.7485332980173,95.58300538029675,0.6341866331185666
4592,2023-08-31,2023,22,23,Portland Timbers,Real Salt Lake,1450.0141676028709,1539.0012827705868,51.012884832284044,0.57289040018523
4593,2023-08-31,2023,25,14,San Jose Earthquakes,Los Angeles Galaxy,1503.7428461583906,1493.70107324571,150.0417729126807,0.7034351701590796
4594,2023-08-31,2023,28,10,St. Louis City,FC Dallas,1538.997711821945,1514.2114517695202,164.78626005242472,0.7208307152309367
4595,2023-08-31,2023,29,21,Toronto FC,Philadelphia Union,1327.7966671133756,1656.4230569019144,-188.62638978853875,0.25240606878217065
4596,2023-09-02,2023,18,30,New York City,Vancouver Whitecaps,1503.9640733535714,1535.092412038534,108.8716613150375,0.6517443758026407
4597,2023-09-03,2023,2,7,CF Montreal,Columbus Crew,1519.11599862276,1540.6234277834837,118.49257083927614,0.664206803486446
4598,2023-09-03,2023,8,4,DC United,Chicago Fire,1417.9822595219252,1455.2242712874838,102.75798823444143,0.6437144084109402
4599,2023-09-03,2023,9,20,FC Cincinnati,Orlando City,1667.3392529495484,1596.6295949895991,210.70965795994925,0.7708191398843538
4600,2023-09-03,2023,10,0,FC Dallas,Atlanta Utd,1503.0446803787577,1521.9336354033003,121.11104497545739,0.6675602964240522
4601,2023-09-03,2023,14,11,Los Angeles Galaxy,Houston Dynamo,1521.8384800520732,1508.489599650733,153.34888040134024,0.7073911672227307
4602,2023-09-03,2023,16,3,Nashville SC,Charlotte,1515.6886322205366,1483.7220598943065,171.9665723262301,0.7290719555938497
4603,2023-09-03,2023,17,1,New England Revolution,Austin FC,1581.0027790357176,1455.9198524543183,265.0829265813993,0.8214115091895586
4604,2023-09-03,2023,23,6,Real Salt Lake,Colorado Rapids,1521.916898777996,1397.7555658770023,264.1613329009938,0.8206319491390576
4605,2023-09-03,2023,25,15,San Jose Earthquakes,Minnesota United,1475.6054393520274,1518.5828108377566,97.02262851427076,0.6361070521851188
4606,2023-09-03,2023,26,22,Seattle Sounders,Portland Timbers,1496.6113157493362,1467.0985515954617,169.5127641538745,0.7262728393032443
4607,2023-09-03,2023,27,28,Sporting Kansas City,St. Louis City,1483.1294995867745,1550.1644832127074,72.96501637406709,0.6034881308047951
4608,2023-09-04,2023,13,12,Los Angeles FC,Inter Miami,1540.96674172601,1426.7468925176202,254.21984920838986,0.8120532269577173
4609,2023-09-04,2023,21,19,Philadelphia Union,New York Red Bulls,1626.5192996532012,1439.5178718229638,327.0014278302374,0.867883288198372
4610,2023-09-10,2023,8,25,DC United,San Jose Earthquakes,1432.2336831854877,1470.1611572646227,102.07252592086502,0.6428089332262052
4611,2023-09-10,2023,12,27,Inter Miami,Sporting Kansas City,1459.2290215959288,1498.9899743545827,100.23904724134604,0.640381959342253
4612,2023-09-10,2023,15,17,Minnesota United,New England Revolution,1524.0270929251612,1568.1463186681353,95.8807742570259,0.6345842013449935
4613,2023-09-10,2023,22,13,Portland Timbers,Los Angeles FC,1476.1494651675914,1508.4846126477014,107.66485251989002,0.6501659437036724
4614,2023-09-11,2023,14,28,Los Angeles Galaxy,St. Louis City,1513.542833363164,1534.3040084448992,119.23882491826475,0.6651642416145319
4615,2023-09-16,2023,0,12,Atlanta Utd,Inter Miami,1528.6360472602623,1473.6137432222386,195.02230403802378,0.7544778262537121
4616,2023-09-16,2023,18,19,New York City,New York Red Bulls,1497.8942983214658,1434.2332033508987,203.6610949705671,0.7635726864319572
4617,2023-09-17,2023,2,4,CF Montreal,Chicago Fire,1492.547726483302,1440.9728476239213,191.57487885938076,0.7507831855320387
4618,2023-09-17,2023,3,8,Charlotte,DC United,1492.8849381180605,1426.5213258564395,206.36361226162103,0.7663696470713641
4619,2023-09-17,2023,6,17,Colorado Rapids,New England Revolution,1390.5808438425645,1573.5296867219351,-42.94884287937066,0.43850456708047875
4620,2023-09-17,2023,10,26,FC Dallas,Seattle Sounders,1496.3422685217956,1487.5604021772065,148.78186634458916,0.7019199452486263
4621,2023-09-17,2023,11,28,Houston Dynamo,St. Louis City,1516.7852463396423,1540.9105781094804,115.87466823016189,0.6608374065093697
4622,2023-09-17,2023,13,14,Los Angeles FC,Los Angeles Galaxy,1494.4912503958483,1506.9362636985827,127.55498669726558,0.6757406143364271
4623,2023-09-17,2023,15,27,Minnesota United,Sporting Kansas City,1518.6437248713614,1484.605252728273,174.03847214308848,0.7314213652701506
4624,2023-09-17,2023,20,7,Orlando City,Columbus Crew,1627.4623605849733,1567.1916999229416,200.2706606620318,0.7600312044379622
4625,2023-09-17,2023,21,9,Philadelphia Union,FC Cincinnati,1631.8039681252662,1636.5064873541742,135.29748077109207,0.6854289551694941
4626,2023-09-17,2023,25,23,San Jose Earthquakes,Real Salt Lake,1475.873514593671,1529.0916208124338,86.78189378123716,0.6223551571937949
4627,2023-09-17,2023,29,30,Toronto FC,Vancouver Whitecaps,1357.7004243620888,1541.1621870706394,-43.46176270855062,0.43777771444147245
4628,2023-09-18,2023,1,22,Austin FC,Portland Timbers,1468.7763128219005,1490.1428274194445,118.63348540245602,0.6643876994685242
4629,2023-09-21,2023,2,9,CF Montreal,FC Cincinnati,1482.5163990620206,1643.923645560954,-21.40724649893332,0.46923142268372947
4630,2023-09-21,2023,3,21,Charlotte,Philadelphia Union,1482.2301522352059,1624.3868099184865,-2.1566576832806277,0.496896359967209
4631,2023-09-21,2023,6,26,Colorado Rapids,Seattle Sounders,1413.0406611593453,1495.6371999871515,57.40346117219383,0.5818666470740677
4632,2023-09-21,2023,7,4,Columbus Crew,Chicago Fire,1557.59294810046,1451.0041750452028,246.5887730552572,0.8052567399645123
4633,2023-09-21,2023,8,0,DC United,Atlanta Utd,1437.1761117392941,1538.4569342101138,38.71917752918034,0.5554918388807335
4634,2023-09-21,2023,11,30,Houston Dynamo,Vancouver Whitecaps,1510.3517500792675,1558.6732956482983,91.67845443096917,0.6289566903823339
4635,2023-09-21,2023,12,29,Inter Miami,Toronto FC,1463.792856272387,1340.18931578443,263.60354048795716,0.8201588318899501
4636,2023-09-21,2023,14,15,Los Angeles Galaxy,Minnesota United,1493.9658882720398,1489.3868702605555,144.57901801148432,0.6968333705660388
4637,2023-09-21,2023,18,20,New York City,Orlando City,1487.3513908641876,1637.0611124074549,-9.709721543267278,0.4860302241738663
4638,2023-09-21,2023,19,1,New York Red Bulls,Austin FC,1444.776110808177,1442.2008048431596,142.57530596501738,0.6943911570471731
4639,2023-09-21,2023,22,25,Portland Timbers,San Jose Earthquakes,1516.7183353981854,1490.9793083059192,165.73902709226627,0.7219330577785102
4640,2023-09-21,2023,23,10,Real Salt Lake,FC Dallas,1513.9858271001856,1488.2654707118506,165.72035638833495,0.7219114816739312
4641,2023-09-21,2023,27,16,Sporting Kansas City,Nashville SC,1513.8621073390789,1506.5257539967827,147.3363533422962,0.7001760274958457
4642,2023-09-21,2023,28,13,St. Louis City,Los Angeles FC,1547.3440743698552,1507.4616258223912,179.88244854746404,0.7379782063481006
4643,2023-09-24,2023,0,2,Atlanta Utd,CF Montreal,1540.676607765343,1483.7471421546713,196.92946561067174,0.7565058096831204
4644,2023-09-24,2023,4,17,Chicago Fire,New England Revolution,1443.2144446437833,1551.0698694051543,32.14457523862893,0.5461282203265595
4645,2023-09-24,2023,8,19,DC United,New York Red Bulls,1434.9564381840648,1437.00046452629,137.95597365777485,0.6887192383786032
4646,2023-09-24,2023,9,3,FC Cincinnati,Charlotte,1642.6929024683031,1482.3542978365176,300.33860463178553,0.849270126033578
4647,2023-09-24,2023,10,7,FC Dallas,Columbus Crew,1517.1419299788079,1565.3826785018796,91.75925147692828,0.6290652255473902
4648,2023-09-24,2023,15,28,Minnesota United,St. Louis City,1477.260205083197,1537.8249461159312,79.43525896726578,0.6123654208987891
4649,2023-09-24,2023,18,29,New York City,Toronto FC,1507.9101818972329,1332.995669060028,314.91451283720494,0.8596991741401177
4650,2023-09-24,2023,21,13,Philadelphia Union,Los Angeles FC,1624.2626643171748,1516.9807540763152,247.2819102408596,0.805881685953202
4651,2023-09-24,2023,22,6,Portland Timbers,Colorado Rapids,1527.841013087045,1389.7659952763827,278.0750178106623,0.8321201751982914
4652,2023-09-24,2023,23,30,Real Salt Lake,Vancouver Whitecaps,1485.1093678332284,1543.8315632635918,81.2778045696366,0.6148801184490135
4653,2023-09-24,2023,25,16,San Jose Earthquakes,Nashville SC,1479.8566306170596,1534.5327950966166,85.32383552044303,0.6203804800222191
4654,2023-09-24,2023,27,11,Sporting Kansas City,Houston Dynamo,1485.855066239245,1525.193482463974,100.66158377527086,0.6409419129433135
4655,2023-09-25,2023,1,14,Austin FC,Los Angeles Galaxy,1449.9764511250467,1506.0925534493983,83.88389767564831,0.6184264232292686
4656,2023-09-25,2023,20,12,Orlando City,Inter Miami,1616.5023213744096,1470.986502996789,285.51581837762046,0.8380189238715788
4657,2023-09-28,2023,6,30,Colorado Rapids,Vancouver Whitecaps,1383.0508022843144,1528.4267680015523,-5.375965717237932,0.49226398080607814
4658,2023-09-28,2023,21,10,Philadelphia Union,FC Dallas,1612.0273968790466,1511.9793209569123,240.04807592213433,0.7992843930085513
4659,2023-10-01,2023,6,1,Colorado Rapids,Austin FC,1383.3602430520712,1445.239394195876,78.12084885619515,0.6105678456562322
4660,2023-10-01,2023,7,21,Columbus Crew,Philadelphia Union,1570.5452875237752,1600.0560211587047,110.48926636507053,0.6538548850811279
4661,2023-10-01,2023,11,10,Houston Dynamo,FC Dallas,1510.8311589817067,1523.9506966772542,126.88046230445252,0.6748892374739082
4662,2023-10-01,2023,12,18,Inter Miami,New York City,1484.5072599516523,1513.5222149316282,110.98504502002402,0.6545005276461565
4663,2023-10-01,2023,14,22,Los Angeles Galaxy,Portland Timbers,1510.829610378569,1534.5562060791133,116.2734042994557,0.6613516671614269
4664,2023-10-01,2023,15,25,Minnesota United,San Jose Earthquakes,1452.7655882472454,1475.0414114161708,117.7241768310746,0.6632195476172013
4665,2023-10-01,2023,16,26,Nashville SC,Seattle Sounders,1539.3480142975054,1518.911865870114,160.43614842739134,0.7157638137809815
4666,2023-10-01,2023,17,3,New England Revolution,Charlotte,1552.9149982182166,1476.3251028778607,216.58989534035595,0.7767439882260918
4667,2023-10-01,2023,19,4,New York Red Bulls,Chicago Fire,1464.5492340614342,1441.369315830721,163.17991823071316,0.7189661430011013
4668,2023-10-01,2023,20,2,Orlando City,CF Montreal,1602.9815644195464,1474.0073745419961,268.9741898775503,0.8246738324822195
4669,2023-10-01,2023,28,27,St. Louis City,Sporting Kansas City,1562.3195629518827,1500.2173897215123,202.10217323037045,0.7619488078198384
4670,2023-10-01,2023,29,9,Toronto FC,FC Cincinnati,1327.3836360256325,1648.72209742696,-181.33846140132755,0.2604043322141695
4671,2023-10-01,2023,30,8,Vancouver Whitecaps,DC United,1528.1173272337955,1407.4076686489207,260.7096585848749,0.8176886101562494
4672,2023-10-02,2023,13,23,Los Angeles FC,Real Salt Lake,1529.2160215144434,1500.5141630952678,168.70185841917555,0.7253438687826433
4673,2023-10-05,2023,1,8,Austin FC,DC United,1429.6621080221253,1420.1152130551707,149.5468949669546,0.7028405371834601
4674,2023-10-05,2023,2,11,CF Montreal,Houston Dynamo,1466.994327841285,1503.8355894827505,103.15873835853449,0.6442433122264207
4675,2023-10-05,2023,3,29,Charlotte,Toronto FC,1467.3948624069044,1316.9674627370657,290.4273996698387,0.8418202547486838
4676,2023-10-05,2023,4,12,Chicago Fire,Inter Miami,1470.1279615507651,1478.327238845806,131.80072270495907,0.6810727152628667
4677,2023-10-05,2023,9,19,FC Cincinnati,New York Red Bulls,1659.138270715527,1435.79058834139,363.34768237413687,0.8900838033463538
4678,2023-10-05,2023,13,15,Los Angeles FC,Minnesota United,1500.2022667631377,1446.2368063425574,193.96546042058026,0.7533491349862029
4679,2023-10-05,2023,16,20,Nashville SC,Orlando City,1530.717461746266,1609.9946111202576,60.722850626008494,0.5865081662786145
4680,2023-10-05,2023,17,7,New England Revolution,Columbus Crew,1561.845238689173,1564.3910921205302,137.45414656864273,0.6880995964214058
4681,2023-10-05,2023,21,0,Philadelphia Union,Atlanta Utd,1606.2102165619497,1550.4163753780183,195.79384118393136,0.7552996117175386
4682,2023-10-05,2023,26,14,Seattle Sounders,Los Angeles Galaxy,1527.5424184213534,1504.375543692112,163.1668747292415,0.7189509716551311
4683,2023-10-05,2023,30,28,Vancouver Whitecaps,St. Louis City,1515.4097828275455,1571.8416106390891,83.5681721884564,0.6179974550912581
4684,2023-10-08,2023,0,7,Atlanta Utd,Columbus Crew,1540.6283598467198,1591.9150759773863,88.71328386933351,0.6249646294978881
4685,2023-10-08,2023,1,13,Austin FC,Los Angeles FC,1441.548486534787,1510.0683013636897,71.48018517109722,0.6014410292532233
4686,2023-10-08,2023,2,22,CF Montreal,Portland Timbers,1461.224595352228,1541.0102727655703,60.21432258665777,0.5857980633805507
4687,2023-10-08,2023,4,3,Chicago Fire,Charlotte,1482.8850529402505,1473.722052216957,149.1630007232934,0.7023787858012039
4688,2023-10-08,2023,8,18,DC United,New York City,1408.228834542509,1519.7022360374744,28.5265985050346,0.54096107137443
4689,2023-10-08,2023,10,25,FC Dallas,San Jose Earthquakes,1530.9462661762104,1481.5701933208588,189.3760728553516,0.7484073880120241
4690,2023-10-08,2023,11,6,Houston Dynamo,Colorado Rapids,1509.6053219718074,1398.937529225822,250.66779274598548,0.808912576129508
4691,2023-10-08,2023,12,9,Inter Miami,FC Cincinnati,1465.5701474563207,1623.5349185816729,-17.964771125352172,0.47416963196423784
4692,2023-10-08,2023,15,14,Minnesota United,Los Angeles Galaxy,1436.3707717420054,1493.1335825583171,83.23718918368832,0.6175475593812114
4693,2023-10-08,2023,19,29,New York Red Bulls,Toronto FC,1471.393940475244,1310.640272927013,300.7536675482311,0.8495757253203424
4694,2023-10-08,2023,20,17,Orlando City,New England Revolution,1633.4549377714022,1534.3212548323168,239.13368293908547,0.798438618187138
4695,2023-10-08,2023,21,16,Philadelphia Union,Nashville SC,1615.9982320932481,1507.2571350951214,248.74109699812675,0.807192338005431
4696,2023-10-08,2023,23,27,Real Salt Lake,Sporting Kansas City,1529.5279178465735,1490.695342034306,178.83257581226758,0.7368079067670814
4697,2023-10-08,2023,26,30,Seattle Sounders,Vancouver Whitecaps,1538.7843795551482,1530.6898846238953,148.09449493125294,0.7010914038348451
4698,2023-10-15,2023,10,6,FC Dallas,Colorado Rapids,1521.0099706557294,1391.2940322710022,269.7159383847272,0.8252903409193
4699,2023-10-15,2023,14,23,Los Angeles Galaxy,Real Salt Lake,1477.8354849335656,1500.0556015758903,117.77988335767532,0.6632911690883707
4700,2023-10-15,2023,16,17,Nashville SC,New England Revolution,1519.5448286153387,1526.2587995598024,133.28602905553635,0.6829270255176272
4701,2023-10-19,2023,12,3,Inter Miami,Charlotte,1446.6033621777513,1501.8172036490053,84.786158528746,0.6196512822923868
4702,2023-10-21,2023,3,12,Charlotte,Inter Miami,1506.6032549407007,1441.8173108860558,204.78594405464492,0.7647396462631024
4703,2023-10-21,2023,7,2,Columbus Crew,CF Montreal,1596.913661157302,1477.7926728170062,259.12098834029575,0.81632134808613
4704,2023-10-21,2023,9,0,FC Cincinnati,Atlanta Utd,1642.5017038602423,1535.6297746668042,246.87192919343806,0.8055122231671795
4705,2023-10-21,2023,16,19,Nashville SC,New York Red Bulls,1532.2277475946337,1477.4109114624305,194.8168361322032,0.754258663080645
4706,2023-10-21,2023,17,21,New England Revolution,Philadelphia Union,1513.5758805805074,1603.7105385730308,49.865342007476556,0.5712732771651206
4707,2023-10-21,2023,18,4,New York City,Chicago Fire,1501.3406788924517,1454.7899015082023,186.5507773842494,0.7453326789802365
4708,2023-10-21,2023,29,20,Toronto FC,Orlando City,1304.6233019398267,1641.5173930439166,-196.89409110408997,0.2435317022670553
4709,2023-10-22,2023,6,23,Colorado Rapids,Real Salt Lake,1404.305645907774,1506.587248339425,37.71839756834902,0.554068889738223
4710,2023-10-22,2023,14,10,Los Angeles Galaxy,FC Dallas,1471.3038381700308,1507.9983570189574,103.30548115107331,0.6444368931375162
4711,2023-10-22,2023,22,11,Portland Timbers,Houston Dynamo,1524.4421953007923,1517.248818926627,147.19337637416515,0.7000032182777957
4712,2023-10-22,2023,25,1,San Jose Earthquakes,Austin FC,1491.50648884134,1417.490845364658,214.01564347668182,0.7741637221057167
4713,2023-10-22,2023,27,15,Sporting Kansas City,Minnesota United,1520.1676583049891,1451.668869366757,208.4987889382321,0.7685631190073396
4714,2023-10-22,2023,28,26,St. Louis City,Seattle Sounders,1556.5615088427394,1530.7407234017544,165.820785440985,0.7220275266507821
4715,2023-10-22,2023,30,13,Vancouver Whitecaps,Los Angeles FC,1538.7335407772891,1534.1259425338185,144.60759824347065,0.6968681256000722
4716,2023-10-26,2023,19,3,New York Red Bulls,Charlotte,1507.5812579856563,1516.0136690901766,131.56758889547973,0.6807811393806955
4717,2023-10-26,2023,27,25,Sporting Kansas City,San Jose Earthquakes,1529.4251335446954,1480.5399399571113,188.88519358758413,0.7478749476128079
4718,2023-10-28,2023,21,17,Philadelphia Union,New England Revolution,1586.5614696596356,1530.7249494939026,195.83652016573296,0.7553450159591448
4719,2023-10-29,2023,11,23,Houston Dynamo,Real Salt Lake,1545.2489476577389,1528.750003928954,156.49894372878498,0.7111303785984777
4720,2023-10-29,2023,13,30,Los Angeles FC,Vancouver Whitecaps,1542.0006675578213,1530.8588157532863,151.141851804535,0.7047545282265295
4721,2023-10-30,2023,9,19,FC Cincinnati,New York Red Bulls,1630.281214933555,1520.3500124104285,249.93120252312656,0.8082563040671986
4722,2023-10-30,2023,20,16,Orlando City,Nashville SC,1651.258661134599,1502.0574010714079,289.20126006319106,0.8408781197913008
4723,2023-10-30,2023,28,27,St. Louis City,Sporting Kansas City,1527.680407776708,1519.510135640183,148.170272136525,0.7011828086822519
4724,2023-10-31,2023,26,10,Seattle Sounders,FC Dallas,1559.6218244677857,1533.775832744458,165.84599172332764,0.7220566476349718
4725,2023-11-01,2023,7,0,Columbus Crew,Atlanta Utd,1604.2608072338567,1547.8502635934915,196.41054364036518,0.755955139961579
4726,2023-11-04,2023,19,9,New York Red Bulls,FC Cincinnati,1512.6802645731163,1637.9509627708671,14.72930180224921,0.5211844792656368
4727,2023-11-05,2023,10,26,FC Dallas,Seattle Sounders,1522.658098649857,1570.7395585623867,91.91854008747032,0.6292791607364322
4728,2023-11-05,2023,27,28,Sporting Kansas City,St. Louis City,1547.557447987473,1499.633095429418,187.92435255805503,0.7468305955111638
4729,2023-11-06,2023,30,13,Vancouver Whitecaps,Los Angeles FC,1519.0489968823474,1553.8104864287602,105.2385104535872,0.6469824881238532
4730,2023-11-07,2023,23,11,Real Salt Lake,Houston Dynamo,1517.195219072893,1556.8037325137998,100.39148655909321,0.6405840190539349
4731,2023-11-08,2023,0,7,Atlanta Utd,Columbus Crew,1538.0884691919546,1614.0226016353936,64.06586755656099,0.5911672391057309
4732,2023-11-08,2023,16,20,Nashville SC,Orlando City,1495.69252586306,1657.6235363429469,-21.931010479886936,0.46848059028955646
4733,2023-11-09,2023,17,21,New England Revolution,Philadelphia Union,1520.9387501322683,1596.34766902127,64.5910811109984,0.5918977516053376
4734,2023-11-11,2023,11,23,Houston Dynamo,Real Salt Lake,1562.427093275957,1511.5718583107357,190.85523496522137,0.7500072671874969
4735,2023-11-11,2023,26,10,Seattle Sounders,FC Dallas,1555.910724991844,1537.4869322203997,158.42379277144437,0.7134012066211628
4736,2023-11-13,2023,7,0,Columbus Crew,Atlanta Utd,1597.6692911996229,1554.4417796277253,183.2275115718976,0.7416845186582339
4737,2023-11-25,2023,20,7,Orlando City,Columbus Crew,1676.362759954529,1608.0019104532935,208.36084950123563,0.7684218493619235
4738,2023-11-26,2023,9,21,FC Cincinnati,Philadelphia Union,1638.7983419414927,1620.0235790854833,158.77476285600937,0.7138141082955112
4739,2023-11-27,2023,11,27,Houston Dynamo,Sporting Kansas City,1552.4268025884571,1557.6842241670265,134.7425784214306,0.6847398105069488
4740,2023-11-27,2023,26,13,Seattle Sounders,Los Angeles FC,1567.3746767269974,1579.6897859537144,127.68489077328309,0.6759044445371678
4741,2023-12-02,2023,9,7,FC Cincinnati,Columbus Crew,1650.2457776096724,1618.7387844277705,171.50699318190186,0.7285490739656266
4742,2023-12-03,2023,13,11,Los Angeles FC,Houston Dynamo,1606.725963735201,1565.0372101681792,181.68875356702188,0.7399838349259219
4743,2023-12-09,2023,7,13,Columbus Crew,Los Angeles FC,1627.8807473863956,1617.1266103381643,150.7541370482313,0.7042899193753724
4744,2024-02-22,2024,12,23,Inter Miami,Real Salt Lake,1432.40689673658,1521.5721489982357,50.83474773834428,0.5726394697368574
4745,2024-02-24,2024,7,0,Columbus Crew,Atlanta Utd,1639.7091506113807,1544.1091603740547,235.59999023732598,0.7951450793944309
4746,2024-02-24,2024,13,26,Los Angeles FC,Seattle Sounders,1605.2982071131792,1540.3384989455108,204.9597081676684,0.7649195594970681
4747,2024-02-25,2024,1,15,Austin FC,Minnesota United,1428.4573942488867,1442.4113941270507,126.04600012183596,0.6738343882937149
4748,2024-02-25,2024,3,18,Charlotte,New York City,1503.2449146654044,1511.5273717332423,131.71754293216213,0.6809687002009241
4749,2024-02-25,2024,8,17,DC United,New England Revolution,1426.5903916875318,1497.2628400680549,69.32755161947694,0.598466952753484
4750,2024-02-25,2024,9,29,FC Cincinnati,Toronto FC,1641.1038146510473,1294.8820338491444,486.2217808019029,0.9426173030975258
4751,2024-02-25,2024,10,25,FC Dallas,San Jose Earthquakes,1526.0229804852463,1490.4549378616236,175.56804262362266,0.7331475109950054
4752,2024-02-25,2024,11,27,Houston Dynamo,Sporting Kansas City,1554.636563565216,1545.0738165873045,149.5627469779115,0.7028595952302567
4753,2024-02-25,2024,16,19,Nashville SC,New York Red Bulls,1476.9533022514777,1511.8328854024908,105.1204168489869,0.646827208585455
4754,2024-02-25,2024,20,2,Orlando City,CF Montreal,1665.625885980052,1470.4455267404514,335.18035923960065,0.8731888902000693
4755,2024-02-25,2024,21,4,Philadelphia Union,Chicago Fire,1608.5761434173037,1444.6032086674118,303.9729347498919,0.8519286933399528
4756,2024-02-25,2024,22,6,Portland Timbers,Colorado Rapids,1496.4420665696805,1382.1428903182452,254.29917625143526,0.8121229111779457
4757,2024-02-25,2024,28,23,St. Louis City,Real Salt Lake,1489.5063192498646,1504.47772778771,125.02859146215474,0.6725458907269216
4758,2024-02-26,2024,14,12,Los Angeles Galaxy,Inter Miami,1445.5263624445302,1449.5013179471057,136.02504449742446,0.6863312950364223
4759,2024-03-02,2024,12,20,Inter Miami,Orlando City,1456.9545697485626,1650.6983303720492,-53.74376062348665,0.42326755666928
4760,2024-03-02,2024,15,7,Minnesota United,Columbus Crew,1469.3647696587993,1647.9033474356033,-38.538577776804004,0.4447648785075388
4761,2024-03-02,2024,23,13,Real Salt Lake,Los Angeles FC,1511.3795634167868,1614.7014247332963,36.67813868349049,0.5525888682958076
4762,2024-03-03,2024,4,9,Chicago Fire,FC Cincinnati,1458.68035640101,1623.3991225271463,-24.718766126136416,0.46448673613608943
4763,2024-03-03,2024,6,16,Colorado Rapids,Nashville SC,1374.6278067653632,1471.0802139080595,43.5475928573037,0.5623438884518892
4764,2024-03-03,2024,10,2,FC Dallas,CF Montreal,1536.697080045446,1485.3730823484543,191.32399769699168,0.7505128688341259
4765,2024-03-03,2024,11,19,Houston Dynamo,New York Red Bulls,1546.5221797560057,1517.705973745909,168.81620601009672,0.7254749835261383
4766,2024-03-03,2024,17,29,New England Revolution,Toronto FC,1481.2015181781942,1312.5867259730453,308.6147922051489,0.8552678064375664
4767,2024-03-03,2024,22,8,Portland Timbers,DC United,1503.9571501225626,1442.6517135773925,201.3054365451701,0.7611159171856259
4768,2024-03-03,2024,25,14,San Jose Earthquakes,Los Angeles Galaxy,1479.780838301424,1438.0731106430733,181.70772765835068,0.7400048498527094
4769,2024-03-03,2024,26,1,Seattle Sounders,Austin FC,1530.9352813253936,1401.504018717138,269.43126260825557,0.8250539333596649
4770,2024-03-03,2024,27,21,Sporting Kansas City,Philadelphia Union,1553.1882003965147,1594.4989956837055,98.68920471280921,0.6383248128857912
4771,2024-03-03,2024,28,18,St. Louis City,New York City,1482.6044836207877,1498.7661197412792,123.8383638795085,0.6710352190001657
4772,2024-03-03,2024,30,3,Vancouver Whitecaps,Charlotte,1493.1696973573933,1516.0061666573674,117.16353070002583,0.662498311984355
4773,2024-03-09,2024,18,22,New York City,Portland Timbers,1485.6075285012857,1493.5125134351374,132.09501506614833,0.6814405786287417
4774,2024-03-09,2024,29,3,Toronto FC,Charlotte,1346.7974382305479,1522.5060991367416,-35.7086609061937,0.44879128975661897
4775,2024-03-10,2024,0,17,Atlanta Utd,New England Revolution,1535.914963549832,1446.9908059206916,228.92415762914038,0.7888143485160584
4776,2024-03-10,2024,1,28,Austin FC,St. Louis City,1414.5061760515246,1495.7630748607812,58.743101190743346,0.5837416667992571
4777,2024-03-10,2024,7,4,Columbus Crew,Chicago Fire,1645.6939425759049,1440.1008869555662,345.59305562033865,0.8796789627876356
4778,2024-03-10,2024,9,8,FC Cincinnati,DC United,1641.97859197259,1453.0963502648176,328.88224170777244,0.8691197764951721
4779,2024-03-10,2024,12,2,Inter Miami,CF Montreal,1480.0238674817913,1515.3935971018193,104.63027037997199,0.6461823911679656
4780,2024-03-10,2024,13,27,Los Angeles FC,Sporting Kansas City,1596.8049794651286,1547.655207881083,189.14977158404554,0.7481620193246383
4781,2024-03-10,2024,16,14,Nashville SC,Los Angeles Galaxy,1473.5739694461352,1467.6733046371817,145.90066480895348,0.6984382021959497
4782,2024-03-10,2024,19,10,New York Red Bulls,FC Dallas,1546.7249730869546,1506.676565292081,180.04840779487358,0.7381628946326578
4783,2024-03-10,2024,20,15,Orlando City,Minnesota United,1627.6290326388205,1471.5741745184978,296.0548581203227,0.8460862282994426
4784,2024-03-10,2024,23,6,Real Salt Lake,Colorado Rapids,1529.2760086849546,1372.1340512272875,297.1419574576671,0.846899388403753
4785,2024-03-10,2024,25,30,San Jose Earthquakes,Vancouver Whitecaps,1450.1806443073156,1486.6697648780191,103.51087942929644,0.6447077721588682
4786,2024-03-16,2024,4,2,Chicago Fire,CF Montreal,1435.2880454670717,1541.2408927485378,34.04715271853388,0.5488415474648864
4787,2024-03-16,2024,7,19,Columbus Crew,New York Red Bulls,1650.5067840643994,1557.1984573016482,233.30832676275122,0.79298789521398
4788,2024-03-16,2024,8,12,DC United,Inter Miami,1467.8611413246244,1454.1765718350728,153.68456948955168,0.7077909884415086
4789,2024-03-16,2024,18,29,New York City,Toronto FC,1458.349905356136,1368.8457866402832,229.50411871585288,0.7893699645984075
4790,2024-03-16,2024,26,6,Seattle Sounders,Colorado Rapids,1517.933123991007,1406.0100267634375,251.92309722756954,0.8100270457029963
4791,2024-03-17,2024,0,20,Atlanta Utd,Orlando City,1544.3623896091897,1593.7855835068428,90.57680610234684,0.6274755443670353
4792,2024-03-17,2024,1,21,Austin FC,Philadelphia Union,1411.1565093795543,1600.0319881991372,-48.875478819582895,0.43012286798379684
4793,2024-03-17,2024,10,30,FC Dallas,Vancouver Whitecaps,1496.2030810773874,1512.458075764374,123.74500531301351,0.6709165753494396
4794,2024-03-17,2024,11,22,Houston Dynamo,Portland Timbers,1517.50318041496,1520.770136580287,136.73304383467303,0.6872080197723061
4795,2024-03-17,2024,14,28,Los Angeles Galaxy,St. Louis City,1475.6108327250197,1499.1127415327514,116.49809119226825,0.6616412842246011
4796,2024-03-17,2024,15,13,Minnesota United,Los Angeles FC,1505.4176236504754,1586.878498692143,58.53912495833242,0.5834563275243112
4797,2024-03-17,2024,16,3,Nashville SC,Charlotte,1465.6364413582971,1500.4577507270064,105.17869063129069,0.6469038357981854
4798,2024-03-17,2024,17,9,New England Revolution,FC Cincinnati,1438.543379861334,1627.2138009127832,-48.67042105144924,0.43041222995856626
4799,2024-03-17,2024,27,25,Sporting Kansas City,San Jose Earthquakes,1557.5816886540686,1424.3923334209608,273.1893552331078,0.8281545609754593
4800,2024-03-23,2024,3,7,Charlotte,Columbus Crew,1486.3339041589338,1658.7872682558402,-32.4533640969064,0.4534312152787561
4801,2024-03-23,2024,9,18,FC Cincinnati,New York City,1644.430290111126,1466.7751067721997,317.65518333892624,0.8615913117883495
4802,2024-03-23,2024,17,4,New England Revolution,Chicago Fire,1421.3268906629912,1453.3343835684761,107.99250709451508,0.650594823036114
4803,2024-03-23,2024,19,12,New York Red Bulls,Inter Miami,1548.9179731102074,1482.488211372733,206.42976173747434,0.7664378190048963
4804,2024-03-23,2024,20,1,Orlando City,Austin FC,1578.8846052815243,1413.9515946602025,304.9330106213217,0.8526245029595944
4805,2024-03-23,2024,29,0,Toronto FC,Atlanta Utd,1360.4205852242196,1559.2633678345082,-58.84278261028862,0.4161189107648924
4806,2024-03-23,2024,30,23,Vancouver Whitecaps,Real Salt Lake,1539.2947387783515,1495.4000331488046,183.89470562954693,0.7424196654113746
4807,2024-03-24,2024,6,11,Colorado Rapids,Houston Dynamo,1418.4111085915574,1530.0148596240679,28.396248967489555,0.5407747365404024
4808,2024-03-24,2024,13,16,Los Angeles FC,Nashville SC,1570.2167517931155,1479.7602879263698,230.4564638667457,0.7902800066905505
4809,2024-03-24,2024,22,21,Portland Timbers,Philadelphia Union,1508.2584573711792,1597.236902918489,51.021554452690225,0.5729026115745579
4810,2024-03-24,2024,25,26,San Jose Earthquakes,Seattle Sounders,1417.518515859979,1505.5320421628871,51.986473697091924,0.5742611672463077
4811,2024-03-24,2024,27,14,Sporting Kansas City,Los Angeles Galaxy,1564.4555062150503,1469.1451813560357,235.3103248590146,0.7948733361548189
4812,2024-03-24,2024,28,8,St. Louis City,DC United,1505.5783929017355,1439.5495017869641,206.02889111477134,0.7660244801009876
4813,2024-03-30,2024,3,9,Charlotte,FC Cincinnati,1508.1966555477836,1649.966637639592,-1.7699820918082878,0.49745281304859124
4814,2024-03-30,2024,6,13,Colorado Rapids,Los Angeles FC,1396.7801191299413,1578.6055515254934,-41.82543239555207,0.4400974569516563
4815,2024-03-30,2024,8,2,DC United,CF Montreal,1450.1904809910036,1523.1945546471334,66.99592634387022,0.5952373898956647
4816,2024-03-30,2024,12,18,Inter Miami,New York City,1473.145724132929,1461.2387592437337,151.90696488919525,0.7056701376866682
4817,2024-03-30,2024,20,19,Orlando City,New York Red Bulls,1584.7796251631405,1558.2604603500115,166.519164813129,0.7228336742906389
4818,2024-03-30,2024,21,15,Philadelphia Union,Minnesota United,1620.1530073814713,1522.079370549503,238.07363683196832,0.7974547892732745
4819,2024-03-30,2024,29,27,Toronto FC,Sporting Kansas City,1383.775828793624,1532.6605727688575,-8.884743975233505,0.4872166120275611
4820,2024-03-31,2024,0,4,Atlanta Utd,Chicago Fire,1535.9081242651039,1459.3581764899207,216.54994777518323,0.7767041082663417
4821,2024-03-31,2024,1,10,Austin FC,FC Dallas,1408.0565747785863,1469.3664180634098,78.6901567151765,0.6113467979938993
4822,2024-03-31,2024,11,25,Houston Dynamo,San Jose Earthquakes,1551.645849085684,1434.5480691701268,257.0977799155571,0.8145686216106518
4823,2024-03-31,2024,14,26,Los Angeles Galaxy,Seattle Sounders,1500.9401148022284,1488.5024888527394,152.43762594948907,0.7063042057509789
4824,2024-03-31,2024,16,7,Nashville SC,Columbus Crew,1471.3714881939918,1636.9245168669904,-25.553028672998607,0.46329239855911214
4825,2024-03-31,2024,23,28,Real Salt Lake,St. Louis City,1525.0968197652596,1494.937413697696,170.15940606756362,0.7270122250990797
4826,2024-03-31,2024,30,22,Vancouver Whitecaps,Portland Timbers,1509.5979521618965,1485.342352908197,164.25559925369953,0.720215586024193
4827,2024-04-07,2024,1,25,Austin FC,San Jose Earthquakes,1423.6027028588303,1427.130814034553,136.47188882427736,0.6868847835298296
4828,2024-04-07,2024,4,11,Chicago Fire,Houston Dynamo,1450.4263408205743,1559.0631042212578,31.36323659931645,0.5450131245271271
4829,2024-04-07,2024,7,8,Columbus Crew,DC United,1635.4562128093548,1466.380985395177,309.0752274141778,0.8555955864646151
4830,2024-04-07,2024,9,19,FC Cincinnati,New York Red Bulls,1649.8647501615355,1567.173807321637,222.69094283989853,0.7827750846231005
4831,2024-04-07,2024,12,6,Inter Miami,Colorado Rapids,1464.9189186254623,1419.176220851875,185.74269777358722,0.7444487276594957
4832,2024-04-07,2024,13,14,Los Angeles FC,Los Angeles Galaxy,1556.2094498035597,1512.6879465721893,183.5215032313704,0.7420086213632253
4833,2024-04-07,2024,15,23,Minnesota United,Real Salt Lake,1513.977562120434,1536.0163307612963,117.96123135913763,0.6635242749148402
4834,2024-04-07,2024,16,21,Nashville SC,Philadelphia Union,1472.8397922516274,1628.2548158105403,-15.415023558912935,0.47783054293708566
4835,2024-04-07,2024,17,3,New England Revolution,Charlotte,1415.3030977415467,1508.29854302584,47.00455471570672,0.5672352805917075
4836,2024-04-07,2024,18,0,New York City,Atlanta Utd,1469.4655647512004,1544.8399599344502,64.62560481675018,0.591945755983526
4837,2024-04-07,2024,26,2,Seattle Sounders,CF Montreal,1476.7546570827785,1507.00405024296,109.7506068398186,0.6528918920733682
4838,2024-04-07,2024,27,22,Sporting Kansas City,Portland Timbers,1552.14923724996,1474.1509763491647,217.99826090079523,0.7781467259706614
4839,2024-04-07,2024,28,10,St. Louis City,FC Dallas,1484.0179027016593,1453.8202899831658,170.19761271849347,0.7270558724505434
4840,2024-04-07,2024,30,29,Vancouver Whitecaps,Toronto FC,1520.7893287209288,1364.2871643125216,296.5021644084072,0.8464212444344122
4841,2024-04-13,2024,22,13,Portland Timbers,Los Angeles FC,1485.2768453879912,1566.5291049490306,58.74774043896059,0.5837481559217216
4842,2024-04-14,2024,0,21,Atlanta Utd,Philadelphia Union,1548.5177901737914,1647.3680375280237,41.14975264576765,0.5589438964154575
4843,2024-04-14,2024,2,9,CF Montreal,FC Cincinnati,1493.1197259258947,1618.5537467766114,14.565979149283294,0.5209498563460657
4844,2024-04-14,2024,3,29,Charlotte,Toronto FC,1490.9879542495082,1358.144014089898,272.84394015961016,0.8278714024029618
4845,2024-04-14,2024,8,20,DC United,Orlando City,1480.6048088537616,1575.866278191515,44.7385306622466,0.5640304122596411
4846,2024-04-14,2024,10,26,FC Dallas,Seattle Sounders,1462.9025248811874,1490.6389813998437,112.26354348134373,0.6561628597692406
4847,2024-04-14,2024,15,11,Minnesota United,Houston Dynamo,1507.4365911238403,1540.863629202343,106.57296192149738,0.648734976102129
4848,2024-04-14,2024,18,17,New York City,New England Revolution,1465.7877345118593,1432.6136865178785,173.17404799398082,0.7304427292443411
4849,2024-04-14,2024,19,4,New York Red Bulls,Chicago Fire,1598.4848107065611,1468.6258158394892,269.85899486707194,0.8254090463454624
4850,2024-04-14,2024,23,7,Real Salt Lake,Columbus Crew,1542.55730175789,1621.2323893507703,61.324912407119655,0.5873484135938649
4851,2024-04-14,2024,25,6,San Jose Earthquakes,Colorado Rapids,1414.6062053757462,1428.9541699582549,125.65203541749133,0.6733357617284335
4852,2024-04-14,2024,27,12,Sporting Kansas City,Inter Miami,1541.0233682111334,1455.1409695190825,225.88239869205086,0.7858827102709607
4853,2024-04-14,2024,28,1,St. Louis City,Austin FC,1474.9356678036377,1436.127311517637,178.80835628600062,0.7367808694997425
4854,2024-04-14,2024,30,14,Vancouver Whitecaps,Los Angeles Galaxy,1526.9324789435523,1502.3682914267183,164.56418751683395,0.7205733949446828
4855,2024-04-21,2024,0,9,Atlanta Utd,FC Cincinnati,1546.160034317173,1599.391741030454,86.76829328671897,0.6223367564063725
4856,2024-04-21,2024,2,20,CF Montreal,Orlando City,1512.281731672052,1598.4274946819007,53.85423699015132,0.5768876796143687
4857,2024-04-21,2024,3,15,Charlotte,Minnesota United,1497.8730981533897,1481.4871920797552,156.3859060736345,0.7109966914702821
4858,2024-04-21,2024,4,23,Chicago Fire,Real Salt Lake,1481.6421776933078,1539.0633652141353,82.57881247917248,0.616652048228384
4859,2024-04-21,2024,6,10,Colorado Rapids,FC Dallas,1455.8876004273923,1456.6560104904179,139.2315899369744,0.6902912902788044
4860,2024-04-21,2024,7,22,Columbus Crew,Portland Timbers,1624.726325894525,1481.9269191511223,282.79940674340264,0.8358850827848018
4861,2024-04-21,2024,11,1,Houston Dynamo,Austin FC,1566.813028246428,1425.5985462976269,281.2144819488012,0.8346296632188009
4862,2024-04-21,2024,12,16,Inter Miami,Nashville SC,1486.576277929921,1453.726570534144,172.84970739577693,0.7300749552635392
4863,2024-04-21,2024,13,19,Los Angeles FC,New York Red Bulls,1569.8790311858995,1585.4684488527425,124.41058233315698,0.6717619392783589
4864,2024-04-21,2024,18,8,New York City,DC United,1476.5700253420857,1458.0435923633759,158.52643297870986,0.7135219954156445
4865,2024-04-21,2024,26,30,Seattle Sounders,Vancouver Whitecaps,1496.8854957906133,1498.109543145765,138.7759526448483,0.6897302715798519
4866,2024-04-21,2024,27,28,Sporting Kansas City,St. Louis City,1509.588059800295,1485.4644330236479,164.12362677664714,0.7200624780748203
4867,2024-04-21,2024,29,17,Toronto FC,New England Revolution,1351.2588701860166,1421.831395687652,69.42747449836452,0.5986051684907867
4868,2024-04-22,2024,14,25,Los Angeles Galaxy,San Jose Earthquakes,1531.1912272245056,1387.6727749066088,283.51845231789684,0.8364521085017462
4869,2024-04-27,2024,1,14,Austin FC,Los Angeles Galaxy,1458.9837328263789,1537.7331428844357,61.25058994194319,0.5872447153632288
4870,2024-04-28,2024,4,0,Chicago Fire,Atlanta Utd,1456.9760957641724,1521.2665640609182,75.70953170325424,0.6072623557674054
4871,2024-04-28,2024,7,2,Columbus Crew,CF Montreal,1611.290922583133,1509.2062244874774,242.08469809565554,0.801158621468656
4872,2024-04-28,2024,8,26,DC United,Seattle Sounders,1446.5844721800017,1469.2962849274193,117.28818725258247,0.6626587402461033
4873,2024-04-28,2024,9,6,FC Cincinnati,Colorado Rapids,1624.285211286709,1468.27594881624,296.0092624704689,0.8460520452609889
4874,2024-04-28,2024,10,11,FC Dallas,Houston Dynamo,1444.26766210157,1533.427841717676,50.83982038389399,0.5726466157692699
4875,2024-04-28,2024,13,22,Los Angeles FC,Portland Timbers,1563.008553614765,1495.3623224625144,207.64623115225072,0.7676890141190398
4876,2024-04-28,2024,15,27,Minnesota United,Sporting Kansas City,1509.9270597385664,1500.785560677302,149.1414990612643,0.702352911187368
4877,2024-04-28,2024,16,25,Nashville SC,San Jose Earthquakes,1442.9295687446856,1381.1308592466787,201.79870949800693,0.7616318092433799
4878,2024-04-28,2024,17,12,New England Revolution,Inter Miami,1405.7756024272835,1497.3732797193793,48.402322707904204,0.5692093783044063
4879,2024-04-28,2024,18,3,New York City,Charlotte,1488.0291455254599,1469.4332304945785,158.59591503088132,0.7136037458160994
4880,2024-04-28,2024,19,30,New York Red Bulls,Vancouver Whitecaps,1592.338926423877,1525.698754008959,206.64017241491797,0.7666545708167706
4881,2024-04-28,2024,20,29,Orlando City,Toronto FC,1601.5030018664754,1367.314663446385,374.1883384200903,0.8960420847288668
4882,2024-04-28,2024,21,23,Philadelphia Union,Real Salt Lake,1649.725793384642,1563.7294471432706,225.99634624137138,0.78599306443146
4883,2024-05-01,2024,21,26,Philadelphia Union,Seattle Sounders,1618.2860708073836,1455.8026345372634,302.48343627012014,0.8508438182888112
4884,2024-05-05,2024,0,15,Atlanta Utd,Minnesota United,1525.5570582916143,1521.8329432910716,143.72411500054272,0.6957927248759939
4885,2024-05-05,2024,3,22,Charlotte,Portland Timbers,1457.9773803272226,1486.0698830272759,111.90749729994673,0.6557003026883202
4886,2024-05-05,2024,4,17,Chicago Fire,New England Revolution,1452.6856015334763,1383.0072272951072,209.6783742383691,0.7697687217574717
4887,2024-05-05,2024,8,21,DC United,Philadelphia Union,1460.0781225701576,1584.2523180758312,15.825804494326349,0.5227594249594557
4888,2024-05-05,2024,11,28,Houston Dynamo,St. Louis City,1516.3337063484469,1494.2669321466408,162.06677420180608,0.7176696134090718
4889,2024-05-05,2024,12,19,Inter Miami,New York Red Bulls,1520.1416548515556,1581.6727435912062,78.46891126034939,0.6110441474352297
4890,2024-05-05,2024,16,2,Nashville SC,CF Montreal,1432.4642963749504,1521.2525693462237,51.21172702872673,0.5731704522937249
4891,2024-05-05,2024,18,6,New York City,Colorado Rapids,1499.4849956928158,1462.1180306266797,177.36696506613612,0.7351685728998776
4892,2024-05-05,2024,20,9,Orlando City,FC Cincinnati,1565.6613184773207,1630.4431294762694,75.21818900105131,0.6065875938169508
4893,2024-05-05,2024,23,27,Real Salt Lake,Sporting Kansas City,1595.169169720529,1488.879677124797,246.2894925957321,0.8049864317711575
4894,2024-05-05,2024,25,13,San Jose Earthquakes,Los Angeles FC,1391.596131616414,1572.3009930500036,-40.70486143358971,0.44168755058685033
4895,2024-05-05,2024,26,14,Seattle Sounders,Los Angeles Galaxy,1489.8363872688158,1521.2229314989647,108.61345576985104,0.6514069373449465
4896,2024-05-05,2024,29,10,Toronto FC,FC Dallas,1403.1563468355398,1461.3617974707993,81.79454936474053,0.6155842754383697
4897,2024-05-05,2024,30,1,Vancouver Whitecaps,Austin FC,1536.3649368416297,1475.4939442118498,200.87099262977995,0.7606609177053077
4898,2024-05-12,2024,0,8,Atlanta Utd,DC United,1497.7253492965747,1459.1677455717793,178.5576037247954,0.7365008390553989
4899,2024-05-12,2024,2,12,CF Montreal,Inter Miami,1504.1793874379728,1535.6998889541464,108.47949848382632,0.6512318140808105
4900,2024-05-12,2024,3,16,Charlotte,Nashville SC,1471.7493682196898,1449.5374782832014,162.21188993648843,0.7178388418670356
4901,2024-05-12,2024,6,25,Colorado Rapids,San Jose Earthquakes,1491.524773542675,1413.9286295929398,217.59614394973505,0.7777468595548505
4902,2024-05-12,2024,7,9,Columbus Crew,FC Cincinnati,1599.2445777243865,1654.7066332289473,84.5379444954392,0.6193144718727671
4903,2024-05-12,2024,10,1,FC Dallas,Austin FC,1445.985168488334,1485.9203809200621,100.06478756827187,0.6401509155647402
4904,2024-05-12,2024,13,30,Los Angeles FC,Vancouver Whitecaps,1549.9684950734777,1525.9385001334174,164.0299949400603,0.7199538199918163
4905,2024-05-12,2024,14,23,Los Angeles Galaxy,Real Salt Lake,1527.2792089927625,1602.9697124496827,64.30949654307983,0.5915061496720851
4906,2024-05-12,2024,19,17,New York Red Bulls,New England Revolution,1566.1145094886153,1413.797976165406,292.31653332320934,0.843262944655275
4907,2024-05-12,2024,21,20,Philadelphia Union,Orlando City,1585.1626950742095,1541.3978147246428,183.76488034956674,0.7422767247448968
4908,2024-05-12,2024,22,26,Portland Timbers,Seattle Sounders,1472.2978951348086,1483.780109775018,128.51778535979065,0.6769538351204611
4909,2024-05-12,2024,27,11,Sporting Kansas City,Houston Dynamo,1481.0791343956432,1507.626921812084,113.45221258355923,0.65770497061754
4910,2024-05-12,2024,28,4,St. Louis City,Chicago Fire,1502.9737166830037,1421.8948526631775,221.07886401982614,0.7811930112822381
4911,2024-05-12,2024,29,18,Toronto FC,New York City,1418.532975818005,1470.0782527768206,88.45472304118448,0.6246157087457823
4912,2024-05-16,2024,1,11,Austin FC,Houston Dynamo,1471.5264175426516,1533.9351206367855,77.5912969058661,0.609842782107128
4913,2024-05-16,2024,2,7,CF Montreal,Columbus Crew,1478.1301148747402,1574.4719988494758,43.65811602526446,0.5625004650159979
4914,2024-05-16,2024,4,3,Chicago Fire,Charlotte,1413.142573114467,1483.0358145450084,70.10675856945863,0.5995443540218205
4915,2024-05-16,2024,6,30,Colorado Rapids,Vancouver Whitecaps,1460.414899160481,1514.73665293309,85.6782462273909,0.6208608351082582
4916,2024-05-16,2024,8,19,DC United,New York Red Bulls,1488.6277791339953,1572.3839917024043,56.243787431591045,0.5802416013205933
4917,2024-05-16,2024,9,0,FC Cincinnati,Atlanta Utd,1679.4792121038581,1468.2653157343586,351.2138963694995,0.8830618112425364
4918,2024-05-16,2024,15,14,Minnesota United,Los Angeles Galaxy,1549.6646522861113,1523.618963005879,166.04568928023218,0.7222872932047331
4919,2024-05-16,2024,16,29,Nashville SC,Toronto FC,1438.2510319578828,1393.5483474681737,184.7026844897091,0.7433081045542507
4920,2024-05-16,2024,20,12,Orlando City,Inter Miami,1571.0888837144387,1561.749161517379,149.3397221970597,0.7025913993087328
4921,2024-05-16,2024,21,18,Philadelphia Union,New York City,1555.4716260844136,1495.062881126652,200.40874495776166,0.760176147156474
4922,2024-05-16,2024,22,25,Portland Timbers,San Jose Earthquakes,1445.2197417299901,1445.0385039751338,140.18123775485628,0.6914587756964882
4923,2024-05-16,2024,23,26,Real Salt Lake,Seattle Sounders,1606.629958436566,1510.8582631798365,235.77169525672957,0.7953060344982783
4924,2024-05-16,2024,28,13,St. Louis City,Los Angeles FC,1511.7259962317141,1561.170342273805,90.55565395790904,0.6274470821691354
4925,2024-05-18,2024,16,0,Nashville SC,Atlanta Utd,1448.5187077757128,1463.5877881840602,124.93091959165258,0.6724220567862372
4926,2024-05-19,2024,1,27,Austin FC,Sporting Kansas City,1487.1327062583666,1454.7709355709417,172.36177068742495,0.7295210821522998
4927,2024-05-19,2024,3,14,Charlotte,Los Angeles Galaxy,1507.0175887058813,1532.5104547340684,114.50713397181289,0.6590707811626728
4928,2024-05-19,2024,4,7,Chicago Fire,Columbus Crew,1389.1607989535942,1596.9720174501158,-67.81121849652163,0.4036323856967308
4929,2024-05-19,2024,9,28,FC Cincinnati,St. Louis City,1684.1567396541566,1486.6281129449487,337.52862670920786,0.8746781717984622
4930,2024-05-19,2024,11,10,Houston Dynamo,FC Dallas,1518.3288319210706,1460.3791318657445,197.94970005532605,0.7575860031744843
4931,2024-05-19,2024,12,8,Inter Miami,DC United,1569.8528174897283,1465.4181150811717,244.43470240855663,0.8033048567054164
4932,2024-05-19,2024,15,22,Minnesota United,Portland Timbers,1540.773160557922,1457.5613907021307,223.21176985579132,0.7832844477114693
4933,2024-05-19,2024,17,21,New England Revolution,Philadelphia Union,1407.528493951617,1525.0645801981548,22.463913753462293,0.5322831971034248
4934,2024-05-19,2024,18,19,New York City,New York Red Bulls,1525.4699270129108,1595.593655755228,69.8762712576829,0.5992257613676303
4935,2024-05-19,2024,23,6,Real Salt Lake,Colorado Rapids,1614.817717056635,1475.5804657561505,279.23725130048456,0.8330527165379552
4936,2024-05-19,2024,25,20,San Jose Earthquakes,Orlando City,1432.6968550029933,1562.9852277420894,9.711627260903924,0.5139725162329682
4937,2024-05-19,2024,26,30,Seattle Sounders,Vancouver Whitecaps,1502.6705045597676,1499.5710863374204,143.09941822234714,0.6950310320590006
4938,2024-05-19,2024,29,2,Toronto FC,CF Montreal,1383.2806716503437,1455.6300962741002,67.65057537624352,0.5961449982098742
4939,2024-05-26,2024,0,13,Atlanta Utd,Los Angeles FC,1470.4846704555096,1586.2682255605705,24.21644489493906,0.5347939389901867
4940,2024-05-26,2024,2,16,CF Montreal,Nashville SC,1439.4758962024953,1441.6218255042634,137.8540706982319,0.6885934660628183
4941,2024-05-26,2024,3,21,Charlotte,Philadelphia Union,1500.6547574593744,1546.3559080822918,94.29884937708266,0.6324699933711363
4942,2024-05-26,2024,6,15,Colorado Rapids,Minnesota United,1468.9025744176688,1549.4417826494632,59.46079176820558,0.5847451861087385
4943,2024-05-26,2024,8,4,DC United,Chicago Fire,1457.5503093493883,1373.0155035257249,224.53480582366342,0.7845744748799965
4944,2024-05-26,2024,10,23,FC Dallas,Real Salt Lake,1470.682571992724,1621.4956083951167,-10.813036402392754,0.48444381200765935
4945,2024-05-26,2024,14,11,Los Angeles Galaxy,Houston Dynamo,1538.8732859805752,1508.025391794091,170.84789418648415,0.7277980864484925
4946,2024-05-26,2024,17,18,New England Revolution,New York City,1386.23716606748,1541.5008965582056,-15.263730490725493,0.47804784730568695
4947,2024-05-26,2024,20,7,Orlando City,Columbus Crew,1583.544128391408,1613.1173128779851,110.42681551342298,0.6537735163283441
4948,2024-05-26,2024,22,27,Portland Timbers,Sporting Kansas City,1448.8927686105894,1443.9517788570336,144.94098975355587,0.6972733804783702
4949,2024-05-26,2024,25,1,San Jose Earthquakes,Austin FC,1412.1379543536746,1497.9518629722747,54.18609138139982,0.5773538946606478
4950,2024-05-26,2024,28,26,St. Louis City,Seattle Sounders,1481.6152398168872,1494.8692632774075,126.74597653947967,0.6747193526255985
4951,2024-05-26,2024,29,9,Toronto FC,FC Cincinnati,1399.4348717219486,1689.169612782218,-149.73474106026947,0.2969336706127298
4952,2024-05-26,2024,30,12,Vancouver Whitecaps,Inter Miami,1507.3723276197804,1577.7206232215117,69.65170439826875,0.598915271604149
4953,2024-05-30,2024,1,22,Austin FC,Portland Timbers,1501.0460187587007,1461.0018333914545,180.0441853672462,0.738158196732013
4954,2024-05-30,2024,2,8,CF Montreal,DC United,1431.9321575599824,1446.1673303541884,125.76482720579406,0.6734785582286982
4955,2024-05-30,2024,4,20,Chicago Fire,Orlando City,1384.3984825209247,1557.3931877382743,-32.99470521734952,0.4526590334389663
4956,2024-05-30,2024,9,16,FC Cincinnati,Nashville SC,1701.0469596067273,1449.1655641467762,391.88139545995114,0.9051540066269266
4957,2024-05-30,2024,11,6,Houston Dynamo,Colorado Rapids,1497.1373152520307,1465.5127669733192,171.62454827871147,0.7286828813618446
4958,2024-05-30,2024,12,0,Inter Miami,Atlanta Utd,1601.6772340856776,1449.0929128959021,292.58432118977544,0.8434665792043753
4959,2024-05-30,2024,13,15,Los Angeles FC,Minnesota United,1607.659983120178,1552.8315900938128,194.82839302636512,0.7542709937885704
4960,2024-05-30,2024,14,10,Los Angeles Galaxy,FC Dallas,1549.7613625226356,1471.3048195124177,218.45654301021796,0.7786018157988229
4961,2024-05-30,2024,19,3,New York Red Bulls,Charlotte,1579.5626862099332,1495.355957724529,224.20672848540426,0.784255103051389
4962,2024-05-30,2024,21,29,Philadelphia Union,Toronto FC,1551.6547078171373,1387.5575248974394,304.09718291969784,0.852018894169408
4963,2024-05-30,2024,26,23,Seattle Sounders,Real Salt Lake,1521.8580373824316,1620.873360875423,40.984676507008544,0.5587096211992314
4964,2024-05-30,2024,27,30,Sporting Kansas City,Vancouver Whitecaps,1431.8427140761685,1483.4157167556145,88.42699732055394,0.6245782859547884
4965,2024-06-01,2024,18,25,New York City,San Jose Earthquakes,1560.622810450433,1409.0437985672486,291.5790118831844,0.8427009945394608
4966,2024-06-02,2024,0,3,Atlanta Utd,Charlotte,1482.8315760640771,1486.7261618465845,136.10541421749258,0.6864308850293197
4967,2024-06-02,2024,4,14,Chicago Fire,Los Angeles Galaxy,1386.2921211833661,1558.6172898906827,-32.32516870731661,0.45361410919053496
4968,2024-06-02,2024,8,29,DC United,Toronto FC,1433.1064726833363,1401.6382806642157,171.46819201912058,0.7285048993535176
4969,2024-06-02,2024,12,28,Inter Miami,St. Louis City,1567.9385709175026,1454.6264657118631,253.31210520563945,0.8112544119694985
4970,2024-06-02,2024,13,10,Los Angeles FC,FC Dallas,1617.489143368635,1462.4488921443706,295.04025122426447,0.845324108719964
4971,2024-06-02,2024,15,27,Minnesota United,Sporting Kansas City,1543.0024298453557,1406.859582637977,276.14284720737874,0.8305606640431348
4972,2024-06-02,2024,16,17,Nashville SC,New England Revolution,1485.3717244118532,1367.1152521752526,258.25647223660053,0.8155739845144767
4973,2024-06-02,2024,19,20,New York Red Bulls,Orlando City,1588.1924820878776,1555.4995490758329,172.6929330120447,0.7298970734343557
4974,2024-06-02,2024,21,2,Philadelphia Union,CF Montreal,1537.573952050361,1444.9930152308345,232.5809368195264,0.7922996902964005
4975,2024-06-02,2024,22,11,Portland Timbers,Houston Dynamo,1490.528161260735,1507.9899999975569,122.53816126317815,0.6693809134392812
4976,2024-06-02,2024,23,1,Real Salt Lake,Austin FC,1623.2217457233924,1471.5196908894202,291.70205483397217,0.8427948601470383
4977,2024-06-02,2024,30,6,Vancouver Whitecaps,Colorado Rapids,1508.398848193806,1454.660082227793,193.73876596601303,0.7531065750471216
4978,2024-06-09,2024,15,10,Minnesota United,FC Dallas,1549.7800032836303,1456.261856493169,233.5181467904613,0.7931860986705142
4979,2024-06-09,2024,17,19,New England Revolution,New York Red Bulls,1399.7382115558316,1598.9965991505032,-59.2583875946716,0.41553775713401164
4980,2024-06-09,2024,27,26,Sporting Kansas City,Seattle Sounders,1400.0820091997023,1519.5096525344622,20.572356665240022,0.5295714494203649
4981,2024-06-09,2024,28,22,St. Louis City,Portland Timbers,1467.076642190643,1483.7529247231637,123.32371746747936,0.6703809156248086
4982,2024-06-15,2024,18,7,New York City,Columbus Crew,1566.9147706688545,1639.268253531119,67.6465171377356,0.5961393738693014
4983,2024-06-16,2024,0,11,Atlanta Utd,Houston Dynamo,1455.3743406629044,1514.7652365351282,80.60910412777616,0.613968180571424
4984,2024-06-16,2024,2,23,CF Montreal,Real Salt Lake,1456.6850028426907,1629.5099513175107,-32.824948474820076,0.45290115414622606
4985,2024-06-16,2024,3,8,Charlotte,DC United,1514.1833972477573,1423.9662767091957,230.21712053856163,0.7900515670276126
4986,2024-06-16,2024,6,1,Colorado Rapids,Austin FC,1444.784345229678,1465.2314852953018,119.5528599343761,0.6655667405463989
4987,2024-06-16,2024,10,28,FC Dallas,St. Louis City,1467.9893004399896,1460.2614055656506,147.72789487433897,0.700648972935268
4988,2024-06-16,2024,14,27,Los Angeles Galaxy,Sporting Kansas City,1536.761854258304,1418.8991512228877,257.8627030354164,0.8152327966521605
4989,2024-06-16,2024,17,30,New England Revolution,Vancouver Whitecaps,1423.1167012704711,1518.2745851919212,44.84211607854991,0.5641770333468634
4990,2024-06-16,2024,19,16,New York Red Bulls,Nashville SC,1575.6181094358637,1452.7487650312742,262.8693444045896,0.8195346053341114
4991,2024-06-16,2024,20,13,Orlando City,Los Angeles FC,1544.6954320132072,1623.6761790198366,61.01925299337063,0.5869218935624304
4992,2024-06-16,2024,21,12,Philadelphia Union,Inter Miami,1525.8819644385048,1555.4883944387227,110.39356999978213,0.6537301962600229
4993,2024-06-16,2024,25,9,San Jose Earthquakes,FC Cincinnati,1402.751838348827,1664.8407993416504,-122.08896099282333,0.3311916016893157
4994,2024-06-16,2024,26,15,Seattle Sounders,Minnesota United,1500.6925105112769,1538.0525593368097,102.63995117446711,0.6435585579951623
4995,2024-06-16,2024,29,4,Toronto FC,Chicago Fire,1410.7784766383563,1408.1475568157448,142.63091982261153,0.6944590902023561
4996,2024-06-20,2024,1,13,Austin FC,Los Angeles FC,1451.8541549171578,1647.1530547623338,-55.29889984517604,0.4210837548873165
4997,2024-06-20,2024,2,19,CF Montreal,New York Red Bulls,1458.5689566768417,1562.8367252224994,35.732231454342354,0.5512422749497912
4998,2024-06-20,2024,3,20,Charlotte,Orlando City,1522.5813345666527,1521.21855627071,141.3627782959427,0.6929079378105474
4999,2024-06-20,2024,8,0,DC United,Atlanta Utd,1415.5683393903003,1450.8156134400474,104.75272595025285,0.646343538840351
5000,2024-06-20,2024,9,21,FC Cincinnati,Philadelphia Union,1678.088463409223,1499.732756588104,318.35570682111916,0.862071497987774
5001,2024-06-20,2024,10,15,FC Dallas,Minnesota United,1479.963341522579,1523.7949016566163,96.16843986596268,0.6349681059668424
5002,2024-06-20,2024,11,26,Houston Dynamo,Seattle Sounders,1519.3239637579852,1514.9501681914703,144.3737955665149,0.6965837434046301
5003,2024-06-20,2024,12,7,Inter Miami,Columbus Crew,1581.6376022891236,1663.113828485891,58.52377380323264,0.5834348507597933
5004,2024-06-20,2024,14,18,Los Angeles Galaxy,New York City,1544.1525423922176,1543.0691957140825,141.08334667813506,0.692565556493207
5005,2024-06-20,2024,25,22,San Jose Earthquakes,Portland Timbers,1389.5041742812543,1490.568161348156,38.936012933098255,0.5558000250720163
5006,2024-06-20,2024,27,23,Sporting Kansas City,Real Salt Lake,1411.5084630889742,1627.6259974833597,-76.11753439438553,0.3921776442394919
5007,2024-06-20,2024,28,6,St. Louis City,Colorado Rapids,1448.2873644830613,1458.161675607822,130.12568887523935,0.6789746451997317
5008,2024-06-20,2024,29,16,Toronto FC,Nashville SC,1383.0001130302621,1465.5301492446386,57.46996378562358,0.5819597833929511
5009,2024-06-23,2024,6,2,Colorado Rapids,CF Montreal,1485.3206614158112,1456.5192656788502,168.801395736961,0.7254580037687304
5010,2024-06-23,2024,7,27,Columbus Crew,Sporting Kansas City,1646.4512225162828,1395.8213573193946,390.6298651968882,0.9045337003916513
5011,2024-06-23,2024,8,11,DC United,Houston Dynamo,1389.7145978366862,1511.4606140218,18.25398381488617,0.5262454498113903
5012,2024-06-23,2024,9,17,FC Cincinnati,New England Revolution,1683.6056034897122,1440.5496199365966,383.05598355311554,0.9007018626553022
5013,2024-06-23,2024,13,25,Los Angeles FC,San Jose Earthquakes,1643.9964049578264,1367.2721732783737,416.7242316794527,0.9167401413864349
5014,2024-06-23,2024,15,1,Minnesota United,Austin FC,1509.1936258952899,1455.0108047216652,194.1828211736247,0.7535815574277254
5015,2024-06-23,2024,16,18,Nashville SC,New York City,1488.8085405803565,1530.7718179738108,98.03672260654571,0.6374572320927776
5016,2024-06-23,2024,19,29,New York Red Bulls,Toronto FC,1564.886416220491,1359.7217216945442,345.16469452594674,0.8794177237595209
5017,2024-06-23,2024,20,4,Orlando City,Chicago Fire,1528.934873783132,1435.925920423839,233.00895335929295,0.7927048535029974
5018,2024-06-23,2024,21,3,Philadelphia Union,Charlotte,1494.2156165076149,1514.8650170542307,119.35059945338412,0.6653075307063363
5019,2024-06-23,2024,22,30,Portland Timbers,Vancouver Whitecaps,1512.8001623510368,1500.8416665257957,151.95849582524102,0.7057317451457413
5020,2024-06-23,2024,23,14,Real Salt Lake,Los Angeles Galaxy,1643.3131032529393,1556.4499201324893,226.86318312045,0.7868312099128103
5021,2024-06-23,2024,26,10,Seattle Sounders,FC Dallas,1522.8135179276555,1494.5646172839054,168.24890064375018,0.7248241102039811
5022,2024-06-23,2024,28,0,St. Louis City,Atlanta Utd,1421.128378675072,1476.6693549936615,84.4590236814106,0.619207357343516
5023,2024-06-29,2024,18,20,New York City,Orlando City,1516.2701072575219,1537.226679643012,119.04342761450994,0.6649136793686187
5024,2024-06-30,2024,0,29,Atlanta Utd,Toronto FC,1481.437649287402,1354.898430644925,266.5392186424772,0.8226379519804918
5025,2024-06-30,2024,2,21,CF Montreal,Philadelphia Union,1445.5375858295993,1467.6033152793614,117.9342705502379,0.6634896243602197
5026,2024-06-30,2024,10,9,FC Dallas,FC Cincinnati,1483.5575816920646,1647.5775289835,-24.01994729143553,0.46548748547066526
5027,2024-06-30,2024,11,3,Houston Dynamo,Charlotte,1532.5104320142557,1541.4773182824842,131.03311373177144,0.6801121479314013
5028,2024-06-30,2024,13,6,Los Angeles FC,Colorado Rapids,1647.326799302369,1496.302341265062,291.0244580373069,0.8422773770243663
5029,2024-06-30,2024,16,12,Nashville SC,Inter Miami,1503.3102512966454,1598.3002082587318,45.01004303791365,0.5644147035084912
5030,2024-06-30,2024,17,7,New England Revolution,Columbus Crew,1476.5776944428087,1650.2698745006167,-33.692180057807946,0.45166447509151597
5031,2024-06-30,2024,19,8,New York Red Bulls,DC United,1569.7097072701101,1368.6647798442305,341.0449274258797,0.8768801890893428
5032,2024-06-30,2024,22,15,Portland Timbers,Minnesota United,1524.570892545207,1479.0503635981809,185.52052894702615,0.7442053462553448
5033,2024-06-30,2024,25,14,San Jose Earthquakes,Los Angeles Galaxy,1363.941778933831,1587.9231685290017,-83.98138959517064,0.3814411542732368
5034,2024-06-30,2024,26,4,Seattle Sounders,Chicago Fire,1533.8205535194963,1427.634114563959,246.18643895553737,0.8048932886057925
5035,2024-06-30,2024,27,1,Sporting Kansas City,Austin FC,1392.0027053350607,1485.1540670187742,46.8486383162865,0.5670149429194553
5036,2024-06-30,2024,30,28,Vancouver Whitecaps,St. Louis City,1489.0709363316255,1416.3600843813315,212.710851950294,0.772847841333854
5037,2024-07-03,2024,7,16,Columbus Crew,Nashville SC,1668.3364535042772,1480.7336631563057,327.60279034797145,0.8682797104057793
5038,2024-07-04,2024,3,12,Charlotte,Inter Miami,1528.6818041997403,1620.8767963990715,47.80500780066882,0.5683660430187731
5039,2024-07-04,2024,4,21,Chicago Fire,Philadelphia Union,1419.8298461081906,1454.1429002537702,105.6869458544204,0.6475718463807665
5040,2024-07-04,2024,8,9,DC United,FC Cincinnati,1383.7399874078042,1666.1970284023266,-142.45704099452246,0.30575333348296213
5041,2024-07-04,2024,15,30,Minnesota United,Vancouver Whitecaps,1468.8185774483948,1498.1570226782712,110.66155477012353,0.654079317209747
5042,2024-07-04,2024,17,0,New England Revolution,Atlanta Utd,1458.5111154391482,1488.5321312081824,109.9789842309658,0.6531897625717896
5043,2024-07-04,2024,18,2,New York City,CF Montreal,1529.6735600827772,1458.9980008551904,210.67555922758675,0.7707844623786256
5044,2024-07-04,2024,23,11,Real Salt Lake,Houston Dynamo,1611.8398548564269,1545.3059460969996,206.53390875942728,0.7665451221922446
5045,2024-07-04,2024,28,25,St. Louis City,San Jose Earthquakes,1407.2739980346857,1348.6841327629015,198.58986527178422,0.7582621248595696
5046,2024-07-04,2024,29,20,Toronto FC,Orlando City,1347.8039487241447,1523.8232268177567,-36.019278093612,0.44834900518313064
5047,2024-07-05,2024,6,27,Colorado Rapids,Sporting Kansas City,1489.9934363460368,1409.3221076182824,220.67132872775437,0.7807917503798327
5048,2024-07-05,2024,10,22,FC Dallas,Portland Timbers,1464.938082273238,1534.8026786949931,70.1354035782449,0.5995839429064572
5049,2024-07-05,2024,14,13,Los Angeles Galaxy,Los Angeles FC,1603.1808146999313,1653.6357042213942,89.54511047853703,0.6260862748217275
5050,2024-07-07,2024,1,18,Austin FC,New York City,1467.8346647355525,1538.8421815876322,68.99248314792021,0.5980033637919485
5051,2024-07-07,2024,2,30,CF Montreal,Vancouver Whitecaps,1449.8293793503353,1524.3201953666612,65.50918398367412,0.593173752072019
5052,2024-07-07,2024,7,29,Columbus Crew,Toronto FC,1673.605265088046,1329.8699885168194,483.7352765712267,0.9418381658292544
5053,2024-07-07,2024,9,12,FC Cincinnati,Inter Miami,1678.427161741645,1643.6114381198224,174.8157236218226,0.7322993888630971
5054,2024-07-07,2024,20,8,Orlando City,DC United,1541.757187025082,1371.5098540684858,310.2473329565962,0.856427214334392
5055,2024-07-07,2024,21,19,Philadelphia Union,New York Red Bulls,1440.0457741090008,1554.6344997065364,25.411274402464414,0.5365046941023325
5056,2024-07-07,2024,23,0,Real Salt Lake,Atlanta Utd,1621.178049968737,1474.6597217110539,286.51832825768315,0.8388007585298014
5057,2024-07-07,2024,26,17,Seattle Sounders,New England Revolution,1541.6248219752647,1472.3835249362767,209.24129703898802,0.7693225181478758
5058,2024-07-08,2024,6,28,Colorado Rapids,St. Louis City,1498.7617663308436,1416.943513040303,221.8182532905405,0.7819196662692471
5059,2024-07-08,2024,14,15,Los Angeles Galaxy,Minnesota United,1578.1373637070621,1442.6554047600048,275.48195894705736,0.8300246016848344
5060,2024-07-08,2024,22,16,Portland Timbers,Nashville SC,1518.7860364112514,1475.4648515725369,183.32118483871454,0.7417878148730335
5061,2024-07-08,2024,25,4,San Jose Earthquakes,Chicago Fire,1339.0146177572842,1433.92697225296,45.0876455043242,0.5645245257360423
5062,2024-07-08,2024,27,10,Sporting Kansas City,FC Dallas,1400.5537776334756,1480.9547245569797,59.59905307649592,0.5849384311577462
5063,2024-07-14,2024,2,0,CF Montreal,Atlanta Utd,1446.1024292674547,1468.2117520522459,117.89067721520883,0.6634335936401905
5064,2024-07-14,2024,4,18,Chicago Fire,New York City,1416.5079532824018,1522.76231613931,33.7456371430917,0.5484117357621361
5065,2024-07-14,2024,6,19,Colorado Rapids,New York Red Bulls,1507.4849796800736,1556.0946874706297,91.39029220944394,0.6285694943496896
5066,2024-07-14,2024,8,16,DC United,Nashville SC,1365.7669426418615,1465.1363641674582,40.630578474403364,0.5582069990240472
5067,2024-07-14,2024,9,3,FC Cincinnati,Charlotte,1689.1351861871212,1505.9471624789894,323.1880237081318,0.8653458732902686
5068,2024-07-14,2024,10,14,FC Dallas,Los Angeles Galaxy,1464.3522618032896,1584.9363796396688,19.415882163620836,0.5279126499256608
5069,2024-07-14,2024,11,15,Houston Dynamo,Minnesota United,1535.9677509846895,1435.8563888273982,240.1113621572913,0.7993428316458641
5070,2024-07-14,2024,13,7,Los Angeles FC,Columbus Crew,1678.6791552142633,1675.9317384548758,142.74741675938753,0.6946013655287344
5071,2024-07-14,2024,17,20,New England Revolution,Orlando City,1463.1564256621916,1547.5000984517062,55.656327210485415,0.5794177290837722
5072,2024-07-14,2024,22,23,Portland Timbers,Real Salt Lake,1529.1145238163301,1627.626019627545,41.4885041887851,0.5594245685886866
5073,2024-07-14,2024,25,27,San Jose Earthquakes,Sporting Kansas City,1356.4336367278424,1417.1562403871658,79.27739634067666,0.612149689921703
5074,2024-07-14,2024,28,30,St. Louis City,Vancouver Whitecaps,1408.220299691073,1528.0471454495419,20.173154241531165,0.5289989218256268
5075,2024-07-14,2024,29,21,Toronto FC,Philadelphia Union,1327.5435151499896,1438.5855863449076,28.95792880508202,0.5415775766615852
5076,2024-07-18,2024,0,18,Atlanta Utd,New York City,1454.7490957978534,1524.6987855697955,70.05031022805792,0.5994663356889377
5077,2024-07-18,2024,7,3,Columbus Crew,Charlotte,1703.7157930760252,1540.5609974106,303.1547956654251,0.8513336116302912
5078,2024-07-18,2024,9,4,FC Cincinnati,Chicago Fire,1654.5213512555106,1414.5714838519164,379.9498674035942,0.8990911923032355
5079,2024-07-18,2024,10,1,FC Dallas,Austin FC,1483.2357558062631,1483.9145301838746,139.3212256223885,0.690401591368749
5080,2024-07-18,2024,12,29,Inter Miami,Toronto FC,1632.9034136743462,1345.8804120835262,427.02300159082006,0.921154824021239
5081,2024-07-18,2024,13,23,Los Angeles FC,Real Salt Lake,1650.895100593114,1610.0030023710924,180.89209822202156,0.7391004983464384
5082,2024-07-18,2024,14,6,Los Angeles Galaxy,Colorado Rapids,1566.0528856366952,1502.342199906086,203.71068573060916,0.7636242178170293
5083,2024-07-18,2024,15,8,Minnesota United,DC United,1447.8301020932327,1383.4386626808996,204.39143941233306,0.7643308271786353
5084,2024-07-18,2024,16,20,Nashville SC,Orlando City,1447.46464412842,1570.676807615057,16.787836513363118,0.5241408540951642
5085,2024-07-18,2024,19,2,New York Red Bulls,CF Montreal,1561.2374672446172,1459.565085521847,241.67238172277007,0.8007802469402661
5086,2024-07-18,2024,21,17,Philadelphia Union,New England Revolution,1420.248689411371,1439.9797164988408,120.26897291253022,0.6664836815422912
5087,2024-07-18,2024,25,11,San Jose Earthquakes,Houston Dynamo,1331.9476491309742,1523.994037718855,-52.046388587880756,0.4256545124705212
5088,2024-07-18,2024,26,28,Seattle Sounders,St. Louis City,1550.8519212493497,1387.060342818048,303.7915784313018,0.8517969519945445
5089,2024-07-18,2024,30,27,Vancouver Whitecaps,Sporting Kansas City,1549.207102322567,1441.642227984034,247.56487433853295,0.8061363739071482
5090,2024-07-21,2024,0,7,Atlanta Utd,Columbus Crew,1450.770442370296,1689.6624486108135,-98.8920062405175,0.36140571291739587
5091,2024-07-21,2024,1,3,Austin FC,Charlotte,1471.5305938386246,1554.6143418758118,56.916251962812794,0.5811841372558425
5092,2024-07-21,2024,2,29,CF Montreal,Toronto FC,1471.5962953994576,1342.7266050443757,268.86969035508196,0.8245868395893892
5093,2024-07-21,2024,6,23,Colorado Rapids,Real Salt Lake,1492.8871686187672,1619.56702230495,13.320146313817304,0.519159845093609
5094,2024-07-21,2024,12,4,Inter Miami,Chicago Fire,1636.0572207134967,1450.5351315440457,325.52208916945096,0.8669037926889022
5095,2024-07-21,2024,14,22,Los Angeles Galaxy,Portland Timbers,1575.5079169240141,1546.7375410727827,168.7703758512314,0.725422437816725
5096,2024-07-21,2024,15,25,Minnesota United,San Jose Earthquakes,1417.2568690060873,1314.9214686321534,242.3354003739339,0.8013884217027607
5097,2024-07-21,2024,17,10,New England Revolution,FC Dallas,1426.6390637605325,1495.6196921515132,71.01937160901934,0.6008049910320334
5098,2024-07-21,2024,19,9,New York Red Bulls,FC Cincinnati,1549.2062573670066,1618.5577035633812,70.64855380362542,0.6002929223597281
5099,2024-07-21,2024,20,18,Orlando City,New York City,1591.6424417788635,1528.677438997353,202.96500278151052,0.762848535942976
5100,2024-07-21,2024,21,16,Philadelphia Union,Nashville SC,1433.5893421496794,1426.4990099646136,147.0903321850658,0.6998786385582065
5101,2024-07-21,2024,26,13,Seattle Sounders,Los Angeles FC,1556.780043169568,1641.3310806592565,55.4489625103115,0.5791268085416195
5102,2024-07-21,2024,27,28,Sporting Kansas City,St. Louis City,1433.88768294032,1381.1322208978297,192.7554620424903,0.752052598566692
5103,2024-07-21,2024,30,11,Vancouver Whitecaps,Houston Dynamo,1556.9616473662809,1541.0202182176758,155.94142914860504,0.7104706625817095
5104,2024-08-25,2024,2,17,CF Montreal,New England Revolution,1438.6128218158822,1422.6068641192512,156.00595769663096,0.7105470659243144
5105,2024-08-25,2024,3,19,Charlotte,New York Red Bulls,1557.8617073660455,1565.1945404726175,132.66716689342798,0.6821551170535626
5106,2024-08-25,2024,8,10,DC United,FC Dallas,1414.011895768045,1499.6518917927945,54.36000397525049,0.5775981657301937
5107,2024-08-25,2024,11,29,Houston Dynamo,Toronto FC,1569.4390447209441,1375.7100786279511,333.728966092993,0.8722608645908442
5108,2024-08-25,2024,12,9,Inter Miami,FC Cincinnati,1641.3810690059406,1602.5694204577703,178.8116485481703,0.7367845448941592
5109,2024-08-25,2024,14,0,Los Angeles Galaxy,Atlanta Utd,1586.4910194113452,1476.3142138536002,250.17680555774496,0.8084753172809935
5110,2024-08-25,2024,16,1,Nashville SC,Austin FC,1414.494155506942,1468.2832283483908,86.21092715855116,0.6215823652867828
5111,2024-08-25,2024,18,4,New York City,Chicago Fire,1539.191380435072,1445.2112832516018,233.9800971834702,0.7936219788713227
5112,2024-08-25,2024,22,28,Portland Timbers,St. Louis City,1535.7544385854517,1391.2143248404973,284.5401137449544,0.8372550593724326
5113,2024-08-25,2024,23,25,Real Salt Lake,San Jose Earthquakes,1600.3334161086943,1306.9770055002639,433.35641060843045,0.9237623937423802
5114,2024-08-25,2024,27,20,Sporting Kansas City,Orlando City,1423.8055789976524,1581.1285003411444,-17.322921343492,0.4750909497424522
5115,2024-08-29,2024,21,7,Philadelphia Union,Columbus Crew,1445.594196607351,1664.1186771275093,-78.52448052015825,0.3888798290789875
5116,2024-09-01,2024,1,30,Austin FC,Vancouver Whitecaps,1493.146522959862,1528.5428208630126,104.60370209684947,0.646147423758509
5117,2024-09-01,2024,3,0,Charlotte,Atlanta Utd,1550.575502683903,1468.65322654484,221.92227613906311,0.7820217578097091
5118,2024-09-01,2024,4,12,Chicago Fire,Inter Miami,1456.9561624064547,1651.9096872101743,-54.953524803719574,0.4215684837415074
5119,2024-09-01,2024,7,18,Columbus Crew,New York City,1679.6738702906687,1527.446501280219,292.2273690104496,0.8431950933857191
5120,2024-09-01,2024,9,2,FC Cincinnati,CF Montreal,1592.0408022535366,1410.1909391789095,321.84986307462714,0.8644457642166411
5121,2024-09-01,2024,10,6,FC Dallas,Colorado Rapids,1522.7558184220022,1512.1207748150227,150.63504360697948,0.7041471214311739
5122,2024-09-01,2024,13,11,Los Angeles FC,Houston Dynamo,1664.4961530009214,1534.5486101373103,269.94754286361103,0.8254824898444201
5123,2024-09-01,2024,19,21,New York Red Bulls,Philadelphia Union,1572.48074515476,1430.0390034441916,282.4417417105683,0.8356024470309598
5124,2024-09-01,2024,20,16,Orlando City,Nashville SC,1560.1321383308425,1389.6308608954707,310.5012774353718,0.8566068657973621
5125,2024-09-01,2024,22,26,Portland Timbers,Seattle Sounders,1522.2642362105544,1533.614970827903,128.64926538265127,0.6771193286160326
5126,2024-09-01,2024,23,17,Real Salt Lake,New England Revolution,1563.3829203589992,1451.0287467562239,252.3541736027753,0.8104086093651
5127,2024-09-01,2024,25,15,San Jose Earthquakes,Minnesota United,1343.927501249959,1425.2013321379768,58.726169111982244,0.5837179829026474
5128,2024-09-01,2024,28,14,St. Louis City,Los Angeles Galaxy,1404.7045272153946,1594.1520067201054,-49.44747950471083,0.429315956857165
5129,2024-09-01,2024,29,8,Toronto FC,DC United,1410.600513211585,1390.9079691388372,159.69254407274775,0.7148921533004396
5130,2024-09-08,2024,4,8,Chicago Fire,DC United,1440.0934230567943,1419.5036552708548,160.58976778593956,0.7159436875630218
5131,2024-09-08,2024,7,26,Columbus Crew,Seattle Sounders,1685.94606655524,1520.6997439725444,305.2463225826955,0.8528509880050588
5132,2024-09-08,2024,11,13,Houston Dynamo,Los Angeles FC,1567.5679097310872,1631.4768534071445,76.09105632394267,0.6077860221404857
5133,2024-09-08,2024,17,28,New England Revolution,St. Louis City,1443.445091130828,1427.531888941108,155.91320218971987,0.7104372374316619
5134,2024-09-08,2024,19,27,New York Red Bulls,Sporting Kansas City,1539.0566472735215,1444.8019410079544,234.25470626556717,0.7938807680443445
5135,2024-09-08,2024,30,10,Vancouver Whitecaps,FC Dallas,1554.388717813353,1494.5899335647553,199.7987842485977,0.7595354384142801
5136,2024-09-15,2024,0,16,Atlanta Utd,Nashville SC,1499.9340968572283,1383.8951355273653,256.038961329863,0.813646219503654
5137,2024-09-15,2024,2,3,CF Montreal,Charlotte,1404.768769747575,1519.2946323715148,25.4741373760603,0.536594677780727
5138,2024-09-15,2024,4,19,Chicago Fire,New York Red Bulls,1411.4556755542735,1527.3014165517477,24.154259002525805,0.5347048785547587
5139,2024-09-15,2024,6,22,Colorado Rapids,Portland Timbers,1540.2866596722697,1535.179463065913,145.10719660635664,0.6974752990774526
5140,2024-09-15,2024,8,18,DC United,New York City,1448.1414027733756,1521.1743050156479,66.96709775772774,0.5951974067927029
5141,2024-09-15,2024,9,7,FC Cincinnati,Columbus Crew,1597.462971684871,1651.8320270350375,85.63094464983351,0.6207967379867958
5142,2024-09-15,2024,11,23,Houston Dynamo,Real Salt Lake,1563.2564688454677,1570.9665759843951,132.28989286107253,0.6816840500921821
5143,2024-09-15,2024,12,21,Inter Miami,Philadelphia Union,1668.7724265598347,1463.46310132543,345.3093252344047,0.8795059824970298
5144,2024-09-15,2024,14,13,Los Angeles Galaxy,Los Angeles FC,1571.324644994392,1635.788294292764,75.53635070162795,0.607024572526908
5145,2024-09-15,2024,20,17,Orlando City,New England Revolution,1565.867863698948,1435.0276016335615,270.84026206538647,0.8262215685488312
5146,2024-09-15,2024,28,15,St. Louis City,Minnesota United,1435.9493784383744,1448.5500514540827,127.39932698429175,0.6755442453646013
5147,2024-09-15,2024,29,1,Toronto FC,Austin FC,1382.0048270795673,1467.3006260095217,54.704201070045656,0.5780814999999705
5148,2024-09-15,2024,30,25,Vancouver Whitecaps,San Jose Earthquakes,1544.0073002767817,1320.5787819338532,363.42851834292856,0.8901293203959045
5149,2024-09-16,2024,26,27,Seattle Sounders,Sporting Kansas City,1554.8137834927468,1456.5571717297282,238.25661176301855,0.7976248637929025
5150,2024-09-19,2024,0,12,Atlanta Utd,Inter Miami,1467.3882480770822,1673.5921872599536,-66.20393918287141,0.4058614952060482
5151,2024-09-19,2024,11,30,Houston Dynamo,Vancouver Whitecaps,1575.9891068417803,1548.4021274609456,167.5869793808347,0.7240634744893428
5152,2024-09-19,2024,13,1,Los Angeles FC,Austin FC,1620.0692771938404,1450.4238860095204,309.64539118432003,0.8560006259424058
5153,2024-09-19,2024,15,9,Minnesota United,FC Cincinnati,1475.5718212686668,1592.6311021653992,22.94071910326761,0.5329664536368334
5154,2024-09-19,2024,16,4,Nashville SC,Chicago Fire,1416.4409843075114,1430.0674804120831,126.37350389542826,0.6742485986121466
5155,2024-09-19,2024,17,2,New England Revolution,CF Montreal,1428.0764643755147,1423.304982636346,144.77148173916862,0.6970673728971563
5156,2024-09-19,2024,18,21,New York City,Philadelphia Union,1524.982201287356,1458.643340625311,206.3388606620449,0.7663441351592056
5157,2024-09-19,2024,20,3,Orlando City,Charlotte,1572.8190009569948,1500.7584194827439,212.06058147425097,0.7721900261684375
5158,2024-09-19,2024,22,14,Portland Timbers,Los Angeles Galaxy,1523.078475029011,1587.0436620933156,76.03481293569553,0.6077088401276477
5159,2024-09-19,2024,23,10,Real Salt Lake,FC Dallas,1558.2339379880825,1504.9713511013265,193.26258688675603,0.7525965481094361
5160,2024-09-19,2024,26,25,Seattle Sounders,San Jose Earthquakes,1562.9087889410307,1316.1839547496893,386.7248341913414,0.9025748380025571
5161,2024-09-19,2024,27,6,Sporting Kansas City,Colorado Rapids,1448.4621662814443,1552.3876477091717,36.07451857227261,0.5517296426225331
5162,2024-09-19,2024,29,7,Toronto FC,Columbus Crew,1398.8815670795686,1656.6638965545094,-117.78232947494075,0.3367056861285513
5163,2024-09-21,2024,3,17,Charlotte,New England Revolution,1491.6460205294813,1420.1937694596284,211.452251069853,0.7715734228618868
5164,2024-09-21,2024,18,12,New York City,Inter Miami,1494.3284358809879,1669.8266470681956,-35.498211187207744,0.44909099299010713
5165,2024-09-22,2024,1,11,Austin FC,Houston Dynamo,1464.6639110472167,1567.0265678622065,37.637343185010195,0.5539536042376674
5166,2024-09-22,2024,2,4,CF Montreal,Chicago Fire,1431.1876775522323,1417.0374243565689,154.15025319566348,0.7083451077318019
5167,2024-09-22,2024,6,29,Colorado Rapids,Toronto FC,1534.4568334140731,1385.4133396344266,289.0434937796465,0.840756566342645
5168,2024-09-22,2024,7,20,Columbus Crew,Orlando City,1670.1321239996514,1581.9313999102574,228.20072408939404,0.7881197792257917
5169,2024-09-22,2024,10,13,FC Dallas,Los Angeles FC,1495.075213025704,1605.829252156144,29.245960869559894,0.5419891933973137
5170,2024-09-22,2024,14,30,Los Angeles Galaxy,Vancouver Whitecaps,1571.3520156984214,1557.3646664405194,153.987349257902,0.7081513378513796
5171,2024-09-22,2024,16,9,Nashville SC,FC Cincinnati,1429.4710403630256,1613.9497603108725,-44.47871994784691,0.43633738880451683
5172,2024-09-22,2024,19,0,New York Red Bulls,Atlanta Utd,1508.689611693938,1471.1537882688401,177.535823425098,0.7353577791234981
5173,2024-09-22,2024,21,8,Philadelphia Union,DC United,1489.2971060316793,1444.3335065016674,184.96359953001183,0.7435945731883669
5174,2024-09-22,2024,23,22,Real Salt Lake,Portland Timbers,1568.130076063705,1538.7701214239053,169.35995463979975,0.7260979310873635
5175,2024-09-22,2024,25,28,San Jose Earthquakes,St. Louis City,1332.2869482697915,1408.9276086237903,63.35933964600122,0.5901839040317236
5176,2024-09-22,2024,27,15,Sporting Kansas City,Minnesota United,1466.3929805765429,1454.2531631231934,152.13981745334945,0.7059484631965133
5177,2024-09-29,2024,1,23,Austin FC,Real Salt Lake,1442.5057668777101,1559.0861588202106,23.419608057499545,0.5336525715003636
5178,2024-09-29,2024,2,25,CF Montreal,San Jose Earthquakes,1442.8538732429602,1308.6795921085227,274.1742811344375,0.8289599398499158
5179,2024-09-29,2024,4,29,Chicago Fire,Toronto FC,1405.371228665841,1379.0436022881324,166.3276263777086,0.7226127226929433
5180,2024-09-29,2024,8,7,DC United,Columbus Crew,1434.0772894292022,1678.6073328306197,-104.53004340141752,0.3539495290972998
5181,2024-09-29,2024,9,13,FC Cincinnati,Los Angeles FC,1611.4032558630531,1587.5088198920366,163.8944359710165,0.7197964605616752
5182,2024-09-29,2024,10,20,FC Dallas,Orlando City,1513.3956452898115,1573.456191079289,79.9394542105224,0.6130541456565616
5183,2024-09-29,2024,12,3,Inter Miami,Charlotte,1667.7902867878,1500.7830836150058,307.0072031727941,0.854118528537846
5184,2024-09-29,2024,15,6,Minnesota United,Colorado Rapids,1482.491101651054,1540.8265707603673,81.66453089068659,0.6154071475376565
5185,2024-09-29,2024,17,16,New England Revolution,Nashville SC,1411.056706374104,1432.017544810845,119.03916156325886,0.6649082078801096
5186,2024-09-29,2024,19,18,New York Red Bulls,New York City,1499.2753005289983,1496.3647961613835,142.91050436761475,0.6948004787127771
5187,2024-09-29,2024,21,0,Philadelphia Union,Atlanta Utd,1499.5533231041445,1480.56809943378,158.98522367036458,0.7140615356742775
5188,2024-09-29,2024,26,11,Seattle Sounders,Houston Dynamo,1546.8057954209285,1589.1847120317132,97.6210833892153,0.6369041047056874
5189,2024-09-29,2024,28,27,St. Louis City,Sporting Kansas City,1432.5349647850592,1438.1550420486824,134.37992273637678,0.6842889810708805
5190,2024-09-29,2024,30,22,Vancouver Whitecaps,Portland Timbers,1545.6907199545747,1547.8140386673997,137.87668128717496,0.6886213752718982
5191,2024-10-03,2024,0,2,Atlanta Utd,CF Montreal,1489.130560860751,1449.6954756489636,179.4350852117875,0.7374799383035335
5192,2024-10-03,2024,3,4,Charlotte,Chicago Fire,1514.9478247565196,1396.4667197581234,258.4811049983962,0.8157684027944303
5193,2024-10-03,2024,6,14,Colorado Rapids,Los Angeles Galaxy,1525.4428566618735,1583.025962184366,82.41689447750741,0.6164316889459621
5194,2024-10-03,2024,7,12,Columbus Crew,Inter Miami,1672.7653139945116,1653.6255456462861,159.13976834822552,0.7142431437869142
5195,2024-10-03,2024,11,17,Houston Dynamo,New England Revolution,1574.6608762199407,1424.4603780588996,290.2004981610412,0.8416462515611115
5196,2024-10-03,2024,13,28,Los Angeles FC,St. Louis City,1616.3006783145036,1445.163405542224,311.13727277227963,0.8570559754835128
5197,2024-10-03,2024,16,8,Nashville SC,DC United,1418.6138731260494,1439.9193082653103,118.69456486073909,0.6644660939011952
5198,2024-10-03,2024,18,9,New York City,FC Cincinnati,1524.1568153098947,1582.6113974405862,81.5454178693085,0.6152448495878915
5199,2024-10-03,2024,20,21,Orlando City,Philadelphia Union,1597.9783569055514,1490.9908616771734,246.98749522837807,0.8056164218149817
5200,2024-10-03,2024,22,1,Portland Timbers,Austin FC,1555.3588936782755,1441.1596640176956,254.19922966057993,0.8120351106249217
5201,2024-10-03,2024,23,15,Real Salt Lake,Minnesota United,1560.432261680225,1497.8748157495477,202.55744593067743,0.762423842339448
5202,2024-10-03,2024,25,10,San Jose Earthquakes,FC Dallas,1301.8379897025193,1488.873479463549,-47.035489761029794,0.43272100583220846
5203,2024-10-03,2024,29,19,Toronto FC,New York Red Bulls,1387.94811119585,1471.4832813804871,56.46482981536292,0.5805514824370103
5204,2024-10-03,2024,30,26,Vancouver Whitecaps,Seattle Sounders,1538.1458649436988,1561.3296312327009,116.81623371099795,0.6620511566593298
5205,2024-10-05,2024,29,12,Toronto FC,Inter Miami,1364.7260518983696,1682.1952713977628,-177.46921949939315,0.26471684041082644
5206,2024-10-06,2024,0,19,Atlanta Utd,New York Red Bulls,1459.6313633286097,1494.7053406779676,104.92602265064215,0.6465715350180417
5207,2024-10-06,2024,3,2,Charlotte,CF Montreal,1522.3170886447424,1479.194673181105,183.12241546363748,0.741568594093921
5208,2024-10-06,2024,6,26,Colorado Rapids,Seattle Sounders,1500.7855891040351,1587.811677499074,52.97391160496113,0.5756502680315188
5209,2024-10-06,2024,7,21,Columbus Crew,Philadelphia Union,1644.195588243035,1483.2155185497727,300.9800696932623,0.8497422039059579
5210,2024-10-06,2024,9,20,FC Cincinnati,Orlando City,1567.2211914241018,1605.753700032952,101.46749139114968,0.6420088521914573
5211,2024-10-06,2024,14,1,Los Angeles Galaxy,Austin FC,1607.6832297422045,1473.6410684426924,274.04216129951214,0.8288520790214364
5212,2024-10-06,2024,17,8,New England Revolution,DC United,1418.126228121344,1466.497952021358,91.6282760999859,0.6288892789694162
5213,2024-10-06,2024,18,16,New York City,Nashville SC,1539.547021326379,1392.0352293700016,287.51179195637746,0.8395725281436183
5214,2024-10-06,2024,25,23,San Jose Earthquakes,Real Salt Lake,1324.529149469231,1549.935307986647,-85.40615851741609,0.37950792137751227
5215,2024-10-06,2024,27,13,Sporting Kansas City,Los Angeles FC,1425.5266012915176,1622.018439295163,-56.4918380036454,0.4194106589139489
5216,2024-10-06,2024,28,11,St. Louis City,Houston Dynamo,1439.4456445615644,1580.9950261574963,-1.5493815959318908,0.4977702754269426
5217,2024-10-06,2024,30,15,Vancouver Whitecaps,Minnesota United,1511.6638186773257,1508.3717694431257,143.29204923420002,0.695266021199088
5218,2024-10-07,2024,22,10,Portland Timbers,FC Dallas,1522.8774892532788,1466.1823196968373,196.69516955644144,0.7562572837293667
5219,2024-10-13,2024,7,17,Columbus Crew,New England Revolution,1650.2059000867966,1392.9706569625673,397.2352431242293,0.9077670099992197
5220,2024-10-14,2024,30,13,Vancouver Whitecaps,Los Angeles FC,1483.8531778293623,1638.794865651721,-14.941687822358745,0.4785104292993869
5221,2024-10-19,2024,2,18,CF Montreal,New York City,1468.8574169448618,1545.9641202006344,62.89329674422743,0.5895348769873486
5222,2024-10-19,2024,4,16,Chicago Fire,Nashville SC,1389.0974558699006,1385.6181304957463,143.4793253741543,0.6954943804343359
5223,2024-10-19,2024,8,3,DC United,Charlotte,1491.6535231801347,1532.6543448809855,98.99917829914921,0.638736657633977
5224,2024-10-19,2024,12,17,Inter Miami,New England Revolution,1692.7839450141958,1389.281337362536,443.5026076516597,0.927775216609314
5225,2024-10-19,2024,19,7,New York Red Bulls,Columbus Crew,1480.5682020786892,1653.8952196868279,-33.3270176081387,0.452185127754337
5226,2024-10-19,2024,20,0,Orlando City,Atlanta Utd,1631.4340541206104,1473.768501927888,297.6655521927223,0.8472897845618977
5227,2024-10-19,2024,21,9,Philadelphia Union,FC Cincinnati,1477.205206706011,1541.5408373364435,75.66436936956757,0.607200351287116
5228,2024-10-20,2024,1,6,Austin FC,Colorado Rapids,1466.7951516035498,1477.7595783827744,129.0355732207754,0.677605316312279
5229,2024-10-20,2024,10,27,FC Dallas,Sporting Kansas City,1476.432611046012,1408.7501749349597,207.6824361110523,0.7677261808700784
5230,2024-10-20,2024,11,14,Houston Dynamo,Los Angeles Galaxy,1560.9058371745741,1614.529146581347,86.37669059322707,0.6218067865853739
5231,2024-10-20,2024,13,25,Los Angeles FC,San Jose Earthquakes,1657.9352828236965,1309.3488326141305,488.586450209566,0.9433491615107708
5232,2024-10-20,2024,15,28,Minnesota United,St. Louis City,1536.1824102910891,1459.5348335444867,216.64757674660245,0.7768015630595516
5233,2024-10-20,2024,23,30,Real Salt Lake,Vancouver Whitecaps,1565.1156248417476,1464.7127606573868,240.40286418436085,0.799611840667949
5234,2024-10-20,2024,26,22,Seattle Sounders,Portland Timbers,1610.8376882203347,1512.6271979041042,238.21049031623056,0.7975820041278036
5235,2024-10-23,2024,2,0,CF Montreal,Atlanta Utd,1485.276021865368,1507.6600933103641,117.61592855500385,0.6630803521673747
5236,2024-10-24,2024,30,22,Vancouver Whitecaps,Portland Timbers,1456.6972342841048,1524.5304780692163,72.16675621488844,0.6023880340401833
5237,2024-10-26,2024,12,0,Inter Miami,Atlanta Utd,1695.6729363498232,1514.183307397059,321.4896289527642,0.8642025888546063
5238,2024-10-27,2024,14,6,Los Angeles Galaxy,Colorado Rapids,1599.401418044762,1464.8637910352656,274.5376270094964,0.8292562922470429
5239,2024-10-27,2024,20,3,Orlando City,Charlotte,1597.5424627381344,1558.2038111863446,179.33865155178978,0.7373724517095998
5240,2024-10-28,2024,9,18,FC Cincinnati,New York City,1565.8288513879281,1529.5455152801283,176.28333610779987,0.7339523059652644
5241,2024-10-28,2024,13,30,Los Angeles FC,Vancouver Whitecaps,1660.2013163632657,1472.6017129224974,327.5996034407683,0.8682776122372005
5242,2024-10-29,2024,7,19,Columbus Crew,New York Red Bulls,1671.9826247970013,1462.4807969685157,349.5018278284856,0.8820402522397046
5243,2024-10-29,2024,26,11,Seattle Sounders,Houston Dynamo,1598.9344080552225,1576.033565711159,162.90084234406345,0.7186414314055611
5244,2024-10-30,2024,23,15,Real Salt Lake,Minnesota United,1573.1311512150296,1545.110347768707,168.0208034463226,0.7245621430644132
5245,2024-11-01,2024,3,20,Charlotte,Orlando City,1547.6987092547286,1608.0475646697505,79.65114458497806,0.6126603732629845
5246,2024-11-02,2024,0,12,Atlanta Utd,Inter Miami,1508.7514109512433,1701.104832795639,-52.3534218443956,0.42522248198241663
5247,2024-11-02,2024,6,14,Colorado Rapids,Los Angeles Galaxy,1458.0340427251474,1606.2311663548803,-8.197123629732914,0.4882055791620433
5248,2024-11-02,2024,18,9,New York City,FC Cincinnati,1518.903607518739,1576.4707591493175,82.43284836942144,0.6164534032230464
5249,2024-11-03,2024,11,26,Houston Dynamo,Seattle Sounders,1584.7792229673817,1590.188750799,134.59047216838167,0.6845507644148325
5250,2024-11-03,2024,15,23,Minnesota United,Real Salt Lake,1554.0928334912835,1564.1486654924531,129.94416799883038,0.6787468438170914
5251,2024-11-03,2024,19,7,New York Red Bulls,Columbus Crew,1497.762407058104,1636.7010147074132,1.0613923506907668,0.5015274616260903
5252,2024-11-04,2024,30,13,Vancouver Whitecaps,Los Angeles FC,1467.3328174119854,1665.4702118737778,-58.13739446179238,0.41710581058233825
5253,2024-11-09,2024,9,18,FC Cincinnati,New York City,1561.1288952782393,1534.245471389817,166.88342388842216,0.7232535704329738
5254,2024-11-09,2024,13,30,Los Angeles FC,Vancouver Whitecaps,1642.1544442970712,1490.648584988692,291.5058593083793,0.8426451671308536
5255,2024-11-09,2024,20,3,Orlando City,Charlotte,1612.55397960027,1543.1922943242091,209.36168527606083,0.7694454805476948
5256,2024-11-10,2024,12,0,Inter Miami,Atlanta Utd,1678.1137320749356,1531.7425116719467,286.3712204029889,0.8386862235982947
5257,2024-11-23,2024,18,19,New York City,New York Red Bulls,1543.175614207136,1497.7013085930603,185.47430561407577,0.7441546904269712
5258,2024-11-24,2024,13,26,Los Angeles FC,Seattle Sounders,1648.448637611837,1597.5707813755932,190.87785623624382,0.7500316818888851
5259,2024-11-24,2024,14,15,Los Angeles Galaxy,Minnesota United,1625.759389521362,1546.9429597386,218.81642978276204,0.7789587271029994
5260,2024-11-24,2024,20,0,Orlando City,Atlanta Utd,1601.7761603783622,1565.2899606158785,176.4861997624837,0.734180271187245
5261,2024-12-01,2024,14,26,Los Angeles Galaxy,Seattle Sounders,1634.601040437242,1607.5720486511486,167.02899178609346,0.7234212625532288
5262,2024-12-01,2024,20,19,Orlando City,New York Red Bulls,1612.4089495308724,1527.4674962101392,224.94145332073322,0.7849698558207096
5263,2024-12-07,2024,14,19,Los Angeles Galaxy,New York Red Bulls,1645.664189935113,1558.8662904429675,226.79789949214546,0.7867681705245723
5264,2025-02-22,2025,13,15,Los Angeles FC,Minnesota United,1638.4473703362817,1538.1013088227198,240.34606151356184,0.7995594422383367
5265,2025-02-23,2025,0,2,Atlanta Utd,CF Montreal,1554.6571714633683,1478.752807778673,215.90436368469523,0.7760589130025914
5266,2025-02-23,2025,1,27,Austin FC,Sporting Kansas City,1479.6909389510586,1399.4592221697628,220.23171678129575,0.7803583135913724
5267,2025-02-23,2025,7,4,Columbus Crew,Chicago Fire,1636.7621131724568,1361.2776806525271,415.48443251992967,0.9161937791006473
5268,2025-02-23,2025,8,29,DC United,Toronto FC,1466.1040568747756,1354.1373782819367,251.9666785928389,0.8100656480797714
5269,2025-02-23,2025,9,19,FC Cincinnati,New York Red Bulls,1552.1987524609203,1550.3370172639504,141.8617351969699,0.6935187701117957
5270,2025-02-23,2025,11,10,Houston Dynamo,FC Dallas,1577.3971923907884,1485.7235638112088,231.6736285795796,0.7914388953367145
5271,2025-02-23,2025,12,18,Inter Miami,New York City,1644.5662831310037,1513.4094265900571,271.1568565409466,0.8264830814913648
5272,2025-02-23,2025,16,17,Nashville SC,New England Revolution,1413.4379057131198,1386.3923460269086,167.04555968621116,0.7234403445566686
5273,2025-02-23,2025,20,21,Orlando City,Philadelphia Union,1581.010155298044,1452.9171926545264,268.0929626435177,0.8239391706170452
5274,2025-02-23,2025,25,23,San Jose Earthquakes,Real Salt Lake,1307.0827990745613,1571.2985392451367,-124.21574017057537,0.3284854190853166
5275,2025-02-23,2025,26,3,Seattle Sounders,Charlotte,1596.5088991532778,1553.9701135461169,182.5387856071609,0.7409242141449118
5276,2025-02-23,2025,28,6,St. Louis City,Colorado Rapids,1450.6068960668688,1438.5058195586657,152.10107650820305,0.7059021673206265
5277,2025-02-24,2025,14,24,Los Angeles Galaxy,San Diego FC,1654.19346311413,1500.0,294.19346311413005,0.8446856877749385
5278,2025-03-01,2025,3,0,Charlotte,Atlanta Utd,1563.6070821119133,1563.6148149432647,139.9922671686486,0.6912266518194089
5279,2025-03-01,2025,23,26,Real Salt Lake,Seattle Sounders,1544.4379560085492,1586.8719305874813,97.56602542106793,0.636830807046446
5280,2025-03-02,2025,4,8,Chicago Fire,DC United,1357.925431816553,1453.7014309515846,44.2240008649685,0.5633019500974524
5281,2025-03-02,2025,6,10,Colorado Rapids,FC Dallas,1446.7419062514907,1517.3811196246775,69.36078662681325,0.598512925956442
5282,2025-03-02,2025,13,18,Los Angeles FC,New York City,1646.4649926467482,1526.4687498497117,259.99624279703653,0.8170756016053001
5283,2025-03-02,2025,15,2,Minnesota United,CF Montreal,1530.0836865122533,1469.7951642987766,200.28852221347665,0.7600499565185022
5284,2025-03-02,2025,17,7,New England Revolution,Columbus Crew,1395.3299598091753,1640.1143620084308,-104.78440219925551,0.3536147816247393
5285,2025-03-02,2025,19,16,New York Red Bulls,Nashville SC,1538.0777680684223,1404.500291930853,273.5774761375692,0.8284722876426011
5286,2025-03-02,2025,20,29,Orlando City,Toronto FC,1548.0525884733622,1366.5400042051276,321.5125842682346,0.8642180957592184
5287,2025-03-02,2025,21,9,Philadelphia Union,FC Cincinnati,1485.8747594792083,1564.4580016564485,61.41675782275979,0.5874765499690944
5288,2025-03-02,2025,22,1,Portland Timbers,Austin FC,1508.6259994308236,1488.4766064074038,160.14939302341986,0.7154278665841993
5289,2025-03-02,2025,24,28,San Diego FC,St. Louis City,1533.7874275109975,1442.3708093740438,231.41661813695373,0.791194583564802
5290,2025-03-02,2025,27,25,Sporting Kansas City,San Jose Earthquakes,1390.6735547134176,1333.9433823111488,196.73017240226886,0.7562944233825893
5291,2025-03-02,2025,30,14,Vancouver Whitecaps,Los Angeles Galaxy,1484.354391673926,1620.4060356031325,3.9483560707935794,0.5056818965463344
5292,2025-03-03,2025,11,12,Houston Dynamo,Inter Miami,1545.7396365773197,1631.5069598713492,54.23267670597056,0.5774193303651833
5293,2025-03-08,2025,7,11,Columbus Crew,Houston Dynamo,1654.2589532734205,1522.6428633627124,271.61608991070807,0.8268618640809879
5294,2025-03-08,2025,26,13,Seattle Sounders,Los Angeles FC,1572.3451628693392,1653.7819685825361,58.56319428680308,0.5834900006587577
5295,2025-03-09,2025,0,19,Atlanta Utd,New York Red Bulls,1551.263881016041,1544.9388765627182,146.3250044533229,0.6989524387408959
5296,2025-03-09,2025,1,6,Austin FC,Colorado Rapids,1477.0937210707718,1442.801389213233,174.29233185753878,0.7317083386844203
5297,2025-03-09,2025,8,27,DC United,Sporting Kansas City,1456.2335089554826,1360.4217777781141,235.81173117736853,0.7953435503902276
5298,2025-03-09,2025,9,29,FC Cincinnati,Toronto FC,1547.9570636552123,1361.1087280354964,326.84833561971595,0.8677822073989185
5299,2025-03-09,2025,10,4,FC Dallas,Chicago Fire,1521.3216366629351,1355.393353812655,305.9282828502801,0.8533429636011974
5300,2025-03-09,2025,12,3,Inter Miami,Charlotte,1654.6037330859565,1575.958016039137,218.64571704681953,0.7787894771814367
5301,2025-03-09,2025,14,28,Los Angeles Galaxy,St. Louis City,1600.6333114649858,1454.0185927166358,286.61471874835,0.8388757704098374
5302,2025-03-09,2025,16,22,Nashville SC,Portland Timbers,1397.6391834365572,1520.0088847674556,17.63029866910165,0.5253502843781888
5303,2025-03-09,2025,17,21,New England Revolution,Philadelphia Union,1381.1853685441856,1502.3756974804444,18.809671063741234,0.5270428770149762
5304,2025-03-09,2025,18,20,New York City,Orlando City,1519.1517739139238,1553.4838646429935,105.6679092709303,0.6475468365771299
5305,2025-03-09,2025,23,24,Real Salt Lake,San Diego FC,1558.9647237266913,1522.1396441684055,176.82507955828578,0.7345608046078242
5306,2025-03-09,2025,25,15,San Jose Earthquakes,Minnesota United,1364.1951592464522,1539.6816882515132,-35.4865290050609,0.44910763077002475
5307,2025-03-09,2025,30,2,Vancouver Whitecaps,CF Montreal,1504.1271158120728,1460.1971625595168,183.92995325255606,0.7424584649301841
5308,2025-03-15,2025,3,9,Charlotte,FC Cincinnati,1567.1095951263944,1553.2457753592555,153.86381976713892,0.708004352381938
5309,2025-03-15,2025,8,2,DC United,CF Montreal,1464.4197669398736,1449.895501156724,154.52426578314953,0.7087896992236759
5310,2025-03-15,2025,13,1,Los Angeles FC,Austin FC,1637.1215686088865,1447.825387523395,329.2961810854915,0.8693905861100686
5311,2025-03-15,2025,18,17,New York City,New England Revolution,1533.2499004508386,1360.1036534635866,313.14624698725197,0.8584669229169943
5312,2025-03-15,2025,19,20,New York Red Bulls,Orlando City,1552.896974112354,1539.3857381060786,153.51123600627534,0.7075845803053512
5313,2025-03-15,2025,29,4,Toronto FC,Chicago Fire,1355.8200163314532,1389.527072356703,106.29294397475019,0.6483675687645652
5314,2025-03-16,2025,0,12,Atlanta Utd,Inter Miami,1543.3057834664053,1663.452153998699,19.85362946770624,0.5285406111595784
5315,2025-03-16,2025,10,30,FC Dallas,Vancouver Whitecaps,1487.1879181188872,1514.4287772148655,112.7591409040217,0.6568062218068489
5316,2025-03-16,2025,11,23,Houston Dynamo,Real Salt Lake,1535.717337925952,1529.5822915423782,146.1350463835738,0.6987222995235982
5317,2025-03-16,2025,21,16,Philadelphia Union,Nashville SC,1523.4574125610434,1416.6251720614296,246.83224049961382,0.8054764285878154
5318,2025-03-16,2025,22,14,Portland Timbers,Los Angeles Galaxy,1501.0228961425832,1567.0782806485922,73.94461549399102,0.6048367038975139
5319,2025-03-16,2025,24,7,San Diego FC,Columbus Crew,1551.5220763527186,1641.1844787101809,50.33759764253773,0.5719389684975492
5320,2025-03-16,2025,25,6,San Jose Earthquakes,Colorado Rapids,1346.2308540156512,1472.06972276061,14.161131255041255,0.5203682281029761
5321,2025-03-16,2025,27,15,Sporting Kansas City,Minnesota United,1352.2355197937231,1557.6459934823142,-65.41047368859108,0.40696337778401254
5322,2025-03-16,2025,28,26,St. Louis City,Seattle Sounders,1487.5736235330294,1589.0055628429889,38.56806069004051,0.5552770326286449
5323,2025-03-22,2025,3,25,Charlotte,San Jose Earthquakes,1578.789421031117,1325.416124891532,393.3732961395849,0.9058887334849699
5324,2025-03-22,2025,7,18,Columbus Crew,New York City,1644.062037450083,1538.9112235341588,245.15081391592412,0.8039553863677481
5325,2025-03-22,2025,9,0,FC Cincinnati,Atlanta Utd,1541.565949454533,1522.1641590200222,159.40179043451076,0.7145508922809425
5326,2025-03-22,2025,15,14,Minnesota United,Los Angeles Galaxy,1553.9245285936747,1571.2717488044927,122.65277978918198,0.6695269169216843
5327,2025-03-22,2025,19,29,New York Red Bulls,Toronto FC,1544.5935909001398,1329.8853135808706,354.7082773192692,0.8851230357552176
5328,2025-03-22,2025,20,8,Orlando City,DC United,1547.6891213182928,1456.0681789709265,231.62094234736628,0.7913888294476401
5329,2025-03-22,2025,21,28,Philadelphia Union,St. Louis City,1491.2383554175308,1505.3625422278835,125.87581318964726,0.6736190371508216
5330,2025-03-23,2025,1,24,Austin FC,San Diego FC,1482.6010109677977,1548.6445176128166,73.95649335498115,0.6048530459108176
5331,2025-03-23,2025,6,22,Colorado Rapids,Portland Timbers,1492.884451884729,1496.8294279866827,136.05502389804633,0.686368445964717
5332,2025-03-23,2025,16,2,Nashville SC,CF Montreal,1448.8442292049422,1458.2470891256712,130.59714007927096,0.6795658993173757
5333,2025-03-23,2025,23,10,Real Salt Lake,FC Dallas,1557.5311835233222,1460.9156692466133,236.61551427670884,0.7960956596194924
5334,2025-03-23,2025,26,11,Seattle Sounders,Houston Dynamo,1571.2166441481347,1507.7684459450081,203.4481982031266,0.7633513703108887
5335,2025-03-23,2025,27,13,Sporting Kansas City,Los Angeles FC,1355.9569846823626,1602.3459451644837,-106.38896048212109,0.3515064295992662
5336,2025-03-23,2025,30,4,Vancouver Whitecaps,Chicago Fire,1540.7010260871393,1415.4617751072856,265.23925097985375,0.8215434779362238
5337,2025-03-29,2025,0,18,Atlanta Utd,New York City,1530.74619471126,1551.0694389888688,119.67675572239114,0.6657254716423092
5338,2025-03-29,2025,6,3,Colorado Rapids,Charlotte,1465.4297140461404,1582.553871691718,22.875842354422275,0.5328734932188178
5339,2025-03-29,2025,8,7,DC United,Columbus Crew,1447.7237321488321,1631.903821995373,-44.180089846540795,0.43676023103988554
5340,2025-03-29,2025,12,21,Inter Miami,Philadelphia Union,1684.593778445082,1504.293593931498,320.3001845135841,0.8633970443120454
5341,2025-03-29,2025,17,19,New England Revolution,New York Red Bulls,1354.4423303802664,1549.188669469931,-54.746339089664616,0.4218593384927149
5342,2025-03-29,2025,29,30,Toronto FC,Vancouver Whitecaps,1325.2902350110794,1507.8392869696904,-42.54905195861102,0.43907128931187756
5343,2025-03-30,2025,4,2,Chicago Fire,CF Montreal,1448.3235142247345,1445.4297250983661,142.89378912636835,0.6947800744718193
5344,2025-03-30,2025,10,27,FC Dallas,Sporting Kansas City,1492.759495631393,1341.896727498392,290.86276813300105,0.8421536894490609
5345,2025-03-30,2025,14,20,Los Angeles Galaxy,Orlando City,1578.05282548136,1556.0335681403872,162.0192573409729,0.7176141876722117
5346,2025-03-30,2025,15,23,Minnesota United,Real Salt Lake,1547.1434519168074,1525.6873571385424,161.45609477826497,0.7169567880180743
5347,2025-03-30,2025,16,9,Nashville SC,FC Cincinnati,1461.6615932322472,1532.9839137632953,68.67767946895196,0.5975676527561574
5348,2025-03-30,2025,24,13,San Diego FC,Los Angeles FC,1532.8386394492493,1616.4062023484544,56.432437100794914,0.580506074793337
5349,2025-03-30,2025,25,26,San Jose Earthquakes,Seattle Sounders,1321.651674230931,1560.6825893356993,-99.03091510476838,0.3612211869249578
5350,2025-03-30,2025,28,1,St. Louis City,Austin FC,1492.3073037139163,1498.406889131365,133.90041458255132,0.683692355749896
5351,2025-03-31,2025,22,11,Portland Timbers,Houston Dynamo,1524.2841658252714,1518.3025007574436,145.98166506782786,0.6985364010057208
5352,2025-04-05,2025,3,16,Charlotte,Nashville SC,1563.8688114204708,1437.758887122001,266.1099242984699,0.8222771021678592
5353,2025-04-05,2025,23,14,Real Salt Lake,Los Angeles Galaxy,1514.3656286592654,1549.3482579744716,105.01737068479383,0.6466916893760356
5354,2025-04-06,2025,0,10,Atlanta Utd,FC Dallas,1544.1171758455675,1499.0733480534307,185.04382779213688,0.7436826167582788
5355,2025-04-06,2025,1,22,Austin FC,Portland Timbers,1525.7545833613608,1536.3427097850426,129.41187357631816,0.6780783453291973
5356,2025-04-06,2025,7,2,Columbus Crew,CF Montreal,1649.3742312369684,1453.2209280772388,336.1533031597296,0.8738077625725204
5357,2025-04-06,2025,9,17,FC Cincinnati,New England Revolution,1556.8866198735416,1377.5679568405578,319.31866303298375,0.8627292885813654
5358,2025-04-06,2025,11,13,Houston Dynamo,Los Angeles FC,1506.2439567976724,1599.626445340188,46.6175114574844,0.5666882707120784
5359,2025-04-06,2025,18,15,New York City,Minnesota United,1537.6984578545612,1558.4651803960844,119.23327745847678,0.6651571292685213
5360,2025-04-06,2025,19,4,New York Red Bulls,Chicago Fire,1526.0630430096396,1440.5323112458618,225.5307317637778,0.7855418723086847
5361,2025-04-06,2025,21,20,Philadelphia Union,Orlando City,1498.8294757039798,1584.7381356472756,54.09134005670421,0.5772207945942839
5362,2025-04-06,2025,24,26,San Diego FC,Seattle Sounders,1549.6183964575157,1555.1314368126975,134.48695964481817,0.6844220783617023
5363,2025-04-06,2025,25,8,San Jose Earthquakes,DC United,1327.2028267539326,1430.2533229072367,36.94950384669596,0.5529750422193804
5364,2025-04-06,2025,27,28,Sporting Kansas City,St. Louis City,1335.5828750763544,1464.9596094839205,10.623265592433881,0.5152833455914593
5365,2025-04-06,2025,30,6,Vancouver Whitecaps,Colorado Rapids,1505.4021385421656,1484.1147743173876,161.287364224778,0.716759642618583
5366,2025-04-07,2025,12,29,Inter Miami,Toronto FC,1690.0578966726002,1327.7273834386042,502.33051323399604,0.9474319642326151
5367,2025-04-12,2025,20,19,Orlando City,New York Red Bulls,1587.826967431047,1534.6413681172921,193.1855993137549,0.7525140217065521
5368,2025-04-12,2025,29,15,Toronto FC,Minnesota United,1345.6246620079087,1585.0714655668253,-99.4468035589166,0.36066896734050424
5369,2025-04-13,2025,2,3,CF Montreal,Charlotte,1448.1732385801397,1570.9777273337565,17.19551124638315,0.5247261441207515
5370,2025-04-13,2025,4,12,Chicago Fire,Inter Miami,1431.9539861382093,1672.1606181032957,-100.20663196508644,0.35966101382452553
5371,2025-04-13,2025,6,24,Colorado Rapids,San Diego FC,1472.7851600221309,1562.2415133230477,50.54364669908318,0.5722293337223356
5372,2025-04-13,2025,8,9,DC United,FC Cincinnati,1412.3723245960118,1562.377448330287,-10.00512373427523,0.4856054482958924
5373,2025-04-13,2025,10,26,FC Dallas,Seattle Sounders,1508.820652723762,1542.5083199471655,106.31233277659635,0.6483930141881163
5374,2025-04-13,2025,13,25,Los Angeles FC,San Jose Earthquakes,1582.2939761686712,1345.0838250651575,377.2101511035137,0.8976513093814694
5375,2025-04-13,2025,14,11,Los Angeles Galaxy,Houston Dynamo,1535.215925549513,1523.5764259691891,151.6394995803239,0.7053502506176105
5376,2025-04-13,2025,16,23,Nashville SC,Real Salt Lake,1430.6499712087152,1528.497961084224,42.1520101244912,0.5603657280934184
5377,2025-04-13,2025,18,21,New York City,Philadelphia Union,1511.0921726838203,1495.7406439202084,155.3515287636119,0.709771652904955
5378,2025-04-13,2025,27,22,Sporting Kansas City,Portland Timbers,1354.971541252696,1543.4658435982105,-48.4943023455146,0.43066079328088186
5379,2025-04-13,2025,30,1,Vancouver Whitecaps,Austin FC,1516.7317528374224,1518.631449548193,138.1003032892295,0.6888973275777324
5380,2025-04-14,2025,28,7,St. Louis City,Columbus Crew,1445.570943307579,1654.4219207340675,-68.8509774264885,0.4021924712433585
5381,2025-04-19,2025,1,14,Austin FC,Los Angeles Galaxy,1506.1873426513023,1527.0019155248085,119.18542712649378,0.6650957776938032
5382,2025-04-19,2025,7,12,Columbus Crew,Inter Miami,1670.5096195838019,1666.5470586562767,143.96256092752515,0.69608317951544
5383,2025-04-20,2025,2,20,CF Montreal,Orlando City,1427.1841928153096,1577.7264065627849,-10.542213747475216,0.4848331892364621
5384,2025-04-20,2025,3,24,Charlotte,San Diego FC,1591.9667730985866,1545.130686671941,186.83608642664558,0.7456442948485764
5385,2025-04-20,2025,4,9,Chicago Fire,FC Cincinnati,1437.5675455852283,1581.8016662621228,-4.234120676894463,0.4939069121702215
5386,2025-04-20,2025,11,6,Houston Dynamo,Colorado Rapids,1531.7904359938937,1489.8959866732375,181.89444932065612,0.7402115963463223
5387,2025-04-20,2025,15,10,Minnesota United,FC Dallas,1579.4982242604453,1482.8849321562373,236.61329210420809,0.7960935831438658
5388,2025-04-20,2025,17,18,New England Revolution,New York City,1372.0771283838124,1522.7013065676222,-10.624178183809818,0.4847153423111535
5389,2025-04-20,2025,19,8,New York Red Bulls,DC United,1544.7419289855543,1392.948106664176,291.79382232137823,0.8428648370167754
5390,2025-04-20,2025,21,0,Philadelphia Union,Atlanta Utd,1484.1315100364066,1534.3698711752363,89.76163886117024,0.6263780227733451
5391,2025-04-20,2025,22,13,Portland Timbers,Los Angeles FC,1560.692275329446,1586.3879237934125,114.30435153603344,0.6588084421289564
5392,2025-04-20,2025,23,29,Real Salt Lake,Toronto FC,1510.9125902079606,1351.1979033142886,299.714686893672,0.848809792218888
5393,2025-04-20,2025,25,27,San Jose Earthquakes,Sporting Kansas City,1340.9898774404162,1337.7451095214606,143.24476791895563,0.6952083524922741
5394,2025-04-20,2025,26,16,Seattle Sounders,Nashville SC,1568.4440405146902,1448.2353420849786,260.2086984297116,0.8172583229960527
5395,2025-04-20,2025,28,30,St. Louis City,Vancouver Whitecaps,1429.4832444578446,1529.175859734313,40.30738472353164,0.5577481395861749
5396,2025-04-26,2025,9,27,FC Cincinnati,Sporting Kansas City,1601.5579427489317,1365.5534436211515,376.00449912778026,0.8970119189969515
5397,2025-04-26,2025,19,2,New York Red Bulls,CF Montreal,1511.0273355048832,1427.7908652458511,223.2364702590321,0.7833085829630279
5398,2025-04-26,2025,21,8,Philadelphia Union,DC United,1499.0763891254728,1426.6627001448471,212.4136889806257,0.7725473970845389
5399,2025-04-26,2025,29,18,Toronto FC,New York City,1385.1502950030442,1502.0899202600683,23.06037474297591,0.5331378994731267
5400,2025-04-27,2025,3,17,Charlotte,New England Revolution,1602.1410013046436,1392.6885146913662,349.4524866132774,0.8820106969715402
5401,2025-04-27,2025,6,26,Colorado Rapids,Seattle Sounders,1499.5044505270905,1575.753707594848,63.750742932242474,0.5907287429441335
5402,2025-04-27,2025,7,25,Columbus Crew,San Jose Earthquakes,1642.6662924031843,1313.1815433407253,469.48474906245906,0.9371782095882402
5403,2025-04-27,2025,11,1,Houston Dynamo,Austin FC,1522.1819721400407,1519.5835115435502,142.59846059649044,0.6944194418018032
5404,2025-04-27,2025,12,10,Inter Miami,FC Dallas,1694.3903858368942,1494.7286754819918,339.6617103549024,0.8760179709377326
5405,2025-04-27,2025,15,30,Minnesota United,Vancouver Whitecaps,1567.6544809346908,1531.48578531776,176.1686956169308,0.7338234251979397
5406,2025-04-27,2025,16,4,Nashville SC,Chicago Fire,1440.9256750048207,1417.8112690984194,163.11440590640132,0.7188899383204514
5407,2025-04-27,2025,20,0,Orlando City,Atlanta Utd,1577.1197341322434,1519.42499208617,197.69474204607332,0.7573163670177738
5408,2025-04-27,2025,24,23,San Diego FC,Real Salt Lake,1534.956458465884,1476.960198519205,197.99625994667895,0.7576352215533985
5409,2025-04-28,2025,13,28,Los Angeles FC,St. Louis City,1592.7402614785708,1427.1733188743976,305.56694260417316,0.853082457617631
5410,2025-04-28,2025,14,22,Los Angeles Galaxy,Portland Timbers,1513.6057466325606,1554.3399376442876,99.26580898827297,0.6390907519989902
5411,2025-05-03,2025,0,16,Atlanta Utd,Nashville SC,1509.717646766881,1452.1700774720027,197.54756929487826,0.757160628658271
5412,2025-05-03,2025,29,17,Toronto FC,New England Revolution,1363.8247790241192,1427.968942570228,75.85583645389124,0.6074631974078745
5413,2025-05-04,2025,1,15,Austin FC,Minnesota United,1507.3602892156223,1538.3015439267733,109.05874528884897,0.6519887732727188
5414,2025-05-04,2025,2,21,CF Montreal,Philadelphia Union,1419.1232085643724,1508.1744932420913,50.94871532228103,0.5728000129740644
5415,2025-05-04,2025,4,20,Chicago Fire,Orlando City,1406.5668666312374,1586.8270794515324,-40.26021282029501,0.442318841733967
5416,2025-05-04,2025,7,3,Columbus Crew,Charlotte,1645.1791640196548,1566.860573425782,218.31859059387284,0.7784648946455652
5417,2025-05-04,2025,8,6,DC United,Colorado Rapids,1417.5645960282286,1495.8753008093252,61.68929521890345,0.5878567054795423
5418,2025-05-04,2025,12,19,Inter Miami,New York Red Bulls,1659.349666999385,1519.694992186362,279.6546748130229,0.8333866322212204
5419,2025-05-04,2025,13,11,Los Angeles FC,Houston Dynamo,1578.6169631738655,1534.4051944679686,184.21176870589693,0.7427685415787817
5420,2025-05-04,2025,18,9,New York City,FC Cincinnati,1523.4154362389934,1605.6774659890536,57.737970249939735,0.5823350647646405
5421,2025-05-04,2025,24,10,San Diego FC,FC Dallas,1504.651049603748,1529.769394319501,114.88165528424702,0.6595550420958467
5422,2025-05-04,2025,25,22,San Jose Earthquakes,Portland Timbers,1310.6686717242549,1579.9035677242473,-129.23489599999243,0.3221440792442739
5423,2025-05-04,2025,26,28,Seattle Sounders,St. Louis City,1579.3828573126134,1441.296617179103,278.0862401335105,0.8321291995018797
5424,2025-05-04,2025,30,23,Vancouver Whitecaps,Real Salt Lake,1560.8387223256775,1507.265607381341,193.57311494433657,0.7529292293818061
5425,2025-05-05,2025,27,14,Sporting Kansas City,Los Angeles Galaxy,1361.4339203810296,1488.0421165526009,13.391803828428692,0.5192628163050856
5426,2025-05-10,2025,4,0,Chicago Fire,Atlanta Utd,1408.8741129618788,1499.43122162055,49.44289134132873,0.5706775721913654
5427,2025-05-10,2025,15,12,Minnesota United,Inter Miami,1564.381094857682,1666.014201710536,38.3668931471459,0.5549910493568851
5428,2025-05-10,2025,29,8,Toronto FC,DC United,1339.5262511278042,1434.0503278090468,45.475923318757395,0.5650739172909179
5429,2025-05-11,2025,6,25,Colorado Rapids,San Jose Earthquakes,1479.389569028507,1337.7829085544838,281.6066604740231,0.8349410231955211
5430,2025-05-11,2025,9,1,FC Cincinnati,Austin FC,1588.9708685796393,1481.2807382847136,247.69013029492567,0.806249032173086
5431,2025-05-11,2025,10,23,FC Dallas,Real Salt Lake,1516.151596003335,1497.3827765566132,158.76881944672186,0.713807119089198
5432,2025-05-11,2025,11,26,Houston Dynamo,Seattle Sounders,1524.11593613112,1586.0976893325383,78.01824679858169,0.6104274007948787
5433,2025-05-11,2025,16,3,Nashville SC,Charlotte,1462.4565026183336,1557.9991692116046,44.45733340672905,0.5636323322108031
5434,2025-05-11,2025,18,2,New York City,CF Montreal,1540.1220336484078,1396.2112080454099,283.9108256029979,0.8367608614131398
5435,2025-05-11,2025,19,14,New York Red Bulls,Los Angeles Galaxy,1513.0304574752108,1468.8126292048044,184.21782827040647,0.7427752061316094
5436,2025-05-11,2025,20,17,Orlando City,New England Revolution,1584.519833120891,1452.2674704665428,272.2523626543482,0.8273855906533402
5437,2025-05-11,2025,21,7,Philadelphia Union,Columbus Crew,1531.0864937610538,1654.0405682338321,17.045925527221698,0.5245113948591235
5438,2025-05-11,2025,22,27,Portland Timbers,Sporting Kansas City,1552.7893308940183,1380.663407728826,312.12592316519226,0.8577517857781924
5439,2025-05-11,2025,28,24,St. Louis City,San Diego FC,1434.581785159178,1518.2688479199142,56.312937239263874,0.5803385498116824
5440,2025-05-12,2025,30,13,Vancouver Whitecaps,Los Angeles FC,1570.7215531504053,1588.9062215107142,121.81533163969107,0.6684594068364179
5441,2025-05-15,2025,1,0,Austin FC,Atlanta Utd,1473.5306995716371,1482.2583245082046,131.2723750634325,0.6804117181959372
5442,2025-05-15,2025,2,7,CF Montreal,Columbus Crew,1429.6816425019354,1655.021024028197,-85.3393815262616,0.37959844454485214
5443,2025-05-15,2025,8,18,DC United,New York City,1416.6532845006836,1506.6515991918823,50.00168530880137,0.5714654932161448
5444,2025-05-15,2025,11,15,Houston Dynamo,Minnesota United,1499.6988400993248,1582.1814528834066,57.517387215918234,0.5820261959160776
5445,2025-05-15,2025,13,26,Los Angeles FC,Seattle Sounders,1595.6445977841709,1610.5147853643334,125.12981241983744,0.6726741990515993
5446,2025-05-15,2025,16,19,Nashville SC,New York Red Bulls,1479.9112093299016,1523.3194492299465,96.59176009995508,0.6355327365787328
5447,2025-05-15,2025,20,3,Orlando City,Charlotte,1571.4244094947574,1540.5444625000366,170.87994699472074,0.727834637982744
5448,2025-05-15,2025,21,14,Philadelphia Union,Los Angeles Galaxy,1530.106037966689,1458.5236374500687,211.58240051662028,0.7717054409811578
5449,2025-05-15,2025,23,22,Real Salt Lake,Portland Timbers,1505.9350613201811,1558.4792594628907,87.45580185729045,0.6232664786039274
5450,2025-05-15,2025,24,6,San Diego FC,Colorado Rapids,1541.4823899123814,1445.991928100686,235.49046181169547,0.795042359130061
5451,2025-05-15,2025,25,12,San Jose Earthquakes,Inter Miami,1371.1805494823047,1648.2138436848115,-137.0332942025068,0.31242057974351406
5452,2025-05-15,2025,28,27,St. Louis City,Sporting Kansas City,1411.3682431667107,1374.9734791599537,176.394764006757,0.7340775369499343
5453,2025-05-15,2025,29,9,Toronto FC,FC Cincinnati,1356.9232944361675,1596.7209072927158,-99.79761285654831,0.3602034466083383
5454,2025-05-17,2025,2,29,CF Montreal,Toronto FC,1434.4977047201412,1342.5151565718338,231.9825481483074,0.7917322727611309
5455,2025-05-17,2025,18,19,New York City,New York Red Bulls,1509.5102189205281,1508.7407586930958,140.76946022743232,0.6921807054260984
5456,2025-05-18,2025,0,21,Atlanta Utd,Philadelphia Union,1489.4747932360422,1539.2378203274427,90.23697290859945,0.6270181600564239
5457,2025-05-18,2025,1,30,Austin FC,Vancouver Whitecaps,1466.3142308437996,1563.9831768769486,42.33105396685096,0.5606196213321798
5458,2025-05-18,2025,3,4,Charlotte,Chicago Fire,1529.6578480193464,1426.0470100742243,243.61083794512206,0.8025544273113123
5459,2025-05-18,2025,6,23,Colorado Rapids,Real Salt Lake,1437.7936224658883,1501.004402176024,76.78922028986426,0.6087436532103356
5460,2025-05-18,2025,7,9,Columbus Crew,FC Cincinnati,1650.2049618099911,1611.1290451570494,179.07591665294171,0.7370794592059204
5461,2025-05-18,2025,10,11,FC Dallas,Houston Dynamo,1507.599311239767,1516.4177922626816,131.1815189770855,0.6802979781694495
5462,2025-05-18,2025,15,28,Minnesota United,St. Louis City,1565.4625007200498,1402.0051416887134,303.4573590313364,0.8515539138288503
5463,2025-05-18,2025,16,8,Nashville SC,DC United,1494.4898998667522,1413.7946647720378,220.69523509471446,0.7808153032917065
5464,2025-05-18,2025,17,25,New England Revolution,San Jose Earthquakes,1465.3628940926765,1378.6837262925642,226.67916780011228,0.7866534856136032
5465,2025-05-18,2025,22,26,Portland Timbers,Seattle Sounders,1563.4099186070478,1597.4217533263975,105.98816528065026,0.6479674734554537
5466,2025-05-18,2025,24,27,San Diego FC,Sporting Kansas City,1549.680695547179,1384.336580637951,305.344114909228,0.8529216205272986
5467,2025-05-19,2025,12,20,Inter Miami,Orlando City,1640.710666874552,1582.3110239754476,198.3996428991045,0.7580613523961237
5468,2025-05-19,2025,14,13,Los Angeles Galaxy,Los Angeles FC,1449.391855089315,1608.7376298221068,-19.345774732791824,0.47218792948069555
5469,2025-05-24,2025,24,14,San Diego FC,Los Angeles Galaxy,1535.5638307260872,1450.504337910087,225.0594928160001,0.7850845262039312
5470,2025-05-24,2025,26,10,Seattle Sounders,FC Dallas,1603.3404522646156,1480.3873921129891,262.95306015162646,0.8196058672030616
5471,2025-05-25,2025,2,13,CF Montreal,Los Angeles FC,1402.828413809696,1607.6251470013347,-64.79673319163862,0.40781632006494234
5472,2025-05-25,2025,3,7,Charlotte,Columbus Crew,1497.555670926894,1640.7217834417543,-3.1661125148602878,0.4954437239472257
5473,2025-05-25,2025,6,28,Colorado Rapids,St. Louis City,1453.4438763374749,1396.0672982418673,197.37657809560756,0.7569796003520091
5474,2025-05-25,2025,8,19,DC United,New York Red Bulls,1425.027276903706,1496.4279869101397,68.59928999356634,0.5974591320699486
5475,2025-05-25,2025,15,1,Minnesota United,Austin FC,1571.4003441668958,1463.8894459905123,247.51089817638353,0.80608781109172
5476,2025-05-25,2025,18,4,New York City,Chicago Fire,1521.8229907034843,1458.1491871666767,203.67380353680755,0.7635858930589735
5477,2025-05-25,2025,20,22,Orlando City,Portland Timbers,1612.6334780712925,1557.4912196688297,195.14225840246286,0.754605715087662
5478,2025-05-25,2025,21,12,Philadelphia Union,Inter Miami,1564.3185467296996,1610.3882127787072,93.93033395099246,0.6319767446190531
5479,2025-05-25,2025,23,30,Real Salt Lake,Vancouver Whitecaps,1485.3541483044376,1566.407961730236,58.94618657420165,0.5840257041382235
5480,2025-05-25,2025,25,11,San Jose Earthquakes,Houston Dynamo,1390.1498657171082,1543.6297113894595,-13.479845672351303,0.48061067058914386
5481,2025-05-25,2025,27,17,Sporting Kansas City,New England Revolution,1398.453445459043,1453.8967546681324,84.55669079091058,0.6193399133988803
5482,2025-05-25,2025,29,16,Toronto FC,Nashville SC,1374.184447482279,1483.257287735084,30.92715974719499,0.5443905757147867
5483,2025-05-26,2025,0,9,Atlanta Utd,FC Cincinnati,1464.3940668337852,1620.6122235252863,-16.218156691501008,0.47667713395779276
5484,2025-05-29,2025,0,20,Atlanta Utd,Orlando City,1485.3269814754735,1622.449249467786,2.8777320076874275,0.5041412945608122
5485,2025-05-29,2025,1,23,Austin FC,Real Salt Lake,1476.132958434181,1461.9931201389086,154.1398382952725,0.7083327217508671
5486,2025-05-29,2025,7,16,Columbus Crew,Nashville SC,1620.5395323996433,1505.0329107636755,255.5066216359678,0.8131811309590327
5487,2025-05-29,2025,8,17,DC United,New England Revolution,1401.1289116209082,1458.6703512040876,82.45856041682055,0.616488398002364
5488,2025-05-29,2025,9,10,FC Cincinnati,FC Dallas,1599.679308883598,1473.1716268011116,266.5076820824863,0.8226114630215945
5489,2025-05-29,2025,12,2,Inter Miami,CF Montreal,1615.6672825634694,1406.5157610070983,349.1515215563711,0.8818302807110475
5490,2025-05-29,2025,14,25,Los Angeles Galaxy,San Jose Earthquakes,1441.9077189582442,1390.9254388935424,190.98228006470185,0.7501443639038577
5491,2025-05-29,2025,18,11,New York City,Houston Dynamo,1531.2795549811253,1542.8541382130254,128.42541676809992,0.6768375445459158
5492,2025-05-29,2025,19,3,New York Red Bulls,Charlotte,1520.3263521929375,1517.737921969005,142.58843022393262,0.6944071892872202
5493,2025-05-29,2025,22,6,Portland Timbers,Colorado Rapids,1547.675448272336,1463.1646923233945,224.51075594894155,0.7845510748205634
5494,2025-05-29,2025,26,24,Seattle Sounders,San Diego FC,1610.556217576493,1544.16044967793,206.395767898563,0.7664027875640592
5495,2025-05-29,2025,29,21,Toronto FC,Philadelphia Union,1352.4088244536874,1559.0394769449374,-66.63065249124998,0.40526931102341185
5496,2025-05-29,2025,30,15,Vancouver Whitecaps,Minnesota United,1589.768989895765,1559.156831723227,170.61215817253787,0.7275291696569114
5497,2025-05-31,2025,16,18,Nashville SC,New York City,1517.5601560020368,1504.2060531992886,153.35410280274823,0.7073973898000822
5498,2025-05-31,2025,28,25,St. Louis City,San Jose Earthquakes,1386.3464822559476,1420.9312134496968,105.41526880625088,0.6472148470895582
5499,2025-06-01,2025,2,17,CF Montreal,New England Revolution,1401.78897223554,1463.3298871241823,78.45908511135781,0.6110307038634769
5500,2025-06-01,2025,9,8,FC Cincinnati,DC United,1586.7748503627342,1396.4693757008135,330.3054746619207,0.8700488959418394
5501,2025-06-01,2025,10,21,FC Dallas,Philadelphia Union,1486.0760853219754,1575.250249385874,50.825835936101385,0.5726269152621865
5502,2025-06-01,2025,11,27,Houston Dynamo,Sporting Kansas City,1569.9276399948621,1393.6798489230878,316.2477910717744,0.8606223486447113
5503,2025-06-01,2025,12,7,Inter Miami,Columbus Crew,1620.3940713350275,1608.012287161282,152.38178417374547,0.7062375199709507
5504,2025-06-01,2025,14,23,Los Angeles Galaxy,Real Salt Lake,1411.9019444020898,1470.3264290089433,81.57551539314659,0.6152858615191606
5505,2025-06-01,2025,19,0,New York Red Bulls,Atlanta Utd,1532.5500646214487,1505.1613296930411,167.38873492840753,0.7238354121433949
5506,2025-06-01,2025,20,4,Orlando City,Chicago Fire,1602.6149012502185,1448.6926228890356,293.92227836118286,0.8444807786789036
5507,2025-06-01,2025,24,1,San Diego FC,Austin FC,1534.8165611804925,1467.7996495641464,207.01691161634608,0.7670423141078639
5508,2025-06-01,2025,26,15,Seattle Sounders,Minnesota United,1619.9001060739306,1568.2579985095035,191.64210756442708,0.7508555891333951
5509,2025-06-01,2025,29,3,Toronto FC,Charlotte,1336.1980520127508,1505.5142095404938,-29.316157527742916,0.4579104996324855
5510,2025-06-08,2025,6,1,Colorado Rapids,Austin FC,1454.546735316217,1458.481342128461,136.06539318775617,0.686381295189722
5511,2025-06-08,2025,8,4,DC United,Chicago Fire,1431.2713315384872,1482.4718540361919,88.7994775022953,0.6250809166180121
5512,2025-06-09,2025,13,27,Los Angeles FC,Sporting Kansas City,1603.9377998039324,1428.1047428688762,315.8330569350562,0.8603357295610834
5513,2025-06-09,2025,22,28,Portland Timbers,St. Louis City,1556.2934052795135,1400.4578883723652,295.8355169071483,0.845921731365815
5514,2025-06-09,2025,30,26,Vancouver Whitecaps,Seattle Sounders,1580.6678231094884,1589.8658825085947,130.80194060089366,0.6798225633909025
5515,2025-06-13,2025,18,0,New York City,Atlanta Utd,1512.5019487912919,1494.1147461787768,158.387202612515,0.7133581393147552
5516,2025-06-14,2025,22,25,Portland Timbers,San Jose Earthquakes,1562.456536024881,1406.8198073332792,295.6367286916018,0.8457725241578455
5517,2025-06-14,2025,28,14,St. Louis City,Los Angeles Galaxy,1394.2947576269978,1427.2905099413233,107.0042476856745,0.6493005149994682
5518,2025-06-15,2025,1,19,Austin FC,New York Red Bulls,1485.9365939360498,1543.596648135713,82.33994580033686,0.6163269503075302
5519,2025-06-15,2025,4,16,Chicago Fire,Nashville SC,1507.4750907009125,1509.2642604100336,138.2108302908789,0.689033669722265
5520,2025-06-15,2025,6,20,Colorado Rapids,Orlando City,1427.0914835086282,1568.8356701030623,-1.7441865944340407,0.49748993480395653
5521,2025-06-15,2025,7,30,Columbus Crew,Vancouver Whitecaps,1596.26178796012,1593.4749205738524,142.78686738626766,0.6946495373576578
5522,2025-06-15,2025,11,2,Houston Dynamo,CF Montreal,1535.5027460490737,1377.347744081001,298.1550019680726,0.8476539836545905
5523,2025-06-15,2025,15,24,Minnesota United,San Diego FC,1598.2922220748394,1544.134868616178,194.15735345866142,0.7535543325904562
5524,2025-06-15,2025,17,9,New England Revolution,FC Cincinnati,1487.7711152787213,1551.9728945250606,75.79822075366064,0.6073841090844062
5525,2025-06-15,2025,21,3,Philadelphia Union,Charlotte,1578.1553259963614,1523.8306295257933,194.32469647056814,0.753733184236056
5526,2025-06-15,2025,23,8,Real Salt Lake,DC United,1454.9378634697098,1406.2680948737666,188.6697685959432,0.7476410476083852
5527,2025-06-15,2025,27,10,Sporting Kansas City,FC Dallas,1422.5181720513194,1483.171008711488,79.34716333983147,0.6122450371233176
5528,2025-06-26,2025,2,9,CF Montreal,FC Cincinnati,1411.2539034271847,1576.2682588884368,-25.01435546125208,0.4640635205439795
5529,2025-06-26,2025,4,21,Chicago Fire,Philadelphia Union,1479.9137439120218,1588.005998626919,31.907745285102692,0.5457902742792557
5530,2025-06-26,2025,6,14,Colorado Rapids,Los Angeles Galaxy,1407.19188611647,1433.262530541302,113.92935557516785,0.6583230547742203
5531,2025-06-26,2025,7,0,Columbus Crew,Atlanta Utd,1608.4758064658138,1482.649071751367,265.82673471444673,0.822038748036942
5532,2025-06-26,2025,10,25,FC Dallas,San Jose Earthquakes,1507.6608101964207,1420.650708299593,227.0101018968278,0.7869730283949627
5533,2025-06-26,2025,15,11,Minnesota United,Houston Dynamo,1568.1500487712212,1501.5965867028901,206.5534620683311,0.7665652642392786
5534,2025-06-26,2025,17,16,New England Revolution,Nashville SC,1463.475750915345,1536.8256071989242,66.65014371642087,0.5947577319403976
5535,2025-06-26,2025,27,3,Sporting Kansas City,Charlotte,1398.0283705663867,1513.9799568952355,24.04841367115114,0.5345532855295382
5536,2025-06-26,2025,28,20,St. Louis City,Orlando City,1388.322737027019,1588.7352674952206,-60.41253046820157,0.41392511875479454
5537,2025-06-26,2025,29,19,Toronto FC,New York Red Bulls,1317.8816320274514,1528.2497261480141,-70.36809412056277,0.4000945149400598
5538,2025-06-26,2025,30,24,Vancouver Whitecaps,San Diego FC,1581.2609020681587,1574.2770419197961,146.9838601483625,0.6997498835595307
5539,2025-06-29,2025,2,18,CF Montreal,New York City,1392.6913626054254,1523.9676232187016,8.723739386723764,0.5125518324729916
5540,2025-06-29,2025,4,3,Chicago Fire,Charlotte,1458.0821329408516,1495.3620883164172,102.72004462443442,0.6436643128243763
5541,2025-06-29,2025,7,21,Columbus Crew,Philadelphia Union,1615.594256544336,1609.8376095980893,145.75664694624675,0.6982635605579653
5542,2025-06-29,2025,8,16,DC United,Nashville SC,1396.173736778102,1560.6159164765402,-24.442179698438167,0.4648827902936308
5543,2025-06-29,2025,10,24,FC Dallas,San Diego FC,1476.181889060622,1602.2670372621774,13.914851798444715,0.5200143814692365
5544,2025-06-29,2025,11,28,Houston Dynamo,St. Louis City,1492.2591972724613,1371.7657322768273,260.493464995634,0.8175030127327938
5545,2025-06-29,2025,17,6,New England Revolution,Colorado Rapids,1439.6854416377291,1420.8589639255013,158.82647771222787,0.713874918535985
5546,2025-06-29,2025,19,15,New York Red Bulls,Minnesota United,1524.2535067456165,1577.48743820165,86.76606854396641,0.6223337464073867
5547,2025-06-29,2025,20,9,Orlando City,FC Cincinnati,1605.2922722454123,1594.830799710196,150.46147253521622,0.7039389309792491
5548,2025-06-29,2025,25,14,San Jose Earthquakes,Los Angeles Galaxy,1452.1296294353915,1419.5954527322708,172.5341767031207,0.7297168676090112
5549,2025-06-29,2025,26,1,Seattle Sounders,Austin FC,1577.0587850442307,1501.2835159237486,215.7752691204821,0.775929737187785
5550,2025-06-29,2025,27,23,Sporting Kansas City,Real Salt Lake,1416.646239145205,1465.0322215653744,91.61401757983072,0.6288701226337896
5551,2025-06-29,2025,29,22,Toronto FC,Portland Timbers,1321.877851429849,1548.6256350585672,-86.74778362871825,0.3776909927994997
5552,2025-06-30,2025,13,30,Los Angeles FC,Vancouver Whitecaps,1609.5243706214892,1553.2709067257774,196.25346389571177,0.7557882838690768
5553,2025-07-04,2025,18,29,New York City,Toronto FC,1504.4696965176213,1346.770211717869,297.6994847997523,0.847315056789469
5554,2025-07-05,2025,6,27,Colorado Rapids,Sporting Kansas City,1429.4139606669407,1411.4914342398536,157.92252642708718,0.7128108701035996
5555,2025-07-05,2025,10,15,FC Dallas,Minnesota United,1455.3813138018527,1582.3807880579457,13.00052574390702,0.5187005334775322
5556,2025-07-05,2025,14,30,Los Angeles Galaxy,Vancouver Whitecaps,1428.7841274366313,1583.5024380805405,-14.718310643909263,0.4788313099093293
5557,2025-07-06,2025,2,12,CF Montreal,Inter Miami,1412.1892893065058,1632.1445705361896,-79.9552812296838,0.38692424212324444
5558,2025-07-06,2025,3,20,Charlotte,Orlando City,1481.1086608293922,1577.1347150062422,43.97394582314996,0.5629478277622225
5559,2025-07-06,2025,8,0,DC United,Atlanta Utd,1377.5784251663567,1475.5306216728447,42.04780349351199,0.5602179432577734
5560,2025-07-06,2025,9,4,FC Cincinnati,Chicago Fire,1622.988356949366,1472.3355604278765,290.65279652148956,0.8419929503016771
5561,2025-07-06,2025,16,21,Nashville SC,Philadelphia Union,1579.2112280882855,1597.768152020408,121.44307606787743,0.6679843284305126
5562,2025-07-06,2025,22,17,Portland Timbers,New England Revolution,1523.7332747705473,1431.1304448962896,232.60282987425762,0.792320428574393
5563,2025-07-06,2025,23,28,Real Salt Lake,St. Louis City,1470.1870264707259,1364.465852786139,245.7211736845868,0.8044723474642705
5564,2025-07-06,2025,24,11,San Diego FC,Houston Dynamo,1623.0676125209468,1499.5590767631495,263.5085357577973,0.8200781522327649
5565,2025-07-06,2025,25,19,San Jose Earthquakes,New York Red Bulls,1442.940954731031,1519.360156889321,63.58079784171014,0.5904922042565679
5566,2025-07-06,2025,26,7,Seattle Sounders,Columbus Crew,1586.0215955567194,1627.6637141220174,98.357881434702,0.6378843771518502
5567,2025-07-10,2025,13,6,Los Angeles FC,Colorado Rapids,1579.292839266726,1400.9015258627967,318.3913134039294,0.862095867737494
5568,2025-07-10,2025,17,12,New England Revolution,Inter Miami,1422.8232620392653,1647.6215402211194,-84.79827818185413,0.38033227506677053
5569,2025-07-13,2025,1,17,Austin FC,New England Revolution,1492.32070541126,1407.6099710365945,224.71073437466544,0.7847455938577567
5570,2025-07-13,2025,3,18,Charlotte,New York City,1478.5907477189032,1510.5770942460426,108.0136534728606,0.6506224939608044
5571,2025-07-13,2025,4,24,Chicago Fire,San Diego FC,1466.0152784399436,1590.2644864316362,15.750792008307371,0.52265169592945
5572,2025-07-13,2025,6,30,Colorado Rapids,Vancouver Whitecaps,1395.3853605722963,1562.6556904769136,-27.270329904617256,0.4608352353856603
5573,2025-07-13,2025,9,7,FC Cincinnati,Columbus Crew,1629.308638937299,1633.1790892080915,136.1295497292076,0.6864607891512531
5574,2025-07-13,2025,12,16,Inter Miami,Nashville SC,1662.8348312237902,1592.4918549510649,210.3429762727253,0.7704460410227039
5575,2025-07-13,2025,13,10,Los Angeles FC,FC Dallas,1584.8090045572264,1434.6332924627513,290.1757120944751,0.8416272345429731
5576,2025-07-13,2025,14,8,Los Angeles Galaxy,DC United,1449.6308750402582,1375.1697074360459,214.46116760421228,0.7746117942569584
5577,2025-07-13,2025,15,25,Minnesota United,San Jose Earthquakes,1603.128809397047,1439.3212665607684,303.80754283627857,0.8518085527857484
5578,2025-07-13,2025,20,2,Orlando City,CF Montreal,1579.6526281167312,1396.712319621576,322.94030849515525,0.865179630044167
5579,2025-07-13,2025,21,19,Philadelphia Union,New York Red Bulls,1584.4875251576286,1522.9798450595836,201.50768009804506,0.7613275272646611
5580,2025-07-13,2025,23,11,Real Salt Lake,Houston Dynamo,1478.008132572155,1532.36220285246,85.645929719695,0.6208170443165587
5581,2025-07-13,2025,27,26,Sporting Kansas City,Seattle Sounders,1440.0038690439976,1580.5062204706453,-0.5023514266476923,0.49927705868726174
5582,2025-07-13,2025,29,0,Toronto FC,Atlanta Utd,1340.6628139894476,1477.9393394031556,2.7234745862920136,0.503919314713819
5583,2025-07-14,2025,28,22,St. Louis City,Portland Timbers,1356.6447466847098,1532.0404576275716,-35.3957109428618,0.44923697786058897
5584,2025-07-17,2025,0,4,Atlanta Utd,Chicago Fire,1478.0961119917083,1445.1092106027656,172.98690138894267,0.7302305598877595
5585,2025-07-17,2025,3,8,Charlotte,DC United,1492.565847960471,1366.1541792063242,266.41166875414683,0.8225307980538279
5586,2025-07-17,2025,9,12,FC Cincinnati,Inter Miami,1601.8502073712489,1672.016989582882,69.83321778836694,0.5991662411100129
5587,2025-07-17,2025,11,30,Houston Dynamo,Vancouver Whitecaps,1517.1948846251225,1541.08909989234,116.10578473278247,0.6611355300259449
5588,2025-07-17,2025,14,1,Los Angeles Galaxy,Austin FC,1458.6464032699798,1480.9308816569496,117.7155216130302,0.6632084189940465
5589,2025-07-17,2025,15,13,Minnesota United,Los Angeles FC,1609.0564672856171,1591.1439151755076,157.91255211010957,0.7127991160820838
5590,2025-07-17,2025,16,7,Nashville SC,Columbus Crew,1583.309696591973,1660.6375207741416,62.67217581783143,0.5892268273185273
5591,2025-07-17,2025,19,17,New York Red Bulls,New England Revolution,1513.43294615017,1418.9997947909048,234.43315135926514,0.7940488042952637
5592,2025-07-17,2025,20,18,Orlando City,New York City,1565.0454429149645,1496.6019940044748,208.44344891048968,0.7685064501662033
5593,2025-07-17,2025,21,2,Philadelphia Union,CF Montreal,1594.0344240670422,1411.3195048233426,322.71491924369957,0.8650282193830966
5594,2025-07-17,2025,22,23,Portland Timbers,Real Salt Lake,1510.0099367419953,1493.1754507994926,156.83448594250262,0.7115270005616414
5595,2025-07-17,2025,24,29,San Diego FC,Toronto FC,1611.1705542688142,1340.506041400895,410.66451286791926,0.9140386408303495
5596,2025-07-17,2025,25,10,San Jose Earthquakes,FC Dallas,1433.3936086721983,1428.2983818444702,145.09522682772808,0.6974607599816861
5597,2025-07-17,2025,26,6,Seattle Sounders,Colorado Rapids,1600.4773028181357,1416.9519511568699,323.52535166126586,0.8655719778353439
5598,2025-07-20,2025,0,3,Atlanta Utd,Charlotte,1468.886889596198,1499.664616038318,109.22227355788004,0.6522023331906367
5599,2025-07-20,2025,2,4,CF Montreal,Chicago Fire,1405.9206335986664,1454.318432998276,91.60220060039046,0.6288542462033672
5600,2025-07-20,2025,7,8,Columbus Crew,DC United,1644.2065938668827,1359.0554111284773,425.1511827384054,0.9203686868163966
5601,2025-07-20,2025,10,28,FC Dallas,St. Louis City,1436.1968122437377,1378.6752675702862,197.52154467345144,0.7571330823139415
5602,2025-07-20,2025,11,21,Houston Dynamo,Philadelphia Union,1490.7494634240848,1599.4332952917184,31.31616813236633,0.5449459357286621
5603,2025-07-20,2025,13,14,Los Angeles FC,Los Angeles Galaxy,1619.655879818791,1432.118066510218,327.53781330857305,0.8682369257768529
5604,2025-07-20,2025,16,29,Nashville SC,Toronto FC,1599.740623499232,1377.0675870341088,362.67303646512323,0.8897032793469788
5605,2025-07-20,2025,17,20,New England Revolution,Orlando City,1410.7617469627153,1534.3051849083163,16.456562054399,0.523665201417948
5606,2025-07-20,2025,19,12,New York Red Bulls,Inter Miami,1521.6709939783595,1655.9836392272825,5.6873547510770095,0.5081840304297236
5607,2025-07-20,2025,22,15,Portland Timbers,Minnesota United,1481.5488567195296,1580.5445026423338,41.004354077195785,0.5587375488810519
5608,2025-07-20,2025,23,9,Real Salt Lake,FC Cincinnati,1521.6365308219583,1617.8835577268483,43.752973095110065,0.5626348377185519
5609,2025-07-20,2025,24,30,San Diego FC,Vancouver Whitecaps,1574.6090086356003,1567.5345210933779,147.0744875422224,0.6998594798724111
5610,2025-07-20,2025,26,25,Seattle Sounders,San Jose Earthquakes,1585.854423704722,1425.4951782729308,300.3592454317911,0.8492853353390877
5611,2025-07-20,2025,27,18,Sporting Kansas City,New York City,1420.0327866965072,1527.342252011123,32.69053468538414,0.5469071182899884
5612,2025-07-26,2025,7,20,Columbus Crew,Orlando City,1647.3918463942268,1555.2517929650342,232.14005342919268,0.7918817366420395
5613,2025-07-26,2025,10,18,FC Dallas,New York City,1445.91148895118,1529.2185367427226,56.69295220845743,0.5808712224729647
5614,2025-07-26,2025,13,22,Los Angeles FC,Portland Timbers,1604.9264027877168,1479.1993547642876,265.72704802342923,0.8219547844715166
5615,2025-07-26,2025,17,2,New England Revolution,CF Montreal,1389.8151389059974,1380.7664637505318,149.04867515546562,0.7022411941237524
5616,2025-07-26,2025,24,16,San Diego FC,Nashville SC,1566.6146294407038,1604.1524923253528,102.46213711535097,0.6433237235283673
5617,2025-07-27,2025,0,26,Atlanta Utd,Seattle Sounders,1442.7987962685725,1591.8830102911584,-9.084214022585911,0.4869297434363585
5618,2025-07-27,2025,3,29,Charlotte,Toronto FC,1525.7527093659435,1372.655718207988,293.0969911579555,0.8438558288499667
5619,2025-07-27,2025,4,19,Chicago Fire,New York Red Bulls,1479.4726028464106,1501.3436327611705,118.1289700852401,0.663739816458994
5620,2025-07-27,2025,8,1,DC United,Austin FC,1355.8701586011332,1507.4592184167116,-11.589059815578366,0.48332818495332847
5621,2025-07-27,2025,12,9,Inter Miami,FC Cincinnati,1676.3110004444716,1640.3889512355904,175.92204920888116,0.7335460063101943
5622,2025-07-27,2025,21,6,Philadelphia Union,Colorado Rapids,1601.231132720865,1431.5748302702837,309.6563024505813,0.8560083679898174
5623,2025-07-27,2025,23,25,Real Salt Lake,San Jose Earthquakes,1499.1311373132162,1419.4665916864944,219.66454562672175,0.7797982001595097
5624,2025-07-27,2025,28,15,St. Louis City,Minnesota United,1368.960590862844,1582.8940045975758,-73.93341373473186,0.3951787081239535
5625,2025-07-27,2025,30,27,Vancouver Whitecaps,Sporting Kansas City,1575.5289002882744,1418.1565019649076,297.3723983233667,0.8470713074816456
5626,2025-08-10,2025,1,11,Austin FC,Houston Dynamo,1526.7923458148448,1488.9516259949382,177.84071981990655,0.7356991970624714
5627,2025-08-10,2025,2,0,CF Montreal,Atlanta Utd,1408.8561115154819,1443.321606531118,105.53450498436382,0.6473715505608779
5628,2025-08-10,2025,4,13,Chicago Fire,Los Angeles FC,1492.9230101880507,1572.048211408856,60.874798779194634,0.586720275346391
5629,2025-08-10,2025,9,3,FC Cincinnati,Charlotte,1649.7307914879982,1531.9984762119448,257.73231527605344,0.81511971248707
5630,2025-08-10,2025,10,22,FC Dallas,Portland Timbers,1422.6766400522613,1512.0775461431483,50.59909390911298,0.572307461684566
5631,2025-08-10,2025,15,6,Minnesota United,Colorado Rapids,1598.701152922534,1425.8151649898764,312.8859879326576,0.8582847951020045
5632,2025-08-10,2025,17,8,New England Revolution,DC United,1361.7254911410473,1336.537031203,165.18845993804734,0.7212963832103413
5633,2025-08-10,2025,19,23,New York Red Bulls,Real Salt Lake,1487.8932254195304,1507.939209306836,119.95401611269449,0.6660805523171681
5634,2025-08-10,2025,21,29,Philadelphia Union,Toronto FC,1606.9907980012722,1366.4099513619867,380.5808466392855,0.8994202514872771
5635,2025-08-10,2025,25,30,San Jose Earthquakes,Vancouver Whitecaps,1410.6585196928747,1581.6460479890086,-30.98752829613386,0.45552323306527953
5636,2025-08-10,2025,27,24,Sporting Kansas City,San Diego FC,1412.0393542641734,1580.881680499569,-28.842326235395603,0.45858764299415544
5637,2025-08-10,2025,28,16,St. Louis City,Nashville SC,1353.1534425378857,1589.8854412664875,-96.73199872860187,0.36428029327515155
5638,2025-08-11,2025,14,26,Los Angeles Galaxy,Seattle Sounders,1446.847543541292,1591.3602000286128,-4.512656487320783,0.4935061304451149
5639,2025-08-11,2025,20,12,Orlando City,Inter Miami,1586.9270624307158,1666.9691601920638,59.95790223865197,0.5854398653737393
5640,2025-08-17,2025,1,10,Austin FC,FC Dallas,1517.3643779323459,1439.7843415848786,217.58003634746728,0.7777308313844238
5641,2025-08-17,2025,2,8,CF Montreal,DC United,1402.9612494930468,1325.3888865314136,217.5723629616332,0.7777231955482489
5642,2025-08-17,2025,3,23,Charlotte,Real Salt Lake,1564.6032647114275,1494.5824313995226,210.02083331190488,0.7701179086384137
5643,2025-08-17,2025,4,28,Chicago Fire,St. Louis City,1489.454199174195,1378.5822308068796,250.8719683673155,0.8090941843796354
5644,2025-08-17,2025,6,0,Colorado Rapids,Atlanta Utd,1460.1465567939565,1449.216468553553,150.9300882404034,0.704500818910609
5645,2025-08-17,2025,12,14,Inter Miami,Los Angeles Galaxy,1650.3867548070134,1427.1072983234874,363.279456483526,0.890045373908134
5646,2025-08-17,2025,15,26,Minnesota United,Seattle Sounders,1564.3697611184539,1611.1004452464174,93.26931587203649,0.631091296696842
5647,2025-08-17,2025,17,13,New England Revolution,Los Angeles FC,1372.8736358126337,1575.5170224227118,-62.643386610078096,0.41081328487541063
5648,2025-08-17,2025,18,16,New York City,Nashville SC,1552.4533856416413,1564.4566529974936,127.99673264414764,0.6762975519843433
5649,2025-08-17,2025,19,21,New York Red Bulls,Philadelphia Union,1501.2500033268436,1591.0139879417811,50.2360153850625,0.5717958000894199
5650,2025-08-17,2025,20,27,Orlando City,Sporting Kansas City,1603.5094678157661,1393.6958485444072,349.8136192713589,0.8822268662829202
5651,2025-08-17,2025,22,9,Portland Timbers,FC Cincinnati,1494.969844610531,1617.1260029885154,17.84384162201559,0.5256567978378631
5652,2025-08-17,2025,29,7,Toronto FC,Columbus Crew,1382.3867614214778,1615.7165769285452,-93.32981550706745,0.36882762592189194
5653,2025-08-18,2025,25,24,San Jose Earthquakes,San Diego FC,1432.4375903702635,1599.2251862193352,-26.78759584907175,0.46152575783815386
5654,2025-08-18,2025,30,11,Vancouver Whitecaps,Houston Dynamo,1559.8669773116198,1498.3795938774372,201.48738343418268,0.7613062964097697
5655,2025-08-24,2025,0,29,Atlanta Utd,Toronto FC,1437.3965013099776,1387.633656384602,189.76284492537548,0.7488263807025948
5656,2025-08-24,2025,2,1,CF Montreal,Austin FC,1391.852321671117,1506.255144676969,25.597176994147958,0.5367707929544325
5657,2025-08-24,2025,7,17,Columbus Crew,New England Revolution,1610.469681965421,1356.4411044176172,394.0285775478037,0.9062098296258576
5658,2025-08-24,2025,8,12,DC United,Inter Miami,1336.4978143533435,1654.784939850688,-178.2871254973445,0.26380143463907746
5659,2025-08-24,2025,9,18,FC Cincinnati,New York City,1638.15227490203,1565.4014835622675,212.7507913397626,0.7728882003658489
5660,2025-08-24,2025,10,13,FC Dallas,Los Angeles FC,1450.8935748402555,1591.9495538177282,-1.055978977472705,0.49848032877187154
5661,2025-08-24,2025,11,25,Houston Dynamo,San Jose Earthquakes,1508.831845733828,1413.9765600567373,234.8552856770907,0.7944459112089128
5662,2025-08-24,2025,14,6,Los Angeles Galaxy,Colorado Rapids,1422.7091132798128,1471.966524037532,90.7425892422807,0.6276985905462023
5663,2025-08-24,2025,16,20,Nashville SC,Orlando City,1551.5085550768674,1608.2203931644494,83.28816191241799,0.6176168582978008
5664,2025-08-24,2025,21,4,Philadelphia Union,Chicago Fire,1573.885819945358,1497.0904317990096,216.7953881463484,0.7769490530564673
5665,2025-08-24,2025,23,15,Real Salt Lake,Minnesota United,1485.387147745059,1579.1261092505802,46.26103849447895,0.5661843221095163
5666,2025-08-24,2025,24,22,San Diego FC,Portland Timbers,1617.6862165328614,1473.9435726970164,283.742643835845,0.8366285790808966
5667,2025-08-24,2025,30,28,Vancouver Whitecaps,St. Louis City,1549.414725455229,1370.945998182065,318.46872727316395,0.8621488386233103
5668,2025-08-25,2025,3,19,Charlotte,New York Red Bulls,1573.798548365891,1518.3781713232668,195.4203770426243,0.7549020571135976
5669,2025-08-25,2025,26,27,Seattle Sounders,Sporting Kansas City,1596.3440971142911,1388.9849231957241,347.35917391856697,0.8807508877055447
5670,2025-08-31,2025,1,25,Austin FC,San Jose Earthquakes,1487.7259763951463,1445.7543965050938,181.97157989005245,0.7402969675799062
5671,2025-08-31,2025,9,21,FC Cincinnati,Philadelphia Union,1607.236746887396,1582.8078578230993,164.42888906429675,0.7204165505159931
5672,2025-08-31,2025,15,22,Minnesota United,Portland Timbers,1601.773482134961,1487.4087158602522,254.3647662747087,0.8121805132206397
5673,2025-08-31,2025,16,0,Nashville SC,Atlanta Utd,1566.8038807449554,1427.4434460818738,279.3604346630816,0.8331513120215726
5674,2025-08-31,2025,17,3,New England Revolution,Charlotte,1392.6894976026515,1583.602466081347,-50.912968478695575,0.4272503410463686
5675,2025-08-31,2025,18,8,New York City,DC United,1596.3170115769015,1345.9457569677804,390.371254609121,0.9044050715436304
5676,2025-08-31,2025,19,7,New York Red Bulls,Columbus Crew,1508.5742536078108,1574.2212887803867,74.3529648274241,0.6053983918047732
5677,2025-08-31,2025,27,6,Sporting Kansas City,Colorado Rapids,1384.214958703946,1457.0744676593802,67.1404910445658,0.5954378713049723
5678,2025-08-31,2025,28,11,St. Louis City,Houston Dynamo,1365.4319517269976,1477.0540092854715,28.377942441526102,0.5407485664233366
5679,2025-08-31,2025,29,2,Toronto FC,CF Montreal,1397.5867116127058,1410.3814899529395,127.20522165976627,0.675299289650594
5680,2025-09-01,2025,13,24,Los Angeles FC,San Diego FC,1591.888766968603,1604.2210733696256,127.6676935989774,0.6758827585732694
5681,2025-09-07,2025,4,17,Chicago Fire,New England Revolution,1488.1683939212683,1375.5994839607968,252.5689099604715,0.8105984622822731
5682,2025-09-07,2025,11,14,Houston Dynamo,Los Angeles Galaxy,1498.683951942405,1437.6011696579646,201.08278228444033,0.7608828022839237
5683,2025-09-07,2025,28,10,St. Louis City,FC Dallas,1343.802009070064,1450.9543616893807,32.847647380683384,0.5471312221506588
5684,2025-09-08,2025,27,1,Sporting Kansas City,Austin FC,1400.397443851747,1498.11409769195,42.28334615979702,0.5605519723399217
5685,2025-09-14,2025,0,7,Atlanta Utd,Columbus Crew,1460.7694985627368,1578.4372244525775,22.332274110159233,0.5320945375825896
5686,2025-09-14,2025,2,28,CF Montreal,St. Louis City,1417.3934615389633,1341.9167601840377,215.47670135492558,0.77563077852905
5687,2025-09-14,2025,3,12,Charlotte,Inter Miami,1600.6924797232018,1645.3369972362511,95.35548248695068,0.6338827310019248
5688,2025-09-14,2025,4,18,Chicago Fire,New York City,1495.7444554299773,1560.1408087151563,75.60364671482102,0.6071169782116295
5689,2025-09-14,2025,6,11,Colorado Rapids,Houston Dynamo,1440.891982511579,1488.248639851048,92.64334266053106,0.6302519772901887
5690,2025-09-14,2025,8,20,DC United,Orlando City,1382.1219598295256,1592.9250674963614,-70.80310766683579,0.3994936248456067
5691,2025-09-14,2025,9,16,FC Cincinnati,Nashville SC,1578.4200848667563,1533.4778282640925,184.94225660266375,0.7435711478374749
5692,2025-09-14,2025,10,1,FC Dallas,Austin FC,1452.839610575407,1520.5361765855469,72.3034339898602,0.6025764659167792
5693,2025-09-14,2025,17,29,New England Revolution,Toronto FC,1368.0234224520877,1390.574740026682,117.44868242540565,0.6628652363083029
5694,2025-09-14,2025,22,19,Portland Timbers,New York Red Bulls,1499.8959363890779,1504.3583179356199,135.53761845345798,0.6857269342856962
5695,2025-09-14,2025,23,27,Real Salt Lake,Sporting Kansas City,1462.7397748606784,1377.9753649581503,224.7644099025281,0.784797782349514
5696,2025-09-14,2025,24,15,San Diego FC,Minnesota United,1631.2563837125565,1589.2862616061352,181.9701221064213,0.7402953542148971
5697,2025-09-14,2025,25,13,San Jose Earthquakes,Los Angeles FC,1435.36627520829,1564.8534566256722,10.51281858261791,0.5151245465366566
5698,2025-09-14,2025,26,14,Seattle Sounders,Los Angeles Galaxy,1601.1140616060693,1448.0364817493216,293.07757985674766,0.843841105010833
5699,2025-09-14,2025,30,21,Vancouver Whitecaps,Philadelphia Union,1554.9287719102965,1611.624519843739,83.30425206655741,0.6176387323401911
5700,2025-09-17,2025,12,26,Inter Miami,Seattle Sounders,1630.6923064763282,1587.3604174056359,183.33188907069234,0.7417996170240445
5701,2025-09-18,2025,18,7,New York City,Columbus Crew,1584.4254878436213,1599.721005955881,124.70448188774026,0.672134873871569
5702,2025-09-18,2025,23,13,Real Salt Lake,Los Angeles FC,1471.347863566698,1585.4584384871384,25.889425079559487,0.5371890711405259
5703,2025-09-20,2025,0,24,Atlanta Utd,San Diego FC,1439.4857170594332,1601.6445695439606,-22.158852484527415,0.46815401583839406
5704,2025-09-20,2025,18,3,New York City,Charlotte,1597.5400928887586,1615.3371704831247,122.2029224056339,0.6689536918985914
5705,2025-09-20,2025,21,17,Philadelphia Union,New England Revolution,1596.3300691373468,1361.5088129997557,374.82125613759104,0.8963809774468612
5706,2025-09-21,2025,2,19,CF Montreal,New York Red Bulls,1386.3682303978012,1491.7873953070477,34.58083509075345,0.5496021348756124
5707,2025-09-21,2025,7,29,Columbus Crew,Toronto FC,1586.6064009107438,1397.0893494790141,329.51705143172967,0.869534890168032
5708,2025-09-21,2025,10,6,FC Dallas,Colorado Rapids,1468.7365519387358,1455.6819034199716,153.05464851876422,0.7070404597917702
5709,2025-09-21,2025,11,22,Houston Dynamo,Portland Timbers,1473.4587189426554,1512.46685901765,100.99185992500543,0.6413793341213455
5710,2025-09-21,2025,12,8,Inter Miami,DC United,1641.0203217953665,1386.1422148357015,394.87810695966505,0.9066246475215849
5711,2025-09-21,2025,14,9,Los Angeles Galaxy,FC Cincinnati,1461.790125949755,1588.6772389532573,13.112886996497764,0.5188620061660042
5712,2025-09-21,2025,15,4,Minnesota United,Chicago Fire,1618.898075774731,1471.4597763015122,287.4382994732189,0.8395155382342819
5713,2025-09-21,2025,20,16,Orlando City,Nashville SC,1588.9048124901856,1523.2206741775915,205.6841383125941,0.7656685983066701
5714,2025-09-21,2025,25,28,San Jose Earthquakes,St. Louis City,1414.7612933468238,1372.9419913251998,181.81930202162403,0.7401284027607172
5715,2025-09-21,2025,27,30,Sporting Kansas City,Vancouver Whitecaps,1369.3672762521308,1570.2232226166889,-60.85594636455812,0.41330603956809625
5716,2025-09-22,2025,1,26,Austin FC,Seattle Sounders,1504.639235222218,1577.0324020865976,67.60683313562049,0.5960843742074927
5717,2025-09-22,2025,13,23,Los Angeles FC,Real Salt Lake,1606.9460013327596,1449.8603007210768,297.0857006116828,0.8468573942716782
5718,2025-09-25,2025,18,12,New York City,Inter Miami,1610.781945212815,1644.755335894503,106.02660931831178,0.6480179519584728
5719,2025-09-25,2025,30,22,Vancouver Whitecaps,Portland Timbers,1586.7554641994127,1498.122032382504,228.6334318169088,0.7885354229242257
5720,2025-09-27,2025,29,12,Toronto FC,Inter Miami,1411.8707450857355,1670.676053972842,-118.80530888710655,0.33539179117132295
5721,2025-09-28,2025,3,2,Charlotte,CF Montreal,1602.0953181590685,1364.3841450027767,377.7111731562918,0.8979159791902286
5722,2025-09-28,2025,4,7,Chicago Fire,Columbus Crew,1505.0403978308834,1571.8250053040224,73.21539252686102,0.6038329637381472
5723,2025-09-28,2025,6,15,Colorado Rapids,Minnesota United,1443.9635218116425,1585.3174542453598,-1.3539324337173184,0.49805154446386796
5724,2025-09-28,2025,8,21,DC United,Philadelphia Union,1382.4072007365648,1600.4748300394724,-78.06762930290756,0.38950500062170323
5725,2025-09-28,2025,14,27,Los Angeles Galaxy,Sporting Kansas City,1441.0356457031148,1352.835034669407,228.2006110337079,0.7881196705504955
5726,2025-09-28,2025,16,11,Nashville SC,Houston Dynamo,1513.8474181098584,1487.8035455778015,166.04387253205687,0.7222851954381366
5727,2025-09-28,2025,17,0,New England Revolution,Atlanta Utd,1357.36405209763,1440.7595564258975,56.60449567173259,0.5807472484067207
5728,2025-09-28,2025,19,18,New York Red Bulls,New York City,1513.7714807020723,1584.861227134476,68.91025356759633,0.5978895670164098
5729,2025-09-28,2025,22,10,Portland Timbers,FC Dallas,1509.6634492994729,1480.454933547065,169.20851575240795,0.7259245230589116
5730,2025-09-28,2025,23,1,Real Salt Lake,Austin FC,1443.7345964919439,1520.7958602539184,62.93873623802551,0.5895981713123907
5731,2025-09-28,2025,24,25,San Diego FC,San Jose Earthquakes,1600.3707301774964,1385.156157236395,355.2145729411013,0.8854190475145959
5732,2025-09-28,2025,26,30,Seattle Sounders,Vancouver Whitecaps,1560.8757770548973,1575.2140472824437,125.66172977245355,0.6733480362249604
5733,2025-09-28,2025,28,13,St. Louis City,Los Angeles FC,1402.5471274356285,1613.0717055618925,-70.52457812626403,0.39987832674743273
5734,2025-09-29,2025,9,20,FC Cincinnati,Orlando City,1609.4317191998975,1598.2780685579187,151.15365064197886,0.7047686604337168
5735,2025-10-01,2025,12,4,Inter Miami,Chicago Fire,1664.091725619695,1520.8870792813575,283.2046463383374,0.8362048411055156
5736,2025-10-04,2025,2,16,CF Montreal,Nashville SC,1400.300784170386,1524.9560102923328,15.344773878053047,0.5220685574936417
5737,2025-10-04,2025,8,3,DC United,Charlotte,1366.8270007116967,1566.1786789914593,-59.35167827976261,0.41540733802689545
5738,2025-10-04,2025,10,14,FC Dallas,Los Angeles Galaxy,1489.4919144694213,1449.510858881095,179.9810555883264,0.7380879516409685
5739,2025-10-05,2025,1,28,Austin FC,St. Louis City,1504.379787106414,1386.5519943657312,257.82779274068275,0.8152025245031397
5740,2025-10-05,2025,4,29,Chicago Fire,Toronto FC,1554.335272925578,1418.4550734388827,275.88019948669535,0.8303477854668047
5741,2025-10-05,2025,11,24,Houston Dynamo,San Diego FC,1476.694953395327,1564.9539682769125,51.74098511841453,0.5739156376847562
5742,2025-10-05,2025,12,17,Inter Miami,New England Revolution,1630.6435319754742,1374.1341621613612,396.5093698141129,0.9074165671724224
5743,2025-10-05,2025,15,27,Minnesota United,Sporting Kansas City,1585.2395160239146,1344.3598214914268,380.87969453248775,0.8995757694949662
5744,2025-10-05,2025,19,9,New York Red Bulls,FC Cincinnati,1489.855898021416,1601.2409727825489,28.614925238867045,0.5410873280486841
5745,2025-10-05,2025,20,7,Orlando City,Columbus Crew,1606.4688149752674,1555.9783238535483,190.49049112171906,0.7496133867651716
5746,2025-10-05,2025,21,18,Philadelphia Union,New York City,1616.0550300643406,1608.7768098151323,147.2782202492083,0.700105771756432
5747,2025-10-05,2025,23,6,Real Salt Lake,Colorado Rapids,1460.1506696394483,1444.0414600330878,156.10920960636054,0.7106692937930771
5748,2025-10-05,2025,26,22,Seattle Sounders,Portland Timbers,1553.9418556058988,1500.6264683771165,193.31538722878236,0.7526531364638666
5749,2025-10-05,2025,30,25,Vancouver Whitecaps,San Jose Earthquakes,1582.1479687314422,1420.572919136979,301.5750495944633,0.8501789830161859
5750,2025-10-06,2025,13,0,Los Angeles FC,Atlanta Utd,1629.0668386317898,1423.9894463621663,345.0773922696235,0.8793644218624498
5751,2025-10-09,2025,13,29,Los Angeles FC,Toronto FC,1633.8922617572919,1431.668984857555,342.2232768997369,0.8776106340919501
5752,2025-10-12,2025,12,0,Inter Miami,Atlanta Utd,1634.3468692885772,1419.1640232366642,355.182846051913,0.885400517530441
5753,2025-10-12,2025,14,10,Los Angeles Galaxy,FC Dallas,1439.0343769467336,1499.9683964037827,79.06598054295091,0.6118607056966247
5754,2025-10-12,2025,20,30,Orlando City,Vancouver Whitecaps,1596.4842795046604,1588.1408094107949,148.34347009386556,0.7013916652630144
5755,2025-10-12,2025,26,23,Seattle Sounders,Real Salt Lake,1563.835730147344,1471.7238978877253,232.11183225961872,0.7918549621143527
5756,2025-10-13,2025,1,13,Austin FC,Los Angeles FC,1471.7716861262884,1638.7878363936138,-27.01615026732543,0.46119880572349636
5757,2025-10-18,2025,0,8,Atlanta Utd,DC United,1414.5800439378818,1350.2107071906207,204.36933674726106,0.7643079079973754
5758,2025-10-18,2025,3,21,Charlotte,Philadelphia Union,1582.794972512535,1628.0507991940833,94.74417331845166,0.6330656785257514
5759,2025-10-18,2025,7,19,Columbus Crew,New York Red Bulls,1565.9628593241553,1468.2124048994685,237.75045442468672,0.7971541319894464
5760,2025-10-18,2025,9,2,FC Cincinnati,CF Montreal,1622.8844659044962,1399.4180418706403,363.4664240338559,0.8901506586096738
5761,2025-10-18,2025,16,12,Nashville SC,Inter Miami,1525.8387525920784,1638.9308485873596,26.90790400471883,0.5386463497644466
5762,2025-10-18,2025,17,4,New England Revolution,Chicago Fire,1370.4308248482582,1541.1213615069057,-30.69053665864749,0.45594728858634
5763,2025-10-18,2025,18,26,New York City,Seattle Sounders,1596.7810406853896,1572.16153166277,164.6195090226197,0.7206375107584103
5764,2025-10-18,2025,29,20,Toronto FC,Orlando City,1426.773410221233,1568.4286128941399,-1.655202672906853,0.49761798989553274
5765,2025-10-19,2025,6,13,Colorado Rapids,Los Angeles FC,1432.4682317848108,1617.2357886225536,-44.76755683774286,0.4359285011990875
5766,2025-10-19,2025,14,15,Los Angeles Galaxy,Minnesota United,1454.5599487188686,1589.256485244116,5.3034634747525615,0.5076317047215276
5767,2025-10-19,2025,22,24,Portland Timbers,San Diego FC,1490.7325938356712,1587.9105937843028,42.82200005136838,0.5613156446118511
5768,2025-10-19,2025,25,1,San Jose Earthquakes,Austin FC,1414.5800784576263,1493.3237338973486,61.25634456027774,0.5872527447564471
5769,2025-10-19,2025,27,11,Sporting Kansas City,Houston Dynamo,1340.3428522712254,1453.7383278879367,26.604524383288663,0.5382123305200416
5770,2025-10-19,2025,28,23,St. Louis City,Real Salt Lake,1419.1600953458567,1463.3980963722995,95.76199897355718,0.6344256396437671
5771,2025-10-19,2025,30,10,Vancouver Whitecaps,FC Dallas,1616.1964760213154,1484.4428246316477,271.75365138966777,0.8269751995421728
5772,2025-10-23,2025,4,20,Chicago Fire,Orlando City,1539.3592530503593,1548.333332489961,131.02592056039816,0.6801031393247705
5773,2025-10-23,2025,22,23,Portland Timbers,Real Salt Lake,1468.279968051197,1468.7751219580502,139.50484609314685,0.6906274776530569
5774,2025-10-25,2025,12,16,Inter Miami,Nashville SC,1660.4767025779374,1504.2928986015006,296.1838039764368,0.8461828653402588
5775,2025-10-26,2025,21,4,Philadelphia Union,Chicago Fire,1613.3734263351134,1552.1551274773685,201.2182988577449,0.7610247042104084
5776,2025-10-26,2025,30,10,Vancouver Whitecaps,FC Dallas,1583.1174680396284,1517.5218326133345,205.59563542629394,0.7655771778821043
5777,2025-10-27,2025,9,7,FC Cincinnati,Columbus Crew,1627.2784395601093,1574.0766940445774,193.2017455155319,0.7525313310691147
5778,2025-10-27,2025,24,22,San Diego FC,Portland Timbers,1610.363219568777,1480.654868945075,269.708350623702,0.8252840429695552
5779,2025-10-28,2025,3,18,Charlotte,New York City,1597.4723453715048,1567.9555402550532,169.51680511645168,0.7262774637090268
5780,2025-10-28,2025,15,26,Minnesota United,Seattle Sounders,1569.5617534329772,1600.9870320931063,108.57472133987085,0.6513563037636393
5781,2025-10-30,2025,13,1,Los Angeles FC,Austin FC,1614.6729286705172,1476.8138436876065,277.85908498291064,0.8319464598470332
5782,2025-11-01,2025,4,21,Chicago Fire,Philadelphia Union,1562.596115645785,1602.932438166697,99.66367747908794,0.639618853340089
5783,2025-11-01,2025,16,12,Nashville SC,Inter Miami,1498.1402132151109,1666.6293879643272,-28.489174749216318,0.459092424763461
5784,2025-11-01,2025,18,3,New York City,Charlotte,1597.0066388034143,1568.4212468231437,168.58539198027051,0.7252102845076055
5785,2025-11-02,2025,7,9,Columbus Crew,FC Cincinnati,1564.177947287342,1637.1771863173446,67.00076096999737,0.5952440950384786
5786,2025-11-02,2025,10,30,FC Dallas,Vancouver Whitecaps,1508.1449197286186,1592.4943809243443,55.65053880427422,0.5794096090359171
5787,2025-11-02,2025,22,24,Portland Timbers,San Diego FC,1473.666230663857,1617.3518578499948,-3.685627186137708,0.4946961550627203
5788,2025-11-03,2025,1,13,Austin FC,Los Angeles FC,1470.091702081488,1621.3950702766358,-11.303368195147868,0.4837388823046167
5789,2025-11-04,2025,26,15,Seattle Sounders,Minnesota United,1607.041284243652,1563.5075012824316,183.53378296122037,0.7420221530278336
5790,2025-11-08,2025,3,18,Charlotte,New York City,1577.429658203448,1587.99822742311,129.43143078033813,0.6781029197801265
5791,2025-11-08,2025,9,7,FC Cincinnati,Columbus Crew,1620.986950118884,1580.3681834858028,180.61876663308112,0.7387969795485718
5792,2025-11-08,2025,15,26,Minnesota United,Seattle Sounders,1553.188387403545,1617.3603981225385,75.82798928100647,0.6074249726589658
5793,2025-11-09,2025,12,16,Inter Miami,Nashville SC,1644.9930849548657,1519.7765162245723,265.2165687302934,0.8215243343617613
5794,2025-11-10,2025,24,22,San Diego FC,Portland Timbers,1617.1397040525035,1473.8783844613483,283.26131959115514,0.8362495197451032
5795,2025-11-23,2025,9,12,FC Cincinnati,Inter Miami,1631.435070936941,1652.1321115803953,119.30295935654567,0.6652464623264042
5796,2025-11-23,2025,30,13,Vancouver Whitecaps,Los Angeles FC,1595.670765285781,1640.7446255688205,94.9261397169605,0.6333089680630763
5797,2025-11-24,2025,21,18,Philadelphia Union,New York City,1628.5171923003006,1615.122344214315,153.3948480859856,0.7074459358121845
5798,2025-11-25,2025,24,15,San Diego FC,Minnesota United,1623.6897232626993,1548.8913884971864,214.7983347655129,0.7749504704806327
5799,2025-11-29,2025,12,18,Inter Miami,New York City,1678.7419700734515,1643.4201816468023,175.32178842664916,0.7328700860901942
5800,2025-11-30,2025,24,30,San Diego FC,Vancouver Whitecaps,1632.691704443474,1590.338406563258,182.3532978802159,0.7407192003034903
5801,2025-12-06,2025,12,30,Inter Miami,Vancouver Whitecaps,1689.4271666298437,1619.9671745753976,209.45999205444605,0.7695458552862543
5802,2026-02-21,2026,9,0,FC Cincinnati,Atlanta Utd,1604.8252124438848,1404.0077276179868,340.81748482589796,0.8767387693624425
5803,2026-02-21,2026,28,3,St. Louis City,Charlotte,1413.783069760106,1550.305541412243,3.4775283478629717,0.5050043984669633
5804,2026-02-22,2026,1,15,Austin FC,Minnesota United,1450.7421467893032,1539.8894073164117,50.85273947289147,0.5726648152537731
5805,2026-02-22,2026,8,21,DC United,Philadelphia Union,1360.7830235105157,1600.2193548678133,-99.4363313572976,0.360682867887862
5806,2026-02-22,2026,10,29,FC Dallas,Toronto FC,1504.9685353671819,1446.8686906254118,198.09984474177008,0.7577446964757669
5807,2026-02-22,2026,11,4,Houston Dynamo,Chicago Fire,1455.2668211087384,1537.0113615121813,58.2554595965571,0.5830594193964973
5808,2026-02-22,2026,13,12,Los Angeles FC,Inter Miami,1646.0769842913437,1698.6453324183935,87.43165187295017,0.6232338357571007
5809,2026-02-22,2026,16,17,Nashville SC,New England Revolution,1512.6374895990427,1372.1929333048047,280.44455629423805,0.8340170310733946
5810,2026-02-22,2026,20,19,Orlando City,New York Red Bulls,1535.5374580629518,1460.0985701790464,215.4388878839054,0.7755928953328965
5811,2026-02-22,2026,22,7,Portland Timbers,Columbus Crew,1467.3283652511525,1569.9200626677457,37.408302583406794,0.5536278032233553
5812,2026-02-22,2026,24,2,San Diego FC,CF Montreal,1603.0629364313345,1395.0240682150272,348.03886821630726,0.8811612150984813
5813,2026-02-22,2026,25,27,San Jose Earthquakes,Sporting Kansas City,1431.0899686673683,1338.8143590504237,232.27560961694462,0.7920103087124482
5814,2026-02-22,2026,30,23,Vancouver Whitecaps,Real Salt Lake,1610.7490087868478,1456.4002210641725,294.3487877226753,0.8448029528605264
5815,2026-02-23,2026,14,18,Los Angeles Galaxy,New York City,1474.2546805300074,1632.7349850904102,-18.48030456040283,0.4734297570100449
5816,2026-02-23,2026,26,6,Seattle Sounders,Colorado Rapids,1621.657397028897,1435.0310917368472,326.6263052920499,0.8676354929871719
5817,2026-02-28,2026,4,2,Chicago Fire,CF Montreal,1520.3337382880413,1390.2705168189664,270.06322146907496,0.8255783993122576
5818,2026-02-28,2026,6,22,Colorado Rapids,Portland Timbers,1429.736511456334,1485.1832531222183,84.55325833411575,0.6193352550907526
5819,2026-02-28,2026,15,9,Minnesota United,FC Cincinnati,1542.7959999265627,1609.755661669387,73.04033825717556,0.6035918794174341
5820,2026-02-28,2026,19,17,New York Red Bulls,New England Revolution,1491.1222859923623,1365.5536145477404,265.56867144462194,0.8218213240924716
5821,2026-03-01,2026,1,8,Austin FC,DC United,1447.8355541791523,1386.3557087950012,201.47984538415108,0.7612984110770676
5822,2026-03-01,2026,10,16,FC Dallas,Nashville SC,1514.6587475081512,1519.276808356107,135.3819391520442,0.6855337742827708
5823,2026-03-01,2026,11,13,Houston Dynamo,Los Angeles FC,1471.9444443328784,1661.1476308610597,-49.20318652818128,0.4296605308839458
5824,2026-03-01,2026,14,3,Los Angeles Galaxy,Charlotte,1475.3174902496055,1550.5057173509215,64.81177289868401,0.5922045879423937
5825,2026-03-01,2026,21,18,Philadelphia Union,New York City,1574.6466695833278,1631.672175370812,82.97449421251576,0.6171903421295458
5826,2026-03-01,2026,23,26,Real Salt Lake,Seattle Sounders,1450.1923391785936,1626.9519773094103,-36.75963813081671,0.44729514490718164
5827,2026-03-01,2026,25,0,San Jose Earthquakes,Atlanta Utd,1439.4095563188705,1399.0772783924845,180.33227792638604,0.7384786056342982
5828,2026-03-01,2026,27,7,Sporting Kansas City,Columbus Crew,1330.4947713989216,1552.06517479668,-81.57040339775835,0.38472110414780936
5829,2026-03-01,2026,30,29,Vancouver Whitecaps,Toronto FC,1616.9568906724267,1437.1784784844424,319.77841218798426,0.8630424095120056
5830,2026-03-02,2026,20,12,Orlando City,Inter Miami,1504.513742249636,1683.5746858486775,-39.06094359904159,0.4440224315830013
5831,2026-03-02,2026,24,28,San Diego FC,St. Louis City,1607.8164878273953,1413.5828938214274,334.2335940059679,0.8725841809222535
5832,2026-03-07,2026,8,12,DC United,Inter Miami,1376.807645238084,1701.3355831119975,-184.52793787391352,0.25688387357957737
5833,2026-03-07,2026,18,20,New York City,Orlando City,1656.3597890559938,1486.752844986316,309.60694406967787,0.8559733431791704
5834,2026-03-08,2026,0,23,Atlanta Utd,Real Salt Lake,1388.6164226178564,1472.3005333823062,56.31588923555023,0.5803426883921953
5835,2026-03-08,2026,3,1,Charlotte,Austin FC,1534.1939008686172,1457.3836177360695,216.81028313254774,0.7769639118005431
5836,2026-03-08,2026,6,14,Colorado Rapids,Los Angeles Galaxy,1444.9631012527038,1491.6293067319098,93.33379452079407,0.6311777062145623
5837,2026-03-08,2026,7,4,Columbus Crew,Chicago Fire,1547.4540189625923,1527.310602315551,160.14341664704125,0.7154208624399996
5838,2026-03-08,2026,9,29,FC Cincinnati,Toronto FC,1593.8993368460845,1431.7001748649227,302.19916198116175,0.8506360239560568
5839,2026-03-08,2026,13,10,Los Angeles FC,FC Dallas,1678.3340520964175,1507.2373965368404,311.09665555957713,0.8570273286078419
5840,2026-03-08,2026,16,15,Nashville SC,Minnesota United,1526.698159327418,1558.6523247498653,108.04583457755257,0.6506646023415259
5841,2026-03-08,2026,19,2,New York Red Bulls,CF Montreal,1498.2494330286634,1383.2936527914567,254.95578023720668,0.8126989373676989
5842,2026-03-08,2026,21,25,Philadelphia Union,San Jose Earthquakes,1549.959055898146,1449.8704120934985,240.08864380464752,0.7993218549394966
5843,2026-03-08,2026,22,30,Portland Timbers,Vancouver Whitecaps,1469.9566633258485,1622.4351942919463,-12.478530966097878,0.48204966816104156
5844,2026-03-08,2026,27,24,Sporting Kansas City,San Diego FC,1335.1059272330092,1612.9131205905053,-137.8071933574961,0.3114644009924152
5845,2026-03-08,2026,28,26,St. Louis City,Seattle Sounders,1408.4862610583175,1604.8437831056976,-56.357522047380144,0.4195989452775583
5846,2026-03-14,2026,0,21,Atlanta Utd,Philadelphia Union,1365.4027150821687,1517.9861817005662,-12.583466618397551,0.48189884989426307
5847,2026-03-14,2026,3,12,Charlotte,Inter Miami,1543.1153443965954,1711.6109380551807,-28.49559365858522,0.45908324905777376
5848,2026-03-14,2026,7,16,Columbus Crew,Nashville SC,1538.8371844649923,1540.6715752337568,138.16560923123552,0.6889778906079864
5849,2026-03-14,2026,18,6,New York City,Colorado Rapids,1662.120855328827,1459.7159930041214,342.4048623247056,0.8777228645715137
5850,2026-03-14,2026,20,2,Orlando City,CF Montreal,1480.9917787134827,1415.8016102861645,205.1901684273182,0.7651580281705547
5851,2026-03-14,2026,29,19,Toronto FC,New York Red Bulls,1465.725615823165,1465.7414755339555,139.98414028920956,0.6912166669202829
5852,2026-03-15,2026,4,8,Chicago Fire,DC United,1535.927436813151,1366.5322902949008,309.39514651825016,0.8558229707467095
5853,2026-03-15,2026,10,24,FC Dallas,San Diego FC,1501.518489681154,1625.371696630202,16.146793050952056,0.5232203879857994
5854,2026-03-15,2026,11,22,Houston Dynamo,Portland Timbers,1454.7580230975207,1450.674676599407,144.08334649811377,0.696230250637414
5855,2026-03-15,2026,13,28,Los Angeles FC,St. Louis City,1684.0529589521038,1391.7023032472152,432.3506557048886,0.9233536576564889
5856,2026-03-15,2026,14,27,Los Angeles Galaxy,Sporting Kansas City,1476.8764149804922,1322.6473511933125,294.2290637871797,0.8447125715245237
5857,2026-03-15,2026,17,9,New England Revolution,FC Cincinnati,1358.4264675114393,1559.873895887842,-61.44742837640274,0.4124806632334249
5858,2026-03-15,2026,23,1,Real Salt Lake,Austin FC,1495.514240917994,1448.4621742080913,187.05206670990265,0.7458800223835739
5859,2026-03-15,2026,25,26,San Jose Earthquakes,Seattle Sounders,1481.8432862910784,1621.6277409168,0.215545374278463,0.5003101946887522
5860,2026-03-15,2026,30,15,Vancouver Whitecaps,Minnesota United,1641.717181018388,1544.6789088435264,237.0382721748615,0.7964904132296818
5861,2026-03-21,2026,0,8,Atlanta Utd,DC United,1386.1267610863981,1400.7652091247692,125.36155196162895,0.6729678563231745
5862,2026-03-21,2026,3,19,Charlotte,New York Red Bulls,1544.7520144342845,1473.3901422107667,211.36187222351782,0.7714817147529021
5863,2026-03-21,2026,16,20,Nashville SC,Orlando City,1568.2306908580763,1490.3854575866606,217.84523327141574,0.777994615440549
5864,2026-03-21,2026,21,4,Philadelphia Union,Chicago Fire,1497.2621356963368,1501.6945179832826,135.56761771305423,0.6857641486559131
5865,2026-03-21,2026,29,7,Toronto FC,Columbus Crew,1458.0769491463539,1511.2780688406729,86.798880305681,0.6223781386148874
5866,2026-03-22,2026,1,13,Austin FC,Los Angeles FC,1438.2973751034342,1687.1188126458442,-108.82143754240997,0.3483212477156939
5867,2026-03-22,2026,9,2,FC Cincinnati,CF Montreal,1536.373122417179,1406.4079314129867,269.9651910041923,0.8254971246570038
5868,2026-03-22,2026,10,11,FC Dallas,Houston Dynamo,1500.589674161722,1466.908813072024,173.68086108969806,0.7310167777073014
5869,2026-03-22,2026,15,26,Minnesota United,Seattle Sounders,1536.5385253727136,1641.64014870435,34.89837666836365,0.5500545754383036
5870,2026-03-22,2026,18,12,New York City,Inter Miami,1667.0119407459665,1709.9742680174916,97.03767272847494,0.636127098010181
5871,2026-03-22,2026,22,14,Portland Timbers,Los Angeles Galaxy,1438.5238866249035,1443.0879121195112,135.43597450539232,0.6856008262449229
5872,2026-03-22,2026,24,23,San Diego FC,Real Salt Lake,1626.300512149634,1505.679040022651,260.621472126983,0.8176129217461539
5873,2026-03-22,2026,27,6,Sporting Kansas City,Colorado Rapids,1356.4358540542935,1454.824907586982,41.61094646731158,0.5595982809417378
5874,2026-03-22,2026,28,17,St. Louis City,New England Revolution,1388.636449553475,1381.9272409821024,146.70920857137253,0.6994176060865357
5875,2026-03-22,2026,30,25,Vancouver Whitecaps,San Jose Earthquakes,1649.8575644892007,1461.8308785035283,328.02668598567243,0.8685585385792434
5876,2026-04-04,2026,17,2,New England Revolution,CF Montreal,1369.9039452255638,1399.427816399267,110.47612882629687,0.6538377686057047
5877,2026-04-04,2026,23,27,Real Salt Lake,Sporting Kansas City,1518.3835568924972,1334.051922816624,324.3316340758731,0.866111114469
5878,2026-04-04,2026,29,6,Toronto FC,Colorado Rapids,1473.1818236017584,1477.2088388246514,135.97298477710706,0.6862667761639218
5879,2026-04-05,2026,0,7,Atlanta Utd,Columbus Crew,1379.2080468334711,1496.1731943852683,23.034852448202855,0.5331013310942826
5880,2026-04-05,2026,3,21,Charlotte,Philadelphia Union,1553.8927458441685,1469.8315697501002,224.0611760940683,0.7841133030125916
5881,2026-04-05,2026,4,16,Chicago Fire,Nashville SC,1529.1250839295192,1577.1109062404544,92.01417768906481,0.6294075840299148
5882,2026-04-05,2026,8,10,DC United,FC Dallas,1407.6839233776961,1511.3490030534301,36.33492032426602,0.5521003508135826
5883,2026-04-05,2026,11,26,Houston Dynamo,Seattle Sounders,1456.149484180316,1643.642331721882,-47.49284754156611,0.4320748470091017
5884,2026-04-05,2026,12,1,Inter Miami,Austin FC,1735.419351937899,1444.3645251948064,431.05482674309246,0.9228240740621424
5885,2026-04-05,2026,13,20,Los Angeles FC,Orlando City,1681.051662554472,1481.5052422042825,339.54642035018946,0.8759458722293081
5886,2026-04-05,2026,14,15,Los Angeles Galaxy,Minnesota United,1450.511945169308,1534.5363423551814,55.97560281412666,0.5798655461757042
5887,2026-04-05,2026,18,28,New York City,St. Louis City,1641.5668568255592,1400.6597453100135,380.9071115155457,0.8995900263664505
5888,2026-04-05,2026,19,9,New York Red Bulls,FC Cincinnati,1464.2494108008827,1543.3532374308988,60.8961733699839,0.5867501102107536
5889,2026-04-05,2026,25,24,San Jose Earthquakes,San Diego FC,1496.573220046698,1613.5959952797878,22.97722476691024,0.5330187607661152
5890,2026-04-05,2026,30,22,Vancouver Whitecaps,Portland Timbers,1615.115222946031,1431.0998535751066,324.0153693709244,0.8658998560575827
5891,2026-04-11,2026,1,14,Austin FC,Los Angeles Galaxy,1461.277488157292,1427.31732332228,173.96016483501216,0.7313328042937403
5892,2026-04-11,2026,2,21,CF Montreal,Philadelphia Union,1385.5813271434952,1461.1961018706038,64.38522527289138,0.5916114776693002
5893,2026-04-11,2026,22,13,Portland Timbers,Los Angeles FC,1425.7358478174099,1686.0138276652997,-120.27797984788981,0.3335047935991785
5894,2026-04-11,2026,29,9,Toronto FC,FC Cincinnati,1485.7311525552016,1526.823241839329,98.9079107158725,0.638615416599929
5895,2026-04-12,2026,3,16,Charlotte,Nashville SC,1562.528213723665,1562.287209601651,140.24100412201392,0.6915321701830806
5896,2026-04-12,2026,4,0,Chicago Fire,Atlanta Utd,1543.9487805683225,1357.8839935897,326.0647869786226,0.867263834125866
5897,2026-04-12,2026,6,11,Colorado Rapids,Houston Dynamo,1464.6595098712082,1438.866490299952,165.7930195712563,0.7219954463865491
5898,2026-04-12,2026,10,28,FC Dallas,St. Louis City,1533.4330170859735,1416.6433463646715,256.78967072130195,0.8143005730274491
5899,2026-04-12,2026,12,19,Inter Miami,New York Red Bulls,1718.5063889754133,1480.7794063924525,377.7269825829608,0.8979243207940296
5900,2026-04-12,2026,17,8,New England Revolution,DC United,1383.7504344813356,1385.5999093451528,138.15052513618275,0.6889592835105397
5901,2026-04-12,2026,24,15,San Diego FC,Minnesota United,1594.9167457104325,1557.7309642022096,177.18578150822282,0.734965460035527
5902,2026-04-12,2026,27,25,Sporting Kansas City,San Jose Earthquakes,1328.696367395384,1515.2524696160533,-46.556102220669345,0.43339853419970015
5903,2026-04-12,2026,30,18,Vancouver Whitecaps,New York City,1620.4792287037278,1625.5832557709011,134.89597293282668,0.6849303957896744
5904,2026-04-13,2026,7,20,Columbus Crew,Orlando City,1517.4972476290395,1476.5430770934547,180.9541705355848,0.7391693942290118
5905,2026-04-18,2026,2,19,CF Montreal,New York Red Bulls,1361.9168680367231,1496.6963792242136,5.2204888125095295,0.5075123219700652
5906,2026-04-18,2026,6,12,Colorado Rapids,Inter Miami,1475.7796920157461,1702.5894161436522,-86.80972412790607,0.37760719084082506
5907,2026-04-18,2026,29,1,Toronto FC,Austin FC,1480.1865358912044,1432.0241759855423,188.16235990566202,0.7470895553830618
5908,2026-04-18,2026,30,27,Vancouver Whitecaps,Sporting Kansas City,1633.082012872141,1311.360426027396,461.72158684474493,0.9344952024123647
5909,2026-04-19,2026,0,16,Atlanta Utd,Nashville SC,1352.5745469547346,1589.9484964089743,-97.37394945423966,0.36342494991063085
5910,2026-04-19,2026,9,4,FC Cincinnati,Chicago Fire,1532.3678585033263,1549.2582272032878,123.10963130003847,0.6701085392464807
5911,2026-04-19,2026,10,14,FC Dallas,Los Angeles Galaxy,1520.8609941648756,1456.5706354940296,204.290358670846,0.7642259997193938
5912,2026-04-19,2026,15,22,Minnesota United,Portland Timbers,1587.1295826036308,1452.3956560734428,274.733926530188,0.8294162284649623
5913,2026-04-19,2026,17,7,New England Revolution,Columbus Crew,1396.192063140914,1507.930471859879,28.261591281034953,0.5405822312286388
5914,2026-04-19,2026,18,3,New York City,Charlotte,1612.980471602488,1534.8669269163418,218.11354468614627,0.7782612696394322
5915,2026-04-19,2026,20,11,Orlando City,Houston Dynamo,1486.1098528626153,1427.7463081554138,198.36354470720153,0.758023239316752
5916,2026-04-19,2026,21,8,Philadelphia Union,DC United,1484.8605609773758,1373.1582806855745,251.70228029180134,0.8098313638754244
5917,2026-04-19,2026,23,24,Real Salt Lake,San Diego FC,1523.7391123137372,1565.5181273090113,98.22098500472589,0.6377023298621582
5918,2026-04-19,2026,26,28,Seattle Sounders,St. Louis City,1660.9253256022462,1429.2153692857694,371.7099563164768,0.8947056020304996
5919,2026-04-20,2026,13,25,Los Angeles FC,San Jose Earthquakes,1659.3540194092668,1532.5884109840413,266.76560842522554,0.8228280157458148
5920,2026-04-23,2026,0,17,Atlanta Utd,New England Revolution,1338.0375489583093,1414.5687738917684,63.46877506654096,0.5903362620426774
5921,2026-04-23,2026,7,14,Columbus Crew,Los Angeles Galaxy,1489.5537611090244,1467.1396754828054,162.41408562621905,0.7180745321206822
5922,2026-04-23,2026,10,15,FC Dallas,Minnesota United,1510.2919541760998,1593.9529334650322,56.33902071106763,0.5803751174027881
5923,2026-04-23,2026,11,24,Houston Dynamo,San Diego FC,1458.067237728084,1551.0262205034976,47.04101722458631,0.5672868047846734
5924,2026-04-23,2026,13,6,Los Angeles FC,Colorado Rapids,1626.4408987794343,1460.6754043821131,305.76549439732116,0.8532256496662538
5925,2026-04-23,2026,18,9,New York City,FC Cincinnati,1581.8500208169107,1525.563516933467,196.28650388344363,0.7558233866154868
5926,2026-04-23,2026,19,8,New York Red Bulls,DC United,1476.9968721030161,1385.5515352405914,231.4453368624247,0.7912218937734267
5927,2026-04-23,2026,20,3,Orlando City,Charlotte,1455.7889232899452,1565.997377701919,29.79154558802611,0.5427687122489648
5928,2026-04-23,2026,23,12,Real Salt Lake,Inter Miami,1538.231019119251,1717.6937037772852,-39.46268465803428,0.44345160040334625
5929,2026-04-23,2026,25,1,San Jose Earthquakes,Austin FC,1565.5015316138738,1441.907758200865,263.5937734130089,0.8201505388240613
5930,2026-04-23,2026,29,21,Toronto FC,Philadelphia Union,1470.3029536758818,1472.467306422359,137.8356472535229,0.6885707242104004
5931,2026-04-25,2026,2,18,CF Montreal,New York City,1381.6163751579206,1571.6170853522913,-50.00071019437064,0.42853588141843607
5932,2026-04-25,2026,15,13,Minnesota United,Los Angeles FC,1617.1679381611436,1612.3118727927842,144.8560653683594,0.6971701795313862
5933,2026-04-25,2026,29,0,Toronto FC,Atlanta Utd,1462.7601247074658,1314.4240984766022,288.3360262308636,0.8402105614612237
5934,2026-04-26,2026,1,11,Austin FC,Houston Dynamo,1434.7137797538273,1475.375765536697,99.33801421713042,0.639186616932798
5935,2026-04-26,2026,4,27,Chicago Fire,Sporting Kansas City,1556.062568773147,1308.7402341238906,387.3223346492564,0.9028768658172063
5936,2026-04-26,2026,7,21,Columbus Crew,Philadelphia Union,1500.8307798241972,1480.0101353907748,160.82064443342233,0.7162138931515373
5937,2026-04-26,2026,8,20,DC United,Orlando City,1397.2004109915285,1474.0781747999865,63.122236191542015,0.5898537448764992
5938,2026-04-26,2026,9,19,FC Cincinnati,New York Red Bulls,1535.7964523980866,1465.347996352079,210.44845604600755,0.7705534104350431
5939,2026-04-26,2026,12,17,Inter Miami,New England Revolution,1735.431767793419,1438.1822243734755,437.2495434199436,0.9253257627377188
5940,2026-04-26,2026,16,3,Nashville SC,Charlotte,1604.4854944053995,1547.7081261918777,196.77736821352187,0.7563444942686145
5941,2026-04-26,2026,24,22,San Diego FC,Portland Timbers,1533.7176926948846,1445.5723052120413,228.14538748284326,0.7880665817872747
5942,2026-04-26,2026,26,10,Seattle Sounders,FC Dallas,1665.1371015210261,1487.0769494799883,318.0601520410378,0.8618690756208777
5943,2026-04-26,2026,28,25,St. Louis City,San Jose Earthquakes,1425.0035933669894,1572.6955100609114,-7.691916693921939,0.48893225024405573
5944,2026-04-26,2026,30,6,Vancouver Whitecaps,Colorado Rapids,1635.7022047756464,1474.8044303687632,300.8977744068832,0.8496817078844076
5945,2026-04-27,2026,14,23,Los Angeles Galaxy,Real Salt Lake,1455.8626567676326,1520.492955103117,75.36970166451556,0.6067957099778807
5946,2026-05-02,2026,23,22,Real Salt Lake,Portland Timbers,1504.7647835022324,1477.0949684835323,167.6698150187001,0.7241587348766306
5947,2026-05-02,2026,27,26,Sporting Kansas City,Seattle Sounders,1304.8553087565788,1670.662338496191,-225.8070297396123,0.21419030463182867
5948,2026-05-02,2026,29,25,Toronto FC,San Jose Earthquakes,1429.1517022490168,1592.2528000706736,-23.101097821656822,0.466803753181552
5949,2026-05-03,2026,0,2,Atlanta Utd,CF Montreal,1348.0325209350513,1404.4749399011832,83.55758103386802,0.617983061967108
5950,2026-05-03,2026,1,28,Austin FC,St. Louis City,1449.1463150765155,1405.4463033572272,183.70001171928834,0.7422052834698608
5951,2026-05-03,2026,4,9,Chicago Fire,FC Cincinnati,1559.9474941404587,1544.9743159806849,154.97317815977385,0.7093227970451335
5952,2026-05-03,2026,7,15,Columbus Crew,Minnesota United,1512.1822240981357,1589.2811309798883,62.901093118247445,0.5895457370512879
5953,2026-05-03,2026,11,6,Houston Dynamo,Colorado Rapids,1460.9432302140087,1468.7916986841394,132.15153152986932,0.6815111979409662
5954,2026-05-03,2026,12,20,Inter Miami,Orlando City,1718.4187372839103,1457.6723245950466,400.74641268886376,0.9094453843815821
5955,2026-05-03,2026,14,30,Los Angeles Galaxy,Vancouver Whitecaps,1471.5908283685174,1641.71493646027,-30.12410809175276,0.4567562325961462
5956,2026-05-03,2026,17,3,New England Revolution,Charlotte,1455.1952548829843,1537.9619059626223,57.233348920362005,0.5816283798260555
5957,2026-05-03,2026,18,8,New York City,DC United,1548.7585206090287,1413.6062611964685,275.15225941256017,0.8297566706379531
5958,2026-05-03,2026,19,10,New York Red Bulls,FC Dallas,1456.1701327694807,1481.5517125048234,114.61842026465729,0.6592147105199336
5959,2026-05-03,2026,21,16,Philadelphia Union,Nashville SC,1468.6586911168363,1614.231714634655,-5.573023517818683,0.49198046223982567
5960,2026-05-03,2026,24,13,San Diego FC,Los Angeles FC,1502.1950294233936,1640.1986799740396,1.9963494493540566,0.5028729461838896
5961,2026-05-09,2026,2,20,CF Montreal,Orlando City,1389.1942623798675,1494.0501399703098,35.14412240955767,0.5504046628508649
5962,2026-05-09,2026,4,19,Chicago Fire,New York Red Bulls,1531.5745822586534,1429.8015443486834,241.77303790997007,0.8008726669964208
5963,2026-05-09,2026,29,12,Toronto FC,Inter Miami,1430.4795521217548,1682.040921908647,-111.56136978689233,0.3447496516587504
5964,2026-05-10,2026,0,14,Atlanta Utd,Los Angeles Galaxy,1363.313198456367,1473.3205790646714,29.992619391695598,0.543055949253876
5965,2026-05-10,2026,3,9,Charlotte,FC Cincinnati,1521.2270411556644,1573.3472278624902,87.87981329317427,0.6238394203142755
5966,2026-05-10,2026,6,28,Colorado Rapids,St. Louis City,1456.052146601778,1395.1345146960216,200.91763190575648,0.760709792149054
5967,2026-05-10,2026,10,23,FC Dallas,Real Salt Lake,1507.9203009256207,1515.7984341071672,132.12186681845355,0.6814741318788704
5968,2026-05-10,2026,16,8,Nashville SC,DC United,1613.910933124248,1446.7965280219867,307.11440510226134,0.8541954029254258
5969,2026-05-10,2026,17,21,New England Revolution,Philadelphia Union,1471.930119689942,1468.9794726272432,142.95064706269886,0.694849477646578
5970,2026-05-10,2026,18,7,New York City,Columbus Crew,1515.5682537835105,1488.6003946160843,166.96785916742624,0.7233508463023313
5971,2026-05-10,2026,22,27,Portland Timbers,Sporting Kansas City,1466.0613178785975,1316.2876965713056,289.77362130729193,0.8413184728201976
5972,2026-05-10,2026,25,30,San Jose Earthquakes,Vancouver Whitecaps,1590.9249501979357,1639.985185764116,90.93976443381962,0.6279638011064995
5973,2026-05-10,2026,26,24,Seattle Sounders,San Diego FC,1659.2299506814643,1502.080111576038,297.1498391054263,0.8469052710756787
5974,2026-05-11,2026,13,11,Los Angeles FC,Houston Dynamo,1640.3135978213952,1473.68278229637,306.6308155250251,0.8538483551860764
5975,2026-05-11,2026,15,1,Minnesota United,Austin FC,1612.8629604619398,1459.458103737721,293.4048567242187,0.8440891994589239
5976,2026-05-14,2026,2,22,CF Montreal,Portland Timbers,1407.1780758658329,1472.4085789657895,74.76949690004335,0.6059710484567774
5977,2026-05-14,2026,3,18,Charlotte,New York City,1516.2734643430933,1526.6342199314172,129.63924441167615,0.678363985475319
5978,2026-05-14,2026,8,4,DC United,Chicago Fire,1460.9643441390037,1499.5396755787965,101.42466856020724,0.6419521944084301
5979,2026-05-14,2026,9,12,FC Cincinnati,Inter Miami,1578.3008046750613,1695.830907974997,22.469896700064282,0.5322917713520081
5980,2026-05-14,2026,10,30,FC Dallas,Vancouver Whitecaps,1520.6613356504658,1645.103737808376,15.557597842089763,0.5223742308393212
5981,2026-05-14,2026,15,6,Minnesota United,Colorado Rapids,1599.0993924835827,1425.6237549158159,313.47563756776685,0.8586971482815033
5982,2026-05-14,2026,17,16,New England Revolution,Nashville SC,1484.136140584079,1599.743117007231,24.39302357684801,0.5350468166199649
5983,2026-05-14,2026,19,7,New York Red Bulls,Columbus Crew,1461.8364510285403,1477.5344284681776,124.30202256036273,0.6716241309198918
5984,2026-05-14,2026,20,21,Orlando City,Philadelphia Union,1476.0663264843445,1456.7734517331064,159.29287475123806,0.7144229935065062
5985,2026-05-14,2026,23,11,Real Salt Lake,Houston Dynamo,1503.057399382322,1507.836716503813,135.22068287850902,0.6853336268828515
5986,2026-05-14,2026,24,1,San Diego FC,Austin FC,1515.9563224190651,1473.2216717160782,182.73465070298698,0.7411405833041541
5987,2026-05-14,2026,26,25,Seattle Sounders,San Jose Earthquakes,1645.3537398384371,1585.8063981536757,199.54734168476148,0.7592709804092332
5988,2026-05-14,2026,27,14,Sporting Kansas City,Los Angeles Galaxy,1309.9404354841136,1495.0428170348264,-45.102381550712835,0.4354546206746909
5989,2026-05-14,2026,28,13,St. Louis City,Los Angeles FC,1425.5629063819838,1606.159663613952,-40.59675723196824,0.4418410145774983
5990,2026-05-16,2026,2,4,CF Montreal,Chicago Fire,1402.9392339275616,1525.2177633551337,17.72147057242796,0.5254811522763536
5991,2026-05-17,2026,1,27,Austin FC,Sporting Kansas City,1462.8672950482444,1332.5222506571258,270.34504439111856,0.8258118854905946
5992,2026-05-17,2026,3,29,Charlotte,Toronto FC,1489.1389049240806,1416.6895660554048,212.4493388686758,0.7725834554155335
5993,2026-05-17,2026,8,28,DC United,St. Louis City,1435.2862563626666,1447.8892657988838,127.39699056378277,0.6755412974356477
5994,2026-05-17,2026,11,30,Houston Dynamo,Vancouver Whitecaps,1495.250061579127,1665.9987070419488,-30.74864546282174,0.45586431366519586
5995,2026-05-17,2026,12,22,Inter Miami,Portland Timbers,1717.1225788290774,1476.6474209040607,380.4751579250167,0.899365200760824
5996,2026-05-17,2026,17,15,New England Revolution,Minnesota United,1462.7342679192802,1564.7515065523226,37.982761366957675,0.5544448599193025
5997,2026-05-17,2026,19,18,New York Red Bulls,New York City,1474.9714857917447,1553.76877935043,61.20270644131483,0.5871779019296027
5998,2026-05-17,2026,20,0,Orlando City,Atlanta Utd,1487.4894067440841,1341.590960486212,285.89844625787214,0.8383176870156168
5999,2026-05-17,2026,21,7,Philadelphia Union,Columbus Crew,1445.3503714733667,1464.3993937049731,120.95097776839361,0.6673557798653192
6000,2026-05-17,2026,23,6,Real Salt Lake,Colorado Rapids,1515.644054307008,1459.971640847076,195.67241345993193,0.7551703990886568
6001,2026-05-17,2026,24,9,San Diego FC,FC Cincinnati,1526.310699086899,1557.0091338209809,109.30156526591804,0.6523058622588896
6002,2026-05-17,2026,25,10,San Jose Earthquakes,FC Dallas,1576.177237370045,1499.766366416893,216.41087095315197,0.7765652272180013
6003,2026-05-17,2026,26,14,Seattle Sounders,Los Angeles Galaxy,1654.9829006220677,1472.461001861814,322.52189876025363,0.8648984391693582
6004,2026-05-18,2026,16,13,Nashville SC,Los Angeles FC,1621.1449896720296,1583.833304197052,177.3116854749776,0.7351066131762843
6005,2026-05-23,2026,15,23,Minnesota United,Real Salt Lake,1546.9293009490946,1525.4372383434618,161.49206260563278,0.7169988022199248
6006,2026-05-23,2026,28,1,St. Louis City,Austin FC,1454.9109176963098,1429.8348196286206,165.07609806768914,0.7211663383571134
6007,2026-05-24,2026,3,17,Charlotte,New England Revolution,1498.2355667074594,1480.5564735225082,157.67909318495117,0.7125239193605518
6008,2026-05-24,2026,4,29,Chicago Fire,Toronto FC,1546.2370094461878,1407.592904272026,278.6441051741617,0.8325773123881014
6009,2026-05-24,2026,6,10,Colorado Rapids,FC Dallas,1450.1784568106223,1530.8289755056132,59.34948130500902,0.5845895907684888
6010,2026-05-24,2026,7,0,Columbus Crew,Atlanta Utd,1471.0936248995858,1355.1236679668366,255.96995693274926,0.8135859829125018
6011,2026-05-24,2026,8,2,DC United,CF Montreal,1428.2646044652406,1381.9199878365075,186.3446166287331,0.7451073528854759
6012,2026-05-24,2026,9,20,FC Cincinnati,Orlando City,1563.1013683113365,1473.9566992634595,229.14466904787696,0.7890257299034762
6013,2026-05-24,2026,14,11,Los Angeles Galaxy,Houston Dynamo,1507.0569394285885,1517.0154890325193,130.0414503960692,0.6788689398929731
6014,2026-05-24,2026,16,18,Nashville SC,New York City,1631.7407251449783,1557.255895427614,214.4848297173644,0.7746355740609537
6015,2026-05-24,2026,22,25,Portland Timbers,San Jose Earthquakes,1472.6220289344938,1545.114628281325,67.50740065316882,0.5959465561117013
6016,2026-05-24,2026,24,30,San Diego FC,Vancouver Whitecaps,1520.2184645965433,1644.2332795885566,15.985185007986729,0.5229883119202446
6017,2026-05-24,2026,27,19,Sporting Kansas City,New York Red Bulls,1365.5547260767496,1471.4843697145607,34.07035636218893,0.5488746213435863
6018,2026-05-25,2026,12,21,Inter Miami,Philadelphia Union,1721.1479707986443,1438.656140278754,422.4918305198903,0.9192394824809185
6019,2026-05-25,2026,13,26,Los Angeles FC,Seattle Sounders,1573.2375687241033,1620.3869630552933,92.85060566880998,0.6305299678412813
6020,2026-07-17,2026,2,29,CF Montreal,Toronto FC,1391.7242819519265,1400.89599676755,130.82828518437645,0.67985557156399
6021,2026-07-17,2026,26,22,Seattle Sounders,Portland Timbers,1605.6081617689447,1448.7841666900258,296.82399507891887,0.8466619144963359
6022,2026-07-17,2026,28,27,St. Louis City,Sporting Kansas City,1466.0642641620252,1343.599741223006,262.46452293901916,0.8191896969333496
6023,2026-07-18,2026,14,13,Los Angeles Galaxy,Los Angeles FC,1499.9021818328697,1588.016370010452,51.885811822417736,0.5741194926112898
6024,2026-07-18,2026,16,0,Nashville SC,Atlanta Utd,1640.7553021825402,1347.6671072833367,433.0881948992035,0.9236535875547086
6025,2026-07-23,2026,1,26,Austin FC,Seattle Sounders,1418.6814731629051,1571.7416851890912,-13.060212026186036,0.48121369176352924
6026,2026-07-23,2026,3,0,Charlotte,Atlanta Utd,1509.7346099330373,1344.613250785525,305.1213591475123,0.8527606897435727
6027,2026-07-23,2026,6,24,Colorado Rapids,San Diego FC,1426.7948731798826,1499.2989321197335,67.49594106014911,0.5959306716037146
6028,2026-07-23,2026,7,18,Columbus Crew,New York City,1478.5501855830857,1548.2413183900521,70.30886719303362,0.5998236508073793
6029,2026-07-23,2026,9,30,FC Cincinnati,Vancouver Whitecaps,1571.5403391151974,1665.1528120653663,46.38752704983108,0.5663631556871203
6030,2026-07-23,2026,11,8,Houston Dynamo,DC United,1524.1702466282381,1418.4603103498216,245.70993627841654,0.8044621721077173
6031,2026-07-23,2026,12,4,Inter Miami,Chicago Fire,1724.3783914994076,1552.9339169506638,311.44447454874376,0.8572724866827215
6032,2026-07-23,2026,13,23,Los Angeles FC,Real Salt Lake,1610.9811497149035,1534.1171904322587,216.86395928264483,0.7770174514933487
6033,2026-07-23,2026,14,28,Los Angeles Galaxy,St. Louis City,1476.9374021284182,1473.2966762846913,143.64072584372684,0.6956911104026852
6034,2026-07-23,2026,16,2,Nashville SC,CF Montreal,1643.8091586803519,1384.530059089367,399.27909959098497,0.9087473646813619
6035,2026-07-23,2026,17,29,New England Revolution,Toronto FC,1469.0574302969303,1408.0902196301097,200.96721066682062,0.7607617394496834
6036,2026-07-23,2026,21,19,Philadelphia Union,New York Red Bulls,1435.4257195779908,1493.4393545683042,81.98636500968655,0.6158455354355565
6037,2026-07-23,2026,22,10,Portland Timbers,FC Dallas,1482.6506432698793,1554.2125591363529,68.43808413352644,0.597235932192068
6038,2026-07-23,2026,25,20,San Jose Earthquakes,Orlando City,1568.9524905257929,1465.5177284595986,243.43476206619425,0.8023937662536014
6039,2026-07-23,2026,27,15,Sporting Kansas City,Minnesota United,1336.36732910034,1538.2493488602977,-61.88201975995776,0.41187453116196066
