game_id,game_date,season,home_id,away_id,home_name,away_name,elo_home,elo_away,elo_diff,elo_edge,elo_e_home
0,2012-03-10,2012,6,7,Colorado Rapids,Columbus Crew,1500.0,1500.0,60.0,60.0,0.5854986786718095
1,2012-03-10,2012,30,2,Vancouver Whitecaps,CF Montreal,1500.0,1500.0,60.0,60.0,0.5854986786718095
2,2012-03-11,2012,5,11,Chivas USA,Houston Dynamo,1500.0,1500.0,60.0,60.0,0.5854986786718095
3,2012-03-11,2012,8,27,DC United,Sporting Kansas City,1500.0,1500.0,60.0,60.0,0.5854986786718095
4,2012-03-11,2012,10,19,FC Dallas,New York Red Bulls,1500.0,1500.0,60.0,60.0,0.5854986786718095
5,2012-03-11,2012,14,23,Los Angeles Galaxy,Real Salt Lake,1500.0,1500.0,60.0,60.0,0.5854986786718095
6,2012-03-11,2012,25,17,San Jose Earthquakes,New England Revolution,1500.0,1500.0,60.0,60.0,0.5854986786718095
7,2012-03-13,2012,22,21,Portland Timbers,Philadelphia Union,1500.0,1500.0,60.0,60.0,0.5854986786718095
8,2012-03-17,2012,25,11,San Jose Earthquakes,Houston Dynamo,1506.217519819923,1508.782480180077,57.435039639845854,57.435039639845854,0.5819108731655616
9,2012-03-18,2012,5,30,Chivas USA,Vancouver Whitecaps,1491.217519819923,1506.217519819923,45.0,45.0,0.5644004902404213
10,2012-03-18,2012,10,22,FC Dallas,Portland Timbers,1506.217519819923,1506.217519819923,60.0,60.0,0.5854986786718095
11,2012-03-18,2012,14,8,Los Angeles Galaxy,DC United,1491.217519819923,1491.217519819923,60.0,60.0,0.5854986786718095
12,2012-03-18,2012,21,6,Philadelphia Union,Colorado Rapids,1493.782480180077,1506.217519819923,47.564960360154146,47.564960360154146,0.5680270135380762
13,2012-03-18,2012,23,19,Real Salt Lake,New York Red Bulls,1508.782480180077,1493.782480180077,75.0,75.0,0.6062878237854281
14,2012-03-18,2012,26,29,Seattle Sounders,Toronto FC,1500.0,1500.0,60.0,60.0,0.5854986786718095
15,2012-03-18,2012,27,17,Sporting Kansas City,New England Revolution,1508.782480180077,1493.782480180077,75.0,75.0,0.6062878237854281
16,2012-03-24,2012,7,2,Columbus Crew,CF Montreal,1493.782480180077,1493.782480180077,60.0,60.0,0.5854986786718095
17,2012-03-24,2012,17,22,New England Revolution,Portland Timbers,1487.8767975368585,1507.5,40.376797536858476,-40.376797536858476,0.557846697866297
18,2012-03-24,2012,26,11,Seattle Sounders,Houston Dynamo,1506.217519819923,1517.5111432775604,48.70637654236248,48.70637654236248,0.569638511146614
19,2012-03-24,2012,29,25,Toronto FC,San Jose Earthquakes,1493.782480180077,1497.4888567224396,56.29362345763752,56.29362345763752,0.5803114723849145
20,2012-03-25,2012,4,21,Chicago Fire,Philadelphia Union,1500.0,1485.262074977006,74.73792502299398,74.73792502299398,0.6059276529792458
21,2012-03-25,2012,19,6,New York Red Bulls,Colorado Rapids,1487.8767975368585,1514.737925022994,33.1388725138645,33.1388725138645,0.5475465719584215
22,2012-03-25,2012,23,5,Real Salt Lake,Chivas USA,1514.6881628232957,1482.7515124663166,91.93665035697904,91.93665035697904,0.6293034808224485
23,2012-03-25,2012,30,8,Vancouver Whitecaps,DC United,1514.6835271735292,1485.0,89.68352717352923,89.68352717352923,0.6262727865347807
24,2012-03-26,2012,27,10,Sporting Kansas City,FC Dallas,1514.6881628232957,1504.9350396398459,69.75312318344982,69.75312318344982,0.5990555047005915
25,2012-03-31,2012,8,10,DC United,FC Dallas,1486.8940917980217,1498.9208722103547,47.97321958766702,47.97321958766702,0.5686035777208387
26,2012-03-31,2012,19,2,New York Red Bulls,CF Montreal,1494.6635989574822,1487.5649603601541,67.09863859732809,67.09863859732809,0.5953798338689572
27,2012-03-31,2012,21,30,Philadelphia Union,Vancouver Whitecaps,1479.3509897716947,1512.7894353755075,26.561554396187148,26.561554396187148,0.5381508523404789
28,2012-03-31,2012,29,7,Toronto FC,Columbus Crew,1485.0778080943035,1500.0,45.077808094303464,-45.077808094303464,0.5645106042828161
29,2012-04-01,2012,14,17,Los Angeles Galaxy,New England Revolution,1497.4350396398459,1494.509097068864,62.92594257098176,62.92594257098176,0.5895803508478075
30,2012-04-01,2012,22,23,Portland Timbers,Real Salt Lake,1500.8677004679944,1505.2486106109588,55.61908985703553,55.61908985703553,0.5793654913127528
31,2012-04-01,2012,26,25,Seattle Sounders,San Jose Earthquakes,1512.6729421527236,1506.1935288082132,66.47941334451048,66.47941334451048,0.5945208337573972
32,2012-04-02,2012,5,27,Chivas USA,Sporting Kansas City,1492.1910646786534,1520.7023302527869,31.488734425866596,-31.488734425866596,0.5451922608233024
33,2012-04-02,2012,6,4,Colorado Rapids,Chicago Fire,1507.9511236023702,1505.9110852053113,62.04003839705888,62.04003839705888,0.588345793996648
34,2012-04-05,2012,23,2,Real Salt Lake,CF Montreal,1513.9390929806502,1481.4956578681886,92.44343511246166,92.44343511246166,0.6299837703449752
35,2012-04-06,2012,10,17,FC Dallas,New England Revolution,1492.4499258761673,1503.3528023315812,49.09712354458611,49.09712354458611,0.5701898465623298
36,2012-04-07,2012,2,29,CF Montreal,Toronto FC,1475.9454144233632,1476.6101490300612,59.33526539330205,59.33526539330205,0.584569717839821
37,2012-04-07,2012,7,19,Columbus Crew,New York Red Bulls,1508.4676590642423,1500.7329014494478,67.73475761479449,67.73475761479449,0.5962616612516862
38,2012-04-07,2012,27,14,Sporting Kansas City,Los Angeles Galaxy,1528.8802141651363,1488.5913343771288,100.28887978800753,100.28887978800753,0.6404480183197246
39,2012-04-08,2012,8,26,DC United,Seattle Sounders,1493.365038132209,1503.7551296463628,49.60990848584629,49.60990848584629,0.5709131105204905
40,2012-04-08,2012,22,5,Portland Timbers,Chivas USA,1492.177218098303,1484.013180766304,68.164037331999,68.164037331999,0.5968564043725559
41,2012-04-08,2012,23,6,Real Salt Lake,Colorado Rapids,1519.4893364254756,1514.1259366924205,65.36339973305508,65.36339973305508,0.5929712212475297
42,2012-04-08,2012,25,30,San Jose Earthquakes,Vancouver Whitecaps,1515.111341314574,1513.3616981606147,61.74964315395937,61.74964315395937,0.5879408691306461
43,2012-04-14,2012,17,8,New England Revolution,DC United,1496.9056500300162,1492.3013414744016,64.60430855561458,64.60430855561458,0.5919161442545409
44,2012-04-14,2012,21,7,Philadelphia Union,Columbus Crew,1478.7787269865876,1499.523734145467,39.25499284112061,39.25499284112061,0.5562533102310909
45,2012-04-14,2012,26,6,Seattle Sounders,Colorado Rapids,1504.8188263041702,1508.0205050111335,56.79832129303668,56.79832129303668,0.5810188865754773
46,2012-04-14,2012,29,5,Toronto FC,Chivas USA,1470.3786947976585,1492.9660268318923,37.412667965766104,37.412667965766104,0.5536340132352112
47,2012-04-15,2012,10,2,FC Dallas,CF Montreal,1498.8970781777323,1482.176868655766,76.72020952196635,76.72020952196635,0.6086490322928124
48,2012-04-15,2012,14,22,Los Angeles Galaxy,Portland Timbers,1483.1980546519246,1483.2243720327147,59.97368261920997,59.97368261920997,0.5854619118724728
49,2012-04-15,2012,19,25,New York Red Bulls,San Jose Earthquakes,1509.6768263682231,1521.2922282776144,48.38459809060873,48.38459809060873,0.5691843590756697
50,2012-04-15,2012,27,23,Sporting Kansas City,Real Salt Lake,1534.2734938903404,1525.5947681067626,68.67872578357787,68.67872578357787,0.5975691011867881
51,2012-04-16,2012,4,11,Chicago Fire,Houston Dynamo,1499.736272115261,1511.0557209447597,48.6805511705013,48.6805511705013,0.5696020660152182
52,2012-04-19,2012,8,2,DC United,CF Montreal,1501.1800836382197,1476.306604140158,84.87347949806167,84.87347949806167,0.6197697438465318
53,2012-04-19,2012,30,27,Vancouver Whitecaps,Sporting Kansas City,1507.1808111975743,1540.3099573725385,26.870853825035738,-26.870853825035738,0.5385933483724105
54,2012-04-21,2012,29,4,Toronto FC,Chicago Fire,1462.0741845991304,1498.6922411250328,23.381943474097625,23.381943474097625,0.5335986129559683
55,2012-04-22,2012,5,21,Chivas USA,Philadelphia Union,1501.2705370304204,1485.434927333121,75.83560969729933,75.83560969729933,0.6074354330437441
56,2012-04-22,2012,6,14,Colorado Rapids,Los Angeles Galaxy,1501.7357883097657,1489.4161259738376,72.31966233592811,72.31966233592811,0.6025988372333186
57,2012-04-22,2012,7,11,Columbus Crew,Houston Dynamo,1492.8675337989334,1512.099751934988,40.7677818639454,40.7677818639454,0.5584017657030964
58,2012-04-22,2012,8,19,DC United,New York Red Bulls,1499.3835374805217,1508.639060982088,50.74447649843364,50.74447649843364,0.5725122960748312
59,2012-04-22,2012,22,27,Portland Timbers,Sporting Kansas City,1477.0063007108017,1548.3888575981248,-11.382556887323062,11.382556887323062,0.48362504199840195
60,2012-04-22,2012,25,23,San Jose Earthquakes,Real Salt Lake,1522.3299936637495,1519.5583046245645,62.77168903918505,62.77168903918505,0.589365470609061
61,2012-04-22,2012,30,10,Vancouver Whitecaps,FC Dallas,1499.101910971988,1504.7673426933402,54.334568278647794,54.334568278647794,0.5775624420767238
62,2012-04-26,2012,10,23,FC Dallas,Real Salt Lake,1498.4307793244911,1513.3987866837003,45.031992640790804,45.031992640790804,0.5644457670065257
63,2012-04-28,2012,2,22,CF Montreal,Portland Timbers,1478.103150297856,1484.7519250808257,53.35122521703033,53.35122521703033,0.5761807483668829
64,2012-04-28,2012,19,17,New York Red Bulls,New England Revolution,1502.2267454232106,1488.0269078661981,74.19983755701242,74.19983755701242,0.6051877965048261
65,2012-04-29,2012,4,26,Chicago Fire,Seattle Sounders,1506.6962203193723,1511.103543005538,55.5926773138342,55.5926773138342,0.5793284378602158
66,2012-04-29,2012,6,5,Colorado Rapids,Chivas USA,1492.6968057512659,1492.1590055347642,60.53780021650164,60.53780021650164,0.5862498054136499
67,2012-04-29,2012,7,30,Columbus Crew,Vancouver Whitecaps,1491.991507313387,1505.438474340837,46.55303297255,46.55303297255,0.5665971271630694
68,2012-04-29,2012,8,11,DC United,Houston Dynamo,1505.7958530393992,1512.9757784205344,52.82007461886474,52.82007461886474,0.575433932342718
69,2012-04-29,2012,14,10,Los Angeles Galaxy,FC Dallas,1498.4551085323374,1497.4640928193933,60.99101571294409,60.99101571294409,0.5868824844016208
70,2012-04-29,2012,21,25,Philadelphia Union,San Jose Earthquakes,1494.5464588287773,1528.4895116046137,26.05694722416365,-26.05694722416365,0.5374288125684075
71,2012-04-29,2012,23,29,Real Salt Lake,Toronto FC,1514.3654731887982,1454.0702054047908,120.29526778400736,120.29526778400736,0.6665173266880056
72,2012-05-03,2012,17,6,New England Revolution,Colorado Rapids,1482.1047248137706,1498.903058670061,43.201666143709645,43.201666143709645,0.5618537389662478
73,2012-05-03,2012,25,8,San Jose Earthquakes,DC United,1536.5509437931398,1512.1643440542584,84.38659973888139,84.38659973888139,0.6191090504223801
74,2012-05-03,2012,26,14,Seattle Sounders,Los Angeles Galaxy,1519.7934695734414,1497.151871266313,82.64159830712833,82.64159830712833,0.6167374825418703
75,2012-05-05,2012,5,4,Chivas USA,Chicago Fire,1485.952752615969,1498.006293751469,47.94645886450007,47.94645886450007,0.5685657905603058
76,2012-05-05,2012,26,21,Seattle Sounders,Philadelphia Union,1525.5424073353133,1486.4850266402511,99.0573806950622,99.0573806950622,0.6388139652189816
77,2012-05-05,2012,29,8,Toronto FC,DC United,1449.0679653051109,1506.4509798105942,2.6169854945167117,-2.6169854945167117,0.5037660736447119
78,2012-05-06,2012,14,19,Los Angeles Galaxy,New York Red Bulls,1491.402933504441,1508.148928475638,43.25400502880302,43.25400502880302,0.5619279066050797
79,2012-05-06,2012,22,7,Portland Timbers,Columbus Crew,1478.394636306329,1483.492550405941,54.902085900387874,54.902085900387874,0.5783593095472515
80,2012-05-06,2012,23,17,Real Salt Lake,New England Revolution,1519.3677132884782,1488.6769187292768,90.69079455920132,90.69079455920132,0.6276289113321111
81,2012-05-06,2012,27,2,Sporting Kansas City,CF Montreal,1540.6432332281008,1484.4604390723528,116.18279415574807,116.18279415574807,0.6612348382169134
82,2012-05-06,2012,30,25,Vancouver Whitecaps,San Jose Earthquakes,1513.937431248283,1542.264308036804,31.673123211478924,-31.673123211478924,0.5454554371720028
83,2012-05-07,2012,10,6,FC Dallas,Colorado Rapids,1498.7673300854176,1492.3308647545548,66.4364653308628,66.4364653308628,0.594461233992111
84,2012-05-10,2012,4,23,Chicago Fire,Real Salt Lake,1506.5347806098737,1524.9532796184965,41.5815009913772,41.5815009913772,0.5595565071363519
85,2012-05-10,2012,10,26,FC Dallas,Seattle Sounders,1489.8504115755359,1530.9601978570286,18.89021371850731,-18.89021371850731,0.527158446693023
86,2012-05-10,2012,19,11,New York Red Bulls,Houston Dynamo,1516.5778470747143,1506.6072874056752,69.97055966903918,69.97055966903918,0.599356102319965
87,2012-05-12,2012,2,14,CF Montreal,Los Angeles Galaxy,1494.3789616456065,1482.9740149053648,71.40494674024171,-71.40494674024171,0.6013372046831563
88,2012-05-12,2012,11,8,Houston Dynamo,DC United,1500.5976289404746,1514.0074709152648,46.5901580252098,46.5901580252098,0.5666496058242556
89,2012-05-13,2012,4,27,Chicago Fire,Sporting Kansas City,1505.6414330028283,1530.724710654847,34.91672234798125,-34.91672234798125,0.5500807122631557
90,2012-05-13,2012,7,10,Columbus Crew,FC Dallas,1484.6679400491498,1481.9430348751405,62.724905174009336,62.724905174009336,0.5893002924034496
91,2012-05-13,2012,17,30,New England Revolution,Vancouver Whitecaps,1483.0913523992585,1520.7555996907029,22.335752708555674,22.335752708555674,0.5320995230585501
92,2012-05-13,2012,21,19,Philadelphia Union,New York Red Bulls,1481.067236118536,1522.587505539915,18.479730578621,18.479730578621,0.5265694192963234
93,2012-05-13,2012,26,23,Seattle Sounders,Real Salt Lake,1538.867574557424,1525.8466272255419,73.0209473318821,73.0209473318821,0.6035651711828035
94,2012-05-14,2012,25,5,San Jose Earthquakes,Chivas USA,1535.4461395943842,1477.4242657575644,118.02187383681985,118.02187383681985,0.6636022073762524
95,2012-05-16,2012,11,22,Houston Dynamo,Portland Timbers,1507.0978848531108,1477.2192466631202,89.87863818999062,89.87863818999062,0.6265356281443095
96,2012-05-17,2012,8,6,DC United,Colorado Rapids,1507.5072150026285,1501.2477832644365,66.259431738192,66.259431738192,0.5942155317804638
97,2012-05-19,2012,30,26,Vancouver Whitecaps,Seattle Sounders,1513.737092536581,1529.814096989682,43.922995546899074,-43.922995546899074,0.5628756652429969
98,2012-05-20,2012,2,19,CF Montreal,New York Red Bulls,1492.8589035753591,1530.4860468293598,22.372856745999343,22.372856745999343,0.5321526996192777
99,2012-05-20,2012,5,14,Chivas USA,Los Angeles Galaxy,1479.8782988682083,1484.4940729756122,55.38422589259608,-55.38422589259608,0.579035975588014
100,2012-05-20,2012,6,27,Colorado Rapids,Sporting Kansas City,1495.1610162411434,1523.9759213387945,31.185094902348965,-31.185094902348965,0.5447588240813196
101,2012-05-20,2012,8,29,DC United,Toronto FC,1513.5939820259216,1441.5114742004403,132.08250782548134,132.08250782548134,0.6814249492641379
102,2012-05-20,2012,10,21,FC Dallas,Philadelphia Union,1475.7825392611921,1473.168694829091,62.61384443210113,62.61384443210113,0.589145552579564
103,2012-05-20,2012,17,11,New England Revolution,Houston Dynamo,1490.1098595533804,1505.199850430946,44.9100091224343,44.9100091224343,0.5642731271970413
104,2012-05-20,2012,25,7,San Jose Earthquakes,Columbus Crew,1532.9921064837404,1490.8284356630982,102.16367082064221,102.16367082064221,0.6429293918818438
105,2012-05-21,2012,22,4,Portland Timbers,Chicago Fire,1479.117281085285,1512.390222318881,26.72705876640407,26.72705876640407,0.5383876369792409
106,2012-05-24,2012,4,10,Chicago Fire,FC Dallas,1505.4660368735695,1474.4453559724986,91.02068090107082,91.02068090107082,0.6280726155451667
107,2012-05-24,2012,14,25,Los Angeles Galaxy,San Jose Earthquakes,1478.1796126094323,1530.8481656055128,7.331447003919493,7.331447003919493,0.5105492346306633
108,2012-05-24,2012,19,5,New York Red Bulls,Chivas USA,1538.468337323649,1486.1927592343882,112.27557808926076,112.27557808926076,0.6561784893516712
109,2012-05-24,2012,26,7,Seattle Sounders,Columbus Crew,1530.757231968327,1492.9723765413257,97.78485542700128,97.78485542700128,0.6371220937946023
110,2012-05-26,2012,11,14,Houston Dynamo,Los Angeles Galaxy,1506.1639473389016,1470.5213740899724,95.64257324892924,95.64257324892924,0.6342661802322835
111,2012-05-26,2012,29,21,Toronto FC,Philadelphia Union,1436.7328484394022,1474.5058781177845,22.226970321617728,22.226970321617728,0.5319436147160539
112,2012-05-27,2012,5,26,Chivas USA,Seattle Sounders,1488.5354365746632,1521.200400561408,27.33503601325515,-27.33503601325515,0.5392573115023603
113,2012-05-27,2012,6,2,Colorado Rapids,CF Montreal,1494.4896338799238,1484.87661308107,69.61302079885377,69.61302079885377,0.5988617790108992
114,2012-05-27,2012,7,4,Columbus Crew,Chicago Fire,1502.5292079482447,1511.044947640392,51.484260307852765,51.484260307852765,0.5735542157081669
115,2012-05-27,2012,8,17,DC United,New England Revolution,1518.3726077869596,1489.1457626454248,89.2268451415348,89.2268451415348,0.6256572811941191
116,2012-05-27,2012,22,30,Portland Timbers,Vancouver Whitecaps,1486.0414665305964,1512.793957557936,33.2475089726604,33.2475089726604,0.5477014940379994
117,2012-05-27,2012,23,10,Real Salt Lake,FC Dallas,1534.9001047932838,1468.8664452056762,126.03365958760764,126.03365958760764,0.673818775293609
118,2012-05-27,2012,27,25,Sporting Kansas City,San Jose Earthquakes,1524.6473037000142,1538.5064041249727,46.14089957504143,46.14089957504143,0.5660144498893805
119,2012-06-03,2012,17,4,New England Revolution,Chicago Fire,1483.5306218633366,1504.6482608760143,38.88236098732227,38.88236098732227,0.5557237740362854
120,2012-06-11,2012,30,11,Vancouver Whitecaps,Houston Dynamo,1513.509479968506,1511.6499546354173,61.85952533308864,61.85952533308864,0.588094102016753
121,2012-06-17,2012,2,26,CF Montreal,Seattle Sounders,1478.8595397662334,1521.7892602339434,17.070279532289987,-17.070279532289987,0.5245463587404632
122,2012-06-17,2012,4,19,Chicago Fire,New York Red Bulls,1497.9841174865585,1536.125659983374,21.85845750318458,21.85845750318458,0.5314154111388785
123,2012-06-17,2012,5,23,Chivas USA,Real Salt Lake,1487.9465769021278,1539.7928231638798,8.153753738248042,-8.153753738248042,0.5117320410929879
124,2012-06-17,2012,11,10,Houston Dynamo,FC Dallas,1505.4713661656685,1463.9737268350802,101.4976393305883,101.4976393305883,0.6420487377732692
125,2012-06-17,2012,17,7,New England Revolution,Columbus Crew,1490.1947652527924,1508.9258947126223,41.268870540170155,41.268870540170155,0.5591129316303461
126,2012-06-17,2012,21,8,Philadelphia Union,DC United,1467.4850323385253,1523.9877485690479,3.4972837694774626,3.4972837694774626,0.5050328259397885
127,2012-06-17,2012,27,29,Sporting Kansas City,Toronto FC,1531.1570869516734,1443.7536942186614,147.40339273301197,147.40339273301197,0.7002570351011591
128,2012-06-17,2012,30,6,Vancouver Whitecaps,Colorado Rapids,1519.6880684382547,1500.5067071947603,79.1813612434944,79.1813612434944,0.612018429326289
129,2012-06-18,2012,14,22,Los Angeles Galaxy,Portland Timbers,1465.0353667934567,1485.3259441200264,39.709422673430254,39.709422673430254,0.5568989140867713
130,2012-06-21,2012,5,2,Chivas USA,CF Montreal,1480.270596285733,1485.9913443851265,54.279251900606596,54.279251900606596,0.577484749124671
131,2012-06-21,2012,6,25,Colorado Rapids,San Jose Earthquakes,1494.6869836346548,1531.9966208733135,22.690362761341248,22.690362761341248,0.5326077111585784
132,2012-06-21,2012,11,29,Houston Dynamo,Toronto FC,1510.8406350990695,1439.2575497451787,131.58308535389074,131.58308535389074,0.6808005248896245
133,2012-06-21,2012,23,14,Real Salt Lake,Los Angeles Galaxy,1547.4688037802746,1471.681883082155,135.7869206981195,135.7869206981195,0.6860361235757202
134,2012-06-21,2012,26,27,Seattle Sounders,Sporting Kansas City,1514.6574556150504,1535.653231425156,39.00422418989433,39.00422418989433,0.5558969642470865
135,2012-06-21,2012,30,19,Vancouver Whitecaps,New York Red Bulls,1525.5077919983603,1529.0968911504572,56.41090084790312,56.41090084790312,0.580475884827708
136,2012-06-23,2012,29,17,Toronto FC,New England Revolution,1441.9695576185231,1489.3080712783371,12.661486340186002,12.661486340186002,0.518213281443371
137,2012-06-24,2012,2,11,CF Montreal,Houston Dynamo,1479.6536156219966,1508.128627225725,31.52498839627151,31.52498839627151,0.5452440077669733
138,2012-06-24,2012,4,7,Chicago Fire,Columbus Crew,1505.0128863194752,1509.8125886870776,55.20029763239768,55.20029763239768,0.5787778738116998
139,2012-06-24,2012,10,5,FC Dallas,Chivas USA,1458.6044579016793,1486.608325048863,31.996132852816345,31.996132852816345,0.5459164044473773
140,2012-06-24,2012,14,30,Los Angeles Galaxy,Vancouver Whitecaps,1481.972424935791,1524.3006537259446,17.671771209846383,17.671771209846383,0.5254098143814234
141,2012-06-24,2012,21,27,Philadelphia Union,Sporting Kansas City,1459.9095399494286,1536.4916858888623,-16.582145939433758,16.582145939433758,0.4761544768011554
142,2012-06-24,2012,22,26,Portland Timbers,Seattle Sounders,1478.679427831328,1513.819001151344,24.860426679983902,-24.860426679983902,0.5357160954472144
143,2012-06-24,2012,23,25,Real Salt Lake,San Jose Earthquakes,1537.1782619266387,1539.9857365406922,57.19252538594651,57.19252538594651,0.5815711947853216
144,2012-06-25,2012,19,8,New York Red Bulls,DC United,1530.3040294228729,1531.5632409581447,58.74078846472821,58.74078846472821,0.5837384318758534
145,2012-06-28,2012,2,29,CF Montreal,Toronto FC,1486.474955505492,1441.6963583968725,104.77859710861958,104.77859710861958,0.6463775802169776
146,2012-06-30,2012,27,4,Sporting Kansas City,Chicago Fire,1528.6340030408796,1511.3312182122997,77.30278482857989,77.30278482857989,0.6094475462269837
147,2012-07-01,2012,6,22,Colorado Rapids,Portland Timbers,1486.6978679672761,1485.6436863996198,61.054181567656315,61.054181567656315,0.5869706398394663
148,2012-07-01,2012,7,23,Columbus Crew,Real Salt Lake,1503.494256794253,1528.4546940048588,35.03956278939427,35.03956278939427,0.5502557141361706
149,2012-07-01,2012,8,2,DC United,CF Montreal,1525.3193174362825,1476.7792918022374,108.54002563404515,108.54002563404515,0.6513109466939176
150,2012-07-01,2012,11,21,Houston Dynamo,Philadelphia Union,1501.3072873422295,1467.7672227974113,93.54006454481828,93.54006454481828,0.6314540775143097
151,2012-07-01,2012,17,26,New England Revolution,Seattle Sounders,1489.5812704999878,1506.8547425830523,42.72652791693554,-42.72652791693554,0.5611803108210431
152,2012-07-01,2012,25,14,San Jose Earthquakes,Los Angeles Galaxy,1548.7093044624721,1489.0912777200697,119.61802674240244,119.61802674240244,0.6656502347336519
153,2012-07-01,2012,29,19,Toronto FC,New York Red Bulls,1451.3920221001272,1536.547952944735,-25.155930844607838,25.155930844607838,0.4638608356183301
154,2012-07-04,2012,11,4,Houston Dynamo,Chicago Fire,1506.835476179515,1520.4729314057045,46.36254477381044,46.36254477381044,0.5663278363119432
155,2012-07-04,2012,22,25,Portland Timbers,San Jose Earthquakes,1479.4482459972119,1553.7245509414674,-14.276304944255571,14.276304944255571,0.47946630092759607
156,2012-07-05,2012,2,27,CF Montreal,Sporting Kansas City,1471.548956002646,1519.492289847475,12.056666155171115,-12.056666155171115,0.5173439759207342
157,2012-07-05,2012,6,30,Colorado Rapids,Vancouver Whitecaps,1492.893308369684,1517.1818009416659,35.711507428018194,35.711507428018194,0.551212763744918
158,2012-07-05,2012,10,29,FC Dallas,Toronto FC,1457.9157118349688,1451.9341095658522,65.98160226911659,65.98160226911659,0.5938298414262537
159,2012-07-05,2012,14,21,Los Angeles Galaxy,Philadelphia Union,1484.0760312410744,1462.2390339601259,81.83699728094848,81.83699728094848,0.6156420968202603
160,2012-07-05,2012,23,26,Real Salt Lake,Seattle Sounders,1521.7085297169012,1507.7724472453679,73.93608247153338,73.93608247153338,0.604824963695777
161,2012-07-08,2012,4,14,Chicago Fire,Los Angeles Galaxy,1521.4678489503835,1474.8413997887706,106.62644916161298,106.62644916161298,0.6488051358818601
162,2012-07-08,2012,5,30,Chivas USA,Vancouver Whitecaps,1487.2970711155735,1525.4499923978397,21.847078717733893,21.847078717733893,0.5313991003620454
163,2012-07-08,2012,10,25,FC Dallas,San Jose Earthquakes,1456.5082642135749,1545.9165454553813,-29.408281241806435,-29.408281241806435,0.4577788653441733
164,2012-07-08,2012,21,29,Philadelphia Union,Toronto FC,1471.4736654124297,1453.341557187246,78.13210822518363,78.13210822518363,0.6105832567113365
165,2012-07-08,2012,23,22,Real Salt Lake,Portland Timbers,1520.1361552614646,1487.256251483298,92.87990377816664,92.87990377816664,0.6305692568147995
166,2012-07-08,2012,26,6,Seattle Sounders,Colorado Rapids,1509.3448217008045,1484.6251169135103,84.71970478729418,84.71970478729418,0.6195611201303403
167,2012-07-08,2012,27,11,Sporting Kansas City,Houston Dynamo,1527.252449486286,1505.8405586348358,81.41189085145015,81.41189085145015,0.6150628812923918
168,2012-07-09,2012,2,7,CF Montreal,Columbus Crew,1463.788796363835,1510.2404210822106,13.54837528162443,13.54837528162443,0.5194878023855598
169,2012-07-09,2012,17,19,New England Revolution,New York Red Bulls,1488.6635658376722,1536.00586547901,12.657700358662169,12.657700358662169,0.518207840205363
170,2012-07-12,2012,29,30,Toronto FC,Vancouver Whitecaps,1447.500306037916,1525.9209789032702,-18.420672865354163,-18.420672865354163,0.47351533235793697
171,2012-07-15,2012,4,30,Chicago Fire,Vancouver Whitecaps,1511.7357719121555,1518.0237088886392,53.71206302351629,53.71206302351629,0.5766879005299708
172,2012-07-15,2012,6,10,Colorado Rapids,FC Dallas,1478.9185337154654,1457.1415812334124,81.77695248205305,81.77695248205305,0.6155603044918799
173,2012-07-15,2012,7,27,Columbus Crew,Sporting Kansas City,1503.0327381179939,1525.5265062669,37.506231851093844,37.506231851093844,0.5537671093098231
174,2012-07-15,2012,17,29,New England Revolution,Toronto FC,1495.8904482345918,1455.397576052547,100.49287218204472,100.49287218204472,0.6407183790278717
175,2012-07-15,2012,19,26,New York Red Bulls,Seattle Sounders,1528.7789830820905,1515.0514048988493,73.72757818324112,73.72757818324112,0.6045380544847445
176,2012-07-15,2012,21,2,Philadelphia Union,CF Montreal,1477.3149165617597,1470.9964793280517,66.31843723370798,66.31843723370798,0.5942974298521864
177,2012-07-15,2012,22,14,Portland Timbers,Los Angeles Galaxy,1481.71479033552,1484.5734768269986,57.141313508521534,-57.141313508521534,0.5814994547977124
178,2012-07-15,2012,25,23,San Jose Earthquakes,Real Salt Lake,1545.2832284355438,1525.6776164092425,79.60561202630129,79.60561202630129,0.6125981715569897
179,2012-07-16,2012,11,8,Houston Dynamo,DC United,1507.5665018542218,1530.5496532358738,37.01684861834792,37.01684861834792,0.5530708692341321
180,2012-07-18,2012,5,22,Chivas USA,Portland Timbers,1486.826084610143,1472.9922985135545,73.83378609658848,73.83378609658848,0.6046842093062341
181,2012-07-18,2012,19,4,New York Red Bulls,Chicago Fire,1527.2109122648194,1518.085453404206,69.12545886061343,69.12545886061343,0.5981873653370201
182,2012-07-19,2012,2,17,CF Montreal,New England Revolution,1464.9109407758344,1486.2796725491737,38.63126822666072,38.63126822666072,0.5553668820102078
183,2012-07-19,2012,11,27,Houston Dynamo,Sporting Kansas City,1514.27043881571,1533.8330129065473,40.437425909162585,40.437425909162585,0.5579327795144295
184,2012-07-19,2012,25,10,San Jose Earthquakes,FC Dallas,1551.094255862189,1466.3749858007905,144.71927006139845,144.71927006139845,0.6970039026961563
185,2012-07-19,2012,29,6,Toronto FC,Colorado Rapids,1465.008351737965,1469.6851291480873,55.32322258987779,55.32322258987779,0.5789503760097425
186,2012-07-19,2012,30,14,Vancouver Whitecaps,Los Angeles Galaxy,1511.6740273965888,1493.2959686489642,78.37805874762466,-78.37805874762466,0.6109198418185571
187,2012-07-21,2012,19,21,New York Red Bulls,Philadelphia Union,1533.238101784764,1483.400455113977,109.83764667078708,109.83764667078708,0.6530054314467177
188,2012-07-22,2012,7,8,Columbus Crew,DC United,1494.7262314783466,1523.8457162743857,30.88051520396084,30.88051520396084,0.5443239771280932
189,2012-07-22,2012,10,22,FC Dallas,Portland Timbers,1461.830044341233,1467.062561653148,54.76748268808501,54.76748268808501,0.5781703461379918
190,2012-07-22,2012,11,2,Houston Dynamo,CF Montreal,1520.9014471229934,1471.5804375456812,109.32100957731222,109.32100957731222,0.652331247980361
191,2012-07-22,2012,14,5,Los Angeles Galaxy,Chivas USA,1494.9597662762426,1492.7558214705496,62.20394480569303,62.20394480569303,0.5885742910533697
192,2012-07-22,2012,23,6,Real Salt Lake,Colorado Rapids,1519.8665889825975,1463.3693847882334,116.49720419436403,116.49720419436403,0.6616401411393706
193,2012-07-22,2012,27,17,Sporting Kansas City,New England Revolution,1527.2020045992638,1479.610175779327,107.59182881993684,107.59182881993684,0.6500703271155664
194,2012-07-23,2012,30,25,Vancouver Whitecaps,San Jose Earthquakes,1510.0102297693104,1555.6391973217465,14.371032447563948,14.371032447563948,0.5206697914664479
195,2012-07-28,2012,23,30,Real Salt Lake,Vancouver Whitecaps,1524.9419868655068,1517.2001828973137,67.74180396819315,67.74180396819315,0.5962714258706256
196,2012-07-28,2012,29,11,Toronto FC,Houston Dynamo,1471.324096097819,1526.116478403288,5.207617694530882,5.207617694530882,0.5074938031134105
197,2012-07-29,2012,2,19,CF Montreal,New York Red Bulls,1466.3654062653866,1538.4430203130632,-12.077614047676661,-12.077614047676661,0.482625913975468
198,2012-07-29,2012,6,26,Colorado Rapids,Seattle Sounders,1458.2939869053241,1516.6194757161204,1.674511189203713,1.674511189203713,0.5024097966550476
199,2012-07-29,2012,10,14,FC Dallas,Los Angeles Galaxy,1468.157489149163,1501.131151910442,27.026337238721,27.026337238721,0.5388157661878192
200,2012-07-29,2012,22,5,Portland Timbers,Chivas USA,1460.7351168452178,1486.5844358363502,34.15068100886765,34.15068100886765,0.548989110698712
201,2012-07-29,2012,25,4,San Jose Earthquakes,Chicago Fire,1548.4492441937432,1512.0582638842614,96.39098030948185,96.39098030948185,0.6352649800101522
202,2012-07-29,2012,27,7,Sporting Kansas City,Columbus Crew,1524.9509496925302,1501.5613718214252,83.38957787110508,83.38957787110508,0.6177547220342773
203,2012-07-30,2012,21,17,Philadelphia Union,New England Revolution,1478.1955365856777,1481.8612306860605,56.33430589961722,56.33430589961722,0.5803685075621084
204,2012-08-04,2012,11,19,Houston Dynamo,New York Red Bulls,1533.7288854499893,1530.6824090226953,63.04647642729401,63.04647642729401,0.5897482346840529
205,2012-08-05,2012,2,21,CF Montreal,Philadelphia Union,1474.1260175557545,1484.4900089722462,49.63600858350833,49.63600858350833,0.5709499156595791
206,2012-08-05,2012,4,29,Chicago Fire,Toronto FC,1514.0872385844136,1463.7116890511177,110.37554953329595,110.37554953329595,0.6537067138958752
207,2012-08-05,2012,6,23,Colorado Rapids,Real Salt Lake,1450.7578399554984,1530.9979154774473,-20.24007552194894,-20.24007552194894,0.47090509573784023
208,2012-08-05,2012,8,7,DC United,Columbus Crew,1517.0105759313071,1510.8276926519393,66.18288327936784,66.18288327936784,0.5941092767276489
209,2012-08-05,2012,17,27,New England Revolution,Sporting Kansas City,1475.566758299492,1515.684628862016,19.882129437475896,19.882129437475896,0.5285814920845578
210,2012-08-06,2012,22,10,Portland Timbers,FC Dallas,1452.5002801847372,1460.0752526563456,52.42502752839164,52.42502752839164,0.5748782589099569
211,2012-08-06,2012,26,14,Seattle Sounders,Los Angeles Galaxy,1524.155622665946,1509.2133884032594,74.94223426268672,74.94223426268672,0.6062084459856721
212,2012-08-11,2012,19,11,New York Red Bulls,Houston Dynamo,1524.528632542956,1539.8826619297286,44.64597061322752,44.64597061322752,0.5638993876735519
213,2012-08-12,2012,10,6,FC Dallas,Colorado Rapids,1461.198426539995,1458.6942635194307,62.50416302056419,62.50416302056419,0.5889927172511004
214,2012-08-12,2012,25,26,San Jose Earthquakes,Seattle Sounders,1546.420269493591,1530.062495976161,76.3577735174299,76.3577735174299,0.6081519610038874
215,2012-08-12,2012,27,8,Sporting Kansas City,DC United,1523.6133512432846,1523.0989367803925,60.51441446289209,60.51441446289209,0.5862171516660453
216,2012-08-12,2012,30,23,Vancouver Whitecaps,Real Salt Lake,1511.144254285373,1523.061491913515,48.08276237185805,48.08276237185805,0.5687582479745105
217,2012-08-13,2012,5,14,Chivas USA,Los Angeles Galaxy,1494.8192724968308,1503.3065150930445,51.51275740378628,-51.51275740378628,0.5735943383353477
218,2012-08-13,2012,17,2,New England Revolution,CF Montreal,1467.6380359182235,1480.5617688208608,47.07626709736269,47.07626709736269,0.5673366140505565
219,2012-08-13,2012,21,4,Philadelphia Union,Chicago Fire,1478.0542577071399,1519.2816378759755,18.77261983116432,18.77261983116432,0.5269897116769356
220,2012-08-16,2012,7,14,Columbus Crew,Los Angeles Galaxy,1504.739331802854,1511.9104301680748,52.828901634779186,52.828901634779186,0.5754463462555488
221,2012-08-16,2012,29,22,Toronto FC,Portland Timbers,1458.5172897595558,1451.377106301088,67.14018345846785,67.14018345846785,0.5954374447803052
222,2012-08-16,2012,30,10,Vancouver Whitecaps,FC Dallas,1517.6128805657554,1467.3635357812284,110.24934478452701,110.24934478452701,0.6535422362464136
223,2012-08-18,2012,26,30,Seattle Sounders,Vancouver Whitecaps,1524.1847753912193,1507.8097470220591,76.37502836916019,76.37502836916019,0.6081756306656867
224,2012-08-18,2012,29,27,Toronto FC,Sporting Kansas City,1457.085728087851,1529.8200939682938,-12.734365880442738,12.734365880442738,0.4816819764366023
225,2012-08-19,2012,2,25,CF Montreal,San Jose Earthquakes,1489.0718180316192,1552.2979900785326,-3.2261720469134616,-3.2261720469134616,0.4953572986469726
226,2012-08-19,2012,4,17,Chicago Fire,New England Revolution,1527.1864835511296,1459.1279867074652,128.05849684366444,128.05849684366444,0.6763753823530505
227,2012-08-19,2012,6,5,Colorado Rapids,Chivas USA,1452.5291542781972,1486.2153574218005,26.31379685639672,26.31379685639672,0.537796357177577
228,2012-08-19,2012,8,21,DC United,Philadelphia Union,1516.8921940553832,1470.1494120319858,106.74278202339747,106.74278202339747,0.6489577087298507
229,2012-08-19,2012,23,10,Real Salt Lake,FC Dallas,1516.5928656331328,1477.1666693249247,99.42619630820809,99.42619630820809,0.6393036788705673
230,2012-08-20,2012,11,7,Houston Dynamo,Columbus Crew,1533.3411527448318,1503.6076366090208,89.73351613581099,89.73351613581099,0.6263401357126778
231,2012-08-20,2012,19,22,New York Red Bulls,Portland Timbers,1531.0701417278528,1452.8086679727926,138.26147375506025,138.26147375506025,0.6890961307289827
232,2012-08-23,2012,7,29,Columbus Crew,Toronto FC,1505.502738644711,1449.860498441302,115.64224020340885,115.64224020340885,0.6605374625214985
233,2012-08-23,2012,8,4,DC United,Chicago Fire,1514.6578284244356,1532.040852815834,42.616975608601706,42.616975608601706,0.561025006870581
234,2012-08-25,2012,2,8,CF Montreal,DC United,1496.6414585519146,1521.2424533213768,35.399005230537796,35.399005230537796,0.5507677141293494
235,2012-08-25,2012,21,23,Philadelphia Union,Real Salt Lake,1472.3837776629334,1507.0033104500742,25.38046721285923,25.38046721285923,0.5364605950298204
236,2012-08-26,2012,5,26,Chivas USA,Seattle Sounders,1486.782302779464,1530.0621409312341,16.720161848229964,-16.720161848229964,0.5240436885426594
237,2012-08-26,2012,7,17,Columbus Crew,New England Revolution,1510.5946767068885,1454.273617442761,116.3210592641276,116.3210592641276,0.6614131035980991
238,2012-08-26,2012,11,29,Houston Dynamo,Toronto FC,1531.4460507091417,1444.7685603791244,146.67749033001724,146.67749033001724,0.6993792193927567
239,2012-08-26,2012,22,30,Portland Timbers,Vancouver Whitecaps,1448.1451099337273,1501.9323814820443,6.212728451683006,6.212728451683006,0.508939882115394
240,2012-08-26,2012,25,6,San Jose Earthquakes,Colorado Rapids,1544.7283495582371,1451.9622089205336,152.76614063770353,152.76614063770353,0.7066963361198688
241,2012-08-27,2012,14,10,Los Angeles Galaxy,FC Dallas,1513.042125361908,1486.7562245079832,86.28590085392466,86.28590085392466,0.6216838759981875
242,2012-08-27,2012,27,19,Sporting Kansas City,New York Red Bulls,1537.0453236148428,1535.733699766918,61.31162384792469,61.31162384792469,0.5873298733341513
243,2012-08-30,2012,8,19,DC United,New York Red Bulls,1514.5039690333172,1537.0436478669303,37.46032116638685,37.46032116638685,0.5537018016124987
244,2012-08-30,2012,17,5,New England Revolution,Chivas USA,1449.1948139967324,1478.9216474513241,30.27316654540823,30.27316654540823,0.5434566672769018
245,2012-08-30,2012,21,7,Philadelphia Union,Columbus Crew,1471.8368687374862,1515.6734801529171,16.16338858456902,16.16338858456902,0.5232442193162891
246,2012-09-01,2012,22,6,Portland Timbers,Colorado Rapids,1455.5110117019965,1447.5626539623318,67.94835773966474,67.94835773966474,0.5965576277959428
247,2012-09-02,2012,7,2,Columbus Crew,CF Montreal,1523.5221434426614,1503.3799428399743,80.14220060268713,80.14220060268713,0.6133309676010887
248,2012-09-02,2012,14,30,Los Angeles Galaxy,Vancouver Whitecaps,1518.716867221935,1494.5664797137752,84.15038750815984,84.15038750815984,0.6187883524893044
249,2012-09-02,2012,17,21,New England Revolution,Philadelphia Union,1448.5429639875788,1463.9882054477418,44.55475853983694,44.55475853983694,0.5637702625036085
250,2012-09-02,2012,23,8,Real Salt Lake,DC United,1507.5502193755215,1513.6984420091296,53.85177736639184,53.85177736639184,0.5768842236298749
251,2012-09-02,2012,27,29,Sporting Kansas City,Toronto FC,1535.7353755148306,1447.7592486700157,147.97612684481487,147.97612684481487,0.7009485924384963
252,2012-09-03,2012,4,11,Chicago Fire,Houston Dynamo,1525.4562279188926,1528.4553624182504,57.00086550064225,57.00086550064225,0.58130269099183
253,2012-09-03,2012,10,26,FC Dallas,Seattle Sounders,1481.0814826479561,1537.922796259374,3.158686388582055,3.158686388582055,0.5045455898833409
254,2012-09-03,2012,25,5,San Jose Earthquakes,Chivas USA,1549.127904516439,1479.5734974604777,129.5544070559613,129.5544070559613,0.6782574220678922
255,2012-09-06,2012,6,22,Colorado Rapids,Portland Timbers,1441.5110183792708,1461.5626472850574,39.94837109421337,39.94837109421337,0.5572383087355103
256,2012-09-06,2012,17,7,New England Revolution,Columbus Crew,1447.5864100500246,1529.3221789286451,-21.735768878620547,21.735768878620547,0.46876045885922446
257,2012-09-07,2012,11,23,Houston Dynamo,Real Salt Lake,1522.174902783128,1513.8969560210733,68.27794676205463,68.27794676205463,0.5970141718213134
258,2012-09-08,2012,26,5,Seattle Sounders,Chivas USA,1537.9909801076242,1474.747358791496,123.24362131612816,123.24362131612816,0.6702790247132329
259,2012-09-13,2012,29,4,Toronto FC,Chicago Fire,1443.2734775565932,1531.7366875540151,-28.463209997421927,28.463209997421927,0.45912954115246385
260,2012-09-15,2012,14,6,Los Angeles Galaxy,Colorado Rapids,1524.4350419345953,1448.152443748238,136.2825981863573,136.2825981863573,0.6866503815334307
261,2012-09-15,2012,22,26,Portland Timbers,Seattle Sounders,1454.9212219160902,1542.9367947369258,-28.015572820835587,28.015572820835587,0.4597695055940181
262,2012-09-15,2012,27,11,Sporting Kansas City,Houston Dynamo,1540.221146628253,1528.219690205808,72.00145642244502,72.00145642244502,0.6021601016372945
263,2012-09-15,2012,29,21,Toronto FC,Philadelphia Union,1436.3865344393062,1464.944759385296,31.441775054010122,31.441775054010122,0.5451252321215653
264,2012-09-16,2012,4,2,Chicago Fire,CF Montreal,1538.6236306713022,1497.5799073539906,101.04372331731156,101.04372331731156,0.641448001197961
265,2012-09-16,2012,5,25,Chivas USA,San Jose Earthquakes,1469.8015441621944,1553.9540431854207,-24.152499023226255,24.152499023226255,0.465297642057566
266,2012-09-16,2012,8,17,DC United,New England Revolution,1507.3517053635778,1455.5550031671362,111.79670219644163,111.79670219644163,0.6555563030489503
267,2012-09-16,2012,10,30,FC Dallas,Vancouver Whitecaps,1481.013298799706,1488.8483050011148,52.16499379859124,52.16499379859124,0.574512391958416
268,2012-09-16,2012,19,7,New York Red Bulls,Columbus Crew,1537.8491748911179,1521.3535858115335,76.4955890795843,76.4955890795843,0.6083409978503529
269,2012-09-20,2012,7,5,Columbus Crew,Chivas USA,1515.4787007792888,1462.822079531331,112.6566212479579,112.6566212479579,0.6566731825897704
270,2012-09-20,2012,19,27,New York Red Bulls,Sporting Kansas City,1543.7240599233626,1538.6887451036937,65.03531481966888,65.03531481966888,0.5925153136554022
271,2012-09-20,2012,25,22,San Jose Earthquakes,Portland Timbers,1560.9335078162842,1455.5246793321799,165.40882848410433,165.40882848410433,0.7215513242219923
272,2012-09-21,2012,21,8,Philadelphia Union,DC United,1465.6216378671195,1512.5183608178436,13.103277049275903,13.103277049275903,0.5188481960070771
273,2012-09-22,2012,2,27,CF Montreal,Sporting Kansas City,1492.20162737196,1547.5764748085248,4.625152563435222,4.625152563435222,0.5066557364273085
274,2012-09-23,2012,4,7,Chicago Fire,Columbus Crew,1544.0019106533327,1520.6286030404424,83.37330761289036,83.37330761289036,0.6177326057005276
275,2012-09-23,2012,14,29,Los Angeles Galaxy,Toronto FC,1529.135286211594,1435.7096559574827,153.42563025411118,153.42563025411118,0.7074826081274922
276,2012-09-23,2012,17,19,New England Revolution,New York Red Bulls,1450.3883477128704,1534.8363302185314,-24.447982505661003,24.447982505661003,0.46487448058648706
277,2012-09-23,2012,21,11,Philadelphia Union,Houston Dynamo,1457.8389149270133,1529.7520917303675,-11.91317680335419,11.91317680335419,0.4828622763295872
278,2012-09-23,2012,23,22,Real Salt Lake,Portland Timbers,1507.852168598393,1458.8479491955097,109.00421940288334,109.00421940288334,0.6519175515432278
279,2012-09-23,2012,26,25,Seattle Sounders,San Jose Earthquakes,1542.333337320836,1557.6102379529543,44.72309936788179,44.72309936788179,0.5640085689098914
280,2012-09-24,2012,8,5,DC United,Chivas USA,1520.3010837579498,1457.6721772701774,122.62890648777238,122.62890648777238,0.6694965093016602
281,2012-09-24,2012,30,6,Vancouver Whitecaps,Colorado Rapids,1482.465990880491,1443.4521994712395,99.01379140925155,99.01379140925155,0.6387560682367571
282,2012-09-29,2012,27,4,Sporting Kansas City,Chicago Fire,1547.6763108549344,1549.7359215678248,57.94038928710961,57.94038928710961,0.5826184428730381
283,2012-09-30,2012,5,23,Chivas USA,Real Salt Lake,1452.7146249097023,1513.0734053252447,-0.3587804155424692,0.3587804155424692,0.49948367366072816
284,2012-09-30,2012,7,21,Columbus Crew,Philadelphia Union,1514.8945921259503,1465.5959807820695,109.2986113438808,109.2986113438808,0.652302005659743
285,2012-09-30,2012,11,17,Houston Dynamo,New England Revolution,1521.9950258753113,1450.9152305040732,131.0797953712381,131.0797953712381,0.6801706079643124
286,2012-09-30,2012,19,29,New York Red Bulls,Toronto FC,1534.3094474273287,1431.321895079395,162.98755234793362,162.98755234793362,0.7187423450517096
287,2012-09-30,2012,22,8,Portland Timbers,DC United,1453.626712468658,1525.2586361184249,-11.631923649766804,-11.631923649766804,0.4832665677734634
288,2012-09-30,2012,25,10,San Jose Earthquakes,FC Dallas,1566.0703664866028,1487.3956129203298,138.674753566273,138.674753566273,0.689605590963645
289,2012-09-30,2012,30,26,Vancouver Whitecaps,Seattle Sounders,1480.3846498569396,1533.8732087871877,6.511441069751982,-6.511441069751982,0.5093696199895756
290,2012-10-01,2012,6,14,Colorado Rapids,Los Angeles Galaxy,1445.533540494791,1533.5230470896815,-27.9895065948906,27.9895065948906,0.45980677527985975
291,2012-10-04,2012,4,21,Chicago Fire,Philadelphia Union,1543.4751982109203,1460.3805108669658,143.09468734395455,143.09468734395455,0.6950252596162515
292,2012-10-04,2012,30,5,Vancouver Whitecaps,Chivas USA,1480.244105557096,1445.2223698047912,95.02173575230472,95.02173575230472,0.633436752992029
293,2012-10-06,2012,19,4,New York Red Bulls,Chicago Fire,1538.528312251553,1533.0498193166766,65.47849293487639,65.47849293487639,0.5931311171507259
294,2012-10-06,2012,29,8,Toronto FC,DC United,1427.1030302551708,1525.0076346350268,-37.90460437985598,37.90460437985598,0.44566628611135156
295,2012-10-07,2012,6,25,Colorado Rapids,San Jose Earthquakes,1446.136438865593,1563.2262826221481,-57.08984375655518,57.08984375655518,0.41857264990599435
296,2012-10-07,2012,7,27,Columbus Crew,Sporting Kansas City,1520.110062041054,1553.9370342118389,26.173027829215243,26.173027829215243,0.5375949257156605
297,2012-10-07,2012,11,2,Houston Dynamo,CF Montreal,1526.7924667558466,1492.1017913255505,94.6906754302961,94.6906754302961,0.6329941388060328
298,2012-10-07,2012,14,23,Los Angeles Galaxy,Real Salt Lake,1532.9201487188795,1520.5656604301557,72.35448828872381,72.35448828872381,0.6026468445235681
299,2012-10-07,2012,21,17,Philadelphia Union,New England Revolution,1470.8058897612095,1446.1177896235379,84.68810013767165,84.68810013767165,0.619518237129004
300,2012-10-08,2012,5,10,Chivas USA,FC Dallas,1439.7239210996718,1490.2396967847844,9.484224314887342,-9.484224314887342,0.5136455067172812
301,2012-10-08,2012,26,22,Seattle Sounders,Portland Timbers,1534.0137530870313,1453.8777139520562,140.13603913497514,140.13603913497514,0.6914032643201808
302,2012-10-18,2012,26,23,Seattle Sounders,Real Salt Lake,1538.6427041222287,1529.6053630980093,69.03734102421936,69.03734102421936,0.5980654377530153
303,2012-10-20,2012,29,2,Toronto FC,CF Montreal,1420.4180359635004,1494.096703407641,-13.678667444140501,13.678667444140501,0.4803249797043593
304,2012-10-21,2012,5,6,Chivas USA,Colorado Rapids,1439.5192384989125,1439.857849117003,59.66138938190943,59.66138938190943,0.585025548816203
305,2012-10-21,2012,8,7,DC United,Columbus Crew,1531.6926289266971,1519.546138155319,72.14649077137801,72.14649077137801,0.6023600923431615
306,2012-10-21,2012,11,21,Houston Dynamo,Philadelphia Union,1524.7975546737562,1476.5131162042744,108.28443846948176,108.28443846948176,0.6509767377688693
307,2012-10-21,2012,17,4,New England Revolution,Chicago Fire,1440.410563180473,1541.9467860739376,-41.53622289346458,41.53622289346458,0.4405077297910394
308,2012-10-21,2012,19,27,New York Red Bulls,Sporting Kansas City,1529.631345494292,1554.5009580975739,35.130387396718106,35.130387396718106,0.5503850973756578
309,2012-10-22,2012,25,14,San Jose Earthquakes,Los Angeles Galaxy,1569.504872370738,1523.880446051026,105.62442631971203,105.62442631971203,0.647489706692622
310,2012-10-22,2012,26,10,Seattle Sounders,FC Dallas,1537.1717225559335,1490.4443793855437,106.72734317038976,106.72734317038976,0.6489374621199606
311,2012-10-22,2012,30,22,Vancouver Whitecaps,Portland Timbers,1485.7425542622154,1449.2487629168588,96.49379134535661,96.49379134535661,0.6354020975564634
312,2012-10-25,2012,27,21,Sporting Kansas City,Philadelphia Union,1555.2567345582088,1471.2777672708075,143.97896728740125,143.97896728740125,0.696103158608266
313,2012-10-27,2012,2,17,CF Montreal,New England Revolution,1493.8015781032063,1448.8029472336075,104.99863086959886,104.99863086959886,0.6466670415280857
314,2012-10-27,2012,4,8,Chicago Fire,DC United,1533.554402020803,1537.6572275415497,55.89717447925341,55.89717447925341,0.5797555544674006
315,2012-10-27,2012,21,19,Philadelphia Union,New York Red Bulls,1466.7193146499314,1528.875569033657,-2.1562543837255816,2.1562543837255816,0.49689694033956494
316,2012-10-27,2012,22,25,Portland Timbers,San Jose Earthquakes,1458.7797943802059,1567.2925267703486,-48.51273239014267,48.51273239014267,0.43063478058779203
317,2012-10-28,2012,6,11,Colorado Rapids,Houston Dynamo,1448.633232349246,1530.032903607223,-21.399671257976934,-21.399671257976934,0.46924228306376886
318,2012-10-28,2012,7,29,Columbus Crew,Toronto FC,1513.5815395404666,1420.713161267935,152.86837827253157,152.86837827253157,0.706818309196758
319,2012-10-28,2012,10,5,FC Dallas,Chivas USA,1485.1784413173432,1430.7438552666695,114.43458605067372,114.43458605067372,0.6589769373170052
320,2012-10-28,2012,23,30,Real Salt Lake,Vancouver Whitecaps,1531.0763446643045,1476.2115227988684,114.86482186543617,114.86482186543617,0.6595332834085061
321,2012-10-29,2012,14,26,Los Angeles Galaxy,Seattle Sounders,1526.0927916514154,1542.437660624134,43.65513102728141,43.65513102728141,0.5624962363762536
322,2012-11-01,2012,4,11,Chicago Fire,Houston Dynamo,1532.358068703792,1522.0715378531795,70.28653085061251,70.28653085061251,0.5997927870828885
323,2012-11-02,2012,14,30,Los Angeles Galaxy,Vancouver Whitecaps,1532.6553481057715,1478.604522049996,114.05082605577559,114.05082605577559,0.6584803201414393
324,2012-11-03,2012,26,23,Seattle Sounders,Real Salt Lake,1535.8751041697778,1528.683345413177,67.19175875660085,67.19175875660085,0.595508961397192
325,2012-11-04,2012,8,19,DC United,New York Red Bulls,1538.8535608585607,1536.3290231387505,62.52453771981027,62.52453771981027,0.5890211096320127
326,2012-11-04,2012,11,27,Houston Dynamo,Sporting Kansas City,1531.068429659423,1559.815187179085,31.25324248033803,31.25324248033803,0.5448561087270911
327,2012-11-05,2012,14,25,Los Angeles Galaxy,San Jose Earthquakes,1537.7781433036498,1566.2520484791655,31.52609482448429,31.52609482448429,0.5452455870070089
328,2012-11-08,2012,25,14,San Jose Earthquakes,Los Angeles Galaxy,1574.4307322842706,1529.5994594985448,104.83127278572579,104.83127278572579,0.6464468865021165
329,2012-11-08,2012,27,11,Sporting Kansas City,Houston Dynamo,1552.9880288099912,1537.8955880285166,75.09244078147458,75.09244078147458,0.6064148380287638
330,2012-11-09,2012,19,8,New York Red Bulls,DC United,1537.6643397832306,1537.5182442140806,60.14609556915002,60.14609556915002,0.5857027647258353
331,2012-11-09,2012,23,26,Real Salt Lake,Seattle Sounders,1530.1159798341348,1534.44246974882,55.673510085314774,55.673510085314774,0.5794418331800415
332,2012-11-11,2012,11,8,Houston Dynamo,DC United,1531.9918105989482,1546.303785684968,45.68802491398014,45.68802491398014,0.565373961872804
333,2012-11-12,2012,14,26,Los Angeles Galaxy,Seattle Sounders,1539.2961627960765,1543.1340972465207,56.16206554955579,56.16206554955579,0.5801270187132128
334,2012-11-18,2012,8,11,DC United,Houston Dynamo,1539.78439511306,1538.511201170856,61.27319394220399,61.27319394220399,0.5872762543567441
335,2012-11-19,2012,26,14,Seattle Sounders,Los Angeles Galaxy,1536.8360025272189,1545.5942575153783,51.24174501184052,51.24174501184052,0.5732127259667872
336,2012-12-01,2012,14,11,Los Angeles Galaxy,Houston Dynamo,1539.1924484048802,1539.8203449862074,59.37210341867285,59.37210341867285,0.5846212144586098
337,2013-03-02,2013,21,27,Philadelphia Union,Sporting Kansas City,1500.0,1500.0,60.0,60.0,0.5854986786718095
338,2013-03-02,2013,30,29,Vancouver Whitecaps,Toronto FC,1500.0,1500.0,60.0,60.0,0.5854986786718095
339,2013-03-03,2013,5,7,Chivas USA,Columbus Crew,1500.0,1500.0,60.0,-60.0,0.5854986786718095
340,2013-03-03,2013,10,6,FC Dallas,Colorado Rapids,1500.0,1500.0,60.0,60.0,0.5854986786718095
341,2013-03-03,2013,11,8,Houston Dynamo,DC United,1500.0,1500.0,60.0,60.0,0.5854986786718095
342,2013-03-03,2013,14,4,Los Angeles Galaxy,Chicago Fire,1500.0,1500.0,60.0,60.0,0.5854986786718095
343,2013-03-03,2013,26,2,Seattle Sounders,CF Montreal,1500.0,1500.0,60.0,60.0,0.5854986786718095
344,2013-03-04,2013,22,19,Portland Timbers,New York Red Bulls,1500.0,1500.0,60.0,-60.0,0.5854986786718095
345,2013-03-04,2013,25,23,San Jose Earthquakes,Real Salt Lake,1500.0,1500.0,60.0,60.0,0.5854986786718095
346,2013-03-09,2013,29,27,Toronto FC,Sporting Kansas City,1493.782480180077,1508.782480180077,45.0,-45.0,0.5644004902404213
347,2013-03-10,2013,4,17,Chicago Fire,New England Revolution,1493.782480180077,1500.0,53.78248018007707,53.78248018007707,0.5767868519878576
348,2013-03-10,2013,5,10,Chivas USA,FC Dallas,1491.217519819923,1506.217519819923,45.0,-45.0,0.5644004902404213
349,2013-03-10,2013,6,21,Colorado Rapids,Philadelphia Union,1493.782480180077,1491.217519819923,62.564960360154146,62.564960360154146,0.5890774372974298
350,2013-03-10,2013,8,23,DC United,Real Salt Lake,1493.782480180077,1508.782480180077,45.0,45.0,0.5644004902404213
351,2013-03-10,2013,22,2,Portland Timbers,CF Montreal,1498.717519819923,1508.782480180077,49.935039639845854,49.935039639845854,0.5713715392018196
352,2013-03-10,2013,30,7,Vancouver Whitecaps,Columbus Crew,1506.217519819923,1508.782480180077,57.435039639845854,57.435039639845854,0.5819108731655616
353,2013-03-11,2013,25,19,San Jose Earthquakes,New York Red Bulls,1491.217519819923,1501.282480180077,49.935039639845854,49.935039639845854,0.5713715392018196
354,2013-03-16,2013,2,29,CF Montreal,Toronto FC,1517.3530532681043,1500.3164728264708,77.03658044163353,77.03658044163353,0.6090827424141666
355,2013-03-16,2013,7,25,Columbus Crew,San Jose Earthquakes,1502.5111432775604,1497.6469467318957,64.86419654566475,64.86419654566475,0.5922774640122491
356,2013-03-16,2013,19,8,New York Red Bulls,DC United,1494.8530532681043,1500.3164728264708,54.53658044163353,54.53658044163353,0.5778461395481151
357,2013-03-16,2013,21,17,Philadelphia Union,New England Revolution,1500.0536813793844,1508.651802779818,51.401878599566544,51.401878599566544,0.5734382205307879
358,2013-03-16,2013,23,6,Real Salt Lake,Colorado Rapids,1502.2484875336834,1484.9463186206156,77.30216891306782,77.30216891306782,0.6094467023236324
359,2013-03-16,2013,27,4,Sporting Kansas City,Chicago Fire,1502.2484875336834,1485.1306774002592,77.1178101334242,77.1178101334242,0.6091940717149419
360,2013-03-17,2013,10,11,FC Dallas,Houston Dynamo,1499.6835271735292,1506.217519819923,53.4660073536063,53.4660073536063,0.5763420904090926
361,2013-03-17,2013,14,5,Los Angeles Galaxy,Chivas USA,1506.217519819923,1497.7515124663166,68.4660073536063,68.4660073536063,0.5972745965724869
362,2013-03-17,2013,26,22,Seattle Sounders,Portland Timbers,1491.217519819923,1490.1469467318957,61.07057308802723,61.07057308802723,0.5869935152382548
363,2013-03-23,2013,2,19,CF Montreal,New York Red Bulls,1523.2168121318919,1493.6853611748825,89.53145095700938,89.53145095700938,0.626067867055936
364,2013-03-23,2013,8,7,DC United,Columbus Crew,1501.4841649196926,1501.1269813173767,60.3571836023159,60.3571836023159,0.5859975890704208
365,2013-03-23,2013,17,27,New England Revolution,Sporting Kansas City,1502.2533760877798,1500.6105764579593,61.6427996298205,61.6427996298205,0.5877918573615675
366,2013-03-24,2013,4,5,Chicago Fire,Chivas USA,1486.7685884759833,1499.210631414904,47.55795706107938,47.55795706107938,0.5680171215145546
367,2013-03-24,2013,10,23,FC Dallas,Real Salt Lake,1506.038395817393,1500.606786998829,65.43160881856397,65.43160881856397,0.5930659846833255
368,2013-03-24,2013,11,30,Houston Dynamo,Vancouver Whitecaps,1499.8626511760592,1512.4888567224396,47.37379445361967,47.37379445361967,0.5677569759717541
369,2013-03-24,2013,14,6,Los Angeles Galaxy,Colorado Rapids,1504.7584008713357,1486.58801915547,78.17038171586569,78.17038171586569,0.6106356411988415
370,2013-03-24,2013,25,26,San Jose Earthquakes,Seattle Sounders,1499.0311086920794,1489.9126170913491,69.1184916007303,69.1184916007303,0.598177725265803
371,2013-03-30,2013,6,22,Colorado Rapids,Portland Timbers,1480.7475537734526,1491.4518494604695,49.29570431298316,49.29570431298316,0.5704699730284787
372,2013-03-30,2013,17,10,New England Revolution,FC Dallas,1500.9364982273562,1512.1424060471431,48.794092180213056,48.794092180213056,0.5697622910636412
373,2013-03-30,2013,19,21,New York Red Bulls,Philadelphia Union,1488.0763791807215,1506.4521080714226,41.62427110929889,41.62427110929889,0.5596171841116526
374,2013-03-30,2013,29,14,Toronto FC,Los Angeles Galaxy,1494.4527139626832,1510.598866253353,43.85384770933024,-43.85384770933024,0.5627777246742096
375,2013-03-31,2013,5,30,Chivas USA,Vancouver Whitecaps,1507.7308882376221,1506.0052113620159,61.72567687560627,61.72567687560627,0.5879074454127552
376,2013-03-31,2013,11,25,Houston Dynamo,San Jose Earthquakes,1506.346296536483,1505.0584428130924,61.287853723390526,61.287853723390526,0.5872967085278179
377,2013-03-31,2013,23,26,Real Salt Lake,Seattle Sounders,1494.5027767690788,1483.8852829703362,70.61749379874254,70.61749379874254,0.6002500210979966
378,2013-03-31,2013,27,2,Sporting Kansas City,CF Montreal,1501.9274543183828,1528.8257941260529,33.10166019232997,33.10166019232997,0.5474935028451372
379,2013-04-06,2013,7,21,Columbus Crew,Philadelphia Union,1509.916945153433,1499.8463658330973,70.07057932033581,70.07057932033581,0.5994943505697906
380,2013-04-06,2013,27,8,Sporting Kansas City,DC United,1508.715051775706,1492.6942010836362,76.02085069206964,76.02085069206964,0.6076896791023615
381,2013-04-06,2013,29,10,Toronto FC,FC Dallas,1493.51104809257,1520.6888404130978,32.822207679472285,-32.822207679472285,0.5470949365280742
382,2013-04-07,2013,4,19,Chicago Fire,New York Red Bulls,1478.248331653265,1494.6821214190468,43.56621023421826,-43.56621023421826,0.5623702642896988
383,2013-04-07,2013,6,23,Colorado Rapids,Real Salt Lake,1479.6905041780255,1500.4990264526089,39.19147772541669,-39.19147772541669,0.5561630597650238
384,2013-04-07,2013,22,11,Portland Timbers,Houston Dynamo,1492.5088990558966,1512.5368459085657,39.972053147330826,39.972053147330826,0.5572719430562955
385,2013-04-07,2013,25,30,San Jose Earthquakes,Vancouver Whitecaps,1498.8678934410095,1499.823823043207,59.04407039780244,59.04407039780244,0.5841625855598752
386,2013-04-13,2013,21,29,Philadelphia Union,Toronto FC,1501.338781091644,1492.804624044649,68.534157046995,68.534157046995,0.597368956173126
387,2013-04-13,2013,26,17,Seattle Sounders,New England Revolution,1477.8890332868061,1492.3900638614016,45.49896942540454,45.49896942540454,0.565106521241757
388,2013-04-13,2013,30,23,Vancouver Whitecaps,Real Salt Lake,1501.0862618266053,1493.8414723490841,67.24478947752118,67.24478947752118,0.5955824919394398
389,2013-04-14,2013,2,7,CF Montreal,Columbus Crew,1522.0381966687298,1508.4245298948863,73.61366677384353,73.61366677384353,0.6043812779644323
390,2013-04-14,2013,5,6,Chivas USA,Colorado Rapids,1513.9122765564307,1486.3480582815503,87.56421827488043,87.56421827488043,0.6234130082031542
391,2013-04-14,2013,8,19,DC United,New York Red Bulls,1486.8095462701717,1488.1176753833922,58.6918708867795,58.6918708867795,0.5836700067690281
392,2013-04-14,2013,10,14,FC Dallas,Los Angeles Galaxy,1521.3952644610188,1511.5405321234662,69.8547323375526,69.8547323375526,0.5991959847585515
393,2013-04-14,2013,11,4,Houston Dynamo,Chicago Fire,1505.89592505441,1484.8127776889196,81.0831473654905,81.0831473654905,0.6146147383006207
394,2013-04-15,2013,22,25,Portland Timbers,San Jose Earthquakes,1499.1498199100522,1497.6054546576113,61.54436525244091,61.54436525244091,0.5876545593583249
395,2013-04-18,2013,19,27,New York Red Bulls,Sporting Kansas City,1496.8727254849277,1514.5997065891704,42.27301889575733,42.27301889575733,0.5605373281299901
396,2013-04-20,2013,6,26,Colorado Rapids,Seattle Sounders,1495.6992534045976,1476.9124354681799,78.78681793641772,78.78681793641772,0.6114789978399758
397,2013-04-20,2013,29,11,Toronto FC,Houston Dynamo,1494.265158387246,1511.6767039799008,42.588454407345125,-42.588454407345125,0.5609845725768821
398,2013-04-21,2013,4,7,Chicago Fire,Columbus Crew,1479.0319987634289,1509.9902490643528,29.041749699076036,29.041749699076036,0.541697368103395
399,2013-04-21,2013,8,21,DC United,Philadelphia Union,1478.0544961686362,1499.878246749047,38.17624941958911,38.17624941958911,0.5547199933038697
400,2013-04-21,2013,10,30,FC Dallas,Vancouver Whitecaps,1527.4073246896405,1499.6525244475138,87.75480024212675,87.75480024212675,0.6236705334647936
401,2013-04-21,2013,14,27,Los Angeles Galaxy,Sporting Kansas City,1505.5284718948444,1523.0077665111203,42.520705383724135,42.520705383724135,0.560888522047712
402,2013-04-21,2013,19,17,New York Red Bulls,New England Revolution,1488.4646655629779,1493.3666616800278,55.098003882950024,55.098003882950024,0.5786343089936277
403,2013-04-21,2013,23,5,Real Salt Lake,Chivas USA,1495.2752097281757,1504.5610814333834,50.71412829479232,50.71412829479232,0.5724695395269528
404,2013-04-22,2013,25,22,San Jose Earthquakes,Portland Timbers,1491.4202730479863,1505.3350015196772,46.08527152830902,46.08527152830902,0.5659357885253004
405,2013-04-27,2013,2,4,CF Montreal,Chicago Fire,1520.4724774992633,1485.906538241878,94.56593925738525,94.56593925738525,0.6328273133742479
406,2013-04-27,2013,29,19,Toronto FC,New York Red Bulls,1493.3503897985927,1494.7851509280736,58.565238870519124,-58.565238870519124,0.5834928610077067
407,2013-04-27,2013,30,10,Vancouver Whitecaps,FC Dallas,1494.0075824494857,1533.0522666876686,20.95531576181702,20.95531576181702,0.5301206080786787
408,2013-04-28,2013,5,25,Chivas USA,San Jose Earthquakes,1498.1481245262876,1490.4312362201067,67.71688830618086,-67.71688830618086,0.5962368981737665
409,2013-04-28,2013,7,8,Columbus Crew,DC United,1503.1157095859037,1469.733696269078,93.38201331682558,93.38201331682558,0.6312423199812853
410,2013-04-28,2013,11,6,Houston Dynamo,Colorado Rapids,1512.591472568554,1486.527068436998,86.0644041315561,86.0644041315561,0.6213839495362447
411,2013-04-28,2013,17,21,New England Revolution,Philadelphia Union,1487.0461763149322,1508.1990466486052,38.847129666326964,38.847129666326964,0.5556737012703579
412,2013-04-28,2013,23,14,Real Salt Lake,Los Angeles Galaxy,1501.6881666352715,1512.1151440641288,49.5730225711427,49.5730225711427,0.570861094388511
413,2013-04-28,2013,27,22,Sporting Kansas City,Portland Timbers,1516.421094341836,1506.3240383475568,70.09705599427912,70.09705599427912,0.5995309442660863
414,2013-05-03,2013,22,17,Portland Timbers,New England Revolution,1515.317002511548,1493.7110707958768,81.6059317156712,81.6059317156712,0.615327306192166
415,2013-05-04,2013,7,19,Columbus Crew,New York Red Bulls,1508.6470747861845,1503.5375438431893,65.1095309429952,65.1095309429952,0.5926184585324438
416,2013-05-04,2013,21,26,Philadelphia Union,Seattle Sounders,1501.5341521676605,1486.0846204357795,75.44953173188105,75.44953173188105,0.6069053481083551
417,2013-05-04,2013,25,2,San Jose Earthquakes,CF Montreal,1491.8747896927132,1525.9800677986495,25.89472189406365,25.89472189406365,0.5371966516909935
418,2013-05-05,2013,6,29,Colorado Rapids,Toronto FC,1488.3478276800417,1484.597996883477,63.749830796564765,63.749830796564765,0.5907274734967767
419,2013-05-05,2013,23,30,Real Salt Lake,Vancouver Whitecaps,1493.1252502194438,1493.5557733283056,59.569476891138265,59.569476891138265,0.5848970953131918
420,2013-05-05,2013,27,5,Sporting Kansas City,Chivas USA,1507.4281301778447,1496.704571053681,70.72355912416356,70.72355912416356,0.6003965162201819
421,2013-05-06,2013,14,11,Los Angeles Galaxy,Houston Dynamo,1520.6780604799565,1510.7707133255103,69.90734715444614,69.90734715444614,0.5992687211360028
422,2013-05-09,2013,8,11,DC United,Houston Dynamo,1464.2023310687973,1519.7597441425503,4.442586926247031,4.442586926247031,0.5063930480974437
423,2013-05-09,2013,10,22,FC Dallas,Portland Timbers,1533.5040758088487,1513.5870929186656,79.91698289018314,79.91698289018314,0.6130234596996738
424,2013-05-09,2013,17,23,New England Revolution,Real Salt Lake,1495.4409803887593,1499.351793789746,56.089186599013374,56.089186599013374,0.5800248275313645
425,2013-05-09,2013,19,2,New York Red Bulls,CF Montreal,1512.426820721176,1526.5380175740145,45.888803147161525,45.888803147161525,0.565657944000416
426,2013-05-09,2013,25,29,San Jose Earthquakes,Toronto FC,1491.3168399173483,1478.4589089859287,72.85793093141956,72.85793093141956,0.6033406149327749
427,2013-05-09,2013,27,26,Sporting Kansas City,Seattle Sounders,1513.4221824345418,1487.6882006574049,85.73398177713693,85.73398177713693,0.6209363554690974
428,2013-05-11,2013,2,23,CF Montreal,Real Salt Lake,1520.0228867340206,1508.0521662027163,71.97072053130432,71.97072053130432,0.6021177149313252
429,2013-05-11,2013,4,21,Chicago Fire,Philadelphia Union,1480.3989479424918,1499.9305719460351,40.46837599645664,40.46837599645664,0.5579767218648038
430,2013-05-11,2013,26,25,Seattle Sounders,San Jose Earthquakes,1497.0022459894412,1497.2667306933567,59.735515296084486,59.735515296084486,0.5851291360388297
431,2013-05-12,2013,7,6,Columbus Crew,Colorado Rapids,1499.7577979081977,1494.48691557759,65.27088233060772,65.27088233060772,0.5928426750142681
432,2013-05-12,2013,10,8,FC Dallas,DC United,1531.8087239133536,1456.6064353473357,135.20228856601784,135.20228856601784,0.6853107919280655
433,2013-05-12,2013,17,19,New England Revolution,New York Red Bulls,1486.7406079757889,1518.9419515611698,27.798656414619018,-27.798656414619018,0.5399203320284784
434,2013-05-12,2013,22,5,Portland Timbers,Chivas USA,1515.2824448141607,1490.710518796984,84.57192601717679,84.57192601717679,0.6193605893963975
435,2013-05-12,2013,30,14,Vancouver Whitecaps,Los Angeles Galaxy,1487.3292297580035,1511.6890296629165,35.64020009508704,-35.64020009508704,0.551111218690575
436,2013-05-13,2013,11,27,Houston Dynamo,Sporting Kansas City,1527.355639864012,1504.1081371025055,83.24750276150644,83.24750276150644,0.6175615813779765
437,2013-05-16,2013,21,14,Philadelphia Union,Los Angeles Galaxy,1508.3002227740071,1504.955697943275,63.3445248307321,-63.3445248307321,0.5901632772415644
438,2013-05-18,2013,29,7,Toronto FC,Columbus Crew,1472.5090182099202,1490.8651577829837,41.6438604269365,41.6438604269365,0.5596449744280636
439,2013-05-19,2013,8,27,DC United,Sporting Kansas City,1451.8860972262567,1513.371560823175,-1.4854635969184073,1.4854635969184073,0.4978622590668983
440,2013-05-19,2013,11,17,Houston Dynamo,New England Revolution,1518.0922161433423,1486.1418029953618,91.9504131479805,91.9504131479805,0.629321962287911
441,2013-05-19,2013,19,14,New York Red Bulls,Los Angeles Galaxy,1519.540756541597,1513.8081471018984,65.73260943969854,65.73260943969854,0.5934840844867644
442,2013-05-19,2013,21,4,Philadelphia Union,Chicago Fire,1499.4477736153838,1472.0292971145197,87.41847650086402,87.41847650086402,0.6232160265098877
443,2013-05-19,2013,25,6,San Jose Earthquakes,Colorado Rapids,1491.0436677339392,1503.379555702804,47.66411203113512,47.66411203113512,0.5681670575165086
444,2013-05-19,2013,26,10,Seattle Sounders,FC Dallas,1503.2253089488588,1536.5290620344326,26.696246914426183,26.696246914426183,0.5383435562301293
445,2013-05-19,2013,30,22,Vancouver Whitecaps,Portland Timbers,1494.062561477645,1520.9920359732148,33.07052550443018,-33.07052550443018,0.5474491003169571
446,2013-05-20,2013,5,23,Chivas USA,Real Salt Lake,1485.0009276379299,1502.083931926686,42.91699571124377,-42.91699571124377,0.5614502939373499
447,2013-05-26,2013,2,21,CF Montreal,Philadelphia Union,1525.9911210100508,1505.0995332177354,80.89158779231548,80.89158779231548,0.6143535146595329
448,2013-05-26,2013,6,5,Colorado Rapids,Chivas USA,1504.4020615655518,1476.5791732288696,87.82288833668213,87.82288833668213,0.6237625210613919
449,2013-05-26,2013,8,22,DC United,Portland Timbers,1451.9181633402532,1521.703772477969,-9.785609137715937,9.785609137715937,0.48592109906637826
450,2013-05-26,2013,10,25,FC Dallas,San Jose Earthquakes,1529.6042153778847,1490.0211618711915,99.5830535066932,99.5830535066932,0.6395118662578331
451,2013-05-26,2013,17,29,New England Revolution,Toronto FC,1495.5816324296804,1464.1143435934994,91.46728883618107,91.46728883618107,0.6286729688912519
452,2013-05-26,2013,19,7,New York Red Bulls,Columbus Crew,1525.6384952742956,1499.2598323994046,86.378662874891,86.378662874891,0.6218094564744779
453,2013-05-26,2013,23,4,Real Salt Lake,Chicago Fire,1510.5056863357463,1466.3775375121681,104.12814882357816,104.12814882357816,0.6455212680168465
454,2013-05-26,2013,27,11,Sporting Kansas City,Houston Dynamo,1513.3394947091786,1508.6523867090236,64.68710800015492,64.68710800015492,0.5920312703261373
455,2013-05-27,2013,14,26,Los Angeles Galaxy,Seattle Sounders,1507.7104083691997,1510.1501556054068,57.56025276379296,57.56025276379296,0.5820862229493469
456,2013-06-01,2013,29,21,Toronto FC,Philadelphia Union,1458.544438126868,1499.3148359376285,19.229602189239586,19.229602189239586,0.5276453989763781
457,2013-06-02,2013,4,8,Chicago Fire,DC United,1468.5603565324209,1444.6293468542574,83.93100967816349,83.93100967816349,0.6184904172859158
458,2013-06-02,2013,5,26,Chivas USA,Seattle Sounders,1470.9356110447904,1503.881448949647,27.05416209514351,-27.05416209514351,0.5388555678010692
459,2013-06-02,2013,6,10,Colorado Rapids,FC Dallas,1510.045623749631,1535.0115373840172,35.0340863656138,35.0340863656138,0.5502479125367306
460,2013-06-02,2013,7,11,Columbus Crew,Houston Dynamo,1501.0869742465218,1510.0328557639157,51.0541184826061,51.0541184826061,0.5729484780769812
461,2013-06-02,2013,14,17,Los Angeles Galaxy,New England Revolution,1513.9791150249596,1501.1515378963118,72.82757712864782,72.82757712864782,0.6032987975409562
462,2013-06-02,2013,19,30,New York Red Bulls,Vancouver Whitecaps,1523.8113534271783,1493.3508249728907,90.46052845428767,90.46052845428767,0.6273190709485834
463,2013-06-02,2013,23,25,Real Salt Lake,San Jose Earthquakes,1508.3228673154936,1484.613839865059,83.70902745043463,83.70902745043463,0.6181888543020737
464,2013-06-02,2013,27,2,Sporting Kansas City,CF Montreal,1511.9590256542865,1531.7758182901578,40.18320736412875,40.18320736412875,0.5575718105530639
465,2013-06-06,2013,21,7,Philadelphia Union,Columbus Crew,1499.7295169222741,1499.992747075367,59.73676984690701,59.73676984690701,0.58513088914553
466,2013-06-09,2013,4,22,Chicago Fire,Portland Timbers,1474.283000273132,1528.9925889639649,5.290411309167212,5.290411309167212,0.507612925510617
467,2013-06-09,2013,17,8,New England Revolution,DC United,1510.2010198594262,1438.9067031135462,131.29431674588,131.29431674588,0.6804391831171392
468,2013-06-09,2013,23,14,Real Salt Lake,Los Angeles Galaxy,1514.0500345009625,1504.9296330618452,69.12040143911736,69.12040143911736,0.5981803677724697
469,2013-06-09,2013,26,30,Seattle Sounders,Vancouver Whitecaps,1511.964282466663,1502.7606110371194,69.20367142954365,69.20367142954365,0.5982955769490913
470,2013-06-15,2013,22,10,Portland Timbers,FC Dallas,1529.1067828466241,1535.765256072068,53.34152677455609,53.34152677455609,0.5761671151305872
471,2013-06-16,2013,6,25,Colorado Rapids,San Jose Earthquakes,1509.29190506158,1478.88667267959,90.40523238199012,90.40523238199012,0.6272446503362591
472,2013-06-16,2013,7,2,Columbus Crew,CF Montreal,1493.76971041255,1540.1393954484538,13.630314964096215,-13.630314964096215,0.5196055428501696
473,2013-06-16,2013,8,29,DC United,Toronto FC,1441.6132908603033,1458.1297571422224,43.483533718080935,43.483533718080935,0.5622531311131832
474,2013-06-16,2013,30,17,Vancouver Whitecaps,New England Revolution,1496.7350446913558,1507.494432112669,49.24061257868675,49.24061257868675,0.570392262804055
475,2013-06-20,2013,2,11,CF Montreal,Houston Dynamo,1532.9334785912063,1511.1270829350703,81.80639565613592,81.80639565613592,0.615600412458738
476,2013-06-20,2013,4,6,Chicago Fire,Colorado Rapids,1474.1688063904728,1499.8832353065363,34.285571083936475,34.285571083936475,0.549181362275214
477,2013-06-20,2013,14,22,Los Angeles Galaxy,Portland Timbers,1498.9023385784321,1535.4642761196653,23.438062458766808,23.438062458766808,0.533679009116759
478,2013-06-20,2013,30,5,Vancouver Whitecaps,Chivas USA,1503.179160749295,1462.8527775277744,100.3263832215207,100.3263832215207,0.6404977300787446
479,2013-06-23,2013,7,4,Columbus Crew,Chicago Fire,1500.9756272697975,1480.9310859563445,80.04454131345301,80.04454131345301,0.6131976365814689
480,2013-06-23,2013,8,25,DC United,San Jose Earthquakes,1433.1794938936055,1488.2953424346338,4.884151458971701,-4.884151458971701,0.5070283959869013
481,2013-06-23,2013,10,27,FC Dallas,Sporting Kansas City,1529.4077627990268,1503.5954484959905,85.81231430303637,85.81231430303637,0.6210424842952311
482,2013-06-23,2013,11,29,Houston Dynamo,Toronto FC,1505.3610891219514,1466.5635541089202,98.79753501303117,98.79753501303117,0.638468768501425
483,2013-06-23,2013,21,19,Philadelphia Union,New York Red Bulls,1505.9525535850912,1514.4015673629497,51.550986222141546,51.550986222141546,0.5736481612676702
484,2013-06-23,2013,23,26,Real Salt Lake,Seattle Sounders,1520.0773289843755,1517.9898488124265,62.08748017194898,62.08748017194898,0.5884119350877864
485,2013-06-24,2013,5,14,Chivas USA,Los Angeles Galaxy,1457.4602434789556,1498.3971534416808,19.063090037274833,-19.063090037274833,0.5274064949817091
486,2013-06-24,2013,22,6,Portland Timbers,Colorado Rapids,1535.9694612564167,1493.1209557406646,102.8485055157521,102.8485055157521,0.6438339024272189
487,2013-06-29,2013,21,10,Philadelphia Union,FC Dallas,1512.347831166076,1527.5921255345984,44.75570563147767,44.75570563147767,0.5640547235288182
488,2013-06-29,2013,29,23,Toronto FC,Real Salt Lake,1468.6405856364415,1526.2511499580587,2.3894356783828243,2.3894356783828243,0.5034386201455415
489,2013-06-30,2013,2,6,CF Montreal,Colorado Rapids,1538.6994724043252,1487.778464277073,110.92100812725221,110.92100812725221,0.6544171656572685
490,2013-06-30,2013,5,17,Chivas USA,New England Revolution,1449.54914605423,1501.0503160547298,8.49882999950023,-8.49882999950023,0.5122283606104013
491,2013-06-30,2013,8,30,DC United,Vancouver Whitecaps,1440.574067953802,1508.5716947981139,-7.997626844311981,-7.997626844311981,0.4884925222182256
492,2013-06-30,2013,19,11,New York Red Bulls,Houston Dynamo,1508.0062897819648,1503.2840575944301,64.7222321875347,64.7222321875347,0.5920801046773643
493,2013-06-30,2013,25,14,San Jose Earthquakes,Los Angeles Galaxy,1480.9007683744373,1506.3082508664063,34.59251750803105,-34.59251750803105,0.5496187817114725
494,2013-06-30,2013,27,7,Sporting Kansas City,Columbus Crew,1505.411085760419,1491.7776627210756,73.63342303934337,73.63342303934337,0.6044084700948016
495,2013-07-04,2013,4,25,Chicago Fire,San Jose Earthquakes,1490.1290505050665,1487.6564866487652,62.47256385630135,62.47256385630135,0.5889486822749779
496,2013-07-04,2013,23,21,Real Salt Lake,Philadelphia Union,1533.802729260242,1511.3870103131437,82.41571894709818,82.41571894709818,0.6164300889547978
497,2013-07-04,2013,26,8,Seattle Sounders,DC United,1511.8160278387434,1433.2466801205285,138.56934771821489,138.56934771821489,0.6894756981807799
498,2013-07-04,2013,27,30,Sporting Kansas City,Vancouver Whitecaps,1511.344958708997,1515.8990826313873,55.44587607760968,55.44587607760968,0.5791224780415253
499,2013-07-04,2013,29,2,Toronto FC,CF Montreal,1461.0890063342583,1528.8832149194661,-7.794208585207798,7.794208585207798,0.48878511347215026
500,2013-07-05,2013,6,19,Colorado Rapids,New York Red Bulls,1497.594721761932,1514.1250882118043,43.46963355012781,43.46963355012781,0.5622334371628083
501,2013-07-05,2013,10,5,FC Dallas,Chivas USA,1528.5529463875307,1449.3657206450741,139.18722574245658,139.18722574245658,0.6902366899555045
502,2013-07-05,2013,14,7,Los Angeles Galaxy,Columbus Crew,1499.5525325920785,1485.8437897724975,73.70874281958095,73.70874281958095,0.6045121328150819
503,2013-07-07,2013,4,27,Chicago Fire,Sporting Kansas City,1496.294820270942,1510.1581215383742,46.136698732567766,46.136698732567766,0.5660085097645037
504,2013-07-07,2013,7,22,Columbus Crew,Portland Timbers,1479.9114717647237,1541.3119527200083,-1.4004809552845927,1.4004809552845927,0.49798455680911424
505,2013-07-07,2013,11,21,Houston Dynamo,Philadelphia Union,1497.1652591645907,1513.1334616474658,44.031797517124915,44.031797517124915,0.5630297617514295
506,2013-07-07,2013,17,25,New England Revolution,San Jose Earthquakes,1501.2337414638857,1481.4907168828897,79.743024580996,79.743024580996,0.61278587868793
507,2013-07-07,2013,30,26,Vancouver Whitecaps,Seattle Sounders,1517.08591980201,1516.4738923660316,60.61202743597846,60.61202743597846,0.5863534445537133
508,2013-07-08,2013,2,5,CF Montreal,Chivas USA,1528.7149916215483,1452.2192709944068,136.4957206271415,136.4957206271415,0.6869142881161101
509,2013-07-08,2013,6,8,Colorado Rapids,DC United,1504.16122020449,1428.5888155932403,135.5724046112498,135.5724046112498,0.685770086628314
510,2013-07-08,2013,14,10,Los Angeles Galaxy,FC Dallas,1505.4848505998523,1525.699396038198,39.785454561654205,39.785454561654205,0.5570069131122845
511,2013-07-13,2013,21,5,Philadelphia Union,Chivas USA,1506.5789080737372,1455.0229853161484,111.55592275758886,111.55592275758886,0.6552432651556833
512,2013-07-14,2013,10,23,FC Dallas,Real Salt Lake,1519.0544997348823,1532.0562779259199,46.9982218089624,46.9982218089624,0.5672263315828504
513,2013-07-14,2013,17,11,New England Revolution,Houston Dynamo,1507.0419532835667,1503.7198127383192,63.32214054524752,63.32214054524752,0.5901321108135448
514,2013-07-14,2013,19,2,New York Red Bulls,CF Montreal,1507.5585897692463,1525.9112772998067,41.64731246943961,41.64731246943961,0.5596498716172542
515,2013-07-14,2013,22,14,Portland Timbers,Los Angeles Galaxy,1533.781721072145,1512.129746903168,81.65197416897695,81.65197416897695,0.6153900395340159
516,2013-07-14,2013,25,26,San Jose Earthquakes,Seattle Sounders,1475.6825050632087,1510.2691940343373,25.413311028871476,25.413311028871476,0.5365076094190856
517,2013-07-14,2013,27,29,Sporting Kansas City,Toronto FC,1518.6482491848417,1461.2572296321762,117.39101955266551,117.39101955266551,0.6627910533364694
518,2013-07-15,2013,30,4,Vancouver Whitecaps,Chicago Fire,1523.2906181337044,1487.8046926244745,95.4859255092299,95.4859255092299,0.6340569766764836
519,2013-07-18,2013,5,29,Chivas USA,Toronto FC,1449.8516342934836,1456.1990954322232,53.65253886126038,53.65253886126038,0.5766042513055355
520,2013-07-18,2013,6,17,Colorado Rapids,New England Revolution,1501.3746689050654,1498.1899716213636,63.18469728370178,63.18469728370178,0.5899407278655192
521,2013-07-20,2013,26,6,Seattle Sounders,Colorado Rapids,1503.3168081756235,1507.5255579870825,55.79125018854097,55.79125018854097,0.5796069885225651
522,2013-07-20,2013,29,19,Toronto FC,New York Red Bulls,1449.8481592018063,1514.1638416949875,-4.315682493181157,4.315682493181157,0.4937895530499562
523,2013-07-21,2013,2,10,CF Montreal,FC Dallas,1519.3060253740655,1510.5461047611395,68.75992061292595,68.75992061292595,0.5976814953374394
524,2013-07-21,2013,4,8,Chicago Fire,DC United,1482.3155472746216,1431.375366892665,110.94018038195668,110.94018038195668,0.6544421247233253
525,2013-07-21,2013,7,17,Columbus Crew,New England Revolution,1487.441703412587,1492.0390825393465,55.402620873240494,55.402620873240494,0.5790617864154628
526,2013-07-21,2013,14,30,Los Angeles Galaxy,Vancouver Whitecaps,1506.3605974961783,1528.7797634835572,37.58083401262115,37.58083401262115,0.5538732265164318
527,2013-07-21,2013,21,22,Philadelphia Union,Portland Timbers,1511.750259096402,1539.5508704791348,32.19938861726723,32.19938861726723,0.5462064305891751
528,2013-07-21,2013,23,27,Real Salt Lake,Sporting Kansas City,1540.5646728996626,1523.7063833847947,76.85828951486792,76.85828951486792,0.6088383460934627
529,2013-07-27,2013,29,7,Toronto FC,Columbus Crew,1449.941315906057,1478.755776616355,31.185539289702092,31.185539289702092,0.5447594584812822
530,2013-07-28,2013,2,27,CF Montreal,Sporting Kansas City,1517.8408029440038,1532.8389585761965,45.00184436780728,45.00184436780728,0.5644031004639386
531,2013-07-28,2013,6,14,Colorado Rapids,Los Angeles Galaxy,1508.7196628149209,1513.0524990984318,55.667163716489085,55.667163716489085,0.5794329305529382
532,2013-07-28,2013,8,17,DC United,New England Revolution,1426.191998763515,1500.7250093355785,-14.533010572063631,-14.533010572063631,0.4790975061438071
533,2013-07-28,2013,11,4,Houston Dynamo,Chicago Fire,1512.5717944005223,1487.4989154037717,85.07287899675066,85.07287899675066,0.62004020011633
534,2013-07-28,2013,19,23,New York Red Bulls,Real Salt Lake,1514.0706849907367,1531.4320977082607,42.63858728247601,42.63858728247601,0.5610556450394419
535,2013-07-28,2013,25,22,San Jose Earthquakes,Portland Timbers,1482.6348909219225,1540.2439669379723,2.390923983950188,2.390923983950188,0.5034407618880601
536,2013-07-28,2013,30,21,Vancouver Whitecaps,Philadelphia Union,1522.0878618813038,1511.0571626375645,71.03069924373926,71.03069924373926,0.600820630094454
537,2013-07-29,2013,26,5,Seattle Sounders,Chivas USA,1502.122703347785,1456.2025705239005,105.92013282388461,105.92013282388461,0.6478781361165973
538,2013-08-03,2013,27,19,Sporting Kansas City,New York Red Bulls,1526.3050050831557,1520.654850315145,65.65015476801068,65.65015476801068,0.5933695656686666
539,2013-08-04,2013,6,23,Colorado Rapids,Real Salt Lake,1515.0281688566267,1524.8479323838524,50.18023647277437,50.18023647277437,0.5717171810686366
540,2013-08-04,2013,8,2,DC United,CF Montreal,1419.0055361713578,1524.3747564370447,-45.36922026568686,45.36922026568686,0.435077045739021
541,2013-08-04,2013,11,7,Houston Dynamo,Columbus Crew,1510.7711913987773,1471.9271684935743,98.84402290520302,98.84402290520302,0.6385305367000453
542,2013-08-04,2013,21,4,Philadelphia Union,Chicago Fire,1520.0694720889812,1489.2995184055167,90.76995368346456,90.76995368346456,0.627735401695599
543,2013-08-04,2013,22,30,Portland Timbers,Vancouver Whitecaps,1532.7955783662933,1513.075552429887,79.72002593640627,79.72002593640627,0.6127544646069185
544,2013-08-04,2013,25,5,San Jose Earthquakes,Chivas USA,1490.0832794936016,1450.9207425656493,99.16253692795226,99.16253692795226,0.638953621207792
545,2013-08-04,2013,26,10,Seattle Sounders,FC Dallas,1507.4045313060362,1512.0113271912012,55.393204114835044,55.393204114835044,0.5790485733907774
546,2013-08-05,2013,17,29,New England Revolution,Toronto FC,1507.9114719277356,1456.7699240288377,111.1415478988979,111.1415478988979,0.6547042201013933
547,2013-08-11,2013,4,2,Chicago Fire,CF Montreal,1498.7155494309507,1515.90091212313,42.8146373078207,42.8146373078207,0.561305208089847
548,2013-08-11,2013,7,19,Columbus Crew,New York Red Bulls,1466.505126544075,1529.5553938001751,-3.050267256100142,3.050267256100142,0.49561042533249067
549,2013-08-11,2013,21,8,Philadelphia Union,DC United,1510.6534410635472,1427.4793804852725,143.17406057827475,143.17406057827475,0.6951220997829591
550,2013-08-11,2013,23,11,Real Salt Lake,Houston Dynamo,1525.923690099882,1516.1932333482766,69.73045675160529,69.73045675160529,0.5990241649318714
551,2013-08-11,2013,27,17,Sporting Kansas City,New England Revolution,1517.4044615981256,1498.0909086262147,79.3135529719109,79.3135529719109,0.6121991045229555
552,2013-08-11,2013,29,26,Toronto FC,Seattle Sounders,1466.5904873303587,1513.7188027051745,12.871684625184116,-12.871684625184116,0.5185153730123968
553,2013-08-11,2013,30,25,Vancouver Whitecaps,San Jose Earthquakes,1514.7668693989908,1495.4989751754847,79.26789422350612,79.26789422350612,0.6121367031705256
554,2013-08-12,2013,5,6,Chivas USA,Colorado Rapids,1445.5050468837662,1513.9524111405972,-8.447364256830951,8.447364256830951,0.48784566051395606
555,2013-08-12,2013,10,14,FC Dallas,Los Angeles Galaxy,1505.6970557920629,1506.743993056726,58.95306273533697,-58.95306273533697,0.5840353202334451
556,2013-08-18,2013,2,8,CF Montreal,DC United,1509.3204902444777,1422.9062119820169,146.4142782624608,146.4142782624608,0.6990605617417359
557,2013-08-18,2013,6,30,Colorado Rapids,Vancouver Whitecaps,1513.7700960483064,1520.5848188514328,53.185277196873585,53.185277196873585,0.5759474569452446
558,2013-08-18,2013,7,29,Columbus Crew,Toronto FC,1474.0709701640876,1458.8127567351728,75.25821342891481,75.25821342891481,0.6066425747034122
559,2013-08-18,2013,11,26,Houston Dynamo,Seattle Sounders,1510.1785958222547,1521.4965333003604,48.682062521894295,48.682062521894295,0.569604198876541
560,2013-08-18,2013,14,23,Los Angeles Galaxy,Real Salt Lake,1508.0045228602276,1531.9383276259039,36.066195234323686,36.066195234323686,0.5517177925600218
561,2013-08-18,2013,17,4,New England Revolution,Chicago Fire,1492.2738951940592,1505.295971309603,46.97792388445623,46.97792388445623,0.5671976483595927
562,2013-08-18,2013,19,21,New York Red Bulls,Philadelphia Union,1521.9895501801625,1515.2266095668028,66.76294061335966,66.76294061335966,0.5949142199073226
563,2013-08-18,2013,22,10,Portland Timbers,FC Dallas,1531.1042613971895,1504.4365259885612,86.66773540862823,86.66773540862823,0.6222006957027572
564,2013-08-19,2013,25,27,San Jose Earthquakes,Sporting Kansas City,1489.6810257230427,1523.2214750302812,26.459550692761468,26.459550692761468,0.5380049085799091
565,2013-08-22,2013,5,10,Chivas USA,FC Dallas,1445.687361976057,1498.7695364241026,6.917825551954365,-6.917825551954365,0.5099542358207734
566,2013-08-22,2013,22,23,Portland Timbers,Real Salt Lake,1536.771250961648,1525.2140945143042,71.55715644734391,71.55715644734391,0.6015472356068272
567,2013-08-24,2013,4,27,Chicago Fire,Sporting Kansas City,1498.803936034997,1516.2915486589798,42.51238737601716,42.51238737601716,0.5608767289574126
568,2013-08-25,2013,2,11,CF Montreal,Houston Dynamo,1513.8345818183516,1516.6345328391067,57.20004897924491,57.20004897924491,0.5815817338952891
569,2013-08-25,2013,5,19,Chivas USA,New York Red Bulls,1438.0380484387454,1520.5658368815527,-22.527788442807378,22.527788442807378,0.46762526412765953
570,2013-08-25,2013,8,29,DC United,Toronto FC,1418.392120408143,1452.912395355724,25.4797250524191,25.4797250524191,0.5366026760092389
571,2013-08-25,2013,10,25,FC Dallas,San Jose Earthquakes,1506.4188499614143,1496.6109520943442,69.8078978670701,69.8078978670701,0.599131235636831
572,2013-08-25,2013,23,7,Real Salt Lake,Columbus Crew,1526.7373030484066,1479.9713315435365,106.7659715048701,106.7659715048701,0.648988118555844
573,2013-08-25,2013,30,14,Vancouver Whitecaps,Los Angeles Galaxy,1514.2240307056115,1514.7287559718272,59.4952747337843,-59.4952747337843,0.584793384698332
574,2013-08-26,2013,17,21,New England Revolution,Philadelphia Union,1498.7659304686651,1516.6503228654126,42.115607603252556,42.115607603252556,0.5603141036050988
575,2013-08-26,2013,26,22,Seattle Sounders,Portland Timbers,1515.0405962835084,1535.2480424275457,39.79255385596275,39.79255385596275,0.5570169969860522
576,2013-08-31,2013,23,22,Real Salt Lake,Portland Timbers,1532.002481270069,1528.6032973823365,63.39918388773253,63.39918388773253,0.5902393779255829
577,2013-08-31,2013,29,17,Toronto FC,New England Revolution,1453.4614354958626,1505.3612189145886,8.100216581274026,-8.100216581274026,0.5116550370717258
578,2013-09-01,2013,4,11,Chicago Fire,Houston Dynamo,1505.3907851006356,1510.358258847536,55.032526253099604,55.032526253099604,0.5785424070139679
579,2013-09-01,2013,7,26,Columbus Crew,Seattle Sounders,1474.7061533218741,1521.6853413287176,13.020811993156485,-13.020811993156485,0.5187296868351885
580,2013-09-01,2013,14,25,Los Angeles Galaxy,San Jose Earthquakes,1523.5006567423022,1498.0979206288966,85.40273611340558,85.40273611340558,0.6204874394011715
581,2013-09-01,2013,19,8,New York Red Bulls,DC United,1512.5802158434676,1417.8430802680043,154.7371355754633,154.7371355754633,0.7090425607245622
582,2013-09-01,2013,21,2,Philadelphia Union,CF Montreal,1510.0550344194892,1520.1108558099222,49.94417860956696,49.94417860956696,0.5713844232076751
583,2013-09-01,2013,27,6,Sporting Kansas City,Colorado Rapids,1509.704699593341,1520.1308841941277,49.573815399213345,49.573815399213345,0.5708622124428472
584,2013-09-02,2013,30,5,Vancouver Whitecaps,Chivas USA,1505.4521299351366,1446.0236694768305,119.42846045830606,119.42846045830606,0.6654073264223411
585,2013-09-05,2013,7,11,Columbus Crew,Houston Dynamo,1466.9252080193462,1511.5363949527455,15.388813066600733,15.388813066600733,0.5221318111616085
586,2013-09-05,2013,26,5,Seattle Sounders,Chivas USA,1529.4662866312456,1448.5047793731655,140.96150725808002,140.96150725808002,0.6924162029352687
587,2013-09-08,2013,10,30,FC Dallas,Vancouver Whitecaps,1504.9318814268618,1502.9710200388015,61.960861388060266,61.960861388060266,0.5882354020276839
588,2013-09-08,2013,11,19,Houston Dynamo,New York Red Bulls,1504.3683721201696,1516.944577432599,47.423794687570535,47.423794687570535,0.5678276093101593
589,2013-09-08,2013,14,6,Los Angeles Galaxy,Colorado Rapids,1529.1933451512846,1513.6938173807705,75.49952777051408,75.49952777051408,0.6069740068796685
590,2013-09-08,2013,22,29,Portland Timbers,Toronto FC,1522.4568880512202,1453.2866099397868,129.1702781114334,129.1702781114334,0.6777746892066007
591,2013-09-08,2013,26,4,Seattle Sounders,Chicago Fire,1534.0800435872166,1504.2126489954262,89.86739459179034,89.86739459179034,0.6265204834845634
592,2013-09-08,2013,27,7,Sporting Kansas City,Columbus Crew,1516.1417664066983,1474.093230851922,102.04853555477621,102.04853555477621,0.6427772241470927
593,2013-09-09,2013,5,8,Chivas USA,DC United,1443.8910224171946,1413.4787186788728,90.41230373832173,90.41230373832173,0.6272541677077427
594,2013-09-09,2013,17,2,New England Revolution,CF Montreal,1505.5360444706644,1521.1816221580373,44.354422312627094,44.354422312627094,0.5634866244399326
595,2013-09-09,2013,25,21,San Jose Earthquakes,Philadelphia Union,1492.4052322199143,1508.9842680713741,43.42096414854018,43.42096414854018,0.5621644801356488
596,2013-09-12,2013,29,4,Toronto FC,Chicago Fire,1448.4532302778857,1498.6104562476946,9.842774030191094,-9.842774030191094,0.5141611022190563
597,2013-09-14,2013,2,7,CF Montreal,Columbus Crew,1529.6339215246362,1468.7348892141285,120.89903231050766,120.89903231050766,0.667289396018575
598,2013-09-14,2013,8,14,DC United,Los Angeles Galaxy,1407.887531194489,1520.0887350480896,-52.201203853600646,52.201203853600646,0.4254366556642632
599,2013-09-14,2013,26,23,Seattle Sounders,Real Salt Lake,1539.6822363349481,1538.1488906011853,61.53334573376287,61.53334573376287,0.5876391882903104
600,2013-09-15,2013,4,17,Chicago Fire,New England Revolution,1498.8228727809806,1497.0837451040654,61.73912767691513,61.73912767691513,0.5879262041943437
601,2013-09-15,2013,5,22,Chivas USA,Portland Timbers,1449.4822099015785,1527.2902677131212,-17.808057811542767,17.808057811542767,0.47439456388015877
602,2013-09-15,2013,6,10,Colorado Rapids,FC Dallas,1522.7984274839655,1511.1083503964464,71.69007708751906,71.69007708751906,0.6017306193938561
603,2013-09-15,2013,19,29,New York Red Bulls,Toronto FC,1525.4619915722515,1448.2408137445998,137.22117782765167,137.22117782765167,0.6878117040931893
604,2013-09-15,2013,21,11,Philadelphia Union,Houston Dynamo,1502.416735273409,1495.8509579805173,66.56577729289165,66.56577729289165,0.594640674196897
605,2013-09-15,2013,25,30,San Jose Earthquakes,Vancouver Whitecaps,1498.9727650178795,1496.7945510692168,62.17821394866269,62.17821394866269,0.5885384229543192
606,2013-09-21,2013,2,30,CF Montreal,Vancouver Whitecaps,1519.6245805843575,1498.1226274135315,81.50195317082603,81.50195317082603,0.6151856201899523
607,2013-09-21,2013,22,6,Portland Timbers,Colorado Rapids,1526.9061861713237,1528.7724681930576,58.13371797826608,58.13371797826608,0.5828890439476723
608,2013-09-21,2013,29,27,Toronto FC,Sporting Kansas City,1443.5579893059976,1521.5001080444918,-17.942118738494173,17.942118738494173,0.4742021444765642
609,2013-09-22,2013,7,4,Columbus Crew,Chicago Fire,1478.7442301544072,1505.0039797180655,33.74025043634174,33.74025043634174,0.5484040563306577
610,2013-09-22,2013,11,5,Houston Dynamo,Chivas USA,1504.7705680934707,1449.866291443376,114.90427665009474,114.90427665009474,0.659584281158658
611,2013-09-22,2013,14,26,Los Angeles Galaxy,Seattle Sounders,1518.9702848830534,1545.8676485105934,33.10263637245998,33.10263637245998,0.5474948950057225
612,2013-09-22,2013,17,8,New England Revolution,DC United,1490.9026381669805,1409.005981359525,141.89665680745543,141.89665680745543,0.6935614964001077
613,2013-09-22,2013,19,10,New York Red Bulls,FC Dallas,1530.1448160108537,1505.1343096873543,85.01050632349938,85.01050632349938,0.6199556087056998
614,2013-09-22,2013,23,25,Real Salt Lake,San Jose Earthquakes,1531.96347842554,1497.6446886735648,94.31878975197515,94.31878975197515,0.6324966751721234
615,2013-09-28,2013,27,21,Sporting Kansas City,Philadelphia Union,1528.6131402116403,1493.4971251604554,95.11601505118483,95.11601505118483,0.6335627594367995
616,2013-09-28,2013,29,8,Toronto FC,DC United,1436.444957138849,1404.4094038055266,92.03555333332247,92.03555333332247,0.6294362849945553
617,2013-09-29,2013,4,2,Chicago Fire,CF Montreal,1498.2300405630253,1510.3967962815082,47.83324428151718,47.83324428151718,0.5684059184292048
618,2013-09-29,2013,17,11,New England Revolution,Houston Dynamo,1495.499215720979,1509.876803876091,45.62241184488812,45.62241184488812,0.5652811489791996
619,2013-09-29,2013,22,14,Portland Timbers,Los Angeles Galaxy,1533.1628505121087,1518.2578614579675,74.9049890541412,74.9049890541412,0.6061572631461941
620,2013-09-29,2013,30,23,Vancouver Whitecaps,Real Salt Lake,1507.350411716381,1522.476028297958,44.874383418422894,44.874383418422894,0.5642227042077529
621,2013-09-30,2013,5,25,Chivas USA,San Jose Earthquakes,1444.7600556607558,1507.1321388011468,-2.3720831403909415,2.3720831403909415,0.4965863509914798
622,2013-09-30,2013,10,7,FC Dallas,Columbus Crew,1499.4336438179398,1485.5181693094473,73.91547450849248,73.91547450849248,0.6047966096279335
623,2013-09-30,2013,26,19,Seattle Sounders,New York Red Bulls,1546.5800719356794,1535.8454818802682,70.73459005541122,70.73459005541122,0.6004117508720943
624,2013-10-05,2013,8,4,DC United,Chicago Fire,1398.850948080445,1497.2039517865874,-38.35300370614232,38.35300370614232,0.4450286974600186
625,2013-10-05,2013,11,2,Houston Dynamo,CF Montreal,1510.8560211107788,1511.4228850579461,59.43313605283265,59.43313605283265,0.5847065291411174
626,2013-10-06,2013,6,26,Colorado Rapids,Seattle Sounders,1522.5158038522727,1545.073895672598,37.44190817967478,37.44190817967478,0.5536756087188822
627,2013-10-06,2013,7,27,Columbus Crew,Sporting Kansas City,1494.5901184538664,1519.1096988200882,35.48041963377818,35.48041963377818,0.5508836682096185
628,2013-10-06,2013,14,5,Los Angeles Galaxy,Chivas USA,1512.3502204051604,1437.3112603958837,135.0389600092767,135.0389600092767,0.6851079942943854
629,2013-10-06,2013,19,17,New York Red Bulls,New England Revolution,1537.3516581433496,1494.5199984862911,102.83165965705848,102.83165965705848,0.6438116651644749
630,2013-10-06,2013,21,29,Philadelphia Union,Toronto FC,1503.0005665520075,1442.0034128639306,120.99715368807688,120.99715368807688,0.6674147849363733
631,2013-10-06,2013,23,10,Real Salt Lake,FC Dallas,1530.9393688610744,1490.3616946735208,100.57767418755361,100.57767418755361,0.6408307448317941
632,2013-10-07,2013,30,22,Vancouver Whitecaps,Portland Timbers,1498.8870711532645,1539.0704915649158,19.81657958834876,19.81657958834876,0.5284874655015245
633,2013-10-10,2013,11,27,Houston Dynamo,Sporting Kansas City,1517.085423173662,1527.3729538432324,49.71246933042971,49.71246933042971,0.5710577325170602
634,2013-10-10,2013,25,6,San Jose Earthquakes,Colorado Rapids,1514.580934066019,1529.2106697214895,45.37026434452946,45.37026434452946,0.5649244314777025
635,2013-10-10,2013,26,30,Seattle Sounders,Vancouver Whitecaps,1538.3790298033812,1498.4597591707416,99.91927063263961,99.91927063263961,0.6399579308224098
636,2013-10-12,2013,2,17,CF Montreal,New England Revolution,1505.1934829950628,1496.6771734637582,68.51630953130461,68.51630953130461,0.5973442453210724
637,2013-10-13,2013,8,21,DC United,Philadelphia Union,1392.1755176185447,1507.9893447779618,-55.81382715941709,55.81382715941709,0.4203613445463167
638,2013-10-13,2013,10,4,FC Dallas,Chicago Fire,1492.4741558459978,1503.8793822484877,48.594773597510084,48.594773597510084,0.5694810100757602
639,2013-10-14,2013,22,26,Portland Timbers,Seattle Sounders,1539.4978035474387,1528.779660841045,70.71814270639379,70.71814270639379,0.6003890356166078
640,2013-10-17,2013,14,2,Los Angeles Galaxy,CF Montreal,1517.0736004907446,1496.2333193152467,80.84028117549792,80.84028117549792,0.6142835382806349
641,2013-10-19,2013,2,21,CF Montreal,Philadelphia Union,1490.4475723894561,1506.7947649461566,43.65280744329948,43.65280744329948,0.5624929447095937
642,2013-10-19,2013,6,30,Colorado Rapids,Vancouver Whitecaps,1522.684536193655,1508.0591281330778,74.62540806057723,74.62540806057723,0.6057729850708548
643,2013-10-19,2013,10,26,FC Dallas,Seattle Sounders,1483.9319406948614,1522.785496375294,21.14644431956731,-21.14644431956731,0.5303946568944246
644,2013-10-19,2013,27,8,Sporting Kansas City,DC United,1528.4388198309882,1393.37009745035,195.0687223806383,195.0687223806383,0.7545273203040308
645,2013-10-20,2013,4,29,Chicago Fire,Toronto FC,1512.421597399624,1437.0146346379763,135.40696276164772,135.40696276164772,0.6855648268070649
646,2013-10-20,2013,11,19,Houston Dynamo,New York Red Bulls,1516.0195571859063,1535.1944831658825,40.82507402002375,40.82507402002375,0.5584830893050695
647,2013-10-20,2013,17,7,New England Revolution,Columbus Crew,1505.6373371435743,1486.3268634307221,79.31047371285217,79.31047371285217,0.6121948962462666
648,2013-10-20,2013,22,23,Portland Timbers,Real Salt Lake,1545.4919680131895,1528.8269076885974,76.6650603245921,76.6650603245921,0.6085734111532037
649,2013-10-21,2013,14,25,Los Angeles Galaxy,San Jose Earthquakes,1522.859347416535,1521.1070675938533,61.75227982268166,61.75227982268166,0.587944546217408
650,2013-10-24,2013,23,5,Real Salt Lake,Chivas USA,1530.4555088558955,1432.5878803102994,157.86762854559606,157.86762854559606,0.7127461733037991
651,2013-10-26,2013,21,27,Philadelphia Union,Sporting Kansas City,1500.2321591168006,1532.1209100264277,28.111249090372894,-28.111249090372894,0.5403672891955466
652,2013-10-26,2013,25,10,San Jose Earthquakes,FC Dallas,1522.4262357871144,1490.976020841445,91.45021494566936,91.45021494566936,0.62865002457954
653,2013-10-26,2013,29,2,Toronto FC,CF Montreal,1432.2981070400822,1497.0101782188121,-4.712071178729957,4.712071178729957,0.49321920021399757
654,2013-10-27,2013,5,22,Chivas USA,Portland Timbers,1428.2790729098565,1543.8633668458915,-55.58429393603501,55.58429393603501,0.42068332314384216
655,2013-10-27,2013,7,17,Columbus Crew,New England Revolution,1480.5097868744162,1511.4544136998802,29.055373174536044,-29.055373174536044,0.5417168374451055
656,2013-10-27,2013,8,11,DC United,Houston Dynamo,1389.6880072549104,1507.6423108463302,-57.95430359141983,57.95430359141983,0.4173620796901724
657,2013-10-27,2013,19,4,New York Red Bulls,Chicago Fire,1543.5717295054585,1517.1381249975182,86.43360450794034,86.43360450794034,0.6218838283125138
658,2013-10-28,2013,26,14,Seattle Sounders,Los Angeles Galaxy,1515.7414162287105,1521.540179223274,54.2012370054365,54.2012370054365,0.5773751691385729
659,2013-10-28,2013,30,6,Vancouver Whitecaps,Colorado Rapids,1502.1457229091407,1528.5979414175922,33.54778149154845,33.54778149154845,0.5481296524175095
660,2013-10-31,2013,26,6,Seattle Sounders,Colorado Rapids,1514.5807886916318,1521.8198862038548,52.760902487777,52.760902487777,0.5753507128982673
661,2013-11-01,2013,11,2,Houston Dynamo,CF Montreal,1513.9027420416828,1489.408466222022,84.49427581966074,84.49427581966074,0.6192552044094843
662,2013-11-03,2013,11,19,Houston Dynamo,New York Red Bulls,1519.6139139755405,1549.2434720807707,30.370441894769783,30.370441894769783,0.5435955968954204
663,2013-11-03,2013,17,27,New England Revolution,Sporting Kansas City,1519.5801662615568,1540.226419364361,39.35374689719583,39.35374689719583,0.5563936253519984
664,2013-11-03,2013,26,22,Seattle Sounders,Portland Timbers,1520.950527998158,1550.173616693049,30.776911305108797,30.776911305108797,0.5441760469069554
665,2013-11-04,2013,14,23,Los Angeles Galaxy,Real Salt Lake,1522.7008067603526,1534.7643162563384,47.93649050401427,47.93649050401427,0.5685517146514877
666,2013-11-07,2013,19,11,New York Red Bulls,Houston Dynamo,1549.897406034202,1518.9599800221092,90.93742601209283,90.93742601209283,0.6279606562626159
667,2013-11-07,2013,27,17,Sporting Kansas City,New England Revolution,1533.572323744641,1526.2342618812768,67.33806186336415,67.33806186336415,0.5957118097540469
668,2013-11-08,2013,22,26,Portland Timbers,Seattle Sounders,1558.3362573966535,1512.7878872945535,105.54837010210008,105.54837010210008,0.6473897704239191
669,2013-11-08,2013,23,14,Real Salt Lake,Los Angeles Galaxy,1528.2925919761108,1529.1725310405802,59.120060935530546,-59.120060935530546,0.5842688423076495
670,2013-11-09,2013,11,27,Houston Dynamo,Sporting Kansas City,1520.8793898660485,1539.6366465983301,41.242743267718424,41.242743267718424,0.5590758566841343
671,2013-11-11,2013,23,22,Real Salt Lake,Portland Timbers,1534.528559341496,1563.6254108402948,30.903148501201258,30.903148501201258,0.5443562929092214
672,2013-11-24,2013,27,11,Sporting Kansas City,Houston Dynamo,1540.5227844485921,1519.9932520157865,80.52953243280558,80.52953243280558,0.6138596115461254
673,2013-11-25,2013,22,23,Portland Timbers,Real Salt Lake,1556.7907552339332,1541.3632149478576,75.42754028607555,75.42754028607555,0.6068751462645866
674,2013-12-07,2013,27,23,Sporting Kansas City,Real Salt Lake,1546.3148902754003,1550.4663421418263,55.84854813357401,55.84854813357401,0.5796873545382539
675,2014-03-08,2014,26,27,Seattle Sounders,Sporting Kansas City,1500.0,1500.0,60.0,60.0,0.5854986786718095
676,2014-03-09,2014,5,4,Chivas USA,Chicago Fire,1500.0,1500.0,60.0,-60.0,0.5854986786718095
677,2014-03-09,2014,8,7,DC United,Columbus Crew,1500.0,1500.0,60.0,60.0,0.5854986786718095
678,2014-03-09,2014,10,2,FC Dallas,CF Montreal,1500.0,1500.0,60.0,60.0,0.5854986786718095
679,2014-03-09,2014,11,17,Houston Dynamo,New England Revolution,1500.0,1500.0,60.0,60.0,0.5854986786718095
680,2014-03-09,2014,14,23,Los Angeles Galaxy,Real Salt Lake,1500.0,1500.0,60.0,60.0,0.5854986786718095
681,2014-03-09,2014,22,21,Portland Timbers,Philadelphia Union,1500.0,1500.0,60.0,60.0,0.5854986786718095
682,2014-03-09,2014,30,19,Vancouver Whitecaps,New York Red Bulls,1500.0,1500.0,60.0,60.0,0.5854986786718095
683,2014-03-15,2014,19,6,New York Red Bulls,Colorado Rapids,1493.782480180077,1500.0,53.78248018007707,53.78248018007707,0.5767868519878576
684,2014-03-15,2014,21,17,Philadelphia Union,New England Revolution,1501.282480180077,1493.782480180077,67.5,67.5,0.5959362978529087
685,2014-03-15,2014,26,29,Seattle Sounders,Toronto FC,1506.217519819923,1500.0,66.21751981992293,66.21751981992293,0.5941573559589034
686,2014-03-16,2014,5,30,Chivas USA,Vancouver Whitecaps,1506.217519819923,1506.217519819923,60.0,-60.0,0.5854986786718095
687,2014-03-16,2014,11,2,Houston Dynamo,CF Montreal,1506.217519819923,1493.782480180077,72.43503963984585,72.43503963984585,0.602757876329016
688,2014-03-16,2014,22,4,Portland Timbers,Chicago Fire,1498.717519819923,1493.782480180077,64.93503963984585,64.93503963984585,0.5923759391948995
689,2014-03-16,2014,25,23,San Jose Earthquakes,Real Salt Lake,1500.0,1508.782480180077,51.21751981992293,51.21751981992293,0.5731786102388976
690,2014-03-16,2014,27,10,Sporting Kansas City,FC Dallas,1493.782480180077,1506.217519819923,47.564960360154146,47.564960360154146,0.5680270135380762
691,2014-03-22,2014,6,22,Colorado Rapids,Portland Timbers,1501.151802779818,1497.3318807319995,63.81992204781841,63.81992204781841,0.5908250181274359
692,2014-03-22,2014,7,21,Columbus Crew,Philadelphia Union,1508.782480180077,1507.3434357122835,61.439044467793565,61.439044467793565,0.5875076409694582
693,2014-03-22,2014,17,30,New England Revolution,Vancouver Whitecaps,1487.7215246478706,1507.5,40.22152464787064,40.22152464787064,0.5576262217769616
694,2014-03-22,2014,23,14,Real Salt Lake,Los Angeles Galaxy,1509.8801593336605,1491.217519819923,78.66263951373753,78.66263951373753,0.6113091607761665
695,2014-03-22,2014,29,8,Toronto FC,DC United,1508.9123603393834,1491.217519819923,77.69484051946051,77.69484051946051,0.6099845925139405
696,2014-03-23,2014,2,26,CF Montreal,Seattle Sounders,1487.8238483250122,1497.3051594805395,50.51868884447276,50.51868884447276,0.5721941656494424
697,2014-03-23,2014,4,19,Chicago Fire,New York Red Bulls,1495.1681192680005,1492.6306774002592,62.537441867741336,62.537441867741336,0.589039091405936
698,2014-03-23,2014,10,5,FC Dallas,Chivas USA,1507.237925022994,1504.9350396398459,62.30288538314812,62.30288538314812,0.5887122026963248
699,2014-03-23,2014,27,25,Sporting Kansas City,San Jose Earthquakes,1492.762074977006,1498.9023208464166,53.85975413058941,53.85975413058941,0.5768954316473422
700,2014-03-29,2014,6,27,Colorado Rapids,Sporting Kansas City,1507.2894275079063,1499.108643502296,68.18078400561035,68.18078400561035,0.5968796001974367
701,2014-03-29,2014,8,4,DC United,Chicago Fire,1485.367288707632,1493.8325328969115,51.534755810720526,51.534755810720526,0.5736253104386686
702,2014-03-29,2014,21,2,Philadelphia Union,CF Montreal,1501.1560503268254,1479.2409358402706,81.91511448655478,81.91511448655478,0.6157484973842733
703,2014-03-29,2014,30,11,Vancouver Whitecaps,Houston Dynamo,1508.3643933266544,1512.1761516749878,56.18824165166666,56.18824165166666,0.5801637212811033
704,2014-03-30,2014,10,22,FC Dallas,Portland Timbers,1513.407241982549,1491.194256003911,82.21298597863802,82.21298597863802,0.6161541154410809
705,2014-03-30,2014,19,5,New York Red Bulls,Chivas USA,1493.9662637713482,1498.7657226802908,55.2005410910574,55.2005410910574,0.5787782154794376
706,2014-03-30,2014,23,29,Real Salt Lake,Toronto FC,1508.210521922018,1514.7625914516743,53.447930470343636,53.447930470343636,0.5763166819483034
707,2014-03-30,2014,25,17,San Jose Earthquakes,New England Revolution,1492.5557523211266,1486.8571313212162,65.69862099991042,65.69862099991042,0.5934368801936031
708,2014-03-30,2014,26,7,Seattle Sounders,Columbus Crew,1505.8880719652811,1514.9698655655352,50.91820639974594,50.91820639974594,0.5727570373324717
709,2014-04-05,2014,2,19,CF Montreal,New York Red Bulls,1480.9771633010348,1492.7845905391566,48.19257276187818,48.19257276187818,0.5689132826165963
710,2014-04-05,2014,4,21,Chicago Fire,Philadelphia Union,1494.9369125534915,1499.4198228660612,55.51708968743037,55.51708968743037,0.5792223930568834
711,2014-04-05,2014,7,29,Columbus Crew,Toronto FC,1523.5612211255223,1508.407341680899,75.15387944462327,75.15387944462327,0.6064992472011304
712,2014-04-05,2014,22,26,Portland Timbers,Seattle Sounders,1485.4365677355272,1497.296716405294,48.139851330233114,48.139851330233114,0.5688388501026898
713,2014-04-05,2014,30,6,Vancouver Whitecaps,Colorado Rapids,1514.6619375074379,1498.3362335049449,76.32570400249301,76.32570400249301,0.6081079677031576
714,2014-04-06,2014,5,14,Chivas USA,Los Angeles Galaxy,1499.9473959124823,1492.8871572315654,67.06023868091688,-67.06023868091688,0.595326581764435
715,2014-04-06,2014,8,17,DC United,New England Revolution,1484.262909051052,1495.7586845241203,48.504224526931694,48.504224526931694,0.5693532112178512
716,2014-04-06,2014,11,10,Houston Dynamo,FC Dallas,1505.8786074942043,1519.164930250933,46.71367724327138,46.71367724327138,0.5668241974539852
717,2014-04-06,2014,27,23,Sporting Kansas City,Real Salt Lake,1508.0618375052575,1514.5657716927933,53.49606581246417,53.49606581246417,0.5763843390094378
718,2014-04-12,2014,2,4,CF Montreal,Chicago Fire,1479.9434640617858,1493.7485766576383,46.194887404147494,46.194887404147494,0.566090788708328
719,2014-04-12,2014,17,11,New England Revolution,Houston Dynamo,1489.298982692388,1497.3762445323946,51.922738159993514,51.922738159993514,0.5741714652951385
720,2014-04-12,2014,21,23,Philadelphia Union,Real Salt Lake,1500.6081587619144,1515.711536777935,44.89662198397946,44.89662198397946,0.5642541798104389
721,2014-04-12,2014,29,6,Toronto FC,Colorado Rapids,1517.504830388916,1507.4578530204922,70.04697736842377,70.04697736842377,0.5994617291221432
722,2014-04-13,2014,8,19,DC United,New York Red Bulls,1490.7226108827842,1493.8182897784056,56.904321104378596,56.904321104378596,0.581167419934683
723,2014-04-13,2014,10,26,FC Dallas,Seattle Sounders,1527.6672932127426,1498.3292991568344,89.33799405590821,89.33799405590821,0.6258071226161034
724,2014-04-13,2014,14,30,Los Angeles Galaxy,Vancouver Whitecaps,1501.817055958032,1505.5403179918906,56.276737966141354,56.276737966141354,0.5802877989624808
725,2014-04-13,2014,22,5,Portland Timbers,Chivas USA,1484.403984983987,1491.0174971860158,53.386487797971085,53.386487797971085,0.5762303164928502
726,2014-04-13,2014,25,7,San Jose Earthquakes,Columbus Crew,1483.6541991182226,1514.4637324175053,29.190466700717252,29.190466700717252,0.5419098930256506
727,2014-04-17,2014,19,21,New York Red Bulls,Philadelphia Union,1487.535801077426,1499.6443460647579,47.891455012668075,47.891455012668075,0.5684881205201457
728,2014-04-19,2014,4,17,Chicago Fire,New England Revolution,1494.7399384882633,1495.686410712961,59.0535277753022,59.0535277753022,0.5841758101351112
729,2014-04-19,2014,6,25,Colorado Rapids,San Jose Earthquakes,1516.4497789573243,1483.0255507228378,93.42422823448646,93.42422823448646,0.6312988846141094
730,2014-04-19,2014,21,11,Philadelphia Union,Houston Dynamo,1493.17166787256,1490.9888165118216,62.18285136073837,62.18285136073837,0.588544887447281
731,2014-04-20,2014,5,26,Chivas USA,Seattle Sounders,1492.1609519334086,1507.716405996076,44.44454593733258,-44.44454593733258,0.5636142275329612
732,2014-04-20,2014,7,8,Columbus Crew,DC United,1515.09238081289,1497.005099583764,78.08728122912612,78.08728122912612,0.6105218992706415
733,2014-04-20,2014,10,29,FC Dallas,Toronto FC,1518.280186373501,1508.5129044520838,69.76728192141718,69.76728192141718,0.5990750808852892
734,2014-04-20,2014,23,22,Real Salt Lake,Portland Timbers,1516.6753494750915,1483.2605302365941,93.41481923849733,93.41481923849733,0.6312862776202126
735,2014-04-20,2014,27,2,Sporting Kansas City,CF Montreal,1506.9160724201158,1478.9521022311608,87.96397018895505,87.96397018895505,0.6239530954385922
736,2014-04-20,2014,30,14,Vancouver Whitecaps,Los Angeles Galaxy,1499.2446349763277,1508.1127389735948,51.1318960027329,-51.1318960027329,0.5730580227950478
737,2014-04-24,2014,19,11,New York Red Bulls,Houston Dynamo,1494.0084792696239,1492.3169898235308,61.6914894460931,61.6914894460931,0.5878597657268355
738,2014-04-26,2014,2,21,CF Montreal,Philadelphia Union,1473.3113986627397,1491.8434945608508,41.46790410188896,41.46790410188896,0.559395341226569
739,2014-04-26,2014,26,6,Seattle Sounders,Colorado Rapids,1516.1706194090705,1514.4802956881126,61.69032372095785,61.69032372095785,0.5878581399128128
740,2014-04-27,2014,7,19,Columbus Crew,New York Red Bulls,1513.4345523238305,1500.1905827837213,73.24396954010922,73.24396954010922,0.6038723151454908
741,2014-04-27,2014,8,10,DC United,FC Dallas,1498.6629280728234,1524.2940601602218,34.36886791260167,34.36886791260167,0.5493000734401629
742,2014-04-27,2014,11,22,Houston Dynamo,Portland Timbers,1486.1348863094333,1477.7298244008973,68.40506190853603,68.40506190853603,0.5971902058245261
743,2014-04-27,2014,17,27,New England Revolution,Sporting Kansas City,1496.9490478649877,1512.5567759885369,44.39227187645088,-44.39227187645088,0.5635402154243653
744,2014-04-27,2014,23,30,Real Salt Lake,Vancouver Whitecaps,1522.2060553107883,1498.148764634402,84.0572906763864,84.0572906763864,0.6186619293622441
745,2014-04-27,2014,25,5,San Jose Earthquakes,Chivas USA,1484.9950339920495,1483.706738520414,61.288295471635365,61.288295471635365,0.5872973248757355
746,2014-05-03,2014,29,17,Toronto FC,New England Revolution,1502.499030665363,1503.4959446336222,59.00308603174085,59.00308603174085,0.5841052743152129
747,2014-05-04,2014,4,23,Chicago Fire,Real Salt Lake,1493.4773013362367,1520.4261263703547,33.051174965881955,33.051174965881955,0.5474215032944486
748,2014-05-04,2014,5,11,Chivas USA,Houston Dynamo,1477.5161983935502,1484.6770332220653,52.839165171484865,-52.839165171484865,0.5754607803060653
749,2014-05-04,2014,6,14,Colorado Rapids,Los Angeles Galaxy,1508.2981677868047,1509.2086093155206,59.089558471284136,-59.089558471284136,0.5842261919820733
750,2014-05-04,2014,10,19,FC Dallas,New York Red Bulls,1517.5335612618242,1501.7486675109037,75.78489375092045,75.78489375092045,0.6073658144784075
751,2014-05-04,2014,22,8,Portland Timbers,DC United,1479.1876774882653,1505.423426971221,33.764250517044275,33.764250517044275,0.5484382713023712
752,2014-05-04,2014,26,21,Seattle Sounders,Philadelphia Union,1522.3527473103782,1485.2344246792493,97.11832263112888,97.11832263112888,0.6362345527809443
753,2014-05-04,2014,27,7,Sporting Kansas City,Columbus Crew,1506.0098792199024,1511.8764675966481,54.13341162325423,54.13341162325423,0.5772798951879317
754,2014-05-04,2014,30,25,Vancouver Whitecaps,San Jose Earthquakes,1499.9286935748355,1491.1855741189133,68.74311945592217,68.74311945592217,0.5976582391344972
755,2014-05-08,2014,11,7,Houston Dynamo,Columbus Crew,1493.3089449266563,1505.535666024467,47.773278902189304,47.773278902189304,0.5683212345770418
756,2014-05-08,2014,25,6,San Jose Earthquakes,Colorado Rapids,1485.150447705931,1514.5347749070736,30.615672798857304,30.615672798857304,0.5439458079524575
757,2014-05-08,2014,26,10,Seattle Sounders,FC Dallas,1527.809229018664,1508.423074044648,79.38615497401588,79.38615497401588,0.6122983213699673
758,2014-05-10,2014,2,27,CF Montreal,Sporting Kansas City,1479.9204685443412,1512.3506807920835,27.569787752257753,-27.569787752257753,0.5395930459509616
759,2014-05-10,2014,21,8,Philadelphia Union,DC United,1479.7779429709635,1498.6500010407567,41.127941930206816,41.127941930206816,0.5589129442613211
760,2014-05-11,2014,6,5,Colorado Rapids,Chivas USA,1515.1939620263604,1468.8842866889593,106.30967533740113,106.30967533740113,0.6483895266750637
761,2014-05-11,2014,7,30,Columbus Crew,Vancouver Whitecaps,1499.0604845431226,1505.963819987818,53.09666455530464,53.09666455530464,0.5758228705175669
762,2014-05-11,2014,17,26,New England Revolution,Seattle Sounders,1512.2575237483504,1533.6247541981145,38.632769550235935,38.632769550235935,0.5553690160945505
763,2014-05-11,2014,19,4,New York Red Bulls,Chicago Fire,1510.8591547280798,1485.26597878682,85.59317594125991,85.59317594125991,0.6207455555772329
764,2014-05-11,2014,22,14,Portland Timbers,Los Angeles Galaxy,1485.9611034187296,1502.9720021952517,42.989101223477974,-42.989101223477974,0.5615524921306446
765,2014-05-11,2014,25,10,San Jose Earthquakes,FC Dallas,1484.491260586644,1502.6075488651975,41.883711721446616,41.883711721446616,0.559985208260468
766,2014-05-12,2014,11,23,Houston Dynamo,Real Salt Lake,1499.7841264080007,1528.6374489197715,31.146677488229216,31.146677488229216,0.5447039794736961
767,2014-05-15,2014,27,21,Sporting Kansas City,Philadelphia Union,1520.444576481348,1471.3942488070436,109.0503276743043,109.0503276743043,0.6519777786254061
768,2014-05-17,2014,29,19,Toronto FC,New York Red Bulls,1493.737451550635,1501.5479713944214,52.18948015621345,52.18948015621345,0.5745468477030632
769,2014-05-18,2014,4,27,Chicago Fire,Sporting Kansas City,1494.5771621204783,1510.6649098019668,43.91225231851149,43.91225231851149,0.5628604489223296
770,2014-05-18,2014,8,2,DC United,CF Montreal,1507.0336952046766,1471.8265728550768,95.20712234959979,95.20712234959979,0.633684509075654
771,2014-05-18,2014,10,5,FC Dallas,Chivas USA,1496.0073269891045,1478.6101295890853,77.3971974000192,77.3971974000192,0.6095768988930388
772,2014-05-18,2014,11,14,Houston Dynamo,Los Angeles Galaxy,1491.6135667158953,1503.8952895772113,47.718277138684016,-47.718277138684016,0.5682435568924272
773,2014-05-18,2014,21,17,Philadelphia Union,New England Revolution,1481.1739154864247,1518.9269885069323,22.2469269794924,22.2469269794924,0.5319722173277153
774,2014-05-18,2014,22,7,Portland Timbers,Columbus Crew,1485.03781603677,1490.423141485359,54.61467455141087,54.61467455141087,0.5779557979094846
775,2014-05-18,2014,23,6,Real Salt Lake,Colorado Rapids,1536.8080086118769,1505.4681191262343,91.33988948564252,91.33988948564252,0.6285017525435671
776,2014-05-18,2014,26,25,Seattle Sounders,San Jose Earthquakes,1526.9552894395326,1491.091482462737,95.86380697679556,95.86380697679556,0.6345615522833253
777,2014-05-22,2014,8,11,DC United,Houston Dynamo,1505.028427568542,1498.089913362509,66.938514206033,66.938514206033,0.5951577622870076
778,2014-05-22,2014,14,10,Los Angeles Galaxy,FC Dallas,1497.4189429305977,1494.363673505709,63.05526942488882,63.05526942488882,0.5897604810656191
779,2014-05-24,2014,27,29,Sporting Kansas City,Toronto FC,1504.1078165358017,1500.119248835089,63.98856770071279,63.98856770071279,0.5910596896935688
780,2014-05-25,2014,6,2,Colorado Rapids,CF Montreal,1499.895645414388,1473.8318404912116,86.06380492317635,86.06380492317635,0.6213831380282375
781,2014-05-25,2014,7,4,Columbus Crew,Chicago Fire,1491.5924784540014,1501.1342553866434,50.45822306735795,50.45822306735795,0.5721089603958177
782,2014-05-25,2014,17,8,New England Revolution,DC United,1526.906571766848,1511.1010611342367,75.80551063261123,75.80551063261123,0.6073941161179586
783,2014-05-25,2014,19,22,New York Red Bulls,Portland Timbers,1495.1661741099674,1483.8684790681277,71.29769504183969,71.29769504183969,0.6011891879495184
784,2014-05-25,2014,23,10,Real Salt Lake,FC Dallas,1542.3804823237233,1488.2100807216932,114.1704016020301,114.1704016020301,0.6586350981358801
785,2014-05-25,2014,30,26,Vancouver Whitecaps,Seattle Sounders,1514.6011630455814,1532.4368661552828,42.1642968902986,42.1642968902986,0.5603831523609313
786,2014-05-26,2014,14,21,Los Angeles Galaxy,Philadelphia Union,1503.5725357146134,1473.194332226509,90.37820348810442,90.37820348810442,0.6272082711132568
787,2014-05-26,2014,25,11,San Jose Earthquakes,Houston Dynamo,1485.609905746987,1492.0172797968141,53.59262595017276,53.59262595017276,0.5765200513383688
788,2014-05-28,2014,27,19,Sporting Kansas City,New York Red Bulls,1502.7419211903982,1486.1483362907247,76.59358489967349,76.59358489967349,0.6084753955684056
789,2014-05-29,2014,5,22,Chivas USA,Portland Timbers,1480.253783072481,1492.8863168873704,47.367466185110516,47.367466185110516,0.5677480360824908
790,2014-05-31,2014,26,23,Seattle Sounders,Real Salt Lake,1533.3426134406968,1540.0009558516851,53.341657589011675,53.341657589011675,0.5761672990190694
791,2014-05-31,2014,29,7,Toronto FC,Columbus Crew,1501.4851441804924,1498.0108440480642,63.4743001324282,63.4743001324282,0.5903439536817229
792,2014-06-01,2014,2,17,CF Montreal,New England Revolution,1468.152587561635,1532.7956600250786,-4.643072463443559,-4.643072463443559,0.4933184793509313
793,2014-06-01,2014,4,14,Chicago Fire,Los Angeles Galaxy,1494.7158897925806,1509.1644116479147,45.55147814466591,-45.55147814466591,0.5651808046441614
794,2014-06-01,2014,5,21,Chivas USA,Philadelphia Union,1471.7375625312436,1467.6024562932078,64.13510623803586,-64.13510623803586,0.5912635653768028
795,2014-06-01,2014,8,27,DC United,Sporting Kansas City,1505.211972876006,1501.114790256872,64.09718261913395,-64.09718261913395,0.5912108061293548
796,2014-06-01,2014,10,25,FC Dallas,San Jose Earthquakes,1490.5896071937314,1491.9621049769114,58.62750221681995,58.62750221681995,0.5835799640152655
797,2014-06-02,2014,6,11,Colorado Rapids,Houston Dynamo,1505.5748983439644,1485.6650805668896,79.90981777707475,79.90981777707475,0.6130136751125468
798,2014-06-02,2014,22,30,Portland Timbers,Vancouver Whitecaps,1501.4025374286077,1513.6954157601674,47.70712166844032,47.70712166844032,0.5682278018771026
799,2014-06-05,2014,6,4,Colorado Rapids,Chicago Fire,1511.379693217276,1493.7381777229182,77.64151549435792,77.64151549435792,0.6099115623871606
800,2014-06-05,2014,7,23,Columbus Crew,Real Salt Lake,1491.8660033532901,1533.643465336971,18.22253801631905,18.22253801631905,0.5262003201437128
801,2014-06-07,2014,8,7,DC United,Columbus Crew,1511.3438107840657,1491.4729985511344,79.87081223293126,79.87081223293126,0.6129604080389233
802,2014-06-07,2014,11,27,Houston Dynamo,Sporting Kansas City,1479.860285693578,1494.9829523488124,44.877333344765475,-44.877333344765475,0.5642268794488003
803,2014-06-07,2014,29,25,Toronto FC,San Jose Earthquakes,1507.6299848752665,1500.7158044371404,66.9141804381261,66.9141804381261,0.5951240111221747
804,2014-06-08,2014,4,26,Chicago Fire,Seattle Sounders,1495.3868511587257,1539.7001039554107,15.686747203315008,15.686747203315008,0.5225597164441971
805,2014-06-08,2014,10,6,FC Dallas,Colorado Rapids,1481.8359077335024,1509.7310197814686,32.10488795203378,32.10488795203378,0.5460715912501256
806,2014-06-08,2014,17,19,New England Revolution,New York Red Bulls,1525.1954372153425,1487.7754672242509,97.41996999109165,97.41996999109165,0.6366363353468038
807,2014-06-08,2014,21,30,Philadelphia Union,Vancouver Whitecaps,1476.4714097738597,1522.2188327883239,14.252576985535825,14.252576985535825,0.5204996092897727
808,2014-06-08,2014,23,22,Real Salt Lake,Portland Timbers,1534.0364701391268,1492.8791204004513,101.15734973867552,101.15734973867552,0.6415984221856951
809,2014-06-09,2014,14,5,Los Angeles Galaxy,Chivas USA,1510.142123717577,1462.8686090505917,107.27351466698542,107.27351466698542,0.6496533885399521
810,2014-06-12,2014,2,8,CF Montreal,DC United,1475.7528103713712,1509.6494046634818,26.10340570788935,26.10340570788935,0.5374952963789462
811,2014-06-12,2014,22,10,Portland Timbers,FC Dallas,1502.5030967332366,1488.6448338647506,73.85826286848601,73.85826286848601,0.6047178896271914
812,2014-06-26,2014,30,2,Vancouver Whitecaps,CF Montreal,1522.5263269276704,1467.690380925687,114.83594600198353,114.83594600198353,0.6594959572262525
813,2014-06-28,2014,19,29,New York Red Bulls,Toronto FC,1497.325012254453,1513.703124708434,43.621887546019025,43.621887546019025,0.562449142026885
814,2014-06-28,2014,22,27,Portland Timbers,Sporting Kansas City,1500.9323283888286,1503.4463555405443,57.48597284828429,57.48597284828429,0.5819822030703405
815,2014-06-29,2014,5,23,Chivas USA,Real Salt Lake,1465.1134098786908,1524.4124938063414,0.7009160723494006,-0.7009160723494006,0.5010086979438378
816,2014-06-29,2014,6,30,Colorado Rapids,Vancouver Whitecaps,1502.9220936502204,1520.1338875692766,42.78820608094384,42.78820608094384,0.5612677419784144
817,2014-06-29,2014,7,10,Columbus Crew,FC Dallas,1493.1674046717183,1490.2156022091585,62.951802462559726,62.951802462559726,0.589616371183087
818,2014-06-29,2014,8,26,DC United,Seattle Sounders,1517.7118341091661,1547.5384997020735,30.173334407092625,30.173334407092625,0.5433140789967081
819,2014-06-29,2014,17,21,New England Revolution,Philadelphia Union,1515.6458921851404,1476.1639156345132,99.48197655062722,99.48197655062722,0.6393777187293693
820,2014-06-29,2014,25,14,San Jose Earthquakes,Los Angeles Galaxy,1494.642664603973,1507.897322889478,46.745341714495,-46.745341714495,0.5668689518001568
821,2014-06-30,2014,2,11,CF Montreal,Houston Dynamo,1470.0828202840808,1471.396882501846,58.68593778223476,58.68593778223476,0.5836617074202629
822,2014-07-03,2014,4,29,Chicago Fire,Toronto FC,1487.5484554120628,1514.6398618388373,32.90859357322552,32.90859357322552,0.5472181500069837
823,2014-07-03,2014,25,5,San Jose Earthquakes,Chivas USA,1486.1396303269705,1472.5982794095332,73.54135091743728,73.54135091743728,0.6042817383544694
824,2014-07-05,2014,6,7,Colorado Rapids,Columbus Crew,1509.5030775205441,1491.8231591039719,77.67991841657226,77.67991841657226,0.6099641567696522
825,2014-07-05,2014,10,21,FC Dallas,Philadelphia Union,1491.559847776905,1485.7545814154537,65.80526636145123,65.80526636145123,0.5935849870816903
826,2014-07-05,2014,11,19,Houston Dynamo,New York Red Bulls,1465.1518081131499,1496.3882751240496,28.763532989100213,-28.763532989100213,0.5412997401616211
827,2014-07-05,2014,14,22,Los Angeles Galaxy,Portland Timbers,1516.4003571664803,1492.2025953427735,84.19776182370674,84.19776182370674,0.6188526794254141
828,2014-07-05,2014,23,17,Real Salt Lake,New England Revolution,1516.927624275499,1506.0552264041999,70.8723978712992,70.8723978712992,0.6006020587749421
829,2014-07-06,2014,5,2,Chivas USA,CF Montreal,1481.6625054848503,1476.327894672777,65.33461081207338,65.33461081207338,0.5929312224893214
830,2014-07-06,2014,27,4,Sporting Kansas City,Chicago Fire,1512.1760885865995,1486.840183161958,85.3359054246414,85.3359054246414,0.6203968430078098
831,2014-07-06,2014,29,8,Toronto FC,DC United,1515.348134088942,1509.5621229242156,65.78601116472646,65.78601116472646,0.5935582471180374
832,2014-07-06,2014,30,26,Vancouver Whitecaps,Seattle Sounders,1513.5529036989528,1555.688210887024,17.864692811928762,17.864692811928762,0.5256867260083701
833,2014-07-12,2014,25,8,San Jose Earthquakes,DC United,1477.0754042516535,1518.465496630986,18.6099076206674,18.6099076206674,0.5267562263928031
834,2014-07-13,2014,2,27,CF Montreal,Sporting Kansas City,1470.2218630101167,1510.3701359414822,19.851727068634546,-19.851727068634546,0.5285378823067762
835,2014-07-13,2014,14,23,Los Angeles Galaxy,Real Salt Lake,1514.617566975099,1522.918593393875,51.69897358122398,51.69897358122398,0.5738564984521338
836,2014-07-13,2014,17,4,New England Revolution,Chicago Fire,1500.064257285824,1488.6461358070753,71.41812147874862,71.41812147874862,0.6013553856990111
837,2014-07-13,2014,19,7,New York Red Bulls,Columbus Crew,1497.007771226474,1493.4726214555167,63.53514977095733,63.53514977095733,0.59042866168429
838,2014-07-13,2014,21,6,Philadelphia Union,Colorado Rapids,1479.658356221679,1507.8536151689993,31.804741052679674,31.804741052679674,0.5456432785327243
839,2014-07-13,2014,29,11,Toronto FC,Houston Dynamo,1506.4447603821716,1464.5323120107255,101.91244837144609,101.91244837144609,0.6425973283159335
840,2014-07-13,2014,30,5,Vancouver Whitecaps,Chivas USA,1520.6676028088273,1487.7685371475104,92.89906566131685,92.89906566131685,0.6305949521008177
841,2014-07-14,2014,26,22,Seattle Sounders,Portland Timbers,1548.5735117771496,1493.9853855341548,114.5881262429948,114.5881262429948,0.6591755334081388
842,2014-07-17,2014,7,27,Columbus Crew,Sporting Kansas City,1487.329051380781,1518.2982041760838,29.03084720469724,-29.03084720469724,0.5416817872305983
843,2014-07-17,2014,14,17,Los Angeles Galaxy,New England Revolution,1521.009719498317,1491.0439265003388,89.96579299797827,89.96579299797827,0.6266530136346067
844,2014-07-17,2014,21,19,Philadelphia Union,New York Red Bulls,1478.9737070436881,1503.1513413012096,35.822365742478496,-35.822365742478496,0.5513706228087198
845,2014-07-17,2014,29,30,Toronto FC,Vancouver Whitecaps,1511.8058004574325,1511.208678527315,60.59712193011751,60.59712193011751,0.58633263347808
846,2014-07-19,2014,22,6,Portland Timbers,Colorado Rapids,1488.873018535277,1508.5382643469902,40.33475418828675,40.33475418828675,0.557787001648892
847,2014-07-19,2014,27,14,Sporting Kansas City,Los Angeles Galaxy,1526.4234309845428,1526.609924293798,59.813506690744816,59.813506690744816,0.5852381169509334
848,2014-07-20,2014,4,21,Chicago Fire,Philadelphia Union,1497.6664665925605,1485.7031477015573,71.96331889100315,71.96331889100315,0.6021075073800317
849,2014-07-20,2014,7,2,Columbus Crew,CF Montreal,1479.203824572322,1462.2937947755152,76.91002979680684,76.91002979680684,0.6089092758841492
850,2014-07-20,2014,10,17,FC Dallas,New England Revolution,1497.6560729706796,1485.4437217048578,72.21235126582178,72.21235126582178,0.6024508973888094
851,2014-07-20,2014,11,29,Houston Dynamo,Toronto FC,1459.1712719354646,1510.5108109552614,8.660460980203197,8.660460980203197,0.5124608244992539
852,2014-07-20,2014,19,25,New York Red Bulls,San Jose Earthquakes,1496.4219006433405,1469.1740608557614,87.2478397875791,87.2478397875791,0.6229853455548362
853,2014-07-20,2014,23,30,Real Salt Lake,Vancouver Whitecaps,1516.5264408706569,1512.503668029486,64.02277284117076,64.02277284117076,0.5911072813204478
854,2014-07-21,2014,8,5,DC United,Chivas USA,1526.3668400268782,1497.2274614290227,89.13937859785551,89.13937859785551,0.6255393493676394
855,2014-07-24,2014,25,4,San Jose Earthquakes,Chicago Fire,1471.018841039084,1496.13485398186,34.883987057223976,34.883987057223976,0.5500340745737134
856,2014-07-25,2014,23,2,Real Salt Lake,CF Montreal,1515.1598316508503,1456.4274339137773,118.73239773707292,118.73239773707292,0.6645146471996278
857,2014-07-26,2014,6,5,Colorado Rapids,Chivas USA,1501.9050693717236,1491.6105516695372,70.29451770218634,70.29451770218634,0.5998038231788672
858,2014-07-27,2014,17,7,New England Revolution,Columbus Crew,1479.48048516569,1485.0701854340598,54.410299731630175,54.410299731630175,0.5776688021829952
859,2014-07-27,2014,29,27,Toronto FC,Sporting Kansas City,1510.69772332275,1532.6448592302788,38.05286409247128,-38.05286409247128,0.5545445474578673
860,2014-07-27,2014,30,10,Vancouver Whitecaps,FC Dallas,1513.8702772492927,1503.6193095098474,70.25096773944529,70.25096773944529,0.5997436453501046
861,2014-07-28,2014,2,22,CF Montreal,Portland Timbers,1451.3951536217717,1495.5062135105436,15.888940111228067,15.888940111228067,0.5228500954072345
862,2014-07-29,2014,26,14,Seattle Sounders,Los Angeles Galaxy,1553.6858787760275,1520.388496048062,93.29738272796544,93.29738272796544,0.6311289108558141
863,2014-07-31,2014,4,30,Chicago Fire,Vancouver Whitecaps,1489.3853651004658,1512.3741225690412,37.011242531424614,37.011242531424614,0.553062892305333
864,2014-07-31,2014,8,29,DC United,Toronto FC,1531.9837497863637,1502.3795551108822,89.6041946754815,89.6041946754815,0.6261658933227079
865,2014-07-31,2014,17,6,New England Revolution,Colorado Rapids,1470.815453132945,1507.9080120240405,22.90744110890455,22.90744110890455,0.5329187706410337
866,2014-07-31,2014,23,19,Real Salt Lake,New York Red Bulls,1520.192111942856,1494.5771204600178,85.61499148283815,85.61499148283815,0.6207751193195462
867,2014-08-02,2014,2,29,CF Montreal,Toronto FC,1443.552402190663,1496.7720435107228,6.780358679940264,6.780358679940264,0.5097564819516224
868,2014-08-02,2014,14,22,Los Angeles Galaxy,Portland Timbers,1529.8554297108992,1503.3489649416522,86.50646476924703,86.50646476924703,0.6219824468892217
869,2014-08-02,2014,27,21,Sporting Kansas City,Philadelphia Union,1540.9630274421468,1487.2347603122578,113.72826712988899,113.72826712988899,0.6580626331129347
870,2014-08-03,2014,4,7,Chicago Fire,Columbus Crew,1488.589421715886,1493.7352174668047,54.85420424908125,54.85420424908125,0.5782920932723012
871,2014-08-03,2014,6,23,Colorado Rapids,Real Salt Lake,1500.901793583656,1518.3804851530629,42.52130843059308,42.52130843059308,0.5608893770317652
872,2014-08-03,2014,19,17,New York Red Bulls,New England Revolution,1496.3887472498109,1477.8216715733297,78.56707567648118,78.56707567648118,0.6111784410681205
873,2014-08-03,2014,25,26,San Jose Earthquakes,Seattle Sounders,1477.7683299204782,1544.2189451131903,-6.450615192712121,6.450615192712121,0.4907178850313161
874,2014-08-04,2014,5,10,Chivas USA,FC Dallas,1485.6076090172203,1505.115464190099,40.492144827121365,-40.492144827121365,0.5580104677861832
875,2014-08-04,2014,11,8,Houston Dynamo,DC United,1458.9843595679758,1537.591261386523,-18.606901818547158,-18.606901818547158,0.4732480869191748
876,2014-08-09,2014,14,25,Los Angeles Galaxy,San Jose Earthquakes,1535.525693007561,1485.4075616450084,110.1181313625525,110.1181313625525,0.6533711920802795
877,2014-08-10,2014,7,29,Columbus Crew,Toronto FC,1494.9095988658892,1504.4183907399972,50.491208125891944,50.491208125891944,0.5721554417691053
878,2014-08-10,2014,10,6,FC Dallas,Colorado Rapids,1513.4856212068917,1492.4884529281794,80.99716827871225,80.99716827871225,0.6144974995381425
879,2014-08-10,2014,21,2,Philadelphia Union,CF Montreal,1489.6056998089518,1435.9060549613887,113.69964484756315,113.69964484756315,0.6580255577798027
880,2014-08-10,2014,22,5,Portland Timbers,Chivas USA,1497.6787016449905,1477.2374520004275,80.44124964456296,80.44124964456296,0.6137391436991004
881,2014-08-10,2014,23,8,Real Salt Lake,DC United,1526.7938258085394,1529.6899826903107,57.103843118228724,57.103843118228724,0.5814469623424192
882,2014-08-11,2014,4,19,Chicago Fire,New York Red Bulls,1487.4150403168014,1502.2210706337892,45.193969683012256,45.193969683012256,0.5646749843597545
883,2014-08-11,2014,26,11,Seattle Sounders,Houston Dynamo,1536.5797133886601,1466.8856382641882,129.69407512447196,129.69407512447196,0.6784328479446065
884,2014-08-11,2014,30,27,Vancouver Whitecaps,Sporting Kansas City,1513.1700659536211,1538.5920879454527,34.57797800816843,34.57797800816843,0.5495980636649057
885,2014-08-16,2014,2,4,CF Montreal,Chicago Fire,1430.7764383280858,1493.944915551405,-3.1684772233193144,-3.1684772233193144,0.4954403211409952
886,2014-08-16,2014,11,21,Houston Dynamo,Philadelphia Union,1462.0621309833573,1494.7353164422548,27.32681454110252,27.32681454110252,0.5392455527677505
887,2014-08-16,2014,23,26,Real Salt Lake,Seattle Sounders,1533.0721213734032,1541.403220669491,51.668900703912186,51.668900703912186,0.5738141638575002
888,2014-08-17,2014,5,30,Chivas USA,Vancouver Whitecaps,1471.443539155914,1519.9260949986476,11.517444157266482,-11.517444157266482,0.5165688657089691
889,2014-08-17,2014,7,14,Columbus Crew,Los Angeles Galaxy,1486.3272672393525,1533.2251251263567,13.102142112995807,-13.102142112995807,0.5188465650232315
890,2014-08-17,2014,17,22,New England Revolution,Portland Timbers,1471.9893481893514,1503.472614489504,28.516733699847464,28.516733699847464,0.5409469700225039
891,2014-08-17,2014,25,10,San Jose Earthquakes,FC Dallas,1487.7081295262126,1519.2681587138195,28.439970812393085,28.439970812393085,0.5408372382481663
892,2014-08-17,2014,27,29,Sporting Kansas City,Toronto FC,1531.8360589004262,1513.0007223665339,78.83533653389236,78.83533653389236,0.6115453486847158
893,2014-08-18,2014,8,6,DC United,Colorado Rapids,1523.4116871254469,1486.7059154212516,96.70577170419529,96.70577170419529,0.6356847432194677
894,2014-08-21,2014,6,14,Colorado Rapids,Los Angeles Galaxy,1481.2411865695435,1526.0078236017052,15.233362967838275,-15.233362967838275,0.5219085343887785
895,2014-08-21,2014,26,25,Seattle Sounders,San Jose Earthquakes,1535.0104331273535,1479.59557095249,115.4148621748634,115.4148621748634,0.660243910750153
896,2014-08-23,2014,10,23,FC Dallas,Real Salt Lake,1527.380717287542,1539.4649089155407,47.915808372001266,47.915808372001266,0.5685225099165971
897,2014-08-24,2014,7,11,Columbus Crew,Houston Dynamo,1493.544568764004,1468.973447691841,84.5711210721629,84.5711210721629,0.6193594970019811
898,2014-08-24,2014,14,30,Los Angeles Galaxy,Vancouver Whitecaps,1533.836451617537,1520.174627984282,73.66182363325493,73.66182363325493,0.6044475589752135
899,2014-08-24,2014,17,5,New England Revolution,Chivas USA,1471.375143639014,1471.1950061702796,60.1801374687343,60.1801374687343,0.585750314832757
900,2014-08-24,2014,19,2,New York Red Bulls,CF Montreal,1495.6911953991855,1438.3448335109708,117.34636188821469,117.34636188821469,0.662733595985102
901,2014-08-24,2014,22,26,Portland Timbers,Seattle Sounders,1504.0868190398414,1532.6067744661011,31.480044573740315,31.480044573740315,0.5451798572563936
902,2014-08-24,2014,27,8,Sporting Kansas City,DC United,1537.6628786701556,1528.876415977155,68.78646269300066,68.78646269300066,0.5977182340546656
903,2014-08-24,2014,29,4,Toronto FC,Chicago Fire,1507.1739025968045,1486.37652036852,80.7973822282845,80.7973822282845,0.6142250253786767
904,2014-08-25,2014,21,25,Philadelphia Union,San Jose Earthquakes,1487.823999733771,1481.9992296137425,65.82477012002846,65.82477012002846,0.5936120716611613
905,2014-08-28,2014,14,8,Los Angeles Galaxy,DC United,1539.7697382329088,1537.8421894879748,61.92754874493403,61.92754874493403,0.5881889534628305
906,2014-08-30,2014,26,6,Seattle Sounders,Colorado Rapids,1540.784472324947,1473.4125585537117,127.37191377123531,127.37191377123531,0.6755096564488298
907,2014-08-30,2014,27,11,Sporting Kansas City,Houston Dynamo,1528.6971051593357,1463.2638401468707,125.43326501246497,125.43326501246497,0.6730587027066685
908,2014-08-30,2014,29,17,Toronto FC,New England Revolution,1505.4605272161243,1477.5888889165226,87.87163829960173,87.87163829960173,0.6238283771954953
909,2014-08-31,2014,2,7,CF Montreal,Columbus Crew,1433.2858374507473,1499.2541763089744,-5.968338858227071,5.968338858227071,0.49141171471019446
910,2014-08-31,2014,4,10,Chicago Fire,FC Dallas,1488.0898957492002,1533.852879638793,14.23701611040724,14.23701611040724,0.5204772529920049
911,2014-08-31,2014,8,19,DC United,New York Red Bulls,1531.6650237899173,1500.750191459409,90.91483233050826,90.91483233050826,0.6279302704235904
912,2014-08-31,2014,25,23,San Jose Earthquakes,Real Salt Lake,1475.90341068866,1532.9927465642897,2.9106641243702143,-2.9106641243702143,0.504188684397833
913,2014-08-31,2014,30,22,Vancouver Whitecaps,Portland Timbers,1514.2413413689103,1495.9091211809955,78.3322201879148,78.3322201879148,0.6108571194162573
914,2014-09-01,2014,5,14,Chivas USA,Los Angeles Galaxy,1464.981260892771,1545.9469039309663,-20.965643038195367,20.965643038195367,0.4698645837372286
915,2014-09-04,2014,5,26,Chivas USA,Seattle Sounders,1457.9332921367125,1545.6518274782145,-27.718535341502047,27.718535341502047,0.4601942385660512
916,2014-09-04,2014,17,27,New England Revolution,Sporting Kansas City,1486.946314574455,1518.6012246187356,28.34508995571946,28.34508995571946,0.54070160154771
917,2014-09-04,2014,21,29,Philadelphia Union,Toronto FC,1493.9198186588535,1496.1031015581918,57.81671710066166,57.81671710066166,0.5824453135041793
918,2014-09-06,2014,14,6,Los Angeles Galaxy,Colorado Rapids,1552.9948726870248,1468.5452034004443,144.4496692865805,144.4496692865805,0.6966760477107483
919,2014-09-06,2014,29,21,Toronto FC,Philadelphia Union,1489.8397812607545,1500.1831389562908,49.65664230446373,49.65664230446373,0.5709790118141201
920,2014-09-07,2014,7,5,Columbus Crew,Chivas USA,1491.6253520296273,1451.0303785582216,100.59497347140564,100.59497347140564,0.64085366512794
921,2014-09-07,2014,11,2,Houston Dynamo,CF Montreal,1473.3597206874708,1440.9146617300944,92.44505895737643,92.44505895737643,0.629985949307967
922,2014-09-07,2014,19,27,New York Red Bulls,Sporting Kansas City,1495.169145515763,1511.7117486419513,43.457396873811604,43.457396873811604,0.5622160999080756
923,2014-09-07,2014,22,25,Portland Timbers,San Jose Earthquakes,1505.0719779722394,1475.8405804226925,89.23139754954695,89.23139754954695,0.6256634188331028
924,2014-09-07,2014,23,10,Real Salt Lake,FC Dallas,1533.0555768302572,1526.660038433673,66.39553839658424,66.39553839658424,0.5944044363262326
925,2014-09-07,2014,30,8,Vancouver Whitecaps,DC United,1505.0784845776664,1537.2460697335634,27.832414844102914,27.832414844102914,0.5399686042498391
926,2014-09-08,2014,17,4,New England Revolution,Chicago Fire,1493.8357905512394,1495.2827369543202,58.5530535969192,58.5530535969192,0.5834758138679284
927,2014-09-11,2014,2,14,CF Montreal,Los Angeles Galaxy,1435.364450969714,1557.5447319713635,-62.18028100164952,62.18028100164952,0.41145869559655085
928,2014-09-11,2014,19,8,New York Red Bulls,DC United,1501.7359040171418,1537.8455987973111,23.89030521983068,23.89030521983068,0.5343268287209999
929,2014-09-11,2014,30,25,Vancouver Whitecaps,San Jose Earthquakes,1504.4789555139187,1477.725531705189,86.75342380872962,86.75342380872962,0.6223166383445679
930,2014-09-13,2014,5,27,Chivas USA,Sporting Kansas City,1445.6431835351407,1505.1449901405724,0.4981933945682613,-0.4981933945682613,0.5007169574359684
931,2014-09-13,2014,21,19,Philadelphia Union,New York Red Bulls,1508.7478241335027,1508.7210015863268,60.026822547175925,60.026822547175925,0.5855361502357712
932,2014-09-13,2014,26,23,Seattle Sounders,Real Salt Lake,1552.5547410567053,1539.1395102853637,73.41523077134161,73.41523077134161,0.6041081188200622
933,2014-09-14,2014,4,29,Chicago Fire,Toronto FC,1489.034874162339,1481.2750960835426,67.75977807879644,67.75977807879644,0.5962963334926492
934,2014-09-14,2014,6,22,Colorado Rapids,Portland Timbers,1463.9953441161056,1503.1870266897429,20.80831742636269,20.80831742636269,0.5299098228160137
935,2014-09-14,2014,10,30,FC Dallas,Vancouver Whitecaps,1520.5761049785665,1510.1442059387502,70.43189903981624,70.43189903981624,0.5999936385173846
936,2014-09-14,2014,11,7,Houston Dynamo,Columbus Crew,1478.9099314478512,1497.0125470527082,41.897384395143035,41.897384395143035,0.5600046015252804
937,2014-09-14,2014,17,2,New England Revolution,CF Montreal,1500.0836533432205,1436.6925705357658,123.39108280745472,123.39108280745472,0.67046659918342
938,2014-09-14,2014,25,14,San Jose Earthquakes,Los Angeles Galaxy,1472.0602812803575,1556.2166124053117,-24.15633112495425,24.15633112495425,0.46529215378912514
939,2014-09-20,2014,22,30,Portland Timbers,Vancouver Whitecaps,1503.6356740319832,1504.144110516511,59.49156351547208,59.49156351547208,0.5847881974182015
940,2014-09-20,2014,23,6,Real Salt Lake,Colorado Rapids,1533.2011320676647,1463.5466967738653,129.65443529379945,129.65443529379945,0.678383064640685
941,2014-09-21,2014,2,25,CF Montreal,San Jose Earthquakes,1431.749569523517,1472.5808989735206,19.168670549996477,19.168670549996477,0.52755797851953
942,2014-09-21,2014,4,8,Chicago Fire,DC United,1487.5904291599493,1530.8605012281262,16.729927931823113,16.729927931823113,0.5240577105481409
943,2014-09-21,2014,7,17,Columbus Crew,New England Revolution,1497.9126160755875,1505.0266543554692,52.8859617201183,52.8859617201183,0.5755265906617583
944,2014-09-21,2014,14,10,Los Angeles Galaxy,FC Dallas,1555.6959947121486,1526.5762004008056,89.11979431134296,89.11979431134296,0.6255129416772737
945,2014-09-21,2014,19,26,New York Red Bulls,Seattle Sounders,1510.0040438398635,1558.4931192744043,11.510924565459163,11.510924565459163,0.5165594935592764
946,2014-09-21,2014,21,11,Philadelphia Union,Houston Dynamo,1507.464781879966,1478.009862424972,89.45491945499407,89.45491945499407,0.6259647253644677
947,2014-09-21,2014,29,5,Toronto FC,Chivas USA,1482.7195410859324,1438.1324291736012,104.58711191233124,104.58711191233124,0.6461255880668058
948,2014-09-25,2014,10,26,FC Dallas,Seattle Sounders,1520.9588945259648,1551.2415116777934,29.717382848171383,29.717382848171383,0.5426627624511525
949,2014-09-27,2014,8,21,DC United,Philadelphia Union,1531.2213668863483,1505.575310999499,85.64605588684935,85.64605588684935,0.6208172152843915
950,2014-09-27,2014,26,5,Seattle Sounders,Chivas USA,1544.3814531145606,1432.8243129946034,171.55714011995724,171.55714011995724,0.7286061589124936
951,2014-09-27,2014,27,17,Sporting Kansas City,New England Revolution,1512.655744502112,1498.6595532153956,73.99619128671634,73.99619128671634,0.6049076621360306
952,2014-09-27,2014,29,22,Toronto FC,Portland Timbers,1488.0276572649302,1509.86385107071,38.163806194220115,38.163806194220115,0.554702300470757
953,2014-09-28,2014,6,25,Colorado Rapids,San Jose Earthquakes,1458.7224427434755,1465.4942686513134,53.228174092162135,53.228174092162135,0.5760077650871811
954,2014-09-28,2014,7,2,Columbus Crew,CF Montreal,1504.279717215661,1438.8361998457242,125.4435173699369,125.4435173699369,0.6730716893743586
955,2014-09-28,2014,11,4,Houston Dynamo,Chicago Fire,1479.899333305439,1487.2295635017272,52.669769803711915,52.669769803711915,0.5752225359075079
956,2014-09-28,2014,30,23,Vancouver Whitecaps,Real Salt Lake,1497.9159334777842,1538.0253860980545,19.890547379729696,19.890547379729696,0.5285935668754775
957,2014-09-29,2014,14,19,Los Angeles Galaxy,New York Red Bulls,1561.3133005869895,1517.2556514364744,104.05764915051509,104.05764915051509,0.6454283993561947
958,2014-10-03,2014,21,4,Philadelphia Union,Chicago Fire,1499.8875692287647,1480.8579015403398,79.02966768842498,79.02966768842498,0.6118110617367571
959,2014-10-04,2014,8,27,DC United,Sporting Kansas City,1536.9091086570825,1503.5821295700714,93.32697908701107,-93.32697908701107,0.6311685730717145
960,2014-10-04,2014,19,11,New York Red Bulls,Houston Dynamo,1511.9370774268173,1486.2709952668265,85.66608215999076,85.66608215999076,0.6208443523038799
961,2014-10-05,2014,4,2,Chicago Fire,CF Montreal,1482.5350674663912,1433.9322751863397,108.60279228005152,108.60279228005152,0.6513929983901148
962,2014-10-05,2014,6,26,Colorado Rapids,Seattle Sounders,1457.582326267168,1548.4523607308731,-30.870034463705224,30.870034463705224,0.4556909873804615
963,2014-10-05,2014,14,29,Los Angeles Galaxy,Toronto FC,1566.6318745966466,1494.7071227578688,131.92475183877787,131.92475183877787,0.6812277783425426
964,2014-10-05,2014,17,7,New England Revolution,Columbus Crew,1507.7331681474361,1509.1836418750456,58.549526272390494,58.549526272390494,0.5834708791204382
965,2014-10-05,2014,25,22,San Jose Earthquakes,Portland Timbers,1466.634385127621,1503.1843855777715,23.449999549849508,23.449999549849508,0.5336961099899362
966,2014-10-05,2014,30,10,Vancouver Whitecaps,FC Dallas,1504.987029974652,1527.8189530891975,37.16807688545441,37.16807688545441,0.5532860423598805
967,2014-10-06,2014,5,23,Chivas USA,Real Salt Lake,1428.7534053782908,1530.9542896011867,-42.200884222895866,42.200884222895866,0.43956496281855356
968,2014-10-09,2014,22,25,Portland Timbers,San Jose Earthquakes,1511.1898272276205,1458.628943477772,112.56088374984847,112.56088374984847,0.656548922326565
969,2014-10-09,2014,29,11,Toronto FC,Houston Dynamo,1489.9255394330069,1480.5836605513848,69.34187888162205,69.34187888162205,0.5984867715302491
970,2014-10-11,2014,2,17,CF Montreal,New England Revolution,1436.2031701621913,1513.9811049606296,-17.77793479843831,17.77793479843831,0.4744378008836015
971,2014-10-11,2014,26,30,Seattle Sounders,Vancouver Whitecaps,1555.2877255415801,1511.6877393392538,103.59998620232636,103.59998620232636,0.644825257256494
972,2014-10-11,2014,27,4,Sporting Kansas City,Chicago Fire,1505.549658166147,1480.2641724905395,85.28548567560756,85.28548567560756,0.6203284879043554
973,2014-10-12,2014,5,6,Chivas USA,Colorado Rapids,1437.1599309360126,1450.746961456461,46.41296947955175,-46.41296947955175,0.5663991249242732
974,2014-10-12,2014,11,8,Houston Dynamo,DC United,1489.5609621243386,1534.9415800610068,14.619382063331841,14.619382063331841,0.5210265739005198
975,2014-10-12,2014,19,29,New York Red Bulls,Toronto FC,1517.624412142259,1480.948237860053,96.67617428220592,96.67617428220592,0.6356452848833417
976,2014-10-12,2014,21,7,Philadelphia Union,Columbus Crew,1498.2104033027133,1502.935705061852,55.2746982408612,55.2746982408612,0.5788822834572718
977,2014-10-12,2014,23,25,Real Salt Lake,San Jose Earthquakes,1522.547764043465,1453.4771773126706,129.07058673079428,129.07058673079428,0.677649345479985
978,2014-10-13,2014,10,14,FC Dallas,Los Angeles Galaxy,1521.1182437245957,1571.4134579215086,9.704785803087134,-9.704785803087134,0.5139626782670285
979,2014-10-17,2014,11,17,Houston Dynamo,New England Revolution,1481.7455635158308,1513.5976719738837,28.147891541947047,28.147891541947047,0.5404196777602899
980,2014-10-18,2014,6,10,Colorado Rapids,FC Dallas,1444.242948330325,1528.4088035505902,-24.165855220265257,24.165855220265257,0.46527851358436584
981,2014-10-18,2014,22,23,Portland Timbers,Real Salt Lake,1516.341593392722,1527.3830238612652,48.95856953145676,48.95856953145676,0.5699943697504701
982,2014-10-18,2014,29,2,Toronto FC,CF Montreal,1475.482917133303,1436.5866031489372,98.89631398436586,98.89631398436586,0.6386000100875083
983,2014-10-19,2014,8,4,DC United,Chicago Fire,1542.7569786695146,1474.569099809105,128.18787886040968,128.18787886040968,0.6765383877151114
984,2014-10-19,2014,19,7,New York Red Bulls,Columbus Crew,1523.089732869009,1511.6189393137113,71.47079355529763,71.47079355529763,0.6014280698788208
985,2014-10-19,2014,21,27,Philadelphia Union,Sporting Kansas City,1489.5271690508541,1511.2447308475816,38.28243820327248,38.28243820327248,0.5548709758755276
986,2014-10-19,2014,25,30,San Jose Earthquakes,Vancouver Whitecaps,1448.6419174948703,1521.3601181981012,-12.718200703230877,12.718200703230877,0.48170520881188367
987,2014-10-20,2014,14,26,Los Angeles Galaxy,Seattle Sounders,1564.122898095514,1545.6153466827327,78.50755141278137,78.50755141278137,0.6110970110308572
988,2014-10-23,2014,23,5,Real Salt Lake,Chivas USA,1528.4329394075223,1443.6639440621486,144.7689953453737,144.7689953453737,0.6970643505270692
989,2014-10-25,2014,2,8,CF Montreal,DC United,1438.6656033002498,1547.6089028537879,-48.943299553538054,48.943299553538054,0.43002717500087123
990,2014-10-25,2014,4,11,Chicago Fire,Houston Dynamo,1469.7171756248317,1473.6392683494264,56.07790727540532,56.07790727540532,0.5800090110012919
991,2014-10-25,2014,26,14,Seattle Sounders,Los Angeles Galaxy,1547.2818018481955,1562.4564429300513,44.825358918144275,44.825358918144275,0.5641533150048097
992,2014-10-26,2014,5,25,Chivas USA,San Jose Earthquakes,1439.1199093200546,1448.916339362692,50.20356995736256,-50.20356995736256,0.571750069488637
993,2014-10-26,2014,7,21,Columbus Crew,Philadelphia Union,1520.6403603618935,1496.204104412721,84.43625594917239,84.43625594917239,0.6191764538972172
994,2014-10-26,2014,10,22,FC Dallas,Portland Timbers,1535.3879812543557,1515.2916778464648,80.0963034078909,80.0963034078909,0.6132683077834905
995,2014-10-26,2014,17,29,New England Revolution,Toronto FC,1521.7039671402881,1473.4039169819905,108.30005015829761,108.30005015829761,0.6509971560666685
996,2014-10-26,2014,30,6,Vancouver Whitecaps,Colorado Rapids,1521.0856963302795,1437.2637706265593,143.82192570372013,143.82192570372013,0.6959118884917971
997,2014-10-27,2014,27,19,Sporting Kansas City,New York Red Bulls,1504.5677954857147,1514.0683118208267,50.499483664887975,50.499483664887975,0.5721671031649965
998,2014-10-30,2014,10,30,FC Dallas,Vancouver Whitecaps,1526.1889566376033,1525.6470180029025,60.54193863470073,60.54193863470073,0.5862555838469266
999,2014-10-31,2014,19,27,New York Red Bulls,Sporting Kansas City,1522.6508183683015,1495.9852889382398,86.66552943006172,86.66552943006172,0.6221977106685934
1000,2014-11-01,2014,7,17,Columbus Crew,New England Revolution,1526.3527135534353,1526.939009799288,59.413703754147264,59.413703754147264,0.5846793661847531
1001,2014-11-02,2014,19,8,New York Red Bulls,DC United,1528.3178527082725,1546.5593104788009,41.758542229471686,41.758542229471686,0.5598076598571792
1002,2014-11-02,2014,23,14,Real Salt Lake,Los Angeles Galaxy,1532.9769741496164,1555.9187426551234,37.05823149449293,-37.05823149449293,0.5531297522876407
1003,2014-11-03,2014,10,26,FC Dallas,Seattle Sounders,1532.3951228798994,1553.8195021231234,38.57562075677606,38.57562075677606,0.5552877794381593
1004,2014-11-08,2014,8,19,DC United,New York Red Bulls,1539.9564253766584,1534.920737810415,65.0356875662435,65.0356875662435,0.5925158317155006
1005,2014-11-09,2014,17,7,New England Revolution,Columbus Crew,1535.7092002920592,1517.582523060664,78.1266772313952,78.1266772313952,0.6105758231656271
1006,2014-11-10,2014,14,23,Los Angeles Galaxy,Real Salt Lake,1556.715688939438,1532.1800278653018,84.53566107413621,84.53566107413621,0.6193113728838522
1007,2014-11-11,2014,26,10,Seattle Sounders,FC Dallas,1554.6488188146957,1531.565806188327,83.0830126263686,83.0830126263686,0.6173379227514161
1008,2014-11-23,2014,14,26,Los Angeles Galaxy,Seattle Sounders,1562.4260183461802,1552.8887499734244,69.53726837275576,69.53726837275576,0.598757019949159
1009,2014-11-23,2014,19,17,New York Red Bulls,New England Revolution,1528.8084752861475,1541.5505629445747,47.25791234157282,47.25791234157282,0.567593263341816
1010,2014-11-29,2014,17,19,New England Revolution,New York Red Bulls,1550.064461894702,1520.2945763360203,89.76988555868161,89.76988555868161,0.6263891324669772
1011,2014-12-01,2014,26,14,Seattle Sounders,Los Angeles Galaxy,1546.8701052726617,1568.4446630469429,38.425442225718825,38.425442225718825,0.555074287509725
1012,2014-12-07,2014,14,17,Los Angeles Galaxy,New England Revolution,1561.7707773595887,1548.1686249076972,73.60215245189147,73.60215245189147,0.6043654295832258
1013,2015-03-07,2015,8,2,DC United,CF Montreal,1500.0,1500.0,60.0,60.0,0.5854986786718095
1014,2015-03-07,2015,14,4,Los Angeles Galaxy,Chicago Fire,1500.0,1500.0,60.0,60.0,0.5854986786718095
1015,2015-03-07,2015,21,6,Philadelphia Union,Colorado Rapids,1500.0,1500.0,60.0,60.0,0.5854986786718095
1016,2015-03-07,2015,30,29,Vancouver Whitecaps,Toronto FC,1500.0,1500.0,60.0,60.0,0.5854986786718095
1017,2015-03-08,2015,10,25,FC Dallas,San Jose Earthquakes,1500.0,1500.0,60.0,60.0,0.5854986786718095
1018,2015-03-08,2015,11,7,Houston Dynamo,Columbus Crew,1500.0,1500.0,60.0,60.0,0.5854986786718095
1019,2015-03-08,2015,20,18,Orlando City,New York City,1500.0,1500.0,60.0,60.0,0.5854986786718095
1020,2015-03-08,2015,22,23,Portland Timbers,Real Salt Lake,1500.0,1500.0,60.0,60.0,0.5854986786718095
1021,2015-03-08,2015,27,19,Sporting Kansas City,New York Red Bulls,1500.0,1500.0,60.0,60.0,0.5854986786718095
1022,2015-03-09,2015,26,17,Seattle Sounders,New England Revolution,1500.0,1500.0,60.0,60.0,0.5854986786718095
1023,2015-03-13,2015,11,20,Houston Dynamo,Orlando City,1506.217519819923,1498.717519819923,67.5,67.5,0.5959362978529087
1024,2015-03-14,2015,4,30,Chicago Fire,Vancouver Whitecaps,1493.782480180077,1491.217519819923,62.564960360154146,62.564960360154146,0.5890774372974298
1025,2015-03-14,2015,7,29,Columbus Crew,Toronto FC,1493.782480180077,1508.782480180077,45.0,45.0,0.5644004902404213
1026,2015-03-15,2015,10,27,FC Dallas,Sporting Kansas City,1506.217519819923,1498.717519819923,67.5,67.5,0.5959362978529087
1027,2015-03-15,2015,18,17,New York City,New England Revolution,1501.282480180077,1493.782480180077,67.5,67.5,0.5959362978529087
1028,2015-03-15,2015,22,14,Portland Timbers,Los Angeles Galaxy,1498.717519819923,1506.217519819923,52.5,-52.5,0.5749837298179947
1029,2015-03-15,2015,23,21,Real Salt Lake,Philadelphia Union,1501.282480180077,1498.717519819923,62.564960360154146,62.564960360154146,0.5890774372974298
1030,2015-03-15,2015,26,25,Seattle Sounders,San Jose Earthquakes,1506.217519819923,1493.782480180077,72.43503963984585,72.43503963984585,0.602757876329016
1031,2015-03-21,2015,6,18,Colorado Rapids,New York City,1501.282480180077,1507.3434357122835,53.939044467793565,53.939044467793565,0.5770068368637589
1032,2015-03-21,2015,17,2,New England Revolution,CF Montreal,1487.7215246478706,1493.782480180077,53.939044467793565,53.939044467793565,0.5770068368637589
1033,2015-03-21,2015,20,30,Orlando City,Vancouver Whitecaps,1507.6565642877165,1500.0536813793844,67.60288290833205,67.60288290833205,0.5960788992957459
1034,2015-03-21,2015,21,10,Philadelphia Union,FC Dallas,1500.0536813793844,1512.2784753521294,47.77520602725508,47.77520602725508,0.5683239561491005
1035,2015-03-22,2015,14,11,Los Angeles Galaxy,Houston Dynamo,1507.3422757671929,1497.2784753521294,70.0638004150635,70.0638004150635,0.5994849811933136
1036,2015-03-22,2015,19,8,New York Red Bulls,DC United,1501.282480180077,1506.217519819923,55.064960360154146,55.064960360154146,0.578587931007608
1037,2015-03-22,2015,25,4,San Jose Earthquakes,Chicago Fire,1502.8238483250122,1484.9463186206156,77.8775297043967,77.8775297043967,0.6102347531056289
1038,2015-03-22,2015,27,22,Sporting Kansas City,Portland Timbers,1492.6565642877165,1497.592763872653,55.0638004150635,55.0638004150635,0.57858630295027
1039,2015-03-28,2015,2,20,CF Montreal,Orlando City,1494.9375827330334,1498.7153807982802,56.22220193475323,56.22220193475323,0.58021133704147
1040,2015-03-28,2015,7,19,Columbus Crew,New York Red Bulls,1500.3164728264708,1507.603661214963,52.71281161150773,52.71281161150773,0.5752830749384694
1041,2015-03-28,2015,8,14,DC United,Los Angeles Galaxy,1499.896338785037,1505.850001049293,54.04633773574392,-54.04633773574392,0.5771575745374276
1042,2015-03-28,2015,17,25,New England Revolution,San Jose Earthquakes,1486.5664220949143,1508.670327028428,37.896095066486396,37.896095066486396,0.554321612577015
1043,2015-03-28,2015,18,27,New York City,Sporting Kansas City,1508.4985382652399,1491.4777697434624,77.02076852177743,77.02076852177743,0.6090610700768593
1044,2015-03-29,2015,4,21,Chicago Fire,Philadelphia Union,1479.0998399172,1491.5288220371478,47.57101788005207,47.57101788005207,0.5680355696231735
1045,2015-03-29,2015,10,26,FC Dallas,Seattle Sounders,1520.803334694366,1497.1761516749878,83.62718301937821,83.62718301937821,0.6180776455981141
1046,2015-03-29,2015,11,6,Houston Dynamo,Colorado Rapids,1498.770750070029,1500.1273776271207,58.64337244290823,58.64337244290823,0.583602164757021
1047,2015-03-29,2015,30,22,Vancouver Whitecaps,Portland Timbers,1508.9948648688207,1498.771558416907,70.22330645191369,70.22330645191369,0.5997054211086367
1048,2015-03-30,2015,23,29,Real Salt Lake,Toronto FC,1499.9463186206156,1502.2484875336834,57.69783108693218,57.69783108693218,0.5822788651642729
1049,2015-04-04,2015,4,29,Chicago Fire,Toronto FC,1485.5793063728522,1495.9826705111475,49.596635861704726,49.596635861704726,0.570894393784792
1050,2015-04-04,2015,20,8,Orlando City,DC United,1499.9185508539022,1506.2389751669755,53.67957568692668,53.67957568692668,0.5766422466645509
1051,2015-04-05,2015,6,17,Colorado Rapids,New England Revolution,1501.381410098476,1493.2515979062591,68.12981219221683,68.12981219221683,0.5968089977694673
1052,2015-04-05,2015,22,10,Portland Timbers,FC Dallas,1492.7671397335366,1519.0321700103943,33.734969723142285,33.734969723142285,0.5483965279840088
1053,2015-04-05,2015,25,23,San Jose Earthquakes,Real Salt Lake,1501.985151217083,1506.2121356431514,55.773015573931616,55.773015573931616,0.5795814117927381
1054,2015-04-05,2015,26,11,Seattle Sounders,Houston Dynamo,1498.9473163589594,1497.5167175986737,61.43059876028565,61.43059876028565,0.5874958588611904
1055,2015-04-05,2015,30,14,Vancouver Whitecaps,Los Angeles Galaxy,1514.9992835521912,1499.5073646673545,75.49191888483665,-75.49191888483665,0.6069635579896471
1056,2015-04-06,2015,27,21,Sporting Kansas City,Philadelphia Union,1500.6136857946153,1485.0493555814955,75.56433021311977,75.56433021311977,0.6070629927608313
1057,2015-04-09,2015,30,7,Vancouver Whitecaps,Columbus Crew,1520.8948301823464,1491.6872267023937,89.2076034799527,89.2076034799527,0.6256313387907896
1058,2015-04-11,2015,10,6,FC Dallas,Colorado Rapids,1512.2581179301544,1492.429275131934,79.82884279822042,79.82884279822042,0.6129030903746631
1059,2015-04-11,2015,17,7,New England Revolution,Columbus Crew,1502.203732872801,1493.5716967842554,68.63203608854565,68.63203608854565,0.5975044662136668
1060,2015-04-11,2015,21,18,Philadelphia Union,New York City,1479.155300472908,1499.362622214087,39.79267825882107,39.79267825882107,0.5570171736880863
1061,2015-04-12,2015,8,19,DC United,New York Red Bulls,1514.8886088669437,1516.2329073390401,58.6557015279036,58.6557015279036,0.58361941158867
1062,2015-04-12,2015,11,2,Houston Dynamo,CF Montreal,1491.3291554815917,1493.7344126774115,57.594742804180214,57.594742804180214,0.5821345195239469
1063,2015-04-12,2015,22,20,Portland Timbers,Orlando City,1499.5411918137765,1491.268917153934,68.27227465984265,68.27227465984265,0.597006316290521
1064,2015-04-12,2015,25,30,San Jose Earthquakes,Vancouver Whitecaps,1493.291430040192,1519.0103601004846,34.28106993970732,-34.28106993970732,0.5491749472726793
1065,2015-04-12,2015,27,23,Sporting Kansas City,Real Salt Lake,1506.5077409032028,1514.9058568200426,51.60188408316026,51.60188408316026,0.573719818429156
1066,2015-04-13,2015,14,26,Los Angeles Galaxy,Seattle Sounders,1493.6118180371993,1505.1348784760414,48.476939561157906,48.476939561157906,0.5693147000376383
1067,2015-04-17,2015,18,21,New York City,Philadelphia Union,1492.7178798194082,1485.8000428675869,66.9178369518213,66.9178369518213,0.5951290827984734
1068,2015-04-18,2015,19,25,New York Red Bulls,San Jose Earthquakes,1517.4871985128702,1500.0538058311017,77.43339268176851,77.43339268176851,0.6096264851982242
1069,2015-04-19,2015,6,26,Colorado Rapids,Seattle Sounders,1501.622821487554,1498.674598976606,62.94822251094797,62.94822251094797,0.5896113847130136
1070,2015-04-19,2015,7,20,Columbus Crew,Orlando City,1495.0342637774604,1500.2240118982918,54.81025187916862,54.81025187916862,0.5782303903698438
1071,2015-04-19,2015,8,11,DC United,Houston Dynamo,1513.6343176931136,1497.5971376887326,76.03718000438107,76.03718000438107,0.607712088531341
1072,2015-04-19,2015,10,29,FC Dallas,Toronto FC,1503.0645715745345,1489.5460864179195,73.51848515661504,73.51848515661504,0.6042502628371386
1073,2015-04-19,2015,14,27,Los Angeles Galaxy,Sporting Kansas City,1500.0720975366348,1505.4019436267654,54.67015390986944,54.67015390986944,0.5780336963700432
1074,2015-04-19,2015,21,17,Philadelphia Union,New England Revolution,1487.226979109564,1500.741165879596,46.48581322996779,46.48581322996779,0.5665021039125279
1075,2015-04-19,2015,23,30,Real Salt Lake,Vancouver Whitecaps,1516.01165409648,1512.2479843095748,63.76366978690521,63.76366978690521,0.5907467335164464
1076,2015-04-20,2015,18,22,New York City,Portland Timbers,1491.290943577431,1490.5860970694187,60.70484650801245,60.70484650801245,0.5864830316517908
1077,2015-04-25,2015,4,18,Chicago Fire,New York City,1492.0158904660802,1482.4936981026542,69.52219236342603,69.52219236342603,0.5987361700536749
1078,2015-04-25,2015,6,10,Colorado Rapids,FC Dallas,1492.7786507168587,1509.0008176319775,43.777833084881195,43.777833084881195,0.5626700523831366
1079,2015-04-26,2015,7,21,Columbus Crew,Philadelphia Union,1501.3608079219127,1478.7294475508759,82.63136037103686,82.63136037103686,0.6167235520070234
1080,2015-04-26,2015,11,27,Houston Dynamo,Sporting Kansas City,1499.2128190167027,1499.072449072316,60.14036994438675,60.14036994438675,0.5856947669520548
1081,2015-04-26,2015,17,23,New England Revolution,Real Salt Lake,1509.2386974382841,1507.1504530937334,62.08824434455073,62.08824434455073,0.588413000435154
1082,2015-04-26,2015,19,14,New York Red Bulls,Los Angeles Galaxy,1523.3428012348968,1506.4015920910842,76.94120914381256,76.94120914381256,0.6089520168495932
1083,2015-04-26,2015,30,8,Vancouver Whitecaps,DC United,1521.1091853123214,1512.0186363651435,69.09054894717792,69.09054894717792,0.5981390623640553
1084,2015-04-27,2015,20,29,Orlando City,Toronto FC,1493.8974677538395,1483.6098403604765,70.28762739336298,70.28762739336298,0.5997943022730519
1085,2015-04-27,2015,26,22,Seattle Sounders,Portland Timbers,1507.5187697473011,1499.3833425441956,68.13542720310556,68.13542720310556,0.5968167754685244
1086,2015-04-30,2015,19,6,New York Red Bulls,Colorado Rapids,1521.708520982153,1491.8385999311117,89.86992105104127,89.86992105104127,0.6265238865418381
1087,2015-05-02,2015,11,10,Houston Dynamo,FC Dallas,1497.927397512422,1509.9408684177245,47.98652909469752,47.98652909469752,0.5686223709544125
1088,2015-05-02,2015,21,29,Philadelphia Union,Toronto FC,1472.9803008309812,1492.6067548945723,40.373545936408846,40.373545936408846,0.5578420810660772
1089,2015-05-02,2015,23,25,Real Salt Lake,San Jose Earthquakes,1500.9766481002607,1494.1982031090752,66.77844499118555,66.77844499118555,0.5949357282877419
1090,2015-05-03,2015,8,7,DC United,Columbus Crew,1520.9907223006044,1507.1099546418075,73.88076765879691,-73.88076765879691,0.6047488556017163
1091,2015-05-03,2015,14,6,Los Angeles Galaxy,Colorado Rapids,1508.035872343828,1493.7364582292394,74.29941411458867,74.29941411458867,0.6053247481769243
1092,2015-05-03,2015,17,19,New England Revolution,New York Red Bulls,1515.4125024317568,1519.8106626840254,55.60183974773145,55.60183974773145,0.5793412916956775
1093,2015-05-03,2015,22,30,Portland Timbers,Vancouver Whitecaps,1493.3355941762234,1512.1370993768605,41.198494799362834,41.198494799362834,0.5590130660180348
1094,2015-05-03,2015,27,4,Sporting Kansas City,Chicago Fire,1500.3578705765967,1498.0348479152751,62.3230226613216,62.3230226613216,0.588740270010921
1095,2015-05-04,2015,18,26,New York City,Seattle Sounders,1476.4747406534593,1513.5665181152733,22.90822253818601,-22.90822253818601,0.5329198903334738
1096,2015-05-06,2015,11,25,Houston Dynamo,San Jose Earthquakes,1489.3980619481058,1495.6222390333912,53.77582291471458,53.77582291471458,0.5767774973420774
1097,2015-05-07,2015,23,14,Real Salt Lake,Los Angeles Galaxy,1499.5526121759447,1506.4560011211743,53.09661105477039,-53.09661105477039,0.5758227952946819
1098,2015-05-09,2015,2,22,CF Montreal,Portland Timbers,1487.4664304702706,1492.4503981859527,55.01603228431782,55.01603228431782,0.5785192558311426
1099,2015-05-09,2015,4,23,Chicago Fire,Real Salt Lake,1491.8659519654389,1498.4152702465244,53.45068171891444,53.45068171891444,0.5763205490674926
1100,2015-05-09,2015,6,25,Colorado Rapids,San Jose Earthquakes,1495.3163294518931,1504.2739014935223,51.04242795837081,51.04242795837081,0.5729320120940883
1101,2015-05-09,2015,20,17,Orlando City,New England Revolution,1484.9005532197436,1521.7223830563216,23.17817016342201,23.17817016342201,0.5333066722923444
1102,2015-05-10,2015,7,26,Columbus Crew,Seattle Sounders,1501.1811874758332,1521.5603164702754,39.620871005557774,39.620871005557774,0.5567731246376056
1103,2015-05-10,2015,8,27,DC United,Sporting Kansas City,1526.9194894665786,1506.526766526433,80.39272294014563,80.39272294014563,0.6136729197899283
1104,2015-05-10,2015,10,14,FC Dallas,Los Angeles Galaxy,1518.4702039820406,1507.5933430505945,70.87686093144612,70.87686093144612,0.6006082216016075
1105,2015-05-10,2015,29,11,Toronto FC,Houston Dynamo,1500.9743861105635,1480.7463994879747,80.22798662258879,80.22798662258879,0.6134480744209215
1106,2015-05-10,2015,30,21,Vancouver Whitecaps,Philadelphia Union,1513.0222953671312,1464.61266961499,108.40962575214121,108.40962575214121,0.651140452773956
1107,2015-05-11,2015,19,18,New York Red Bulls,New York City,1513.5007820594606,1468.4809422984572,105.01983976100337,105.01983976100337,0.6466949368106821
1108,2015-05-14,2015,8,20,DC United,Orlando City,1525.2143956697298,1484.4009531353586,100.81344253437123,100.81344253437123,0.6411430654257544
1109,2015-05-16,2015,2,23,CF Montreal,Real Salt Lake,1478.7886416328033,1507.0600784825367,31.72856315026661,31.72856315026661,0.5455345611071127
1110,2015-05-16,2015,10,19,FC Dallas,New York Red Bulls,1524.4610806580165,1518.8003580073002,65.66072265071625,65.66072265071625,0.5933842436510609
1111,2015-05-16,2015,18,4,New York City,Chicago Fire,1463.1813663506175,1483.2211437294266,39.96022262119095,39.96022262119095,0.5572551408747032
1112,2015-05-17,2015,11,22,Houston Dynamo,Portland Timbers,1489.9481206042885,1501.12818702342,48.819933580868565,48.819933580868565,0.56979875549238
1113,2015-05-17,2015,17,29,New England Revolution,Toronto FC,1522.2219831407067,1491.7726649942497,90.44931814645702,90.44931814645702,0.6273039839633999
1114,2015-05-17,2015,20,14,Orlando City,Los Angeles Galaxy,1479.018099116745,1501.6024663746186,37.41563274212626,-37.41563274212626,0.5536382307935293
1115,2015-05-17,2015,25,7,San Jose Earthquakes,Columbus Crew,1505.3678816749336,1507.8295906062692,57.53829106866442,-57.53829106866442,0.5820554690583395
1116,2015-05-17,2015,30,26,Vancouver Whitecaps,Seattle Sounders,1518.2551885755217,1514.9119133398394,63.34327523568231,63.34327523568231,0.5901615374055064
1117,2015-05-18,2015,21,8,Philadelphia Union,DC United,1459.3797764065994,1530.5972496883435,-11.217473281744105,-11.217473281744105,0.48386236526727266
1118,2015-05-21,2015,27,17,Sporting Kansas City,New England Revolution,1508.2318603232818,1520.3124233812557,47.919436942026095,47.919436942026095,0.5685276337664257
1119,2015-05-23,2015,7,4,Columbus Crew,Chicago Fire,1501.5604226421442,1484.079970842547,77.48045179959718,77.48045179959718,0.6096909512022253
1120,2015-05-23,2015,14,11,Los Angeles Galaxy,Houston Dynamo,1494.9070398365216,1496.4011392719028,58.50590056461874,58.50590056461874,0.5834098451195192
1121,2015-05-23,2015,29,22,Toronto FC,Portland Timbers,1493.6822247537007,1494.6751683558057,59.007056397894985,59.007056397894985,0.5841108264495184
1122,2015-05-24,2015,2,10,CF Montreal,FC Dallas,1485.6056232161966,1523.0603170032505,22.545306212946116,22.545306212946116,0.5323998401949157
1123,2015-05-24,2015,6,30,Colorado Rapids,Vancouver Whitecaps,1494.2223492704818,1509.4027655144391,44.819583756042675,44.819583756042675,0.5641451406837001
1124,2015-05-24,2015,17,8,New England Revolution,DC United,1513.8403378877522,1522.8551851673526,50.98515272039958,50.98515272039958,0.5728513381766179
1125,2015-05-24,2015,19,21,New York Red Bulls,Philadelphia Union,1520.2011216620663,1467.1218409275903,113.07928073447601,113.07928073447601,0.6572215070197511
1126,2015-05-24,2015,23,18,Real Salt Lake,New York City,1500.2430968991434,1462.322539237497,97.9205576616464,97.9205576616464,0.6373026778285901
1127,2015-05-24,2015,26,27,Seattle Sounders,Sporting Kansas City,1523.764336400922,1514.7039458167853,69.06039058413671,69.06039058413671,0.5980973323222968
1128,2015-05-25,2015,25,20,San Jose Earthquakes,Orlando City,1511.6370496390587,1485.713525654842,85.92352398421667,85.92352398421667,0.6211931368364887
1129,2015-05-28,2015,14,23,Los Angeles Galaxy,Real Salt Lake,1501.1558921597289,1505.6835567317146,55.472335428014276,55.472335428014276,0.5791596021295885
1130,2015-05-28,2015,22,8,Portland Timbers,DC United,1488.4368307525485,1523.9479552400019,24.488875512546656,24.488875512546656,0.5351840782607167
1131,2015-05-28,2015,26,6,Seattle Sounders,Colorado Rapids,1522.2928764160877,1500.7601721602264,81.53270425586129,81.53270425586129,0.615227525084605
1132,2015-05-30,2015,27,10,Sporting Kansas City,FC Dallas,1516.1754058016197,1516.0463146061743,60.129091195445426,60.129091195445426,0.5856790122278234
1133,2015-05-30,2015,29,25,Toronto FC,San Jose Earthquakes,1499.9205623569578,1509.8191525865113,50.10140977044648,50.10140977044648,0.571606070574786
1134,2015-05-30,2015,30,23,Vancouver Whitecaps,Real Salt Lake,1502.8649426246945,1499.3709507636584,63.49399186103619,63.49399186103619,0.5903713668719514
1135,2015-05-31,2015,4,2,Chicago Fire,CF Montreal,1485.7253351105803,1492.6196256132728,53.105709497307544,53.105709497307544,0.5758355878471952
1136,2015-05-31,2015,6,22,Colorado Rapids,Portland Timbers,1494.9885850364954,1495.4090695786379,59.5795154578575,59.5795154578575,0.5849111254050154
1137,2015-05-31,2015,8,21,DC United,Philadelphia Union,1516.9757164139126,1476.9801635328865,99.99555288102601,99.99555288102601,0.6400591020827221
1138,2015-05-31,2015,18,11,New York City,Houston Dynamo,1456.882079404926,1490.1522869486955,26.72979245623037,26.72979245623037,0.5383915478834772
1139,2015-05-31,2015,20,7,Orlando City,Columbus Crew,1487.5314227073893,1499.915058374111,47.6163643332784,47.6163643332784,0.568099618987629
1140,2015-05-31,2015,26,19,Seattle Sounders,New York Red Bulls,1528.0644635398187,1510.34279905677,77.7216644830487,77.7216644830487,0.6100213268251848
1141,2015-06-01,2015,17,14,New England Revolution,Los Angeles Galaxy,1512.747567815103,1507.468498127785,65.27906968731781,65.27906968731781,0.5928540512666918
1142,2015-06-04,2015,2,30,CF Montreal,Vancouver Whitecaps,1486.2571594309807,1509.0093721216153,37.24778730936532,37.24778730936532,0.5533994492462259
1143,2015-06-04,2015,8,4,DC United,Chicago Fire,1522.3748298826717,1492.0878012928724,90.28702858979932,90.28702858979932,0.6270855447072099
1144,2015-06-04,2015,21,7,Philadelphia Union,Columbus Crew,1471.5810500641273,1500.9365526589254,30.644497405201946,30.644497405201946,0.5439869691499116
1145,2015-06-06,2015,11,19,Houston Dynamo,New York Red Bulls,1490.7281601669476,1504.4931189591478,46.235041207799895,46.235041207799895,0.5661475641746437
1146,2015-06-07,2015,4,20,Chicago Fire,Orlando City,1486.4940844634805,1486.5099284225748,59.984156040905646,59.984156040905646,0.5854765439211184
1147,2015-06-07,2015,7,2,Columbus Crew,CF Montreal,1494.096357196174,1492.9561676922872,61.14018950388686,61.14018950388686,0.5870906651444951
1148,2015-06-07,2015,8,29,DC United,Toronto FC,1527.9685467120637,1506.346471298336,81.62207541372777,81.62207541372777,0.6153493025925165
1149,2015-06-07,2015,14,30,Los Angeles Galaxy,Vancouver Whitecaps,1508.8613088967854,1502.3103638603088,66.5509450364766,66.5509450364766,0.5946200934461757
1150,2015-06-07,2015,21,18,Philadelphia Union,New York City,1478.4212455268787,1456.3062061866738,82.11503934020493,82.11503934020493,0.6160207571852762
1151,2015-06-07,2015,22,17,Portland Timbers,New England Revolution,1504.1827364597132,1511.3547570461026,52.82797941361059,52.82797941361059,0.5754450492901861
1152,2015-06-07,2015,23,6,Real Salt Lake,Colorado Rapids,1493.2265212667376,1486.21491815542,67.01160311131753,67.01160311131753,0.5952591318746657
1153,2015-06-07,2015,27,26,Sporting Kansas City,Seattle Sounders,1522.3902206182024,1533.914143637441,48.47607698076149,48.47607698076149,0.5693134825407017
1154,2015-06-08,2015,25,10,San Jose Earthquakes,FC Dallas,1503.3932436451332,1509.8314997895916,53.561743855541636,53.561743855541636,0.5764766487508146
1155,2015-06-14,2015,7,14,Columbus Crew,Los Angeles Galaxy,1485.2899972190066,1499.9420074950929,45.34798972391377,45.34798972391377,0.5648929159428765
1156,2015-06-14,2015,17,4,New England Revolution,Chicago Fire,1504.9864327854555,1477.7119363046636,87.27449648079187,87.27449648079187,0.623021385974283
1157,2015-06-14,2015,18,2,New York City,CF Montreal,1465.5465175444529,1501.7625276694546,23.78398987499827,23.78398987499827,0.5341745465855542
1158,2015-06-14,2015,26,10,Seattle Sounders,FC Dallas,1527.4538458755515,1510.9786495208539,76.47519635469757,76.47519635469757,0.6083130279010266
1159,2015-06-15,2015,20,8,Orlando City,DC United,1495.2920765813917,1518.738307173176,36.55376940821566,36.55376940821566,0.5524118598246456
1160,2015-06-20,2015,6,10,Colorado Rapids,FC Dallas,1487.6438051335401,1505.1033449393692,42.54046019417092,42.54046019417092,0.5609165297124233
1161,2015-06-20,2015,26,25,Seattle Sounders,San Jose Earthquakes,1533.3291504570361,1502.246093913871,91.08305654316518,91.08305654316518,0.6281564878861973
1162,2015-06-21,2015,2,20,CF Montreal,Orlando City,1494.7751458682378,1502.005898684022,52.76924718421583,52.76924718421583,0.5753624491042406
1163,2015-06-21,2015,8,17,DC United,New England Revolution,1512.0244850705458,1510.6411119958411,61.38337307470465,61.38337307470465,0.5874299752464741
1164,2015-06-21,2015,14,21,Los Angeles Galaxy,Philadelphia Union,1500.915401234236,1469.1809341690996,91.73446706513641,91.73446706513641,0.629031933880711
1165,2015-06-21,2015,19,30,New York Red Bulls,Vancouver Whitecaps,1497.9853324217675,1511.2296652620014,46.75566715976606,46.75566715976606,0.5668835454777468
1166,2015-06-21,2015,22,11,Portland Timbers,Houston Dynamo,1510.5510607203603,1497.235946704328,73.31511401603234,73.31511401603234,0.6039702773876577
1167,2015-06-21,2015,29,18,Toronto FC,New York City,1515.5767108372236,1472.5338993456696,103.04281149155395,103.04281149155395,0.6440903498654745
1168,2015-06-22,2015,23,27,Real Salt Lake,Sporting Kansas City,1491.7976342886175,1528.850518380092,22.947115908525575,-22.947115908525575,0.5329756193497459
1169,2015-06-25,2015,4,8,Chicago Fire,DC United,1472.057257094278,1518.2130354418487,13.844221652429269,13.844221652429269,0.5199128985598851
1170,2015-06-25,2015,7,17,Columbus Crew,New England Revolution,1484.3166034798635,1504.4525616245382,39.86404185532524,39.86404185532524,0.5571185362836923
1171,2015-06-25,2015,14,22,Los Angeles Galaxy,Portland Timbers,1506.4799222260253,1516.4915065595453,49.98841566648002,49.98841566648002,0.5714467866921854
1172,2015-06-25,2015,19,23,New York Red Bulls,Real Salt Lake,1489.4820792396013,1498.8029999983712,50.679079241230056,50.679079241230056,0.572420158765
1173,2015-06-25,2015,20,6,Orlando City,Colorado Rapids,1495.6363354205855,1486.7300571878538,68.90627823273167,68.90627823273167,0.5978840653189559
1174,2015-06-25,2015,21,26,Philadelphia Union,Seattle Sounders,1463.6164131773103,1523.9068031387433,-0.290389961432993,-0.290389961432993,0.49958209534959375
1175,2015-06-25,2015,29,2,Toronto FC,CF Montreal,1505.9153555892415,1501.1447091316743,64.77064645756718,64.77064645756718,0.5921474137013899
1176,2015-06-27,2015,10,11,FC Dallas,Houston Dynamo,1506.0170928850555,1491.295500865143,74.72159201991258,74.72159201991258,0.605905202645589
1177,2015-06-27,2015,29,8,Toronto FC,DC United,1512.0331443837206,1526.011728920247,46.02141546347366,46.02141546347366,0.5658454881597456
1178,2015-06-28,2015,17,30,New England Revolution,Vancouver Whitecaps,1497.8093396687937,1519.7329184441676,38.076421224626074,38.076421224626074,0.5545780452066662
1179,2015-06-28,2015,18,19,New York City,New York Red Bulls,1482.1952545936517,1495.8957768581263,46.29947773552544,-46.29947773552544,0.5662386705669764
1180,2015-06-28,2015,21,2,Philadelphia Union,CF Montreal,1471.1226817470663,1495.0269203371952,36.0957614098711,36.0957614098711,0.5517598861063946
1181,2015-06-28,2015,23,7,Real Salt Lake,Columbus Crew,1492.3893023798462,1490.959825435608,61.429476944238104,61.429476944238104,0.5874942938742652
1182,2015-06-28,2015,25,14,San Jose Earthquakes,Los Angeles Galaxy,1511.6684412321638,1512.9082204256426,58.76022080652115,-58.76022080652115,0.5837656126218763
1183,2015-06-28,2015,27,6,Sporting Kansas City,Colorado Rapids,1521.8451526703382,1480.6983181676383,101.1468345026999,101.1468345026999,0.6415845030700523
1184,2015-06-29,2015,22,26,Portland Timbers,Seattle Sounders,1510.063208359928,1516.4005345689873,53.662673790940744,53.662673790940744,0.5766184942187864
1185,2015-07-04,2015,11,4,Houston Dynamo,Chicago Fire,1485.3840789048268,1464.2585636158797,81.1255152889471,81.1255152889471,0.6146725051666004
1186,2015-07-04,2015,26,8,Seattle Sounders,DC United,1510.0498119822691,1526.9994112426432,43.05040073962596,43.05040073962596,0.5616393704220999
1187,2015-07-05,2015,2,18,CF Montreal,New York City,1495.8033186287912,1473.701674535147,82.10164409364415,82.10164409364415,0.6160025176659717
1188,2015-07-05,2015,6,30,Colorado Rapids,Vancouver Whitecaps,1475.3220857136891,1528.0515891222676,7.270496591421534,7.270496591421534,0.5104615586583231
1189,2015-07-05,2015,7,19,Columbus Crew,New York Red Bulls,1492.272239843722,1504.389356916631,47.88288292709103,47.88288292709103,0.5684760157147127
1190,2015-07-05,2015,10,17,FC Dallas,New England Revolution,1511.9285148453716,1489.4906689906936,82.43784585467802,82.43784585467802,0.6164602050276552
1191,2015-07-05,2015,14,29,Los Angeles Galaxy,Toronto FC,1506.6647046149708,1511.0454620613243,55.61924255364647,55.61924255364647,0.579365705524157
1192,2015-07-05,2015,23,20,Real Salt Lake,Orlando City,1491.0768879717323,1501.668074440801,49.408813530931184,49.408813530931184,0.5706295095337662
1193,2015-07-06,2015,22,25,Portland Timbers,San Jose Earthquakes,1516.4139309466461,1517.9119570428356,58.501973903810494,58.501973903810494,0.5834043514483604
1194,2015-07-11,2015,25,11,San Jose Earthquakes,Houston Dynamo,1511.663022314561,1483.6639913273277,87.99903098723325,87.99903098723325,0.6240004498663734
1195,2015-07-12,2015,2,7,CF Montreal,Columbus Crew,1486.5632808638015,1498.7450996080013,47.818181255800255,47.818181255800255,0.5683846466134577
1196,2015-07-12,2015,4,26,Chicago Fire,Seattle Sounders,1465.9786511933787,1516.6252214259378,9.353429767440957,9.353429767440957,0.5134574165017162
1197,2015-07-12,2015,6,23,Colorado Rapids,Real Salt Lake,1482.6651623338144,1490.0174453287257,52.64771700508868,52.64771700508868,0.5751915173986769
1198,2015-07-12,2015,18,29,New York City,Toronto FC,1482.9417123001367,1504.7359476441866,38.205764655950134,38.205764655950134,0.5547619600153069
1199,2015-07-12,2015,19,17,New York Red Bulls,New England Revolution,1497.9164971523517,1483.7375720661084,74.17892508624323,74.17892508624323,0.6051590326377441
1200,2015-07-12,2015,20,10,Orlando City,FC Dallas,1502.7275170838077,1517.6816117699568,45.04590531385088,45.04590531385088,0.5644654562257475
1201,2015-07-12,2015,21,22,Philadelphia Union,Portland Timbers,1470.3462834554703,1522.6628656749208,7.683417780549462,7.683417780549462,0.5110555248227134
1202,2015-07-13,2015,30,27,Vancouver Whitecaps,Sporting Kansas City,1520.7085125021424,1527.2213851242873,53.48712737785513,53.48712737785513,0.5763717757290913
1203,2015-07-16,2015,4,7,Chicago Fire,Columbus Crew,1473.276789945853,1492.2708693072032,41.00592063864974,41.00592063864974,0.5587397722305409
1204,2015-07-18,2015,14,25,Los Angeles Galaxy,San Jose Earthquakes,1512.9742190321085,1502.3030155665654,70.67120346554316,70.67120346554316,0.6003242059653991
1205,2015-07-18,2015,29,21,Toronto FC,Philadelphia Union,1505.5573770444162,1477.6804505831296,87.87692646128653,87.87692646128653,0.623835520677294
1206,2015-07-19,2015,7,4,Columbus Crew,Chicago Fire,1500.6519658906614,1464.8956933623947,95.75627252826666,95.75627252826666,0.634417994261715
1207,2015-07-19,2015,10,8,FC Dallas,DC United,1526.148593613343,1520.4240017989746,65.72459181436852,65.72459181436852,0.5934729494934957
1208,2015-07-19,2015,17,18,New England Revolution,New York City,1477.8149575556747,1482.1202828999071,55.694674655767585,55.694674655767585,0.5794715222688797
1209,2015-07-19,2015,20,19,Orlando City,New York Red Bulls,1494.2605352404214,1503.8391116627854,50.421423577636006,50.421423577636006,0.5720571023594234
1210,2015-07-19,2015,22,30,Portland Timbers,Vancouver Whitecaps,1515.3286985472614,1512.062935866206,63.26576268105532,63.26576268105532,0.5900536107229103
1211,2015-07-19,2015,23,11,Real Salt Lake,Houston Dynamo,1483.6453180897058,1493.0239980753233,50.62132001438249,50.62132001438249,0.5723387783943507
1212,2015-07-19,2015,26,6,Seattle Sounders,Colorado Rapids,1509.3270826734636,1489.0372895728342,80.28979310062937,80.28979310062937,0.6135324385463642
1213,2015-07-19,2015,27,2,Sporting Kansas City,CF Montreal,1535.8669617602236,1493.0375111645997,102.82945059562394,102.82945059562394,0.6438087490617477
1214,2015-07-25,2015,23,27,Real Salt Lake,Sporting Kansas City,1490.0602364137906,1541.2098305242973,8.850405889493231,8.850405889493231,0.5127340036716728
1215,2015-07-26,2015,2,26,CF Montreal,Seattle Sounders,1487.694642400526,1500.1240960952682,47.57054630525772,47.57054630525772,0.5680349035378265
1216,2015-07-26,2015,4,17,Chicago Fire,New England Revolution,1459.4119632763204,1484.1228847216414,35.28907855467901,35.28907855467901,0.550611142826541
1217,2015-07-26,2015,7,29,Columbus Crew,Toronto FC,1506.1356959767356,1511.1998442342567,54.93585174247892,54.93585174247892,0.5784067082999055
1218,2015-07-26,2015,8,21,DC United,Philadelphia Union,1514.326096041377,1472.037983393289,102.28811264808792,102.28811264808792,0.6430938271529458
1219,2015-07-26,2015,10,22,FC Dallas,Portland Timbers,1532.2464993709407,1513.9778943864178,78.26860498452288,78.26860498452288,0.6107700665705205
1220,2015-07-26,2015,11,14,Houston Dynamo,Los Angeles Galaxy,1486.6090797512386,1518.9693559426275,27.639723808611052,-27.639723808611052,0.5396930593360663
1221,2015-07-26,2015,18,20,New York City,Orlando City,1475.8123557339404,1485.67967870503,50.13267702891039,50.13267702891039,0.5716501443287592
1222,2015-07-27,2015,30,25,Vancouver Whitecaps,San Jose Earthquakes,1513.4137400270497,1496.3078786560463,77.10586137100336,77.10586137100336,0.6091776960593196
1223,2015-08-01,2015,18,2,New York City,CF Montreal,1482.237603569009,1494.1741188474584,48.063484721550594,48.063484721550594,0.5687310296355502
1224,2015-08-02,2015,6,14,Colorado Rapids,Los Angeles Galaxy,1498.2402761510295,1512.0647518326684,46.17552431836111,46.17552431836111,0.5660634096552499
1225,2015-08-02,2015,8,23,DC United,Real Salt Lake,1519.6796886340828,1497.3692263587154,82.3104622753674,82.3104622753674,0.6162868159672142
1226,2015-08-02,2015,17,29,New England Revolution,Toronto FC,1484.8820518640396,1512.3759448587552,32.50610700528432,32.50610700528432,0.5466440283734709
1227,2015-08-02,2015,20,7,Orlando City,Columbus Crew,1479.2544308699614,1504.959595352237,34.29483551772432,34.29483551772432,0.5491945658367043
1228,2015-08-02,2015,21,19,Philadelphia Union,New York Red Bulls,1466.6843908005833,1512.4199681981768,14.264422602406512,-14.264422602406512,0.5205166278237188
1229,2015-08-02,2015,25,22,San Jose Earthquakes,Portland Timbers,1490.4455440969361,1508.1394453849757,42.30609871196043,42.30609871196043,0.5605842354162659
1230,2015-08-02,2015,26,30,Seattle Sounders,Vancouver Whitecaps,1493.6446196483357,1519.27607458616,34.368545062175826,34.368545062175826,0.5492996133380313
1231,2015-08-02,2015,27,11,Sporting Kansas City,Houston Dynamo,1533.9008405793725,1493.5136838611977,100.38715671817477,100.38715671817477,0.6405782804976864
1232,2015-08-03,2015,4,10,Chicago Fire,FC Dallas,1458.6527961339223,1538.0849483723828,-19.432152238460503,-19.432152238460503,0.47206400858602005
1233,2015-08-06,2015,2,19,CF Montreal,New York Red Bulls,1502.7050842919916,1520.2277176155326,42.47736667645904,-42.47736667645904,0.5608270766178178
1234,2015-08-06,2015,29,20,Toronto FC,Orlando City,1505.5756052843574,1486.0165123824108,79.55909290194654,79.55909290194654,0.6125346183188396
1235,2015-08-08,2015,22,4,Portland Timbers,Chicago Fire,1509.0482089162197,1466.571836005132,102.47637291108776,102.47637291108776,0.6433425269175673
1236,2015-08-08,2015,29,27,Toronto FC,Sporting Kansas City,1511.3875860095748,1531.7921663719071,39.595419637667646,39.595419637667646,0.5567369691029935
1237,2015-08-09,2015,2,8,CF Montreal,DC United,1501.7926781427243,1525.4353863945746,36.35729174814969,36.35729174814969,0.552132196099683
1238,2015-08-09,2015,6,7,Colorado Rapids,Columbus Crew,1489.7493250062007,1498.1975138397877,51.55181116641302,51.55181116641302,0.5736493226999779
1239,2015-08-09,2015,11,25,Houston Dynamo,San Jose Earthquakes,1495.622358068663,1489.5367805656922,66.08557750297086,66.08557750297086,0.5939741962270209
1240,2015-08-09,2015,14,26,Los Angeles Galaxy,Seattle Sounders,1520.5557029774973,1485.4051254482652,95.15057752923212,95.15057752923212,0.6336089484064008
1241,2015-08-09,2015,20,21,Orlando City,Philadelphia Union,1480.2045316571935,1458.8766413832275,81.32789027396598,81.32789027396598,0.6149483902698045
1242,2015-08-09,2015,30,23,Vancouver Whitecaps,Real Salt Lake,1527.5155687862305,1491.6135285982236,95.90204018800682,95.90204018800682,0.6346125876926545
1243,2015-08-10,2015,19,18,New York Red Bulls,New York City,1521.1401237648,1473.7066381244758,107.43348564032408,107.43348564032408,0.6498629525195135
1244,2015-08-14,2015,18,8,New York City,DC United,1468.4545824122686,1533.7173693360699,-5.262786923801286,-5.262786923801286,0.4924268200074405
1245,2015-08-15,2015,25,6,San Jose Earthquakes,Colorado Rapids,1483.4463935090976,1481.144585165701,62.30180834339649,62.30180834339649,0.5887107015033232
1246,2015-08-16,2015,10,14,FC Dallas,Los Angeles Galaxy,1530.1659085011731,1526.0515687514012,64.11433974977194,64.11433974977194,0.5912346753485804
1247,2015-08-16,2015,17,11,New England Revolution,Houston Dynamo,1491.6823914384374,1501.7127451252577,49.96964631317974,49.96964631317974,0.5714203267488689
1248,2015-08-16,2015,19,29,New York Red Bulls,Toronto FC,1526.3921794770072,1503.0365314730298,83.35564800397742,83.35564800397742,0.6177086002557092
1249,2015-08-16,2015,23,22,Real Salt Lake,Portland Timbers,1486.1327174136134,1514.398071012456,31.734646401157306,31.734646401157306,0.545543242988825
1250,2015-08-16,2015,26,20,Seattle Sounders,Orlando City,1479.9092596743612,1478.4803058031464,61.428953871214844,61.428953871214844,0.5874935641618295
1251,2015-08-16,2015,27,30,Sporting Kansas City,Vancouver Whitecaps,1540.1432209084521,1532.9963799708407,67.14684093761139,67.14684093761139,0.595446676566746
1252,2015-08-17,2015,21,4,Philadelphia Union,Chicago Fire,1460.6008672372745,1461.2219739088955,59.378893328379036,59.378893328379036,0.5846307060086753
1253,2015-08-20,2015,7,18,Columbus Crew,New York City,1506.8022536802873,1476.068180112157,90.73407356813027,90.73407356813027,0.6276871348026051
1254,2015-08-20,2015,27,25,Sporting Kansas City,San Jose Earthquakes,1546.2115207599509,1489.6157329865478,116.59578777340312,116.59578777340312,0.6617671754723676
1255,2015-08-22,2015,22,11,Portland Timbers,Houston Dynamo,1522.5812196572883,1495.2840500264908,87.2971696307975,87.2971696307975,0.6230520394872525
1256,2015-08-22,2015,29,20,Toronto FC,Orlando City,1497.3021604768653,1472.2927092655739,85.00945121129143,85.00945121129143,0.6199541776729175
1257,2015-08-23,2015,2,21,CF Montreal,Philadelphia Union,1493.510695201229,1459.3314066471444,94.17928855408468,94.17928855408468,0.6323099945061949
1258,2015-08-23,2015,4,6,Chicago Fire,Colorado Rapids,1462.4914344990257,1474.9752456882509,47.51618881077479,47.51618881077479,0.5679581235482877
1259,2015-08-23,2015,7,27,Columbus Crew,Sporting Kansas City,1504.8869466582482,1536.2850131278653,28.601933530382894,28.601933530382894,0.5410687576720539
1260,2015-08-23,2015,8,25,DC United,San Jose Earthquakes,1526.1037716361814,1499.5422406186333,86.56153101754808,86.56153101754808,0.622056974034331
1261,2015-08-23,2015,14,18,Los Angeles Galaxy,New York City,1534.92008888163,1477.9834871341961,116.93660174743377,116.93660174743377,0.6622061669773417
1262,2015-08-23,2015,23,26,Real Salt Lake,Seattle Sounders,1477.949568768781,1486.0968562119338,51.85271255684734,51.85271255684734,0.5740729050215871
1263,2015-08-23,2015,30,10,Vancouver Whitecaps,FC Dallas,1526.928080119342,1521.2973883709444,65.63069174839757,65.63069174839757,0.5933425325837871
1264,2015-08-27,2015,4,19,Chicago Fire,New York Red Bulls,1453.9720626458013,1532.1265504731716,-18.154487827370303,18.154487827370303,0.47389734404696304
1265,2015-08-27,2015,6,11,Colorado Rapids,Houston Dynamo,1483.4946175414752,1497.1298306187996,46.36478692267565,46.36478692267565,0.5663310062386793
1266,2015-08-29,2015,18,7,New York City,Columbus Crew,1472.9165796388563,1511.7709152931675,21.14566434568883,21.14566434568883,0.5303935385695498
1267,2015-08-29,2015,25,14,San Jose Earthquakes,Los Angeles Galaxy,1508.8730952291482,1539.9869963769697,28.88609885217852,-28.88609885217852,0.5414749180783287
1268,2015-08-29,2015,29,2,Toronto FC,CF Montreal,1503.0028478117715,1484.0260452836362,78.9768025281353,78.9768025281353,0.6117387846722743
1269,2015-08-30,2015,6,27,Colorado Rapids,Sporting Kansas City,1489.999652447895,1529.401044492946,20.598607954948875,20.598607954948875,0.5296090957495336
1270,2015-08-30,2015,10,23,FC Dallas,Real Salt Lake,1515.1975263597012,1484.3384751934573,90.85905116624394,90.85905116624394,0.6278552470020293
1271,2015-08-30,2015,11,30,Houston Dynamo,Vancouver Whitecaps,1490.6247957123799,1533.0279421305852,17.596853581794676,17.596853581794676,0.5253022765182932
1272,2015-08-30,2015,20,4,Orlando City,Chicago Fire,1466.5920219306677,1461.8636024850969,64.72841944557081,64.72841944557081,0.5920887068441136
1273,2015-08-30,2015,21,17,Philadelphia Union,New England Revolution,1468.8160565647372,1498.1110865372043,30.70497002753291,30.70497002753291,0.5440733213872558
1274,2015-08-30,2015,26,22,Seattle Sounders,Portland Timbers,1479.7079497872576,1520.7354390649796,18.972510722278003,18.972510722278003,0.5272765306588815
1275,2015-08-31,2015,19,8,New York Red Bulls,DC United,1524.235010633876,1516.7729170256664,67.46209360820967,67.46209360820967,0.5958837533955172
1276,2015-09-06,2015,2,4,CF Montreal,Chicago Fire,1478.2021270537202,1463.2449330877585,74.95719396596178,74.95719396596178,0.6062290031441769
1277,2015-09-06,2015,17,20,New England Revolution,Orlando City,1506.2721863580132,1465.210691328006,101.06149503000711,101.06149503000711,0.6414715295928377
1278,2015-09-06,2015,25,21,San Jose Earthquakes,Philadelphia Union,1515.7509714579733,1460.6549567439283,115.09601471404494,115.09601471404494,0.659832061818273
1279,2015-09-06,2015,26,29,Seattle Sounders,Toronto FC,1486.7988018273743,1508.8267660416875,37.972035785686785,37.972035785686785,0.5544296075323438
1280,2015-09-07,2015,7,10,Columbus Crew,FC Dallas,1519.7268183717108,1520.7796976546708,58.94712071703998,58.94712071703998,0.5840270105113765
1281,2015-09-10,2015,22,27,Portland Timbers,Sporting Kansas City,1513.6445870248629,1522.3451809291892,51.2994060956737,51.2994060956737,0.5732939258165831
1282,2015-09-10,2015,30,6,Vancouver Whitecaps,Colorado Rapids,1525.9074762783596,1497.055516011652,88.85196026670769,88.85196026670769,0.6251517160498097
1283,2015-09-12,2015,19,4,New York Red Bulls,Chicago Fire,1530.2967543329432,1457.3383681349212,132.95838619802203,132.95838619802203,0.6825184807408604
1284,2015-09-13,2015,6,8,Colorado Rapids,DC United,1491.432791752399,1510.7111733265992,40.72161842579976,40.72161842579976,0.5583362365292529
1285,2015-09-13,2015,10,18,FC Dallas,New York City,1529.5401028123415,1464.960676560313,124.5794262520285,124.5794262520285,0.6719762149783115
1286,2015-09-13,2015,11,23,Houston Dynamo,Real Salt Lake,1497.7452615646055,1478.7563038984877,78.98895766611781,78.98895766611781,0.6117554035702052
1287,2015-09-13,2015,14,2,Los Angeles Galaxy,CF Montreal,1533.1091201481447,1484.1086920065575,109.00042814158724,109.00042814158724,0.6519125991439291
1288,2015-09-13,2015,21,7,Philadelphia Union,Columbus Crew,1470.5524376712024,1510.9664132140401,19.58602445716224,19.58602445716224,0.5281567345962423
1289,2015-09-13,2015,25,26,San Jose Earthquakes,Seattle Sounders,1505.8534905306992,1493.482357714389,72.37113281631014,72.37113281631014,0.6026697881705693
1290,2015-09-13,2015,29,17,Toronto FC,New England Revolution,1502.1432101546727,1511.6501134141206,50.49309674055212,50.49309674055212,0.5721581030992832
1291,2015-09-14,2015,20,27,Orlando City,Sporting Kansas City,1459.8327642718987,1523.4445898164379,-3.611825544539215,3.611825544539215,0.494802352449303
1292,2015-09-17,2015,17,19,New England Revolution,New York Red Bulls,1520.2324849606098,1535.0589771218304,45.173507838779415,45.173507838779415,0.5646460298675803
1293,2015-09-17,2015,18,29,New York City,Toronto FC,1460.0403197849878,1493.5608386081835,26.479481176804256,26.479481176804256,0.5380334250160901
1294,2015-09-17,2015,25,2,San Jose Earthquakes,CF Montreal,1504.3134437081408,1486.3873809937163,77.92606271442446,77.92606271442446,0.6103012007511778
1295,2015-09-19,2015,27,10,Sporting Kansas City,FC Dallas,1515.8666251031775,1534.4604595876667,41.40616551551079,41.40616551551079,0.5593077441783939
1296,2015-09-19,2015,29,6,Toronto FC,Colorado Rapids,1486.6313399834248,1490.5577482044603,56.073591778964555,56.073591778964555,0.5800029595152385
1297,2015-09-20,2015,2,17,CF Montreal,New England Revolution,1488.0418990049839,1526.762794512596,21.279104492387887,21.279104492387887,0.5305848603157926
1298,2015-09-20,2015,4,20,Chicago Fire,Orlando City,1452.576145346034,1467.410728985159,45.16541636087504,45.16541636087504,0.564634579916117
1299,2015-09-20,2015,8,7,DC United,Columbus Crew,1511.586216874538,1518.8887642329837,52.697452641554264,52.697452641554264,0.5752614725464125
1300,2015-09-20,2015,18,25,New York City,San Jose Earthquakes,1466.9698184097465,1502.6589256968732,24.310892712873283,24.310892712873283,0.5349291995687948
1301,2015-09-20,2015,22,19,Portland Timbers,New York Red Bulls,1512.5451781376141,1528.5286675698442,44.016510567769956,44.016510567769956,0.5630081115399231
1302,2015-09-20,2015,23,14,Real Salt Lake,Los Angeles Galaxy,1487.9326349520406,1530.8304311609859,17.102203791054762,-17.102203791054762,0.5245921905087809
1303,2015-09-20,2015,30,26,Vancouver Whitecaps,Seattle Sounders,1531.5302005376125,1495.0224045369475,96.50779600066494,96.50779600066494,0.6354207736564618
1304,2015-09-21,2015,21,11,Philadelphia Union,Houston Dynamo,1462.6300866522588,1488.5689305110525,34.06115614120631,34.06115614120631,0.5488615076361504
1305,2015-09-24,2015,2,4,CF Montreal,Chicago Fire,1495.083126100247,1444.1066266472924,110.97649945295461,110.97649945295461,0.6544894037410721
1306,2015-09-24,2015,11,27,Houston Dynamo,Sporting Kansas City,1481.8018531255948,1522.4770089405015,19.324844185093298,19.324844185093298,0.5277820421364824
1307,2015-09-26,2015,2,8,CF Montreal,DC United,1500.265785044131,1502.957294786342,57.30849025778912,57.30849025778912,0.5817336310327247
1308,2015-09-26,2015,19,20,New York Red Bulls,Orlando City,1536.973789242943,1475.8802476839007,121.09354155904225,121.09354155904225,0.667537935526108
1309,2015-09-26,2015,29,4,Toronto FC,Chicago Fire,1492.9312955906962,1438.9239677034084,114.00732788728783,114.00732788728783,0.6584240079491583
1310,2015-09-27,2015,7,22,Columbus Crew,Portland Timbers,1527.5176863211798,1504.1000564645153,83.41762985666446,83.41762985666446,0.617792852248735
1311,2015-09-27,2015,11,6,Houston Dynamo,Colorado Rapids,1488.8851224935474,1484.2577925971889,64.62732989635856,64.62732989635856,0.5919481546190023
1312,2015-09-27,2015,17,21,New England Revolution,Philadelphia Union,1519.7215674173328,1469.3971640377165,110.32440337961634,110.32440337961634,0.6536400615645256
1313,2015-09-27,2015,27,26,Sporting Kansas City,Seattle Sounders,1515.3937395725488,1504.5537161417944,70.8400234307544,-70.8400234307544,0.600557353502161
1314,2015-09-27,2015,30,18,Vancouver Whitecaps,New York City,1521.9988889327656,1473.9458804162145,108.05300851655102,108.05300851655102,0.6506739889877449
1315,2015-09-28,2015,14,10,Los Angeles Galaxy,FC Dallas,1523.6993140186175,1527.8500757503427,55.8492382682748,55.8492382682748,0.5796883224944578
1316,2015-09-28,2015,25,23,San Jose Earthquakes,Real Salt Lake,1495.6828636904052,1495.063752094409,60.61911159599617,60.61911159599617,0.5863633353537877
1317,2015-10-03,2015,8,18,DC United,New York City,1496.6832992518328,1483.7059902510307,72.97730900080205,72.97730900080205,0.6035050633458131
1318,2015-10-03,2015,29,21,Toronto FC,Philadelphia Union,1498.0549354714587,1471.7017649611844,86.35317051027437,86.35317051027437,0.6217749467438716
1319,2015-10-04,2015,4,17,Chicago Fire,New England Revolution,1433.8003278226458,1517.416966493865,-23.616638671219107,23.616638671219107,0.4660651739327101
1320,2015-10-04,2015,10,11,FC Dallas,Houston Dynamo,1521.5454005877596,1495.0059001742625,86.53950041349708,86.53950041349708,0.6220271583127901
1321,2015-10-04,2015,19,7,New York Red Bulls,Columbus Crew,1526.9607202100515,1518.2507935374488,68.7099266726027,68.7099266726027,0.5976122923107866
1322,2015-10-04,2015,20,2,Orlando City,CF Montreal,1485.8933167167922,1506.5397805786401,39.353536138152094,39.353536138152094,0.5563933259036857
1323,2015-10-04,2015,22,27,Portland Timbers,Sporting Kansas City,1513.3669492482463,1513.8853792700165,59.4815699782298,59.4815699782298,0.5847742290607638
1324,2015-10-04,2015,25,30,San Jose Earthquakes,Vancouver Whitecaps,1501.8874136600984,1512.2387790979494,49.64863456214903,49.64863456214903,0.5709677199435619
1325,2015-10-05,2015,6,23,Colorado Rapids,Real Salt Lake,1478.1370149164738,1488.8592021247157,49.27781279175815,49.27781279175815,0.5704447363359605
1326,2015-10-05,2015,26,14,Seattle Sounders,Los Angeles Galaxy,1506.0620764443267,1530.0039891812007,36.058087263126026,36.058087263126026,0.5517062490619534
1327,2015-10-08,2015,19,2,New York Red Bulls,CF Montreal,1532.9965358253896,1499.8856804671955,93.11085535819416,93.11085535819416,0.6308789039144156
1328,2015-10-08,2015,30,10,Vancouver Whitecaps,FC Dallas,1513.303294897103,1527.2149932130676,46.08830168403529,46.08830168403529,0.5659400734311589
1329,2015-10-10,2015,6,2,Colorado Rapids,CF Montreal,1469.5803438714345,1494.3488640259118,35.2314798455227,-35.2314798455227,0.5505290995441012
1330,2015-10-15,2015,10,30,FC Dallas,Vancouver Whitecaps,1528.204094314535,1512.3141937956354,75.8899005188996,75.8899005188996,0.6075099540559672
1331,2015-10-15,2015,23,22,Real Salt Lake,Portland Timbers,1497.415873169755,1504.595335812335,52.82053735742011,52.82053735742011,0.5754345831194937
1332,2015-10-15,2015,29,19,Toronto FC,New York Red Bulls,1503.7283112703008,1538.5333522666733,25.194959003627446,-25.194959003627446,0.5361950365433495
1333,2015-10-17,2015,20,18,Orlando City,New York City,1492.547416828237,1477.758566201218,74.78885062701897,74.78885062701897,0.6059976492868046
1334,2015-10-17,2015,25,27,San Jose Earthquakes,Sporting Kansas City,1500.822897860945,1522.656992705928,38.16590515501707,38.16590515501707,0.554705284960949
1335,2015-10-17,2015,29,7,Toronto FC,Columbus Crew,1510.6853857221506,1512.2149779221106,58.47040780003999,58.47040780003999,0.5833601875246112
1336,2015-10-18,2015,8,4,DC United,Chicago Fire,1502.6307233016455,1441.809350213655,120.82137308799042,120.82137308799042,0.6671901388060137
1337,2015-10-18,2015,11,26,Houston Dynamo,Seattle Sounders,1489.3363075489544,1505.2864827083974,44.049824840556994,-44.049824840556994,0.5630552927215678
1338,2015-10-18,2015,17,2,New England Revolution,CF Montreal,1509.4079441028557,1502.6068005190732,66.8011435837825,66.8011435837825,0.5949672161537563
1339,2015-10-18,2015,19,21,New York Red Bulls,Philadelphia Union,1531.5762778148235,1466.0283891623424,125.5478886524811,125.5478886524811,0.6732038814438576
1340,2015-10-18,2015,23,10,Real Salt Lake,FC Dallas,1488.7843544229627,1534.0914450036955,14.692909419267153,-14.692909419267153,0.5211322002007215
1341,2015-10-19,2015,14,22,Los Angeles Galaxy,Portland Timbers,1530.77958291713,1513.2268545591273,77.5527283580027,77.5527283580027,0.6097899549660089
1342,2015-10-22,2015,27,6,Sporting Kansas City,Colorado Rapids,1515.9775719803422,1461.322407378273,114.65516460206914,114.65516460206914,0.6592622264484722
1343,2015-10-25,2015,2,29,CF Montreal,Toronto FC,1511.5313087613795,1501.9349829092814,69.59632585209806,69.59632585209806,0.5988386921172774
1344,2015-10-25,2015,4,19,Chicago Fire,New York Red Bulls,1436.8172022957453,1536.4782195931657,-39.66101729742036,39.66101729742036,0.4431698458333677
1345,2015-10-25,2015,7,8,Columbus Crew,DC United,1520.9653807349798,1507.6228712195552,73.34250951542458,73.34250951542458,0.6040079973408853
1346,2015-10-25,2015,10,25,FC Dallas,San Jose Earthquakes,1541.9084280067063,1507.5023185865307,94.40610942017565,94.40610942017565,0.632613506244089
1347,2015-10-25,2015,18,17,New York City,New England Revolution,1471.84853094052,1500.4834358605494,31.365095079970615,-31.365095079970615,0.5450157774178609
1348,2015-10-25,2015,21,20,Philadelphia Union,Orlando City,1461.1264473840001,1498.4574520889348,22.668995295065315,22.668995295065315,0.532577091562398
1349,2015-10-25,2015,22,6,Portland Timbers,Colorado Rapids,1522.3737038836175,1471.211340775,111.16236310861746,111.16236310861746,0.6547313073471608
1350,2015-10-25,2015,26,23,Seattle Sounders,Real Salt Lake,1506.232312099221,1480.9673714199519,85.2649406792691,85.2649406792691,0.6203006332557852
1351,2015-10-25,2015,27,14,Sporting Kansas City,Los Angeles Galaxy,1506.0886385836152,1521.6327335926399,44.45590499097534,44.45590499097534,0.5636303098482346
1352,2015-10-25,2015,30,11,Vancouver Whitecaps,Houston Dynamo,1506.426843106475,1488.390478158131,78.03636494834404,78.03636494834404,0.6104522028097297
1353,2015-10-28,2015,8,17,DC United,New England Revolution,1501.6829911796685,1508.6586725218174,53.024318657851154,-53.024318657851154,0.5757211474443533
1354,2015-10-29,2015,2,29,CF Montreal,Toronto FC,1517.5487283796203,1495.9175632910406,81.63116508857979,81.63116508857979,0.6153616874114416
1355,2015-10-29,2015,26,14,Seattle Sounders,Los Angeles Galaxy,1511.9278026003842,1515.0871882403633,56.840614360020936,56.840614360020936,0.5810781519462148
1356,2015-10-30,2015,22,27,Portland Timbers,Sporting Kansas City,1527.5527342734101,1512.6341839358918,74.91855033751835,74.91855033751835,0.6061758995041401
1357,2015-11-01,2015,8,19,DC United,New York Red Bulls,1508.0471739680033,1543.1257672806662,24.92140668733714,-24.92140668733714,0.5358034038500101
1358,2015-11-01,2015,22,30,Portland Timbers,Vancouver Whitecaps,1525.960095780848,1512.270060064329,73.69003571651888,73.69003571651888,0.6044863870791706
1359,2015-11-02,2015,2,7,CF Montreal,Columbus Crew,1523.3183030684488,1526.9052607748665,56.41304229358229,56.41304229358229,0.5804788867776165
1360,2015-11-02,2015,26,10,Seattle Sounders,FC Dallas,1518.211630321191,1547.419225413045,30.792404908145954,30.792404908145954,0.5441981698537713
1361,2015-11-08,2015,7,2,Columbus Crew,CF Montreal,1520.6124440765307,1529.6111197667847,51.001324309745996,51.001324309745996,0.5728741167456763
1362,2015-11-08,2015,19,8,New York Red Bulls,DC United,1551.1628183384164,1500.0101229102531,111.15269542816327,111.15269542816327,0.6547187267275053
1363,2015-11-09,2015,10,26,FC Dallas,Seattle Sounders,1540.5821979608515,1525.0486577733845,75.533540187467,75.533540187467,0.607020713179325
1364,2015-11-09,2015,30,22,Vancouver Whitecaps,Portland Timbers,1513.8373558705166,1524.3927999746604,49.44455589585618,49.44455589585618,0.5706799198114219
1365,2015-11-22,2015,7,19,Columbus Crew,New York Red Bulls,1527.0193323253454,1556.342037437504,30.677294887841526,30.677294887841526,0.5440338028370006
1366,2015-11-23,2015,22,10,Portland Timbers,FC Dallas,1532.9529987718317,1546.4768872631616,46.4761115086701,46.4761115086701,0.5664883889499852
1367,2015-11-29,2015,10,22,FC Dallas,Portland Timbers,1539.9742130974114,1539.455672937582,60.5185401598294,60.5185401598294,0.5862229124705375
1368,2015-11-30,2015,19,7,New York Red Bulls,Columbus Crew,1549.502544480059,1533.8588252827903,75.64371919726864,75.64371919726864,0.6071719990053899
1369,2015-12-06,2015,7,22,Columbus Crew,Portland Timbers,1527.966405267871,1540.74901662464,47.21738864323106,47.21738864323106,0.5675360099393985
1370,2016-03-06,2016,4,18,Chicago Fire,New York City,1500.0,1500.0,60.0,60.0,0.5854986786718095
1371,2016-03-06,2016,10,21,FC Dallas,Philadelphia Union,1500.0,1500.0,60.0,60.0,0.5854986786718095
1372,2016-03-06,2016,11,17,Houston Dynamo,New England Revolution,1500.0,1500.0,60.0,60.0,0.5854986786718095
1373,2016-03-06,2016,19,29,New York Red Bulls,Toronto FC,1500.0,1500.0,60.0,60.0,0.5854986786718095
1374,2016-03-06,2016,20,23,Orlando City,Real Salt Lake,1500.0,1500.0,60.0,60.0,0.5854986786718095
1375,2016-03-06,2016,22,7,Portland Timbers,Columbus Crew,1500.0,1500.0,60.0,60.0,0.5854986786718095
1376,2016-03-06,2016,25,6,San Jose Earthquakes,Colorado Rapids,1500.0,1500.0,60.0,60.0,0.5854986786718095
1377,2016-03-06,2016,30,2,Vancouver Whitecaps,CF Montreal,1500.0,1500.0,60.0,60.0,0.5854986786718095
1378,2016-03-07,2016,14,8,Los Angeles Galaxy,DC United,1500.0,1500.0,60.0,60.0,0.5854986786718095
1379,2016-03-07,2016,26,27,Seattle Sounders,Sporting Kansas City,1500.0,1500.0,60.0,60.0,0.5854986786718095
1380,2016-03-12,2016,2,19,CF Montreal,New York Red Bulls,1508.782480180077,1491.217519819923,77.56496036015415,77.56496036015415,0.6098067093552056
1381,2016-03-12,2016,17,8,New England Revolution,DC United,1501.282480180077,1493.782480180077,67.5,67.5,0.5959362978529087
1382,2016-03-12,2016,20,4,Orlando City,Chicago Fire,1498.717519819923,1491.217519819923,67.5,67.5,0.5959362978529087
1383,2016-03-12,2016,23,26,Real Salt Lake,Seattle Sounders,1501.282480180077,1491.217519819923,70.06496036015415,70.06496036015415,0.599486584401617
1384,2016-03-13,2016,6,14,Colorado Rapids,Los Angeles Galaxy,1493.782480180077,1506.217519819923,47.564960360154146,-47.564960360154146,0.5680270135380762
1385,2016-03-13,2016,7,21,Columbus Crew,Philadelphia Union,1493.782480180077,1493.782480180077,60.0,60.0,0.5854986786718095
1386,2016-03-13,2016,11,10,Houston Dynamo,FC Dallas,1498.717519819923,1506.217519819923,52.5,-52.5,0.5749837298179947
1387,2016-03-13,2016,25,22,San Jose Earthquakes,Portland Timbers,1506.217519819923,1506.217519819923,60.0,60.0,0.5854986786718095
1388,2016-03-13,2016,27,30,Sporting Kansas City,Vancouver Whitecaps,1508.782480180077,1491.217519819923,77.56496036015415,77.56496036015415,0.6098067093552056
1389,2016-03-18,2016,18,20,New York City,Orlando City,1508.782480180077,1497.2784753521294,71.50400482794771,71.50400482794771,0.6014738970654301
1390,2016-03-19,2016,4,7,Chicago Fire,Columbus Crew,1492.6565642877165,1485.0,67.65656428771649,-67.65656428771649,0.5961532982371928
1391,2016-03-19,2016,19,11,New York Red Bulls,Houston Dynamo,1485.364620460251,1505.092763872653,40.271856587597995,40.271856587597995,0.5576976919239264
1392,2016-03-20,2016,8,6,DC United,Colorado Rapids,1495.2215246478706,1500.262074977006,54.959449670864615,54.959449670864615,0.5784398330006173
1393,2016-03-20,2016,10,2,FC Dallas,CF Montreal,1499.8422757671929,1514.635379539749,45.20689622744385,45.20689622744385,0.5646932758135019
1394,2016-03-20,2016,14,25,Los Angeles Galaxy,San Jose Earthquakes,1499.737925022994,1512.4350396398459,47.30288538314812,47.30288538314812,0.5676568008296202
1395,2016-03-20,2016,21,17,Philadelphia Union,New England Revolution,1502.5649603601541,1499.8434357122835,62.72152464787064,62.72152464787064,0.5892955826106585
1396,2016-03-20,2016,22,23,Portland Timbers,Real Salt Lake,1500.0,1507.2901814140528,52.70981858594723,52.70981858594723,0.5752788652704163
1397,2016-03-20,2016,26,30,Seattle Sounders,Vancouver Whitecaps,1485.2098185859472,1485.364620460251,59.84519812569624,59.84519812569624,0.5852823984473529
1398,2016-03-20,2016,27,29,Sporting Kansas City,Toronto FC,1514.635379539749,1508.782480180077,65.85289935967194,65.85289935967194,0.5936511333152111
1399,2016-03-26,2016,8,10,DC United,FC Dallas,1494.0449271528614,1506.3718766299903,47.67305052287111,-47.67305052287111,0.5681796819016698
1400,2016-03-26,2016,18,17,New York City,New England Revolution,1499.7603717240956,1493.6828694514434,66.07750227265228,66.07750227265228,0.5939629855013429
1401,2016-03-27,2016,30,11,Vancouver Whitecaps,Houston Dynamo,1494.1438564369612,1498.458229251512,55.68562718544922,55.68562718544922,0.5794588307917753
1402,2016-04-02,2016,4,21,Chicago Fire,Philadelphia Union,1491.2142648141587,1508.7255266209943,42.48873819316441,42.48873819316441,0.5608431992850822
1403,2016-04-02,2016,17,19,New England Revolution,New York Red Bulls,1495.0923142339634,1491.999155081392,63.09315915257139,63.09315915257139,0.5898132504271067
1404,2016-04-03,2016,6,29,Colorado Rapids,Toronto FC,1501.4386724720152,1502.6872471798051,58.751425292210115,58.751425292210115,0.583753310068886
1405,2016-04-03,2016,10,7,FC Dallas,Columbus Crew,1514.8945718585153,1486.4422994735578,88.4522723849575,88.4522723849575,0.624612401032544
1406,2016-04-03,2016,25,8,San Jose Earthquakes,DC United,1505.9498916522903,1485.5222319243364,80.42765972795382,80.42765972795382,0.613720598099666
1407,2016-04-03,2016,26,2,Seattle Sounders,CF Montreal,1476.430582609237,1508.1057786769516,28.324803932285477,28.324803932285477,0.540672600928498
1408,2016-04-03,2016,27,23,Sporting Kansas City,Real Salt Lake,1520.730612540021,1508.419364393109,72.31124814691202,72.31124814691202,0.6025872380465326
1409,2016-04-03,2016,30,14,Vancouver Whitecaps,Los Angeles Galaxy,1500.4519739750845,1506.2230730105496,54.22890096453489,54.22890096453489,0.5774140269012489
1410,2016-04-04,2016,20,22,Orlando City,Portland Timbers,1506.3005838081108,1498.8708170209438,67.42976678716695,67.42976678716695,0.5958389413983781
1411,2016-04-09,2016,2,7,CF Montreal,Columbus Crew,1501.2158676908791,1488.311485489046,72.90438220183319,72.90438220183319,0.6034046063290165
1412,2016-04-09,2016,8,30,DC United,Vancouver Whitecaps,1487.2280408958313,1499.2907635715658,47.93727732426555,47.93727732426555,0.5685528256917897
1413,2016-04-09,2016,17,29,New England Revolution,Toronto FC,1501.2451154775567,1496.4435468308384,64.80156864671835,64.80156864671835,0.5921904021589331
1414,2016-04-09,2016,21,20,Philadelphia Union,Orlando City,1502.1381746102704,1512.362999687135,49.77517492313541,49.77517492313541,0.5711461482783159
1415,2016-04-10,2016,10,25,FC Dallas,San Jose Earthquakes,1513.0253858430272,1504.2440826807954,68.78130316223178,68.78130316223178,0.5977110924794085
1416,2016-04-10,2016,11,26,Houston Dynamo,Seattle Sounders,1492.1501117133887,1483.3204935953095,68.82961811807922,68.82961811807922,0.5977779661024615
1417,2016-04-10,2016,19,27,New York Red Bulls,Sporting Kansas City,1485.8463538377987,1511.691803969323,34.15454986847567,34.15454986847567,0.5489946249804554
1418,2016-04-10,2016,23,6,Real Salt Lake,Colorado Rapids,1517.4581729638069,1507.682372820982,69.77580014282489,69.77580014282489,0.5990868582145513
1419,2016-04-11,2016,14,22,Los Angeles Galaxy,Portland Timbers,1507.3842834140682,1492.8084011419196,74.57588227214865,74.57588227214865,0.6057048992822291
1420,2016-04-11,2016,18,4,New York City,Chicago Fire,1498.3509269415756,1497.8016168248826,60.54931011669305,60.54931011669305,0.5862658765170623
1421,2016-04-14,2016,22,10,Portland Timbers,FC Dallas,1494.393974631153,1511.559719455836,42.83425517531691,42.83425517531691,0.561333015851833
1422,2016-04-14,2016,25,19,San Jose Earthquakes,New York Red Bulls,1505.7097490679864,1477.6114344630919,88.09831460489454,88.09831460489454,0.6241345331787439
1423,2016-04-14,2016,27,6,Sporting Kansas City,Colorado Rapids,1519.9267233440298,1501.6686756942001,78.25804764982968,78.25804764982968,0.6107556189313305
1424,2016-04-16,2016,4,2,Chicago Fire,CF Montreal,1499.0956049726385,1507.164798595944,51.93080637669459,-51.93080637669459,0.5741828208437563
1425,2016-04-16,2016,8,29,DC United,Toronto FC,1493.6997485104546,1497.8264028632225,55.8733456472321,55.8733456472321,0.5797221341858851
1426,2016-04-16,2016,11,14,Houston Dynamo,Los Angeles Galaxy,1490.6834422218517,1505.7987099248348,44.88473229701685,44.88473229701685,0.5642373516733092
1427,2016-04-17,2016,6,19,Colorado Rapids,New York Red Bulls,1510.8300099781702,1471.973452460773,98.85655751739728,98.85655751739728,0.6385471905843741
1428,2016-04-17,2016,7,18,Columbus Crew,New York City,1482.3625545839811,1497.0569387938197,45.30561579016148,45.30561579016148,0.5648329611874596
1429,2016-04-17,2016,20,17,Orlando City,New England Revolution,1505.9301919113097,1499.8622594451726,66.06793246613711,66.06793246613711,0.5939496997503074
1430,2016-04-17,2016,22,25,Portland Timbers,San Jose Earthquakes,1485.9739793933754,1511.3477310703054,34.62624832307006,34.62624832307006,0.5496668457416312
1431,2016-04-17,2016,23,30,Real Salt Lake,Vancouver Whitecaps,1523.4718700905887,1492.8190559569425,90.65281413364619,90.65281413364619,0.6275778130221749
1432,2016-04-17,2016,26,21,Seattle Sounders,Philadelphia Union,1484.7871630868465,1508.5709823860957,36.21618070075078,36.21618070075078,0.5519313201253943
1433,2016-04-18,2016,10,27,FC Dallas,Sporting Kansas City,1519.9797146936137,1510.7653890600598,69.21432563355393,69.21432563355393,0.5983103169154902
1434,2016-04-23,2016,2,29,CF Montreal,Toronto FC,1515.7775409086003,1506.5222348760108,69.25530603258949,69.25530603258949,0.5983670111604144
1435,2016-04-23,2016,8,17,DC United,New England Revolution,1485.0039164976663,1501.2715049414273,43.73241155623896,-43.73241155623896,0.5626057114172194
1436,2016-04-23,2016,21,18,Philadelphia Union,New York City,1501.8499521879767,1490.5294332116316,71.32051897634506,71.32051897634506,0.601220688527371
1437,2016-04-24,2016,6,26,Colorado Rapids,Seattle Sounders,1516.2518021194046,1491.5081932849655,84.7436088344391,84.7436088344391,0.6195935532734977
1438,2016-04-24,2016,7,11,Columbus Crew,Houston Dynamo,1488.8900601661692,1482.2198819467521,66.67017821941704,66.67017821941704,0.594785528071925
1439,2016-04-24,2016,14,23,Los Angeles Galaxy,Real Salt Lake,1514.2622701999344,1529.058202895256,45.20406730467835,45.20406730467835,0.5646892728167511
1440,2016-04-24,2016,25,27,San Jose Earthquakes,Sporting Kansas City,1504.5927337564299,1504.7400438137922,59.85268994263765,59.85268994263765,0.5852928663382808
1441,2016-04-24,2016,30,10,Vancouver Whitecaps,FC Dallas,1487.2327231522752,1526.0050599398812,21.227663212393963,21.227663212393963,0.5305111066960068
1442,2016-04-25,2016,19,20,New York Red Bulls,Orlando City,1466.5516603195385,1504.520946415055,22.03071390448349,22.03071390448349,0.5316623216901532
1443,2016-04-28,2016,17,22,New England Revolution,Portland Timbers,1494.7105906126856,1492.728976707251,61.98161390543464,61.98161390543464,0.5882643369331866
1444,2016-04-28,2016,18,2,New York City,CF Montreal,1484.5477435395421,1506.802035741194,37.74570779834812,37.74570779834812,0.5541077323925726
1445,2016-04-28,2016,30,27,Vancouver Whitecaps,Sporting Kansas City,1494.2750565518352,1498.5194368088664,55.75561974296875,55.75561974296875,0.5795570111821053
1446,2016-04-30,2016,2,6,CF Montreal,Colorado Rapids,1507.6136517270827,1521.957898820302,45.65575290678066,45.65575290678066,0.5653283121134332
1447,2016-04-30,2016,4,8,Chicago Fire,DC United,1490.4828626599822,1491.564830826408,58.918031833574105,58.918031833574105,0.583986329951316
1448,2016-04-30,2016,18,30,New York City,Vancouver Whitecaps,1483.7361275536534,1493.0817013841036,50.65442616954988,50.65442616954988,0.5723854240819746
1449,2016-04-30,2016,19,10,New York Red Bulls,FC Dallas,1473.5767254941863,1518.9627265403212,14.61399895386512,14.61399895386512,0.5210188406783935
1450,2016-04-30,2016,21,25,Philadelphia Union,San Jose Earthquakes,1507.8316418600662,1510.8133407613557,57.01830109871048,57.01830109871048,0.5813271191939744
1451,2016-04-30,2016,26,7,Seattle Sounders,Columbus Crew,1485.802096584068,1494.9682772450903,50.83381933897772,50.83381933897772,0.572638161861401
1452,2016-05-01,2016,17,20,New England Revolution,Orlando City,1493.3866255586877,1497.4958812404072,55.89074431828044,55.89074431828044,0.5797465361456701
1453,2016-05-01,2016,22,29,Portland Timbers,Toronto FC,1494.0529417612488,1515.497740043417,38.55520171783178,38.55520171783178,0.555258753183825
1454,2016-05-01,2016,23,11,Real Salt Lake,Houston Dynamo,1522.5285419875074,1476.141664867831,106.38687711967646,106.38687711967646,0.6484908366415826
1455,2016-05-02,2016,27,14,Sporting Kansas City,Los Angeles Galaxy,1499.712791976598,1520.791931107683,38.92086086891504,38.92086086891504,0.5557784909730895
1456,2016-05-07,2016,20,19,Orlando City,New York Red Bulls,1498.6920792825922,1480.7614428840104,77.93063639858178,77.93063639858178,0.6103074624748531
1457,2016-05-07,2016,30,22,Vancouver Whitecaps,Portland Timbers,1486.6674827453332,1500.7240604634915,45.94342228184178,45.94342228184178,0.5657351902347598
1458,2016-05-08,2016,6,23,Colorado Rapids,Real Salt Lake,1522.9378235020035,1527.8011794378838,55.136644064119764,55.136644064119764,0.5786885403673101
1459,2016-05-08,2016,7,2,Columbus Crew,CF Montreal,1488.5578496730113,1506.6337270453812,41.92412262763014,41.92412262763014,0.5600425263961577
1460,2016-05-08,2016,11,27,Houston Dynamo,Sporting Kansas City,1470.8690274174546,1498.8761146120016,31.99291280545299,31.99291280545299,0.5459118095027289
1461,2016-05-08,2016,14,17,Los Angeles Galaxy,New England Revolution,1521.6286084722794,1492.1904275165027,89.43818095577672,89.43818095577672,0.6259421653223236
1462,2016-05-08,2016,26,25,Seattle Sounders,San Jose Earthquakes,1492.212524156147,1512.0332475492653,40.179276606881785,40.179276606881785,0.5575662287297399
1463,2016-05-08,2016,29,10,Toronto FC,FC Dallas,1508.8266213411744,1511.7780091504972,57.048612190677204,57.048612190677204,0.581369585699955
1464,2016-05-09,2016,8,18,DC United,New York City,1492.8246257756778,1490.1503461924237,62.67427958325402,62.67427958325402,0.5892297584623272
1465,2016-05-12,2016,6,27,Colorado Rapids,Sporting Kansas City,1529.2574953964938,1492.0647917545425,97.19270364195131,97.19270364195131,0.6363336430779508
1466,2016-05-12,2016,10,22,FC Dallas,Portland Timbers,1505.4985529359965,1494.2100883170128,71.28846461898365,71.28846461898365,0.6011764482931253
1467,2016-05-12,2016,21,14,Philadelphia Union,Los Angeles Galaxy,1506.6117350721565,1527.2394759924446,39.37225907971197,39.37225907971197,0.5564199274647068
1468,2016-05-12,2016,25,11,San Jose Earthquakes,Houston Dynamo,1505.3967409802115,1477.6803502749137,87.71639070529773,87.71639070529773,0.6236186379180848
1469,2016-05-12,2016,30,4,Vancouver Whitecaps,Chicago Fire,1493.1814548918119,1489.2230677107125,63.9583871810994,63.9583871810994,0.5910176963414825
1470,2016-05-14,2016,2,21,CF Montreal,Philadelphia Union,1507.5343649413235,1505.765436160186,61.76892878113745,61.76892878113745,0.5879677645559381
1471,2016-05-14,2016,8,19,DC United,New York Red Bulls,1483.986179398743,1482.4160548211332,61.570124577609704,-61.570124577609704,0.5876904902371854
1472,2016-05-15,2016,7,6,Columbus Crew,Colorado Rapids,1487.657211777069,1534.7124907503246,12.944721026744446,12.944721026744446,0.5186203358928355
1473,2016-05-15,2016,10,26,FC Dallas,Seattle Sounders,1511.4809062115996,1498.849030725201,72.63187548639871,72.63187548639871,0.6030291498905235
1474,2016-05-15,2016,11,23,Houston Dynamo,Real Salt Lake,1472.034629843685,1521.4815075433935,10.553122300291534,10.553122300291534,0.5151824949732386
1475,2016-05-15,2016,17,4,New England Revolution,Chicago Fire,1486.5795599963376,1483.0883331558348,63.491226840502804,63.491226840502804,0.590367517673742
1476,2016-05-15,2016,27,20,Sporting Kansas City,Orlando City,1486.6097964007117,1497.0374673454694,49.572329055242335,49.572329055242335,0.5708601163846304
1477,2016-05-15,2016,29,30,Toronto FC,Vancouver Whitecaps,1515.106077555675,1499.3161894466896,75.78988810898545,75.78988810898545,0.6073726705048814
1478,2016-05-16,2016,22,18,Portland Timbers,New York City,1488.2277350414097,1498.9887925693586,49.23894247205112,49.23894247205112,0.5703899069633955
1479,2016-05-19,2016,19,4,New York Red Bulls,Chicago Fire,1476.231412174691,1476.943845920941,59.28756625375013,59.28756625375013,0.5845030355063547
1480,2016-05-19,2016,29,18,Toronto FC,New York City,1505.9954874981017,1507.5446411738094,58.45084632429234,58.45084632429234,0.5833328185237818
1481,2016-05-21,2016,4,11,Chicago Fire,Houston Dynamo,1470.7113914535362,1479.3068924190864,51.40449903444983,51.40449903444983,0.5734419102826773
1482,2016-05-21,2016,18,19,New York City,New York Red Bulls,1508.7946334516662,1482.4638666420958,86.33076680957038,-86.33076680957038,0.6217446172061277
1483,2016-05-21,2016,21,8,Philadelphia Union,DC United,1507.0849526285251,1490.170822045185,76.91413058334001,76.91413058334001,0.6089148973794106
1484,2016-05-21,2016,29,7,Toronto FC,Columbus Crew,1504.745495220245,1487.3779067386765,77.36758848156842,77.36758848156842,0.6095363339978407
1485,2016-05-22,2016,17,10,New England Revolution,FC Dallas,1492.7240472312315,1517.4354689632419,35.28857826798958,35.28857826798958,0.5506104302327981
1486,2016-05-22,2016,20,2,Orlando City,CF Montreal,1490.600369091239,1506.2148484729844,44.38552061825453,44.38552061825453,0.563530656464571
1487,2016-05-22,2016,22,30,Portland Timbers,Vancouver Whitecaps,1479.6718864369589,1508.4267795042629,31.24510693269599,31.24510693269599,0.5448444949377322
1488,2016-05-22,2016,26,6,Seattle Sounders,Colorado Rapids,1492.8944679735587,1534.9917957887171,17.90267218484155,17.90267218484155,0.5257412381614992
1489,2016-05-22,2016,27,23,Sporting Kansas City,Real Salt Lake,1493.0468946549422,1514.2092449679922,38.837649686950044,38.837649686950044,0.5556602275890314
1490,2016-05-23,2016,14,25,Los Angeles Galaxy,San Jose Earthquakes,1528.085774904415,1511.0424614114402,77.0433134929749,77.0433134929749,0.6090919708251021
1491,2016-05-26,2016,20,21,Orlando City,Philadelphia Union,1497.1474092442704,1512.9512291678338,44.196180076436576,44.196180076436576,0.5632625541053533
1492,2016-05-28,2016,27,8,Sporting Kansas City,DC United,1484.7119912411067,1484.3045455058764,60.40744573523034,60.40744573523034,0.5860677805669843
1493,2016-05-28,2016,30,11,Vancouver Whitecaps,Houston Dynamo,1501.599446928329,1472.9085210733265,88.69092585500243,88.69092585500243,0.6249344630913407
1494,2016-05-29,2016,2,14,CF Montreal,Los Angeles Galaxy,1499.6678083199529,1526.4493953420385,33.21841297791434,33.21841297791434,0.5476600023164586
1495,2016-05-29,2016,4,22,Chicago Fire,Portland Timbers,1477.109762799296,1486.4992190128928,50.61054378640324,50.61054378640324,0.5723235946997088
1496,2016-05-29,2016,6,21,Colorado Rapids,Philadelphia Union,1542.8779143611396,1513.9001674794142,88.97774688172535,88.97774688172535,0.6253213808339885
1497,2016-05-29,2016,7,23,Columbus Crew,Real Salt Lake,1489.0209517486442,1522.5441483818277,26.47680336681651,26.47680336681651,0.5380295936335155
1498,2016-05-29,2016,17,26,New England Revolution,Seattle Sounders,1484.4648907777396,1485.0083494011362,59.456541376603354,59.456541376603354,0.5847392450085853
1499,2016-05-29,2016,18,20,New York City,Orlando City,1499.4684641935742,1496.19847093269,63.26999326088412,63.26999326088412,0.5900595015079763
1500,2016-05-29,2016,19,29,New York Red Bulls,Toronto FC,1491.7900359001878,1503.1024502102773,48.68758568991052,48.68758568991052,0.5696119933036293
1501,2016-05-29,2016,25,10,San Jose Earthquakes,FC Dallas,1512.6788409738167,1525.6946254167337,46.98421555708296,46.98421555708296,0.5672065392404555
1502,2016-06-02,2016,8,26,DC United,Seattle Sounders,1493.095562214381,1478.779438076265,74.31612413811604,74.31612413811604,0.6053477285292721
1503,2016-06-02,2016,21,7,Philadelphia Union,Columbus Crew,1515.779988191924,1495.9505078441414,79.82948034778269,79.82948034778269,0.6129039610996043
1504,2016-06-02,2016,22,25,Portland Timbers,San Jose Earthquakes,1487.5840729333884,1511.6707428852098,35.91333004817852,35.91333004817852,0.5515001456450467
1505,2016-06-03,2016,10,11,FC Dallas,Houston Dynamo,1526.7027235053406,1474.7825380196966,111.92018548564397,111.92018548564397,0.655716791612062
1506,2016-06-03,2016,14,27,Los Angeles Galaxy,Sporting Kansas City,1519.6642953767855,1475.920974532602,103.74332084418347,103.74332084418347,0.6450142038471395
1507,2016-06-03,2016,18,23,New York City,Real Salt Lake,1498.1175716709545,1515.6145922863304,42.50297938462404,42.50297938462404,0.5608633904291093
1508,2016-06-18,2016,18,21,New York City,Philadelphia Union,1489.7046208145177,1521.58642877543,28.118192039087717,28.118192039087717,0.5403772157592496
1509,2016-06-19,2016,6,4,Colorado Rapids,Chicago Fire,1540.9980936486297,1476.0249088788005,124.97318476982923,124.97318476982923,0.6724756459257559
1510,2016-06-19,2016,7,2,Columbus Crew,CF Montreal,1490.1440672606354,1506.452908285206,43.691158975429516,43.691158975429516,0.5625472740663127
1511,2016-06-19,2016,11,8,Houston Dynamo,DC United,1477.1182898938775,1484.015346286442,53.10294360743546,53.10294360743546,0.5758316989735244
1512,2016-06-19,2016,20,25,Orlando City,San Jose Earthquakes,1497.5493634553097,1504.9432450698855,52.606118385424224,52.606118385424224,0.5751330049749664
1513,2016-06-19,2016,23,22,Real Salt Lake,Portland Timbers,1524.0275431427672,1494.3115707487127,89.71597239405446,89.71597239405446,0.6263164999207591
1514,2016-06-19,2016,27,10,Sporting Kansas City,FC Dallas,1478.0961875903092,1524.3669716311597,13.729215959149542,13.729215959149542,0.5197476523995377
1515,2016-06-19,2016,29,14,Toronto FC,Los Angeles Galaxy,1496.6466301098317,1517.4890823190783,39.15754779075337,39.15754779075337,0.5561148462196351
1516,2016-06-19,2016,30,17,Vancouver Whitecaps,New England Revolution,1499.7254299819588,1490.6938021026108,69.03162787934798,69.03162787934798,0.5980575321246877
1517,2016-06-20,2016,19,26,New York Red Bulls,Seattle Sounders,1498.2458560006335,1487.859654004204,70.38620199642946,70.38620199642946,0.5999305037238636
1518,2016-06-23,2016,14,6,Los Angeles Galaxy,Colorado Rapids,1510.8308050123728,1545.9109589597433,24.91984605262951,24.91984605262951,0.5358011694315125
1519,2016-06-23,2016,21,4,Philadelphia Union,Chicago Fire,1514.6920870118188,1471.112043567687,103.58004344413189,103.58004344413189,0.6447989647339111
1520,2016-06-23,2016,23,19,Real Salt Lake,New York Red Bulls,1522.132795643956,1504.2468984447755,77.88589719918036,77.88589719918036,0.6102462095247075
1521,2016-06-25,2016,26,18,Seattle Sounders,New York City,1481.858611560062,1496.598962578129,45.25964898193297,45.25964898193297,0.5647679207401524
1522,2016-06-26,2016,2,27,CF Montreal,Sporting Kansas City,1507.3911173962006,1485.2999728043162,82.09114459188436,82.09114459188436,0.6159882208839077
1523,2016-06-26,2016,7,19,Columbus Crew,New York Red Bulls,1489.2058581496408,1498.4005915876462,50.805266561994586,50.805266561994586,0.5725979378610027
1524,2016-06-26,2016,8,17,DC United,New England Revolution,1485.152821771045,1499.6646650844812,45.4881566865638,-45.4881566865638,0.5650912242375793
1525,2016-06-26,2016,10,23,FC Dallas,Real Salt Lake,1517.1631864171527,1527.9791025010852,49.18408391606749,49.18408391606749,0.5703125220987576
1526,2016-06-26,2016,20,29,Orlando City,Toronto FC,1496.4223683806852,1503.3049074165372,53.117460964147995,53.117460964147995,0.5758521104429837
1527,2016-06-26,2016,21,30,Philadelphia Union,Vancouver Whitecaps,1520.02010254081,1490.7545670000884,89.26553554072166,89.26553554072166,0.6257094430032138
1528,2016-06-26,2016,22,11,Portland Timbers,Houston Dynamo,1496.206318247524,1475.9808144092747,80.22550383824932,80.22550383824932,0.6134446853469546
1529,2016-06-26,2016,25,14,San Jose Earthquakes,Los Angeles Galaxy,1506.07024014451,1510.2937874709,55.77645267361004,55.77645267361004,0.5795862328634189
1530,2016-07-02,2016,2,17,CF Montreal,New England Revolution,1505.651294082942,1493.141033448045,72.51026063489712,72.51026063489712,0.6028615512302566
1531,2016-07-02,2016,4,25,Chicago Fire,San Jose Earthquakes,1465.7840280386956,1504.8764466515588,20.907581387136815,20.907581387136815,0.5300521615208607
1532,2016-07-02,2016,23,8,Real Salt Lake,DC United,1521.5337903325665,1491.6764534074812,89.85733692508529,89.85733692508529,0.626506936015107
1533,2016-07-03,2016,11,21,Houston Dynamo,Philadelphia Union,1470.182484689479,1510.6344608957618,19.54802379371722,19.54802379371722,0.5281022203348582
1534,2016-07-03,2016,18,19,New York City,New York Red Bulls,1505.0704813892312,1499.4895606555613,65.58092073366993,-65.58092073366993,0.5932734007564242
1535,2016-07-03,2016,29,26,Toronto FC,Seattle Sounders,1496.942689073182,1473.3870927489597,83.55559632422228,83.55559632422228,0.6179803647714349
1536,2016-07-04,2016,27,7,Sporting Kansas City,Columbus Crew,1487.0397961175747,1488.1168890817257,58.92290703584899,58.92290703584899,0.5839931479607223
1537,2016-07-05,2016,6,22,Colorado Rapids,Portland Timbers,1546.447976501216,1502.0046479673197,104.44332853389642,104.44332853389642,0.6459363175417858
1538,2016-07-05,2016,10,20,FC Dallas,Orlando City,1523.6084985856714,1502.7845867240403,80.82391186163113,80.82391186163113,0.6142612114076735
1539,2016-07-05,2016,14,30,Los Angeles Galaxy,Vancouver Whitecaps,1511.4875809638513,1500.1402086451367,71.34737231871463,71.34737231871463,0.6012577492417128
1540,2016-07-07,2016,17,18,New England Revolution,New York City,1487.1839567164989,1511.1713803778848,36.01257633861405,36.01257633861405,0.5516414531175735
1541,2016-07-09,2016,20,11,Orlando City,Houston Dynamo,1496.9985048951555,1477.2609513844561,79.7375535106994,79.7375535106994,0.6127784057827655
1542,2016-07-09,2016,25,10,San Jose Earthquakes,FC Dallas,1497.8272290743716,1529.3945804145562,28.432648659815413,28.432648659815413,0.5408267710977526
1543,2016-07-09,2016,26,14,Seattle Sounders,Los Angeles Galaxy,1475.1567982205313,1517.4687147252257,17.68808349530559,17.68808349530559,0.5254332289633353
1544,2016-07-10,2016,17,7,New England Revolution,Columbus Crew,1478.9093349197353,1481.8767863011365,57.03254861859887,57.03254861859887,0.5813470804326014
1545,2016-07-10,2016,19,22,New York Red Bulls,Portland Timbers,1493.3886616669076,1504.1936927304464,49.19496893646124,49.19496893646124,0.5703278770568583
1546,2016-07-10,2016,21,8,Philadelphia Union,DC United,1503.5559942007847,1493.5740574477077,69.98193675307698,69.98193675307698,0.5993718286469377
1547,2016-07-10,2016,23,2,Real Salt Lake,CF Montreal,1519.63618629234,1511.6083708144881,68.02781547785185,68.02781547785185,0.5966677073394554
1548,2016-07-10,2016,29,4,Toronto FC,Chicago Fire,1495.1729836016104,1472.8332456158828,82.33973798572765,82.33973798572765,0.6163266674261999
1549,2016-07-10,2016,30,6,Vancouver Whitecaps,Colorado Rapids,1494.1590748837623,1544.2589317380894,9.900143145672928,9.900143145672928,0.5142435964004155
1550,2016-07-11,2016,27,18,Sporting Kansas City,New York City,1493.279898898164,1519.4460021746484,33.833896723515636,33.833896723515636,0.5485375576657935
1551,2016-07-14,2016,4,27,Chicago Fire,Sporting Kansas City,1467.0781456272757,1500.0518355331772,27.026310094098562,27.026310094098562,0.5388157273589939
1552,2016-07-14,2016,7,29,Columbus Crew,Toronto FC,1475.5969925076254,1500.9280835902175,34.66890891740786,34.66890891740786,0.549727632749122
1553,2016-07-14,2016,19,20,New York Red Bulls,Orlando City,1492.3337435110548,1495.3068288084141,57.026914702640624,57.026914702640624,0.5813391871649891
1554,2016-07-14,2016,22,2,Portland Timbers,CF Montreal,1505.2486108862993,1513.05838642458,52.190224461719254,52.190224461719254,0.5745478950341206
1555,2016-07-14,2016,26,10,Seattle Sounders,FC Dallas,1467.2752997860812,1537.5069819810226,-10.231682194941413,-10.231682194941413,0.4852796808530134
1556,2016-07-14,2016,30,23,Vancouver Whitecaps,Real Salt Lake,1493.9454209377561,1518.186170682248,35.75925025550805,35.75925025550805,0.5512807494303036
1557,2016-07-16,2016,14,11,Los Angeles Galaxy,Houston Dynamo,1525.3502131596758,1478.9526274711975,106.39758568847833,106.39758568847833,0.6485048881726521
1558,2016-07-17,2016,2,18,CF Montreal,New York City,1514.1766048500917,1512.6740655396352,61.50253931045654,61.50253931045654,0.587596215667579
1559,2016-07-17,2016,6,27,Colorado Rapids,Sporting Kansas City,1544.4725856840955,1493.134071443562,111.33851424053341,111.33851424053341,0.6549604960844957
1560,2016-07-17,2016,7,8,Columbus Crew,DC United,1474.8510780163886,1487.5646348774117,47.28644313897689,47.28644313897689,0.5676335716405662
1561,2016-07-17,2016,10,4,FC Dallas,Chicago Fire,1529.7861771938178,1473.9959097168908,115.79026747692706,115.79026747692706,0.6607285038424527
1562,2016-07-17,2016,22,26,Portland Timbers,Seattle Sounders,1504.1303924607876,1474.996104573286,89.13428788750161,89.13428788750161,0.6255324850637112
1563,2016-07-17,2016,23,17,Real Salt Lake,New England Revolution,1511.4553819237026,1485.1891287132464,86.26625321045617,86.26625321045617,0.6216572750818177
1564,2016-07-17,2016,25,29,San Jose Earthquakes,Toronto FC,1489.7148275079053,1501.6739980814543,48.040829426450955,48.040829426450955,0.5686990418298923
1565,2016-07-17,2016,30,20,Vancouver Whitecaps,Orlando City,1500.6762096963016,1489.026916615889,71.64929308041269,71.64929308041269,0.6016743548254584
1566,2016-07-18,2016,21,19,Philadelphia Union,New York Red Bulls,1509.5654167710807,1498.61365570358,70.95176106750068,70.95176106750068,0.6007116428681735
1567,2016-07-23,2016,22,14,Portland Timbers,Los Angeles Galaxy,1509.747405184832,1530.6226398370861,39.12476534774578,39.12476534774578,0.5560682622258634
1568,2016-07-23,2016,23,25,Real Salt Lake,San Jose Earthquakes,1509.6305227974754,1496.184341880457,73.44618091701841,73.44618091701841,0.6041507278460139
1569,2016-07-24,2016,2,21,CF Montreal,Philadelphia Union,1505.362661615078,1508.054742128058,57.307919487019944,57.307919487019944,0.5817328315765604
1570,2016-07-24,2016,6,10,Colorado Rapids,FC Dallas,1549.6481782428282,1534.875249636181,74.77292860664716,74.77292860664716,0.605975765229465
1571,2016-07-24,2016,7,20,Columbus Crew,Orlando City,1473.8365744417802,1490.5520319382708,43.28454250350933,43.28454250350933,0.5619711789347888
1572,2016-07-24,2016,11,30,Houston Dynamo,Vancouver Whitecaps,1473.6802007937872,1499.1510943739197,34.5291064198675,34.5291064198675,0.5495284228810311
1573,2016-07-24,2016,17,4,New England Revolution,Chicago Fire,1487.0139878394737,1468.9068372745276,78.1071505649461,78.1071505649461,0.6105490960731166
1574,2016-07-24,2016,19,18,New York Red Bulls,New York City,1500.1243303466026,1521.488008774649,38.63632157195366,38.63632157195366,0.5553740651738083
1575,2016-07-24,2016,27,26,Sporting Kansas City,Seattle Sounders,1487.9584788848294,1469.3790918492416,78.57938703558784,78.57938703558784,0.6111952824079079
1576,2016-07-24,2016,29,8,Toronto FC,DC United,1495.2044837089027,1488.57913845202,66.62534525688261,66.62534525688261,0.5947233253918637
1577,2016-07-30,2016,18,6,New York City,Colorado Rapids,1514.8186197522562,1548.0585417643863,26.760077987869863,26.760077987869863,0.5384348750189288
1578,2016-07-31,2016,8,2,DC United,CF Montreal,1482.499988332898,1511.6366691414296,30.863319191468463,30.863319191468463,0.5442994244428295
1579,2016-07-31,2016,10,30,FC Dallas,Vancouver Whitecaps,1536.464886114623,1499.8940207171352,96.57086539748775,96.57086539748775,0.6355048756608569
1580,2016-07-31,2016,26,14,Seattle Sounders,Los Angeles Galaxy,1463.5470210853603,1538.963663770474,-15.416642685113857,-15.416642685113857,0.4778282174085121
1581,2016-07-31,2016,27,22,Sporting Kansas City,Portland Timbers,1493.7905496487108,1501.406381251444,52.384168397266876,52.384168397266876,0.5748207756126996
1582,2016-08-01,2016,4,19,Chicago Fire,New York Red Bulls,1463.0650737156243,1506.7937193689954,16.27135434662887,-16.27135434662887,0.5233992564999723
1583,2016-08-01,2016,11,25,Houston Dynamo,San Jose Earthquakes,1472.9372744505717,1497.7466027981473,35.1906716524245,35.1906716524245,0.5504709709156952
1584,2016-08-01,2016,20,17,Orlando City,New England Revolution,1491.4815996222926,1492.855751398377,58.62584822391568,58.62584822391568,0.5835776502373299
1585,2016-08-01,2016,21,23,Philadelphia Union,Real Salt Lake,1501.7807346017064,1508.068261879785,53.71247272192136,53.71247272192136,0.576688476263356
1586,2016-08-01,2016,29,7,Toronto FC,Columbus Crew,1501.2836338280247,1472.9070067577584,88.3766270702663,88.3766270702663,0.6245102949028085
1587,2016-08-04,2016,29,23,Toronto FC,Real Salt Lake,1506.9159794044826,1516.7185890237354,50.197390380747265,50.197390380747265,0.5717413594706059
1588,2016-08-06,2016,25,18,San Jose Earthquakes,New York City,1498.5036673618827,1521.7420966269722,36.76157073491049,36.76157073491049,0.5527076054291233
1589,2016-08-07,2016,2,11,CF Montreal,Houston Dynamo,1512.3011605080721,1472.1802098868363,100.1209506212358,100.1209506212358,0.6402253869609766
1590,2016-08-07,2016,6,30,Colorado Rapids,Vancouver Whitecaps,1541.1350648896703,1494.426593852048,106.7084710376223,106.7084710376223,0.6489127123571514
1591,2016-08-07,2016,8,21,DC United,Philadelphia Union,1481.8354969662555,1493.130407457756,48.70508950849944,48.70508950849944,0.5696366948840182
1592,2016-08-07,2016,22,27,Portland Timbers,Sporting Kansas City,1495.0286928856344,1500.1682380145203,54.86045487111414,54.86045487111414,0.5783008680618761
1593,2016-08-07,2016,23,4,Real Salt Lake,Chicago Fire,1510.2947094157944,1462.7140848681247,107.58062454766969,107.58062454766969,0.6500556552726632
1594,2016-08-07,2016,29,17,Toronto FC,New England Revolution,1513.3398590124236,1486.6094161519368,86.73044286048685,86.73044286048685,0.6222855448213933
1595,2016-08-08,2016,14,19,Los Angeles Galaxy,New York Red Bulls,1538.6310870316017,1507.144708216495,91.48637881510672,91.48637881510672,0.6286986217847216
1596,2016-08-08,2016,20,26,Orlando City,Seattle Sounders,1497.7279348687327,1463.8795978242326,93.84833704450011,93.84833704450011,0.6318669561896008
1597,2016-08-13,2016,30,25,Vancouver Whitecaps,San Jose Earthquakes,1489.1602845374052,1497.7130532804458,51.44723125695941,51.44723125695941,0.5735020790263856
1598,2016-08-14,2016,4,20,Chicago Fire,Orlando City,1457.4649196972146,1488.2499305258887,29.214989171325897,29.214989171325897,0.5419449355466489
1599,2016-08-14,2016,7,18,Columbus Crew,New York City,1467.2746611813004,1522.532710708409,4.7419504728914035,4.7419504728914035,0.5068237915881976
1600,2016-08-14,2016,8,22,DC United,Portland Timbers,1480.7909465429952,1501.3541798647063,39.436766678288905,39.436766678288905,0.5565115774018217
1601,2016-08-14,2016,10,27,FC Dallas,Sporting Kansas City,1541.93231297971,1493.8427510354484,108.08956194426173,108.08956194426173,0.6507218150258566
1602,2016-08-14,2016,14,6,Los Angeles Galaxy,Colorado Rapids,1536.7006077048309,1546.401374204313,50.29923350051786,50.29923350051786,0.5718849001039257
1603,2016-08-14,2016,17,21,New England Revolution,Philadelphia Union,1480.9436993242578,1494.1749578810163,46.768741443241424,46.768741443241424,0.5669020241151086
1604,2016-08-14,2016,19,2,New York Red Bulls,CF Montreal,1509.0751875432659,1517.6977797036575,51.377407839608395,51.377407839608395,0.5734037636292613
1605,2016-08-15,2016,11,29,Houston Dynamo,Toronto FC,1466.783590691251,1519.0055758401027,7.778014851148328,-7.778014851148328,0.5111915935713117
1606,2016-08-15,2016,26,23,Seattle Sounders,Real Salt Lake,1473.3576021670767,1515.5438745867045,17.813727580372188,17.813727580372188,0.5256135741676794
1607,2016-08-20,2016,18,14,New York City,Los Angeles Galaxy,1522.635067582232,1535.622334203272,47.01273337896009,47.01273337896009,0.5672468377678616
1608,2016-08-20,2016,25,11,San Jose Earthquakes,Houston Dynamo,1506.3155844658415,1466.6157167876813,99.69986767816022,99.69986767816022,0.6396668728092995
1609,2016-08-21,2016,2,4,CF Montreal,Chicago Fire,1511.2988361580965,1456.835745664015,114.4630904940816,114.4630904940816,0.6590138105229317
1610,2016-08-21,2016,6,20,Colorado Rapids,Orlando City,1547.479647705872,1488.8791045590883,118.6005431467836,118.6005431467836,0.6643454148885339
1611,2016-08-21,2016,8,19,DC United,New York Red Bulls,1487.443272881968,1515.4741310888269,31.969141793141034,-31.969141793141034,0.5458778884908665
1612,2016-08-21,2016,17,7,New England Revolution,Columbus Crew,1472.440168962531,1467.1723043074774,65.2678646550537,65.2678646550537,0.5928384819583601
1613,2016-08-21,2016,21,29,Philadelphia Union,Toronto FC,1502.678488242743,1519.1734497436723,43.50503849907068,43.50503849907068,0.5622835989979882
1614,2016-08-21,2016,23,10,Real Salt Lake,FC Dallas,1508.4280781992197,1539.6714857543222,28.75659244489748,28.75659244489748,0.5412898200457901
1615,2016-08-21,2016,27,30,Sporting Kansas City,Vancouver Whitecaps,1496.1035782608362,1480.5577533520095,75.54582490882672,75.54582490882672,0.6070375822396581
1616,2016-08-22,2016,26,22,Seattle Sounders,Portland Timbers,1480.4733985545615,1494.7018535257337,45.77154502882786,45.77154502882786,0.5654920985268573
1617,2016-08-25,2016,2,8,CF Montreal,DC United,1501.4136290002525,1486.755104554605,74.65852444564757,74.65852444564757,0.6058185096716563
1618,2016-08-25,2016,4,14,Chicago Fire,Los Angeles Galaxy,1466.7209528218589,1529.13103676979,-2.4100839479310707,-2.4100839479310707,0.49653166602352716
1619,2016-08-25,2016,7,21,Columbus Crew,Philadelphia Union,1476.0648815368527,1494.244234257773,41.820647279079594,41.820647279079594,0.5598957555423474
1620,2016-08-25,2016,11,26,Houston Dynamo,Seattle Sounders,1476.2107198798208,1486.9910170766586,49.219702803162136,49.219702803162136,0.5703627673920298
1621,2016-08-25,2016,20,29,Orlando City,Toronto FC,1491.3442857824164,1527.6077037286423,23.7365820537741,23.7365820537741,0.5341066393350212
1622,2016-08-25,2016,25,17,San Jose Earthquakes,New England Revolution,1496.720581373702,1463.5475917331557,93.17298964054635,93.17298964054635,0.6309621917395501
1623,2016-08-27,2016,23,6,Real Salt Lake,Colorado Rapids,1515.308730898533,1545.0144664825439,30.29426441598912,30.29426441598912,0.5434868000398226
1624,2016-08-28,2016,7,25,Columbus Crew,San Jose Earthquakes,1467.6664452037176,1494.7561484976088,32.91029670610874,32.91029670610874,0.5472205791525108
1625,2016-08-28,2016,8,4,DC United,Chicago Fire,1488.3423821996798,1466.772977831506,81.56940436817376,81.56940436817376,0.615277534556831
1626,2016-08-28,2016,11,10,Houston Dynamo,FC Dallas,1475.1552783689403,1532.790833055009,2.3644453139313555,-2.3644453139313555,0.5034026578033753
1627,2016-08-28,2016,14,30,Los Angeles Galaxy,Vancouver Whitecaps,1529.0790117601427,1474.6633170856044,114.41569467453837,114.41569467453837,0.6589524984669763
1628,2016-08-28,2016,19,17,New York Red Bulls,New England Revolution,1516.1622994161899,1465.512024609249,110.65027480694084,110.65027480694084,0.6540646254211584
1629,2016-08-28,2016,21,27,Philadelphia Union,Sporting Kansas City,1502.6426705909082,1501.9980145272414,60.644656063666844,60.644656063666844,0.586398999585448
1630,2016-08-28,2016,22,26,Portland Timbers,Seattle Sounders,1488.1842350036366,1488.046458587539,60.137776416097495,60.137776416097495,0.5856911441967168
1631,2016-08-28,2016,29,2,Toronto FC,CF Montreal,1535.6193033186676,1499.8263513551776,95.79295196348994,95.79295196348994,0.6344669638343331
1632,2016-08-29,2016,20,18,Orlando City,New York City,1483.332686192391,1529.126365015714,14.206321176676965,14.206321176676965,0.5204331533630909
1633,2016-09-02,2016,18,8,New York City,DC United,1521.9328623161605,1494.1132191813274,87.81964313483309,87.81964313483309,0.623758136968492
1634,2016-09-04,2016,4,21,Chicago Fire,Philadelphia Union,1461.0021408498585,1508.8466855971265,12.155455252732054,12.155455252732054,0.5174859723906579
1635,2016-09-04,2016,10,22,FC Dallas,Portland Timbers,1540.3418729220596,1494.3988678406859,105.94300508137371,105.94300508137371,0.6479081721506985
1636,2016-09-04,2016,14,7,Los Angeles Galaxy,Columbus Crew,1526.6947242831382,1474.45813651643,112.23658776670823,112.23658776670823,0.6561278506245032
1637,2016-09-04,2016,17,6,New England Revolution,Colorado Rapids,1460.3229939905664,1538.1667684831411,-17.843774492574767,-17.843774492574767,0.4743432985147944
1638,2016-09-08,2016,2,20,CF Montreal,Orlando City,1509.3433558126926,1490.5261888919447,78.81716692074792,78.81716692074792,0.6115205016001611
1639,2016-09-08,2016,23,14,Real Salt Lake,Los Angeles Galaxy,1522.1564288979357,1531.8528065237706,50.303622374165116,50.303622374165116,0.5718910856374104
1640,2016-09-10,2016,7,30,Columbus Crew,Vancouver Whitecaps,1469.3000542757975,1477.047604562609,52.252449713188525,52.252449713188525,0.5746354513886158
1641,2016-09-10,2016,27,11,Sporting Kansas City,Houston Dynamo,1495.7939995210231,1467.6042385018898,88.18976101913336,88.18976101913336,0.6242580154555754
1642,2016-09-11,2016,4,29,Chicago Fire,Toronto FC,1468.2398512639986,1526.1022988611526,2.1375524028460404,2.1375524028460404,0.5030761463741105
1643,2016-09-11,2016,10,6,FC Dallas,Colorado Rapids,1545.6232503397991,1530.281917960863,75.34133237893616,75.34133237893616,0.6067567451807793
1644,2016-09-11,2016,17,18,New England Revolution,New York City,1468.2078445128445,1527.5764902616331,0.6313542512114054,0.6313542512114054,0.500908590804421
1645,2016-09-11,2016,19,8,New York Red Bulls,DC United,1521.3513300348725,1488.4695912358548,92.88173879901774,92.88173879901774,0.6305717175332662
1646,2016-09-11,2016,21,2,Philadelphia Union,CF Montreal,1501.6089751829863,1500.1705482886903,61.43842689429607,61.43842689429607,0.5875067794325044
1647,2016-09-11,2016,22,23,Portland Timbers,Real Salt Lake,1489.1174904229463,1521.0780626133746,28.039427809571634,28.039427809571634,0.5402646020539253
1648,2016-09-11,2016,25,26,San Jose Earthquakes,Seattle Sounders,1487.9644571848964,1481.8318257504898,66.13263143440668,66.13263143440668,0.5940395185722885
1649,2016-09-12,2016,14,20,Los Angeles Galaxy,Orlando City,1532.9311728083317,1499.698996415947,93.23217639238464,93.23217639238464,0.631041521295049
1650,2016-09-17,2016,4,8,Chicago Fire,DC United,1460.6937090683869,1490.4281669988538,30.265542069533012,30.265542069533012,0.5434457776388192
1651,2016-09-17,2016,22,21,Portland Timbers,Philadelphia Union,1496.0135213921374,1500.2963734914988,55.717147900638565,55.717147900638565,0.5795030465015741
1652,2016-09-17,2016,26,30,Seattle Sounders,Vancouver Whitecaps,1483.242418529074,1485.6671363334383,57.57528219563574,57.57528219563574,0.5821072689308758
1653,2016-09-18,2016,2,17,CF Montreal,New England Revolution,1501.4831499801778,1475.6942156507782,85.78893432939958,85.78893432939958,0.6210108091493364
1654,2016-09-18,2016,6,25,Colorado Rapids,San Jose Earthquakes,1539.3832691385746,1486.5538644063122,112.82940473226245,112.82940473226245,0.6568973885877045
1655,2016-09-18,2016,18,10,New York City,FC Dallas,1520.0901191236994,1536.5218991620875,43.56821996161193,43.56821996161193,0.5623731115141763
1656,2016-09-18,2016,20,7,Orlando City,Columbus Crew,1494.1646192353728,1460.6805225049682,93.48409673040464,93.48409673040464,0.6313790974484934
1657,2016-09-18,2016,23,11,Real Salt Lake,Houston Dynamo,1514.1820316441836,1469.4681087337235,104.71392291046004,104.71392291046004,0.6462924788592176
1658,2016-09-18,2016,27,14,Sporting Kansas City,Los Angeles Galaxy,1493.9301292891894,1538.4655499889059,15.464579300283503,15.464579300283503,0.5222406328530962
1659,2016-09-18,2016,29,19,Toronto FC,New York Red Bulls,1533.6484410567643,1519.3927542718734,74.25568678489094,74.25568678489094,0.6052646102447448
1660,2016-09-24,2016,18,4,New York City,Chicago Fire,1519.1545224509869,1460.0420224038046,119.11250004718227,119.11250004718227,0.6650022630925677
1661,2016-09-24,2016,29,21,Toronto FC,Philadelphia Union,1532.0694719030932,1493.9889191890225,98.08055271407079,98.08055271407079,0.637515539464874
1662,2016-09-25,2016,8,20,DC United,Orlando City,1491.079853663436,1484.6939327736454,66.38592088979067,66.38592088979067,0.5943910889560033
1663,2016-09-25,2016,11,22,Houston Dynamo,Portland Timbers,1479.1624959166118,1502.3209756946137,36.84152022199805,36.84152022199805,0.5528213806772543
1664,2016-09-25,2016,14,26,Los Angeles Galaxy,Seattle Sounders,1538.7991594817024,1489.5108094951108,109.28834998659158,109.28834998659158,0.6522886084204901
1665,2016-09-25,2016,19,2,New York Red Bulls,CF Montreal,1520.9717234255445,1492.1679878429377,88.8037355826068,88.8037355826068,0.6250866609826646
1666,2016-09-25,2016,23,10,Real Salt Lake,FC Dallas,1504.4876444612953,1537.4574958348,27.030148626495247,27.030148626495247,0.5388212181547264
1667,2016-09-25,2016,25,27,San Jose Earthquakes,Sporting Kansas City,1488.9073252351277,1493.5965197963928,55.31080543873486,55.31080543873486,0.5789329517338238
1668,2016-09-25,2016,30,6,Vancouver Whitecaps,Colorado Rapids,1479.3987453674015,1537.0298083097591,2.36893705764237,2.36893705764237,0.503409121642256
1669,2016-09-26,2016,7,17,Columbus Crew,New England Revolution,1470.1512089666955,1485.0093777880184,45.141831178677194,45.141831178677194,0.5646012050027793
1670,2016-09-29,2016,2,25,CF Montreal,San Jose Earthquakes,1486.5442877576777,1480.2233309591204,66.32095679855729,66.32095679855729,0.5943009268249944
1671,2016-09-29,2016,8,7,DC United,Columbus Crew,1497.163987329096,1476.6821908916538,80.4817964374422,80.4817964374422,0.6137944742757959
1672,2016-09-29,2016,26,4,Seattle Sounders,Chicago Fire,1499.2951386214181,1455.0170563501931,104.278082271225,104.278082271225,0.6457187376839949
1673,2016-09-29,2016,29,20,Toronto FC,Orlando City,1530.0067388111202,1478.6097991079855,111.39693970313465,111.39693970313465,0.6550364970564813
1674,2016-10-01,2016,11,18,Houston Dynamo,New York City,1485.870175206453,1524.1794885045983,21.690686701854702,21.690686701854702,0.5311749154115022
1675,2016-10-02,2016,6,22,Colorado Rapids,Portland Timbers,1537.080945134393,1495.6132964047724,101.46764872962058,101.46764872962058,0.6420090603546168
1676,2016-10-02,2016,7,4,Columbus Crew,Chicago Fire,1470.8891080057908,1449.7028374154531,81.1862705903377,81.1862705903377,0.6147553368030791
1677,2016-10-02,2016,10,14,FC Dallas,Los Angeles Galaxy,1538.039814107121,1529.0148303553951,69.02498375172581,69.02498375172581,0.5980483381744016
1678,2016-10-02,2016,17,27,New England Revolution,Sporting Kansas City,1478.47839586306,1502.2805140724001,36.19788179065995,36.19788179065995,0.5519052698137572
1679,2016-10-02,2016,19,21,New York Red Bulls,Philadelphia Union,1526.5954235108045,1496.0516522809955,90.54377122980895,90.54377122980895,0.6274310924543857
1680,2016-10-02,2016,20,2,Orlando City,CF Montreal,1480.9353465638328,1492.6297738553028,48.30557270853001,48.30557270853001,0.5690728062996769
1681,2016-10-02,2016,25,23,San Jose Earthquakes,Real Salt Lake,1474.1378448614953,1503.9053261889744,30.232518672520882,30.232518672520882,0.5433986115775239
1682,2016-10-02,2016,29,8,Toronto FC,DC United,1527.6811913552729,1502.957070214959,84.72412114031385,84.72412114031385,0.6195671123428808
1683,2016-10-03,2016,30,26,Vancouver Whitecaps,Seattle Sounders,1479.3476085427676,1504.609357556158,34.7382509866095,34.7382509866095,0.5498264349756641
1684,2016-10-09,2016,11,6,Houston Dynamo,Colorado Rapids,1477.9025514752805,1542.4508092290737,-4.548257753793223,-4.548257753793223,0.49345490481482635
1685,2016-10-13,2016,26,11,Seattle Sounders,Houston Dynamo,1512.856754080793,1470.500727903058,102.35602617773498,102.35602617773498,0.6431835526969809
1686,2016-10-14,2016,4,7,Chicago Fire,Columbus Crew,1443.9241674674993,1476.6677779537447,27.256389513754584,-27.256389513754584,0.5391448258062593
1687,2016-10-14,2016,6,25,Colorado Rapids,San Jose Earthquakes,1549.852632801296,1480.9868656878325,128.86576711346356,128.86576711346356,0.677391741984536
1688,2016-10-16,2016,2,29,CF Montreal,Toronto FC,1501.165865949798,1518.3876846701296,42.77818127966839,42.77818127966839,0.5612535316977787
1689,2016-10-16,2016,4,17,Chicago Fire,New England Revolution,1443.3369950804054,1485.1998168158536,18.13717826455172,-18.13717826455172,0.5260778133159657
1690,2016-10-16,2016,8,18,DC United,New York City,1512.2505769001023,1532.147112235771,40.10346466433134,40.10346466433134,0.5574585700730539
1691,2016-10-16,2016,10,26,FC Dallas,Seattle Sounders,1544.069089034505,1510.7090007903385,93.36008824416649,93.36008824416649,0.6312129407036595
1692,2016-10-16,2016,11,14,Houston Dynamo,Los Angeles Galaxy,1472.6484811935127,1522.9855554280111,9.66292576550154,9.66292576550154,0.5139024836060183
1693,2016-10-16,2016,19,7,New York Red Bulls,Columbus Crew,1532.1839571239886,1477.2549503408386,114.92900678315004,114.92900678315004,0.6596162445009948
1694,2016-10-16,2016,21,20,Philadelphia Union,Orlando City,1490.4631186678114,1472.3992544693376,78.06386419847377,78.06386419847377,0.6104898455622555
1695,2016-10-16,2016,22,6,Portland Timbers,Colorado Rapids,1490.2434323100917,1554.691756671528,-4.448324361436335,-4.448324361436335,0.49359869642120047
1696,2016-10-16,2016,23,27,Real Salt Lake,Sporting Kansas City,1497.0563053626372,1495.5590931196066,61.49721224303062,61.49721224303062,0.5875887846773603
1697,2016-10-16,2016,25,30,San Jose Earthquakes,Vancouver Whitecaps,1476.1477418176005,1471.1002120181327,65.04752979946784,65.04752979946784,0.5925322904813649
1698,2016-10-23,2016,6,11,Colorado Rapids,Houston Dynamo,1547.095737117846,1464.9399439394224,142.15579317842366,142.15579317842366,0.6938784435992303
1699,2016-10-23,2016,14,10,Los Angeles Galaxy,FC Dallas,1530.6940926821014,1549.6008949239501,41.09319775815129,-41.09319775815129,0.558863636956863
1700,2016-10-23,2016,17,2,New England Revolution,CF Montreal,1478.0909840155932,1500.2470629743314,37.843921041261865,37.843921041261865,0.5542474131572339
1701,2016-10-23,2016,18,7,New York City,Columbus Crew,1525.5089907868667,1472.1491940083536,113.3597967785131,113.3597967785131,0.65758519453838
1702,2016-10-23,2016,20,8,Orlando City,DC United,1481.5566021527713,1518.8886983490065,22.66790380376483,22.66790380376483,0.532575527447906
1703,2016-10-23,2016,21,19,Philadelphia Union,New York Red Bulls,1481.3057709843777,1537.2897134564737,4.016057527903968,-4.016057527903968,0.5057793139763527
1704,2016-10-23,2016,26,23,Seattle Sounders,Real Salt Lake,1505.1771949008933,1495.7424735924767,69.43472130841656,69.43472130841656,0.5986151918438289
1705,2016-10-23,2016,27,25,Sporting Kansas City,San Jose Earthquakes,1496.872924889767,1474.7597574603801,82.11316742938698,82.11316742938698,0.6160182083340403
1706,2016-10-23,2016,29,4,Toronto FC,Chicago Fire,1519.3064876455962,1450.4458278806658,128.86065976493046,128.86065976493046,0.6773853170480891
1707,2016-10-23,2016,30,22,Vancouver Whitecaps,Portland Timbers,1472.488196375353,1497.8394518637738,34.64874451157925,-34.64874451157925,0.5496989007068563
1708,2016-10-27,2016,14,23,Los Angeles Galaxy,Real Salt Lake,1529.8111381277486,1489.7217014701341,100.08943665761444,100.08943665761444,0.6401836007320376
1709,2016-10-27,2016,29,21,Toronto FC,Philadelphia Union,1524.145707889875,1473.7190812747324,110.4266266151426,110.4266266151426,0.6537732701944725
1710,2016-10-28,2016,8,2,DC United,CF Montreal,1511.8773312607252,1493.56077417169,78.31655708903531,78.31655708903531,0.6108356862438779
1711,2016-10-28,2016,26,27,Seattle Sounders,Sporting Kansas City,1511.1979670232358,1502.6326517647565,68.56531525847936,68.56531525847936,0.5974120952193609
1712,2016-10-30,2016,2,19,CF Montreal,New York Red Bulls,1502.7233094653482,1544.876403166119,17.846906299229204,-17.846906299229204,0.5256611966478892
1713,2016-10-30,2016,14,6,Los Angeles Galaxy,Colorado Rapids,1535.208384116768,1544.1875604638576,51.020823652910394,51.020823652910394,0.5729015822271951
1714,2016-10-30,2016,29,18,Toronto FC,New York City,1529.3391088369578,1530.6452128687908,58.693895968167,58.693895968167,0.5836728394837
1715,2016-10-31,2016,26,10,Seattle Sounders,FC Dallas,1517.2367855949453,1550.483849478303,26.75293611664233,26.75293611664233,0.5384246577560456
1716,2016-11-06,2016,6,14,Colorado Rapids,Los Angeles Galaxy,1537.7810841972655,1541.61486038336,56.16622381390539,56.16622381390539,0.5801328492424941
1717,2016-11-06,2016,18,29,New York City,Toronto FC,1524.4003054610464,1535.5840162447023,48.8162892163441,48.8162892163441,0.5697936130278783
1718,2016-11-06,2016,19,2,New York Red Bulls,CF Montreal,1537.7613211158373,1509.8383915156298,87.92292960020745,87.92292960020745,0.6238976614717977
1719,2016-11-07,2016,10,26,FC Dallas,Seattle Sounders,1543.5602193446437,1524.1604157286047,79.39980361603898,79.39980361603898,0.6123169723672486
1720,2016-11-23,2016,2,29,CF Montreal,Toronto FC,1519.1968564377069,1544.1309204401205,35.065935997586394,-35.065935997586394,0.5502932845139114
1721,2016-11-23,2016,26,6,Seattle Sounders,Colorado Rapids,1518.3451703141134,1544.079091458628,34.266078855485375,34.266078855485375,0.5491535819555594
1722,2016-11-27,2016,6,26,Colorado Rapids,Seattle Sounders,1537.3163951879615,1525.10786658478,72.20852860318155,72.20852860318155,0.6024456270919102
1723,2016-12-01,2016,29,2,Toronto FC,CF Montreal,1537.3853197078292,1525.942457169998,71.44286253783116,71.44286253783116,0.6013895273737003
1724,2016-12-11,2016,29,26,Toronto FC,Seattle Sounders,1543.3644767972237,1534.1445509911587,69.21992580606502,69.21992580606502,0.5983180646172673
1725,2017-03-04,2017,6,17,Colorado Rapids,New England Revolution,1500.0,1500.0,60.0,60.0,0.5854986786718095
1726,2017-03-04,2017,7,4,Columbus Crew,Chicago Fire,1500.0,1500.0,60.0,60.0,0.5854986786718095
1727,2017-03-04,2017,14,10,Los Angeles Galaxy,FC Dallas,1500.0,1500.0,60.0,60.0,0.5854986786718095
1728,2017-03-04,2017,22,15,Portland Timbers,Minnesota United,1500.0,1500.0,60.0,60.0,0.5854986786718095
1729,2017-03-04,2017,23,29,Real Salt Lake,Toronto FC,1500.0,1500.0,60.0,60.0,0.5854986786718095
1730,2017-03-05,2017,8,27,DC United,Sporting Kansas City,1500.0,1500.0,60.0,60.0,0.5854986786718095
1731,2017-03-05,2017,11,26,Houston Dynamo,Seattle Sounders,1500.0,1500.0,60.0,60.0,0.5854986786718095
1732,2017-03-05,2017,20,18,Orlando City,New York City,1500.0,1500.0,60.0,60.0,0.5854986786718095
1733,2017-03-05,2017,25,2,San Jose Earthquakes,CF Montreal,1500.0,1500.0,60.0,60.0,0.5854986786718095
1734,2017-03-06,2017,0,19,Atlanta Utd,New York Red Bulls,1500.0,1500.0,60.0,60.0,0.5854986786718095
1735,2017-03-06,2017,30,21,Vancouver Whitecaps,Philadelphia Union,1500.0,1500.0,60.0,60.0,0.5854986786718095
1736,2017-03-11,2017,4,23,Chicago Fire,Real Salt Lake,1501.282480180077,1498.717519819923,62.564960360154146,62.564960360154146,0.5890774372974298
1737,2017-03-11,2017,19,6,New York Red Bulls,Colorado Rapids,1508.782480180077,1506.217519819923,62.564960360154146,62.564960360154146,0.5890774372974298
1738,2017-03-11,2017,21,29,Philadelphia Union,Toronto FC,1501.282480180077,1501.282480180077,60.0,-60.0,0.5854986786718095
1739,2017-03-12,2017,2,26,CF Montreal,Seattle Sounders,1493.782480180077,1493.782480180077,60.0,60.0,0.5854986786718095
1740,2017-03-12,2017,11,7,Houston Dynamo,Columbus Crew,1506.217519819923,1498.717519819923,67.5,67.5,0.5959362978529087
1741,2017-03-12,2017,14,22,Los Angeles Galaxy,Portland Timbers,1491.217519819923,1506.217519819923,45.0,45.0,0.5644004902404213
1742,2017-03-12,2017,15,0,Minnesota United,Atlanta Utd,1493.782480180077,1491.217519819923,62.564960360154146,62.564960360154146,0.5890774372974298
1743,2017-03-12,2017,18,8,New York City,DC United,1493.782480180077,1498.717519819923,55.064960360154146,55.064960360154146,0.578587931007608
1744,2017-03-12,2017,25,30,San Jose Earthquakes,Vancouver Whitecaps,1506.217519819923,1498.717519819923,67.5,67.5,0.5959362978529087
1745,2017-03-12,2017,27,10,Sporting Kansas City,FC Dallas,1501.282480180077,1508.782480180077,52.5,52.5,0.5749837298179947
1746,2017-03-18,2017,0,4,Atlanta Utd,Chicago Fire,1500.0536813793844,1507.4463186206156,52.607362758768886,52.607362758768886,0.5751347553352458
1747,2017-03-18,2017,8,7,DC United,Columbus Crew,1492.396338785037,1492.6565642877165,59.73977449732047,59.73977449732047,0.5851350878289816
1748,2017-03-18,2017,18,2,New York City,CF Montreal,1500.103661214963,1492.5,67.60366121496304,67.60366121496304,0.5960799780102808
1749,2017-03-18,2017,20,21,Orlando City,Philadelphia Union,1506.217519819923,1500.0,66.21751981992293,66.21751981992293,0.5941573559589034
1750,2017-03-18,2017,30,29,Vancouver Whitecaps,Toronto FC,1492.6565642877165,1502.5649603601541,50.091603927562346,50.091603927562346,0.5715922482044853
1751,2017-03-19,2017,6,15,Colorado Rapids,Minnesota United,1500.0536813793844,1484.9463186206156,75.10736275876889,75.10736275876889,0.606435339576026
1752,2017-03-19,2017,10,17,FC Dallas,New England Revolution,1509.907236127347,1493.782480180077,76.12475594726993,76.12475594726993,0.6078322650804242
1753,2017-03-19,2017,22,11,Portland Timbers,Houston Dynamo,1514.6835271735292,1512.2784753521294,62.405051821399866,62.405051821399866,0.5888545961889013
1754,2017-03-19,2017,23,14,Real Salt Lake,Los Angeles Galaxy,1492.5536813793844,1482.7515124663166,69.80216891306782,69.80216891306782,0.599123315063267
1755,2017-03-19,2017,26,19,Seattle Sounders,New York Red Bulls,1495.0649603601541,1514.9463186206156,40.11864173953859,40.11864173953859,0.5574801230931785
1756,2017-03-19,2017,27,25,Sporting Kansas City,San Jose Earthquakes,1500.1577242328071,1512.2784753521294,47.87924888067778,47.87924888067778,0.5684708839838136
1757,2017-03-25,2017,7,22,Columbus Crew,Portland Timbers,1501.4335906051513,1520.8507082306958,40.582882374455494,40.582882374455494,0.5581392879639916
1758,2017-03-25,2017,17,15,New England Revolution,Minnesota United,1487.8999641562834,1486.542848714256,61.35711544202741,61.35711544202741,0.5873933423904203
1759,2017-03-25,2017,19,23,New York Red Bulls,Real Salt Lake,1508.3085204670133,1483.5668316534354,84.74168881357787,84.74168881357787,0.6195909482180144
1760,2017-04-01,2017,4,2,Chicago Fire,CF Montreal,1501.0733399506441,1493.9411996701542,67.13214028048992,67.13214028048992,0.5954262913843305
1761,2017-04-01,2017,7,20,Columbus Crew,Orlando City,1508.0615012856913,1512.3051594805395,55.756341805151806,55.756341805151806,0.5795580240048196
1762,2017-04-01,2017,18,25,New York City,San Jose Earthquakes,1498.6624615448088,1505.8055386118865,52.856922932922316,52.856922932922316,0.5754857535012676
1763,2017-04-01,2017,26,0,Seattle Sounders,Atlanta Utd,1501.7027585137564,1506.4266600493559,55.27609846440055,55.27609846440055,0.5788842483849336
1764,2017-04-01,2017,29,27,Toronto FC,Sporting Kansas City,1511.1388440832213,1506.63066097305,64.50818311017133,64.50818311017133,0.5917824767808018
1765,2017-04-02,2017,8,21,DC United,Philadelphia Union,1483.6193124676022,1493.9123603393834,49.706952128218745,49.706952128218745,0.5710499529677338
1766,2017-04-02,2017,11,19,Houston Dynamo,New York Red Bulls,1506.1112942949628,1506.514656243743,59.59663805121977,59.59663805121977,0.5849350559495271
1767,2017-04-02,2017,15,23,Minnesota United,Real Salt Lake,1480.3537488501124,1485.3606958767057,54.99305297340675,-54.99305297340675,0.5784870011490469
1768,2017-04-02,2017,30,14,Vancouver Whitecaps,Los Angeles Galaxy,1484.0826805646493,1491.7383621922656,52.34431837238367,52.34431837238367,0.5747647100431724
1769,2017-04-03,2017,22,17,Portland Timbers,New England Revolution,1514.2227975501557,1494.089064020427,80.13373352972872,80.13373352972872,0.6133194084568511
1770,2017-04-08,2017,4,7,Chicago Fire,Columbus Crew,1499.6419455798791,1514.368130925619,45.27381465426015,45.27381465426015,0.5647879646072124
1771,2017-04-08,2017,8,18,DC United,New York City,1490.053563173086,1505.0301752422897,45.02338793079639,45.02338793079639,0.5644335895165496
1772,2017-04-08,2017,14,2,Los Angeles Galaxy,CF Montreal,1485.3598328429132,1495.3725940409192,49.98723880199395,49.98723880199395,0.5714451276290405
1773,2017-04-08,2017,17,11,New England Revolution,Houston Dynamo,1495.7888551472797,1512.3372684557198,43.451586691559896,43.451586691559896,0.5622078678311418
1774,2017-04-09,2017,10,15,FC Dallas,Minnesota United,1515.7897521511406,1486.6764438328767,89.11330831826399,89.11330831826399,0.6255041957204959
1775,2017-04-09,2017,20,19,Orlando City,New York Red Bulls,1505.9985298406118,1500.288682082986,65.70984775762577,65.70984775762577,0.593452472484843
1776,2017-04-09,2017,21,22,Philadelphia Union,Portland Timbers,1487.4781096338995,1512.523006423303,34.95510321059646,34.95510321059646,0.5501353920295444
1777,2017-04-09,2017,23,30,Real Salt Lake,Vancouver Whitecaps,1479.0380008939414,1490.4612099140018,48.57679097993969,48.57679097993969,0.5694556305625225
1778,2017-04-09,2017,25,26,San Jose Earthquakes,Seattle Sounders,1499.4378249144056,1500.5194947879825,58.91833012642314,58.91833012642314,0.5839867471171764
1779,2017-04-09,2017,29,0,Toronto FC,Atlanta Utd,1509.7621069315094,1507.6099237751298,62.15218315637958,62.15218315637958,0.5885021357965815
1780,2017-04-10,2017,27,6,Sporting Kansas City,Colorado Rapids,1508.007398124762,1498.457151285744,69.55024683901797,69.55024683901797,0.5987749686876846
1781,2017-04-15,2017,2,0,CF Montreal,Atlanta Utd,1488.9442709553548,1508.9374558120785,40.0068151432763,40.0068151432763,0.5573213126606533
1782,2017-04-15,2017,4,17,Chicago Fire,New England Revolution,1506.170126110771,1502.3557371298125,63.81438898095848,63.81438898095848,0.5908173181257435
1783,2017-04-15,2017,20,14,Orlando City,Los Angeles Galaxy,1512.0967427533392,1491.7881559284776,80.30858682486155,80.30858682486155,0.6135580901067939
1784,2017-04-15,2017,21,18,Philadelphia Union,New York City,1479.2260787534562,1498.496679085038,40.72939966841818,40.72939966841818,0.5583472821748069
1785,2017-04-15,2017,25,10,San Jose Earthquakes,FC Dallas,1498.178023707648,1521.4071892153331,36.77083449231486,36.77083449231486,0.5527207888647967
1786,2017-04-15,2017,30,26,Vancouver Whitecaps,Seattle Sounders,1484.0030443724395,1501.77929599474,42.223748377699394,-42.223748377699394,0.560467460371412
1787,2017-04-16,2017,6,23,Colorado Rapids,Real Salt Lake,1492.4387758160592,1485.4961664355037,66.9426093805555,66.9426093805555,0.5951634422441227
1788,2017-04-16,2017,7,29,Columbus Crew,Toronto FC,1507.839950394727,1508.4345748945607,59.40537550016643,59.40537550016643,0.5846677245841096
1789,2017-04-16,2017,11,15,Houston Dynamo,Minnesota United,1505.770386473187,1481.0590067686842,84.71137970450286,84.71137970450286,0.6195498243614697
1790,2017-04-16,2017,19,8,New York Red Bulls,DC United,1494.1904691702587,1496.5870593303378,57.603409839920914,57.603409839920914,0.582146655769472
1791,2017-04-16,2017,22,27,Portland Timbers,Sporting Kansas City,1520.7750373037463,1514.0257735944467,66.74926370929961,66.74926370929961,0.5948952463793928
1792,2017-04-20,2017,17,25,New England Revolution,San Jose Earthquakes,1496.2179969016986,1497.387211874676,58.83078502702256,58.83078502702256,0.5838643091620096
1793,2017-04-22,2017,11,25,Houston Dynamo,San Jose Earthquakes,1503.977139107765,1498.6451765121062,65.33196259565875,65.33196259565875,0.592927543047853
1794,2017-04-22,2017,21,2,Philadelphia Union,CF Montreal,1470.850869520834,1495.584451265445,35.266418255389,35.266418255389,0.5505788659499878
1795,2017-04-22,2017,22,30,Portland Timbers,Vancouver Whitecaps,1511.8516086080554,1490.5960324668683,81.25557614118702,81.25557614118702,0.6148498174302651
1796,2017-04-22,2017,29,4,Toronto FC,Chicago Fire,1502.2045907633224,1512.3078663388849,49.89672442443748,49.89672442443748,0.5713175218347103
1797,2017-04-23,2017,10,27,FC Dallas,Sporting Kansas City,1522.198001048305,1522.9492022901377,59.24879875816737,59.24879875816737,0.584448837132309
1798,2017-04-23,2017,14,26,Los Angeles Galaxy,Seattle Sounders,1485.9915272800795,1495.1863079003112,50.80521937976823,50.80521937976823,0.572597871391791
1799,2017-04-23,2017,15,6,Minnesota United,Colorado Rapids,1482.8522541341063,1483.5113241823974,59.34092995170886,59.34092995170886,0.5845776365604882
1800,2017-04-23,2017,17,8,New England Revolution,DC United,1494.9600322642684,1490.3192591668799,64.64077309738855,64.64077309738855,0.5919668465563798
1801,2017-04-23,2017,18,20,New York City,Orlando City,1506.8718883176603,1517.8933714017373,48.97851691592291,48.97851691592291,0.5700225135593319
1802,2017-04-23,2017,19,7,New York Red Bulls,Columbus Crew,1500.4582693337165,1514.0699345259654,46.38833480775111,46.38833480775111,0.5663642976656964
1803,2017-04-23,2017,23,0,Real Salt Lake,Atlanta Utd,1494.4236180691655,1502.2972755019882,52.12634256717729,52.12634256717729,0.5744580027738877
1804,2017-04-29,2017,2,30,CF Montreal,Vancouver Whitecaps,1496.3431342546949,1484.8187797283224,71.52435452637246,71.52435452637246,0.6015019760933602
1805,2017-04-29,2017,20,6,Orlando City,Colorado Rapids,1526.4437091051273,1477.2799887308047,109.16372037432257,109.16372037432257,0.6521258726263558
1806,2017-04-29,2017,29,11,Toronto FC,Houston Dynamo,1508.6348279358017,1510.0832259620472,58.55160197375449,58.55160197375449,0.5834737830407204
1807,2017-04-30,2017,0,8,Atlanta Utd,DC United,1510.9141455435965,1491.6987618652256,79.21538367837093,79.21538367837093,0.6120649329886252
1808,2017-04-30,2017,7,18,Columbus Crew,New York City,1507.5653989909508,1498.3215506142703,69.24384837668049,69.24384837668049,0.5983511603559033
1809,2017-04-30,2017,10,22,FC Dallas,Portland Timbers,1528.4312684913205,1517.6288613466013,70.80240714471915,70.80240714471915,0.60050540775636
1810,2017-04-30,2017,14,21,Los Angeles Galaxy,Philadelphia Union,1477.4025592092025,1470.0921865315843,67.31037267761826,67.31037267761826,0.5956734213752306
1811,2017-04-30,2017,15,25,Minnesota United,San Jose Earthquakes,1489.083589585699,1492.539089657824,56.544499927874995,56.544499927874995,0.5806631570558587
1812,2017-04-30,2017,19,4,New York Red Bulls,Chicago Fire,1506.9628048687312,1505.8776291664055,61.085175702325614,61.085175702325614,0.5870138937896817
1813,2017-04-30,2017,26,17,Seattle Sounders,New England Revolution,1503.7752759711882,1493.5805295659227,70.1947464052655,70.1947464052655,0.5996659536273993
1814,2017-04-30,2017,27,23,Sporting Kansas City,Real Salt Lake,1516.7159348471223,1485.8067480275572,90.9091868195651,90.9091868195651,0.6279226777187996
1815,2017-05-04,2017,27,19,Sporting Kansas City,New York Red Bulls,1522.2970946813402,1513.157596461886,69.13949821945425,69.13949821945425,0.5982067903067173
1816,2017-05-04,2017,29,20,Toronto FC,Orlando City,1514.882721190191,1531.661821015732,43.220900174459075,43.220900174459075,0.5618809951729404
1817,2017-05-06,2017,6,30,Colorado Rapids,Vancouver Whitecaps,1472.0618768202,1493.8413093697227,38.22056745047735,38.22056745047735,0.5547830073117291
1818,2017-05-06,2017,8,2,DC United,CF Montreal,1500.879735860055,1487.3206046132946,73.55913124676044,73.55913124676044,0.6043062130007957
1819,2017-05-06,2017,26,29,Seattle Sounders,Toronto FC,1502.280286666777,1521.4545062625969,40.82578040418025,40.82578040418025,0.5584840919655867
1820,2017-05-07,2017,7,17,Columbus Crew,New England Revolution,1498.5901315856122,1495.0755188703338,63.51461271527842,63.51461271527842,0.5904000729117593
1821,2017-05-07,2017,11,20,Houston Dynamo,Orlando City,1503.835332707658,1525.090035943326,38.7452967643319,38.7452967643319,0.5555289641788901
1822,2017-05-07,2017,14,4,Los Angeles Galaxy,Chicago Fire,1475.967457888574,1499.6828375732507,36.28462031532331,36.28462031532331,0.5520287481705234
1823,2017-05-07,2017,15,27,Minnesota United,Sporting Kansas City,1480.3736422298612,1528.3239928267394,12.049649403121748,-12.049649403121748,0.5173338901461113
1824,2017-05-07,2017,18,0,New York City,Atlanta Utd,1507.296818019609,1501.7331715487671,65.56364647084183,65.56364647084183,0.593249405980369
1825,2017-05-07,2017,21,19,Philadelphia Union,New York Red Bulls,1471.5272878522128,1507.1306983164868,24.39658953572598,-24.39658953572598,0.5350519232303672
1826,2017-05-07,2017,23,10,Real Salt Lake,FC Dallas,1480.2255881933393,1526.923687374975,13.301900818364174,-13.301900818364174,0.5191336262185183
1827,2017-05-07,2017,25,22,San Jose Earthquakes,Portland Timbers,1501.2490370136618,1519.1364424629467,42.11259455071513,42.11259455071513,0.5603098305652254
1828,2017-05-11,2017,7,29,Columbus Crew,Toronto FC,1504.7341304919357,1529.8317676420806,34.90236284985508,34.90236284985508,0.5500602545170189
1829,2017-05-13,2017,2,7,CF Montreal,Columbus Crew,1496.3851978083064,1496.4832266741805,59.901971134125915,59.901971134125915,0.5853617222324621
1830,2017-05-13,2017,6,25,Colorado Rapids,San Jose Earthquakes,1463.740131710524,1507.8443895551834,15.895742155340713,15.895742155340713,0.5228598638826033
1831,2017-05-13,2017,11,30,Houston Dynamo,Vancouver Whitecaps,1510.5023982449745,1502.1630544793986,68.3393437655759,68.3393437655759,0.5970991999051554
1832,2017-05-13,2017,29,15,Toronto FC,Minnesota United,1538.0826714598359,1487.6136338776696,110.46903758216627,110.46903758216627,0.6538285294869964
1833,2017-05-14,2017,4,26,Chicago Fire,Seattle Sounders,1500.4632687958085,1493.9030252872933,66.56024350851521,66.56024350851521,0.5946329957387628
1834,2017-05-14,2017,8,21,DC United,Philadelphia Union,1491.8151426650431,1478.5015090037573,73.31363366128585,73.31363366128585,0.6039682391011445
1835,2017-05-14,2017,17,23,New England Revolution,Real Salt Lake,1488.9315199640102,1472.4385838000615,76.4929361639488,76.4929361639488,0.6083373592441615
1836,2017-05-14,2017,19,14,New York Red Bulls,Los Angeles Galaxy,1500.1564771649423,1475.1870266660162,84.96945049892611,84.96945049892611,0.6198999237718984
1837,2017-05-14,2017,20,27,Orlando City,Sporting Kansas City,1518.4229704060094,1521.084001178931,57.33896922707845,57.33896922707845,0.5817763211023174
1838,2017-05-14,2017,22,0,Portland Timbers,Atlanta Utd,1512.541089921425,1495.6319126384726,76.90917728295244,76.90917728295244,0.6089081072260305
1839,2017-05-15,2017,10,18,FC Dallas,New York City,1534.710691768253,1513.3980769299035,81.31261483834942,81.31261483834942,0.6149275688038466
1840,2017-05-18,2017,4,6,Chicago Fire,Colorado Rapids,1506.543773859727,1470.897233752285,95.64654010744198,95.64654010744198,0.634271477327179
1841,2017-05-18,2017,21,11,Philadelphia Union,Houston Dynamo,1487.5610325902744,1516.5459102463972,31.015122343877238,31.015122343877238,0.5445161634604938
1842,2017-05-18,2017,23,18,Real Salt Lake,New York City,1466.5636441887239,1515.121990461961,11.441653726762752,11.441653726762752,0.516459913498031
1843,2017-05-18,2017,25,20,San Jose Earthquakes,Orlando City,1500.6872875134225,1517.1963255894746,43.49096192394791,43.49096192394791,0.5622636554176479
1844,2017-05-18,2017,27,26,Sporting Kansas City,Seattle Sounders,1522.3106459954658,1487.8225202233748,94.48812577209105,94.48812577209105,0.6327232274552796
1845,2017-05-20,2017,2,22,CF Montreal,Portland Timbers,1487.6047719748194,1510.9074683130345,36.69730366178487,36.69730366178487,0.5526161436517119
1846,2017-05-20,2017,8,4,DC United,Chicago Fire,1482.755619078526,1512.0297016998193,30.725917378706754,30.725917378706754,0.5441032326631661
1847,2017-05-20,2017,19,29,New York Red Bulls,Toronto FC,1490.8579783083637,1543.275243517531,7.582734790832774,7.582734790832774,0.510910700267965
1848,2017-05-20,2017,26,23,Seattle Sounders,Real Salt Lake,1482.313368635204,1473.8167454862535,68.49662314895045,68.49662314895045,0.5973169878852547
1849,2017-05-21,2017,0,11,Atlanta Utd,Houston Dynamo,1497.2655342468631,1509.7136526983045,47.55188154855864,47.55188154855864,0.5680085399275224
1850,2017-05-21,2017,10,25,FC Dallas,San Jose Earthquakes,1532.9867782361953,1499.7533326821576,93.23344555403764,93.23344555403764,0.6310432223081327
1851,2017-05-21,2017,15,14,Minnesota United,Los Angeles Galaxy,1482.4210618199745,1484.4855255225948,57.93553629737971,57.93553629737971,0.5826116495298483
1852,2017-05-21,2017,17,7,New England Revolution,Columbus Crew,1494.8064595753478,1505.2636525076675,49.542807067680315,49.542807067680315,0.5708184836345059
1853,2017-05-21,2017,21,6,Philadelphia Union,Colorado Rapids,1494.393290138367,1465.4113059121928,88.98198422617429,88.98198422617429,0.6253270957562577
1854,2017-05-21,2017,30,27,Vancouver Whitecaps,Sporting Kansas City,1496.119542477976,1527.8197975836367,28.299744894339256,28.299744894339256,0.540636776493281
1855,2017-05-22,2017,20,18,Orlando City,New York City,1518.1302804207394,1507.8688891644315,70.26139125630789,70.26139125630789,0.5997580489570683
1856,2017-05-26,2017,4,10,Chicago Fire,FC Dallas,1520.1912501897668,1523.5211299015732,56.67012028819363,56.67012028819363,0.5808392239380753
1857,2017-05-27,2017,26,22,Seattle Sounders,Portland Timbers,1488.3536138169252,1504.1967104678101,44.156903349115055,44.156903349115055,0.5632069344221151
1858,2017-05-27,2017,29,7,Toronto FC,Columbus Crew,1543.4389040215503,1498.825929762185,104.61297425936527,104.61297425936527,0.6461596273405044
1859,2017-05-28,2017,0,18,Atlanta Utd,New York City,1503.7454061479502,1516.8652598987876,46.880146249162635,46.880146249162635,0.567059471386259
1860,2017-05-28,2017,6,27,Colorado Rapids,Sporting Kansas City,1459.7912123485366,1520.929349231036,-1.1381368824993388,-1.1381368824993388,0.49836209522164043
1861,2017-05-28,2017,15,20,Minnesota United,Orlando City,1473.6818870770269,1509.1339096863833,24.54797739064361,24.54797739064361,0.5352687105243512
1862,2017-05-28,2017,19,17,New York Red Bulls,New England Revolution,1490.6943178043443,1501.2441823208303,49.45013548351403,49.45013548351403,0.5706877890119008
1863,2017-05-28,2017,23,21,Real Salt Lake,Philadelphia Union,1467.7765003045322,1500.0133837020232,27.763116602508944,27.763116602508944,0.5398695117437853
1864,2017-05-28,2017,25,14,San Jose Earthquakes,Los Angeles Galaxy,1509.2189810167797,1493.2247002655424,75.99428075123728,75.99428075123728,0.6076532150416205
1865,2017-05-28,2017,30,8,Vancouver Whitecaps,DC United,1503.0099908305767,1474.5940705885785,88.41592024199826,88.41592024199826,0.6245633342521041
1866,2017-05-29,2017,10,11,FC Dallas,Houston Dynamo,1517.2337182606443,1503.2337807972174,73.99993746342693,73.99993746342693,0.6049128159728926
1867,2017-06-01,2017,7,26,Columbus Crew,Seattle Sounders,1493.5183241722925,1494.9055098005936,58.61281437169896,58.61281437169896,0.5835594169954025
1868,2017-06-01,2017,11,23,Houston Dynamo,Real Salt Lake,1504.8074730368107,1474.6784576283753,90.12901540843541,90.12901540843541,0.6268728115437511
1869,2017-06-01,2017,18,17,New York City,New England Revolution,1510.3711519695814,1494.804499156009,75.56665281357255,75.56665281357255,0.6070661819940113
1870,2017-06-01,2017,20,8,Orlando City,DC United,1502.1629403442485,1483.96252060236,78.20041974188848,78.20041974188848,0.6106767521118375
1871,2017-06-03,2017,18,21,New York City,Philadelphia Union,1508.7651592396712,1493.11142637818,75.65373286149111,75.65373286149111,0.6071857476602823
1872,2017-06-03,2017,22,25,Portland Timbers,San Jose Earthquakes,1497.6448144841418,1500.1041827911554,57.54063169298638,57.54063169298638,0.5820587467640038
1873,2017-06-03,2017,27,15,Sporting Kansas City,Minnesota United,1513.4047806593605,1480.6528564191617,92.75192424019883,92.75192424019883,0.6303976226188548
1874,2017-06-03,2017,30,0,Vancouver Whitecaps,Atlanta Utd,1493.6415408167952,1510.2395140771564,43.40202673963881,43.40202673963881,0.5621376481020185
1875,2017-06-04,2017,2,19,CF Montreal,New York Red Bulls,1494.3155298200438,1497.1340009691658,57.18152885087807,57.18152885087807,0.5815557906166501
1876,2017-06-04,2017,6,7,Colorado Rapids,Columbus Crew,1467.315780920212,1499.7649329173614,27.55084800285067,27.55084800285067,0.5395659602537722
1877,2017-06-04,2017,8,14,DC United,Los Angeles Galaxy,1478.1226718840376,1502.3394984911668,35.78317339287082,35.78317339287082,0.5513148152067912
1878,2017-06-04,2017,10,23,FC Dallas,Real Salt Lake,1515.660026021051,1469.0815498015315,106.57847621951942,106.57847621951942,0.6487422095624352
1879,2017-06-04,2017,17,29,New England Revolution,Toronto FC,1496.410491885919,1548.746509611443,7.663982274476211,7.663982274476211,0.5110275685210273
1880,2017-06-05,2017,20,4,Orlando City,Chicago Fire,1508.0027890625709,1526.4786618306957,41.52412723187513,41.52412723187513,0.559475109518872
1881,2017-06-05,2017,26,11,Seattle Sounders,Houston Dynamo,1488.6589010555247,1510.4043808636545,38.25452019187014,38.25452019187014,0.5548312821440226
1882,2017-06-10,2017,4,0,Chicago Fire,Atlanta Utd,1527.3707884734788,1503.6715787986866,83.6992096747922,83.6992096747922,0.6181755147430161
1883,2017-06-11,2017,22,10,Portland Timbers,FC Dallas,1503.9139332826817,1520.9288928776143,42.985040405067366,42.985040405067366,0.561546736699581
1884,2017-06-11,2017,27,2,Sporting Kansas City,CF Montreal,1518.9488163200776,1500.5921929607941,78.3566233592835,78.3566233592835,0.6108905115316499
1885,2017-06-17,2017,18,26,New York City,Seattle Sounders,1514.657373024767,1495.3364318233644,79.32094120140255,79.32094120140255,0.6122092015960326
1886,2017-06-18,2017,0,7,Atlanta Utd,Columbus Crew,1497.944211519832,1492.858422321168,65.08578919866386,65.08578919866386,0.5925854633647795
1887,2017-06-18,2017,6,22,Colorado Rapids,Portland Timbers,1474.2222915164054,1510.490732232188,23.731559284217383,23.731559284217383,0.5340994446153524
1888,2017-06-18,2017,14,11,Los Angeles Galaxy,Houston Dynamo,1503.1092207192687,1503.7268500958148,59.38237062345388,-59.38237062345388,0.5846355668620062
1889,2017-06-18,2017,17,4,New England Revolution,Chicago Fire,1503.7450783581037,1533.0981557523335,30.646922605770214,30.646922605770214,0.5439904322802874
1890,2017-06-18,2017,20,2,Orlando City,CF Montreal,1507.1106624197878,1502.255550633769,64.85511178601882,64.85511178601882,0.5922648352391665
1891,2017-06-18,2017,21,19,Philadelphia Union,New York Red Bulls,1487.2192125930844,1490.8573378284154,56.36187476466898,56.36187476466898,0.580407156801973
1892,2017-06-18,2017,23,15,Real Salt Lake,Minnesota United,1463.8126829449682,1475.1088207584446,48.703862186523565,48.703862186523565,0.569634962885111
1893,2017-06-18,2017,25,27,San Jose Earthquakes,Sporting Kansas City,1493.8350639926155,1517.2854586471028,36.549605345512646,36.549605345512646,0.5524059330956682
1894,2017-06-18,2017,29,8,Toronto FC,DC United,1541.4119231392583,1477.3529496559356,124.05897348332269,124.05897348332269,0.6713154914781474
1895,2017-06-18,2017,30,10,Vancouver Whitecaps,FC Dallas,1500.209476095265,1514.352093928108,45.857382167157084,45.857382167157084,0.565613504787985
1896,2017-06-22,2017,6,14,Colorado Rapids,Los Angeles Galaxy,1481.2107998471752,1501.8396872163387,39.37111263083648,39.37111263083648,0.5564182985990952
1897,2017-06-22,2017,8,0,DC United,Atlanta Utd,1472.4226820281078,1504.0554295693603,28.367252458747544,-28.367252458747544,0.5407332844411464
1898,2017-06-22,2017,15,22,Minnesota United,Portland Timbers,1468.6533452017213,1503.5022239014183,25.151121300302975,-25.151121300302975,0.5361322790430958
1899,2017-06-22,2017,26,20,Seattle Sounders,Orlando City,1489.5195698473049,1505.7266898912003,43.79287995610457,43.79287995610457,0.562691366265414
1900,2017-06-24,2017,11,10,Houston Dynamo,FC Dallas,1504.9963835987448,1515.3362964999278,49.66008709881703,49.66008709881703,0.5709838693617779
1901,2017-06-24,2017,19,18,New York Red Bulls,New York City,1499.5634451804451,1520.4742350008264,39.0892101796187,39.0892101796187,0.5560177370633048
1902,2017-06-24,2017,29,17,Toronto FC,New England Revolution,1546.342190767086,1495.5852218738994,110.7569688931867,110.7569688931867,0.6542035792682245
1903,2017-06-25,2017,0,6,Atlanta Utd,Colorado Rapids,1497.1664288359775,1472.8645253681887,84.30190346778886,84.30190346778886,0.6189940728840704
1904,2017-06-25,2017,4,20,Chicago Fire,Orlando City,1541.2580122365378,1506.6670603851815,94.5909518513563,94.5909518513563,0.6328607684260574
1905,2017-06-25,2017,7,2,Columbus Crew,CF Montreal,1486.7472042716397,1503.6395231623565,43.10768110928325,43.10768110928325,0.5617205490608554
1906,2017-06-25,2017,14,27,Los Angeles Galaxy,Sporting Kansas City,1510.1859616953252,1518.0715476435378,52.114414051787435,-52.114414051787435,0.5744412168587036
1907,2017-06-25,2017,15,30,Minnesota United,Vancouver Whitecaps,1475.6113610160749,1499.2252735234451,36.38608749262971,36.38608749262971,0.5521731856515651
1908,2017-06-25,2017,21,8,Philadelphia Union,DC United,1478.5131052410547,1479.3116827614906,59.201422479564144,59.201422479564144,0.584382600591749
1909,2017-06-25,2017,25,23,San Jose Earthquakes,Real Salt Lake,1493.0489749961805,1470.2681585016915,82.78081649448904,82.78081649448904,0.6169268946390377
1910,2017-06-26,2017,22,26,Portland Timbers,Seattle Sounders,1496.5442080870648,1488.5791993533237,67.96500873374112,67.96500873374112,0.5965806966358855
1911,2017-06-30,2017,18,15,New York City,Minnesota United,1528.814501056776,1474.8287632313013,113.98573782547464,113.98573782547464,0.6583960560622827
1912,2017-07-01,2017,23,20,Real Salt Lake,Orlando City,1464.522061921277,1501.1599719115723,23.362090009704843,23.362090009704843,0.5335701704281756
1913,2017-07-02,2017,2,8,CF Montreal,DC United,1497.0653313982693,1473.0774217703668,83.98790962790258,83.98790962790258,0.618567701206847
1914,2017-07-02,2017,4,30,Chicago Fire,Vancouver Whitecaps,1546.765100710147,1500.0078713082187,106.75722940192827,106.75722940192827,0.648976654628292
1915,2017-07-02,2017,6,11,Colorado Rapids,Houston Dynamo,1467.1494364614498,1503.9316255583183,23.21781090313152,23.21781090313152,0.5333634663311446
1916,2017-07-02,2017,7,0,Columbus Crew,Atlanta Utd,1493.3213960357268,1502.8815177427164,50.43987829301045,50.43987829301045,0.5720831090403228
1917,2017-07-02,2017,10,29,FC Dallas,Toronto FC,1516.4010545403544,1551.5291370780628,24.87191746229155,24.87191746229155,0.5357325475945903
1918,2017-07-02,2017,21,17,Philadelphia Union,New England Revolution,1484.7473662321786,1490.3982755629227,54.34909066925593,54.34909066925593,0.5775828384270277
1919,2017-07-02,2017,25,14,San Jose Earthquakes,Los Angeles Galaxy,1498.7950715765949,1501.5693434424447,57.22572813415013,57.22572813415013,0.5816177049009424
1920,2017-07-02,2017,27,22,Sporting Kansas City,Portland Timbers,1526.6881658964182,1495.0954976375265,91.59266825889176,91.59266825889176,0.6288414390427941
1921,2017-07-05,2017,0,25,Atlanta Utd,San Jose Earthquakes,1511.4627643783213,1505.0708060030806,66.39195837524062,66.39195837524062,0.5943994679165855
1922,2017-07-05,2017,6,26,Colorado Rapids,Seattle Sounders,1474.1489844664827,1490.027909802862,44.121074663620675,44.121074663620675,0.5631561961164379
1923,2017-07-05,2017,10,8,FC Dallas,DC United,1523.3650663264355,1467.3559372884695,116.00912903796598,116.00912903796598,0.6610108667302019
1924,2017-07-05,2017,14,23,Los Angeles Galaxy,Real Salt Lake,1495.293609015959,1456.5185093648545,98.77509965110448,98.77509965110448,0.6384389571254455
1925,2017-07-05,2017,15,7,Minnesota United,Columbus Crew,1469.7047040722355,1484.740149400122,44.964554672113536,-44.964554672113536,0.5643503258931795
1926,2017-07-06,2017,11,2,Houston Dynamo,CF Montreal,1496.9320775532854,1502.7868158801666,54.14526167311874,54.14526167311874,0.5772965413041306
1927,2017-07-06,2017,17,19,New England Revolution,New York Red Bulls,1484.062018139328,1491.2231791244956,52.8388390148325,52.8388390148325,0.5754603216199993
1928,2017-07-06,2017,20,29,Orlando City,Toronto FC,1509.1635244679949,1544.5651252919818,24.598399176013118,-24.598399176013118,0.5353409115286972
1929,2017-07-06,2017,22,4,Portland Timbers,Chicago Fire,1497.0281192231685,1552.0304508907225,4.997668332445983,4.997668332445983,0.507191726864237
1930,2017-07-06,2017,30,18,Vancouver Whitecaps,New York City,1494.7425211276432,1533.9385602158418,20.80396091180137,20.80396091180137,0.5299035757177171
1931,2017-07-07,2017,27,21,Sporting Kansas City,Philadelphia Union,1524.7555443107763,1491.0836236557732,93.67192065500308,93.67192065500308,0.6316306999983485
1932,2017-07-20,2017,2,21,CF Montreal,Philadelphia Union,1496.4462639997287,1493.0580841557485,63.3881798439802,63.3881798439802,0.5902240575684653
1933,2017-07-20,2017,14,30,Los Angeles Galaxy,Vancouver Whitecaps,1485.7170246590772,1501.7939674918773,43.923057167199886,43.923057167199886,0.5628757525194241
1934,2017-07-20,2017,15,11,Minnesota United,Houston Dynamo,1461.2394491838377,1503.2726294337233,17.966819750114382,-17.966819750114382,0.5258333083746196
1935,2017-07-20,2017,18,29,New York City,Toronto FC,1526.8871138516076,1552.5952389649121,34.291874886695496,34.291874886695496,0.5491903463879004
1936,2017-07-20,2017,19,25,New York Red Bulls,San Jose Earthquakes,1499.8550839487955,1498.9867980218294,60.86828592696611,60.86828592696611,0.5867111845165324
1937,2017-07-20,2017,22,23,Portland Timbers,Real Salt Lake,1496.920243320205,1466.0950937217362,90.82514959846867,90.82514959846867,0.6278096477474674
1938,2017-07-20,2017,26,8,Seattle Sounders,DC United,1498.4752527446085,1462.2711002894225,96.20415245518598,96.20415245518598,0.6350157542994475
1939,2017-07-22,2017,15,19,Minnesota United,New York Red Bulls,1460.8519495582184,1506.0544161810476,14.797533377170794,-14.797533377170794,0.5212824953090704
1940,2017-07-22,2017,18,4,New York City,Chicago Fire,1526.149258655789,1552.138326793686,34.01093186210301,34.01093186210301,0.5487899183223947
1941,2017-07-22,2017,20,0,Orlando City,Atlanta Utd,1501.1334107950645,1517.5467723595725,43.58663843549198,-43.58663843549198,0.5623992051750113
1942,2017-07-23,2017,2,10,CF Montreal,FC Dallas,1502.5929031362016,1528.4499033254824,34.142999810719175,-34.142999810719175,0.5489781626589885
1943,2017-07-23,2017,7,21,Columbus Crew,Philadelphia Union,1493.2054042885197,1486.9114450192756,66.29395926924417,66.29395926924417,0.5942634557195279
1944,2017-07-23,2017,8,11,DC United,Houston Dynamo,1456.7963366039141,1503.6601290593426,13.136207544571562,13.136207544571562,0.5188955192869183
1945,2017-07-23,2017,17,14,New England Revolution,Los Angeles Galaxy,1475.4301133150282,1477.273888371286,58.156224943742245,58.156224943742245,0.5829205435787475
1946,2017-07-23,2017,23,27,Real Salt Lake,Sporting Kansas City,1475.5122384379483,1522.781083810801,12.731154627147362,-12.731154627147362,0.5183134083996511
1947,2017-07-23,2017,29,6,Toronto FC,Colorado Rapids,1553.3330941607308,1465.7016415247363,147.6314526359945,147.6314526359945,0.70053251942335
1948,2017-07-23,2017,30,22,Vancouver Whitecaps,Portland Timbers,1510.2371037796686,1487.5030986039928,82.73400517567575,82.73400517567575,0.616863209863685
1949,2017-07-24,2017,26,25,Seattle Sounders,San Jose Earthquakes,1503.9500164301169,1492.7874657895773,71.16255064053962,71.16255064053962,0.6010026505110966
1950,2017-07-27,2017,21,7,Philadelphia Union,Columbus Crew,1480.8253968550684,1499.2914524527268,41.533944402341604,41.533944402341604,0.5594890376161586
1951,2017-07-29,2017,0,20,Atlanta Utd,Orlando City,1525.9827604371976,1492.6974227174394,93.28533771975822,93.28533771975822,0.6311127687779082
1952,2017-07-30,2017,10,30,FC Dallas,Vancouver Whitecaps,1536.6845757653673,1500.9841556317133,95.700420133654,95.700420133654,0.6343434221288781
1953,2017-07-30,2017,11,22,Houston Dynamo,Portland Timbers,1511.4435618486464,1496.7560467519481,74.68751509669823,74.68751509669823,0.605858361179754
1954,2017-07-30,2017,14,26,Los Angeles Galaxy,Seattle Sounders,1471.017696524967,1509.9349766724504,21.082719852516675,21.082719852516675,0.5303032878849536
1955,2017-07-30,2017,15,8,Minnesota United,DC United,1453.0327121285823,1449.0129038146104,64.01980831397191,64.01980831397191,0.5911031566666889
1956,2017-07-30,2017,17,21,New England Revolution,Philadelphia Union,1481.686305161347,1487.4330612908261,54.25324387052092,54.25324387052092,0.5774482190043626
1957,2017-07-30,2017,19,2,New York Red Bulls,CF Montreal,1513.8736536106837,1494.3582306963167,79.51542291436704,79.51542291436704,0.6124749540126943
1958,2017-07-30,2017,23,7,Real Salt Lake,Columbus Crew,1475.2375373119535,1492.6837880169692,42.5537492949843,42.5537492949843,0.5609353703066363
1959,2017-07-30,2017,25,6,San Jose Earthquakes,Colorado Rapids,1486.8025055472438,1468.7096293160864,78.09287623115733,78.09287623115733,0.6105295576820006
1960,2017-07-30,2017,27,4,Sporting Kansas City,Chicago Fire,1523.0557849367958,1545.370175568522,37.685609368273845,37.685609368273845,0.5540222550323202
1961,2017-07-30,2017,29,18,Toronto FC,New York City,1550.3251063693806,1532.917409880953,77.40769648842752,77.40769648842752,0.6095912825203191
1962,2017-08-06,2017,2,20,CF Montreal,Orlando City,1488.5453550065072,1494.664114249108,53.881240757399155,53.881240757399155,0.5769256217522057
1963,2017-08-06,2017,4,17,Chicago Fire,New England Revolution,1538.6805093940068,1488.0245818762817,110.6559275177251,110.6559275177251,0.6540719879315614
1964,2017-08-06,2017,6,30,Colorado Rapids,Vancouver Whitecaps,1462.8675726813165,1510.4993069636464,12.368265717670056,12.368265717670056,0.5177918501119273
1965,2017-08-06,2017,8,29,DC United,Toronto FC,1442.8794511646106,1556.1812371315757,-53.3017859669651,53.3017859669651,0.42388875028948264
1966,2017-08-06,2017,15,26,Minnesota United,Seattle Sounders,1459.166164778582,1510.3895259907247,8.776638787857337,-8.776638787857337,0.5126279125637755
1967,2017-08-06,2017,18,19,New York City,New York Red Bulls,1527.061279118758,1519.6865293004932,67.37474981826472,67.37474981826472,0.5957626722520531
1968,2017-08-06,2017,21,10,Philadelphia Union,FC Dallas,1481.0947845758915,1527.1694244334342,13.925360142457293,13.925360142457293,0.5200294799424577
1969,2017-08-06,2017,22,14,Portland Timbers,Los Angeles Galaxy,1498.3439221696444,1470.5631472066927,87.78077496295168,87.78077496295168,0.6237056265866661
1970,2017-08-06,2017,23,11,Real Salt Lake,Houston Dynamo,1474.323506757354,1509.85568643095,24.467820326403853,24.467820326403853,0.5351539273236166
1971,2017-08-06,2017,25,7,San Jose Earthquakes,Columbus Crew,1492.6445621820137,1493.5978185715687,59.04674361044499,59.04674361044499,0.5841663236170604
1972,2017-08-07,2017,27,0,Sporting Kansas City,Atlanta Utd,1529.745451111311,1524.016068905529,65.72938220578203,65.72938220578203,0.5934796024694805
1973,2017-08-12,2017,26,27,Seattle Sounders,Sporting Kansas City,1518.0789446791814,1528.3432570742689,49.73568760491253,49.73568760491253,0.5710904711373566
1974,2017-08-12,2017,29,22,Toronto FC,Portland Timbers,1555.0395683859178,1503.9883377708445,111.05123061507334,111.05123061507334,0.6545866767959698
1975,2017-08-13,2017,7,4,Columbus Crew,Chicago Fire,1487.3603134258246,1543.8694295750333,3.490883850791306,3.490883850791306,0.5050236166478855
1976,2017-08-13,2017,10,6,FC Dallas,Colorado Rapids,1519.969866632571,1462.6006949296375,117.3691717029335,117.3691717029335,0.6627629441022259
1977,2017-08-13,2017,11,25,Houston Dynamo,San Jose Earthquakes,1510.3829953408044,1498.8820673277578,71.50092801304663,71.50092801304663,0.6014696515404071
1978,2017-08-13,2017,14,18,Los Angeles Galaxy,New York City,1464.9187316054927,1533.1248390349772,-8.206107429484518,-8.206107429484518,0.48819265763678743
1979,2017-08-13,2017,17,30,New England Revolution,Vancouver Whitecaps,1482.835661695255,1510.7661847153254,32.06947697992973,32.06947697992973,0.5460210629636396
1980,2017-08-13,2017,19,20,New York Red Bulls,Orlando City,1513.622969384274,1488.3179985753911,85.3049708088829,85.3049708088829,0.6203549048713821
1981,2017-08-13,2017,21,2,Philadelphia Union,CF Montreal,1488.2943423767547,1494.891470680224,53.40287169653061,53.40287169653061,0.5762533465922628
1982,2017-08-14,2017,8,23,DC United,Real Salt Lake,1444.0211199102685,1473.7961978474996,30.224922062768883,30.224922062768883,0.5433877615187588
1983,2017-08-17,2017,2,4,CF Montreal,Chicago Fire,1503.535270879108,1536.4447838247515,27.090487054356572,27.090487054356572,0.5389075275024641
1984,2017-08-19,2017,22,19,Portland Timbers,New York Red Bulls,1498.807137922784,1519.3176458112032,39.48949211158083,39.48949211158083,0.5565864848311237
1985,2017-08-20,2017,2,23,CF Montreal,Real Salt Lake,1510.4516579665712,1481.947014270281,88.50464369629026,88.50464369629026,0.6246830853960154
1986,2017-08-20,2017,4,29,Chicago Fire,Toronto FC,1529.5283967372884,1560.2207682339783,29.30762850331007,-29.30762850331007,0.5420773130661433
1987,2017-08-20,2017,6,8,Colorado Rapids,DC United,1465.0421390911708,1435.870303487487,89.1718356036838,89.1718356036838,0.6255831131434664
1988,2017-08-20,2017,18,17,New York City,New England Revolution,1540.447728899529,1489.6453457508005,110.8023831487285,110.8023831487285,0.654262716881997
1989,2017-08-20,2017,20,7,Orlando City,Columbus Crew,1482.623322148462,1494.7849591761064,47.838362972355526,47.838362972355526,0.5684131469226814
1990,2017-08-20,2017,25,21,San Jose Earthquakes,Philadelphia Union,1492.9041121008638,1479.6505421778706,73.25356992299317,73.25356992299317,0.6038855348599168
1991,2017-08-20,2017,27,10,Sporting Kansas City,FC Dallas,1521.9096141413293,1517.5284224710376,64.38119167029163,64.38119167029163,0.5916058677082204
1992,2017-08-20,2017,30,11,Vancouver Whitecaps,Houston Dynamo,1503.95650065978,1516.3609505676984,47.59555009208157,47.59555009208157,0.5680702203023829
1993,2017-08-21,2017,26,15,Seattle Sounders,Minnesota United,1524.512587612121,1451.4767460901253,133.03584152199574,133.03584152199574,0.6826150868273329
1994,2017-08-24,2017,7,14,Columbus Crew,Los Angeles Galaxy,1495.8111563799466,1457.5958417409408,98.21531463900578,98.21531463900578,0.6376947884571567
1995,2017-08-24,2017,8,0,DC United,Atlanta Utd,1445.254050184639,1525.4182629425711,-20.16421275793209,20.16421275793209,0.4710139027386312
1996,2017-08-24,2017,10,11,FC Dallas,Houston Dynamo,1511.402510486661,1509.8820038722342,61.52050661442672,61.52050661442672,0.587621278855449
1997,2017-08-24,2017,22,6,Portland Timbers,Colorado Rapids,1505.4583406503173,1455.6583923940188,109.79994825629842,109.79994825629842,0.6529562577711364
1998,2017-08-24,2017,23,25,Real Salt Lake,San Jose Earthquakes,1476.3172605512211,1491.3458290779652,44.97143147325596,44.97143147325596,0.5643600584563361
1999,2017-08-24,2017,29,21,Toronto FC,Philadelphia Union,1568.3519279299705,1481.2088252007693,147.14310272920125,147.14310272920125,0.6999424414766019
2000,2017-08-24,2017,30,26,Vancouver Whitecaps,Seattle Sounders,1510.4354473552442,1529.273361309711,41.162086045533215,41.162086045533215,0.5589613988613171
2001,2017-08-26,2017,19,18,New York Red Bulls,New York City,1512.66644308367,1545.6337881462991,27.032654937370808,27.032654937370808,0.5388248032805312
2002,2017-08-27,2017,2,29,CF Montreal,Toronto FC,1516.081411685631,1572.8527913078215,3.228620377809648,-3.228620377809648,0.5046462244804013
2003,2017-08-27,2017,4,15,Chicago Fire,Minnesota United,1521.3972370412962,1446.7159723925354,134.68126464876082,134.68126464876082,0.684663613701939
2004,2017-08-27,2017,7,10,Columbus Crew,FC Dallas,1501.2457345530893,1510.0881913038293,51.157543249260016,51.157543249260016,0.5730941437490972
2005,2017-08-27,2017,8,17,DC United,New England Revolution,1453.1888416435595,1484.4592865040304,28.72955513952911,28.72955513952911,0.5412511753287812
2006,2017-08-27,2017,20,30,Orlando City,Vancouver Whitecaps,1481.5971249446218,1509.5510263723245,32.046098572297296,32.046098572297296,0.5459877035496431
2007,2017-08-27,2017,21,0,Philadelphia Union,Atlanta Utd,1476.7079618229184,1517.4834714836506,19.22449033926773,19.22449033926773,0.5276380649164337
2008,2017-08-27,2017,23,6,Real Salt Lake,Colorado Rapids,1482.851859674376,1450.4527362605859,92.39912341379022,92.39912341379022,0.6299243084660301
2009,2017-08-28,2017,14,25,Los Angeles Galaxy,San Jose Earthquakes,1452.1612635677982,1484.8112299548102,27.350033612988,27.350033612988,0.5392787616595037
2010,2017-08-28,2017,26,22,Seattle Sounders,Portland Timbers,1530.1577822926306,1510.6639967837502,79.49378550888036,79.49378550888036,0.612445390565344
2011,2017-09-03,2017,2,4,CF Montreal,Chicago Fire,1508.511718318425,1511.1272828357671,57.384435482657864,57.384435482657864,0.5818400006907344
2012,2017-09-03,2017,10,19,FC Dallas,New York Red Bulls,1503.6846034600658,1512.0840710344619,51.60053242560389,51.60053242560389,0.5737179155219202
2013,2017-09-03,2017,14,6,Los Angeles Galaxy,Colorado Rapids,1444.0720821429056,1444.9016008875763,59.17048125532938,59.17048125532938,0.584339340173489
2014,2017-09-03,2017,17,20,New England Revolution,Orlando City,1477.578054133962,1473.407309391377,64.17074474258493,64.17074474258493,0.5913131436626264
2015,2017-09-07,2017,18,27,New York City,Sporting Kansas City,1546.2161601955072,1528.035526125706,78.18063406980127,78.18063406980127,0.6106496730444193
2016,2017-09-09,2017,4,19,Chicago Fire,New York Red Bulls,1519.854882846128,1513.1898397672908,66.66504307883724,66.66504307883724,0.5947784035686241
2017,2017-09-09,2017,18,22,New York City,Portland Timbers,1552.056415099841,1512.3506776422305,99.70573745761044,99.70573745761044,0.6396746609444971
2018,2017-09-09,2017,29,25,Toronto FC,San Jose Earthquakes,1580.4224846750276,1492.9004113797027,147.52207329532484,147.52207329532484,0.7004004130432991
2019,2017-09-10,2017,0,10,Atlanta Utd,FC Dallas,1517.8980424573972,1502.5788347272369,75.31920773016031,75.31920773016031,0.606726356357623
2020,2017-09-10,2017,7,27,Columbus Crew,Sporting Kansas City,1507.6493223968528,1522.1952712213722,45.45405117548057,45.45405117548057,0.5650429736571702
2021,2017-09-10,2017,8,20,DC United,Orlando City,1460.0700740136278,1467.2770065463164,52.7930674673114,52.7930674673114,0.5753959501248617
2022,2017-09-10,2017,11,6,Houston Dynamo,Colorado Rapids,1511.196323055066,1438.6666909901785,132.52963206488744,132.52963206488744,0.6819834332340938
2023,2017-09-10,2017,15,21,Minnesota United,Philadelphia Union,1456.9859265980645,1476.2933908491718,40.692535748892624,-40.692535748892624,0.5582949525168326
2024,2017-09-10,2017,17,2,New England Revolution,CF Montreal,1483.7083569790227,1499.784118308064,43.92423867095863,43.92423867095863,0.562877425951378
2025,2017-09-10,2017,30,23,Vancouver Whitecaps,Real Salt Lake,1517.7408419255692,1488.4029950473857,89.33784687818343,89.33784687818343,0.6258069242196762
2026,2017-09-11,2017,26,14,Seattle Sounders,Los Angeles Galaxy,1528.4711014341503,1450.3069920403034,138.16410939384696,138.16410939384696,0.6889760404997793
2027,2017-09-14,2017,0,17,Atlanta Utd,New England Revolution,1523.797147112033,1490.265195589752,93.5319515222809,93.5319515222809,0.6314432088937145
2028,2017-09-14,2017,30,15,Vancouver Whitecaps,Minnesota United,1523.353738062274,1456.111502310312,127.24223575196197,127.24223575196197,0.6753460078513607
2029,2017-09-16,2017,0,20,Atlanta Utd,Orlando City,1529.3254989786271,1475.9079457981893,113.41755318043784,113.41755318043784,0.6576600524369297
2030,2017-09-17,2017,2,15,CF Montreal,Minnesota United,1493.2272796973348,1451.2416924280824,101.98558726925239,101.98558726925239,0.642694016797451
2031,2017-09-17,2017,4,8,Chicago Fire,DC United,1518.4332067925986,1451.439134761755,126.99407203084365,126.99407203084365,0.675032715493989
2032,2017-09-17,2017,6,18,Colorado Rapids,New York City,1448.89644248869,1542.4612951856734,-33.56485269698351,33.56485269698351,0.45184600789645946
2033,2017-09-17,2017,10,26,FC Dallas,Seattle Sounders,1496.6797300726012,1525.6364608266535,31.043269245947613,31.043269245947613,0.5445563487324724
2034,2017-09-17,2017,14,29,Los Angeles Galaxy,Toronto FC,1453.1416326478002,1584.9164784793782,-71.77484583157798,71.77484583157798,0.39815244442437775
2035,2017-09-17,2017,19,21,New York Red Bulls,Philadelphia Union,1514.6115158208202,1477.1678151369242,97.44370068389594,97.44370068389594,0.6366679356265126
2036,2017-09-17,2017,23,22,Real Salt Lake,Portland Timbers,1482.7900989106809,1521.945797556398,20.844301354282834,20.844301354282834,0.5299614222241024
2037,2017-09-17,2017,25,11,San Jose Earthquakes,Houston Dynamo,1488.4064175753522,1500.9665715565545,47.43984601879765,47.43984601879765,0.5678502838016326
2038,2017-09-17,2017,27,17,Sporting Kansas City,New England Revolution,1523.1709158262297,1484.7368437231578,98.43407210307191,98.43407210307191,0.6379856797160767
2039,2017-09-17,2017,30,7,Vancouver Whitecaps,Columbus Crew,1528.2235479445037,1506.6736777919953,81.54987015250845,81.54987015250845,0.615250916526838
2040,2017-09-21,2017,0,14,Atlanta Utd,Los Angeles Galaxy,1526.9605981920731,1447.1693459814346,139.7912522106385,139.7912522106385,0.690979627099408
2041,2017-09-21,2017,29,2,Toronto FC,CF Montreal,1590.8887651457437,1483.586869445373,167.30189570037078,167.30189570037078,0.7237354747415449
2042,2017-09-23,2017,17,29,New England Revolution,Toronto FC,1479.306628918899,1580.0327330246205,-40.72610410572156,-40.72610410572156,0.4416573959420948
2043,2017-09-23,2017,18,11,New York City,Houston Dynamo,1541.7389853041202,1494.484325813579,107.25465949054114,107.25465949054114,0.6496286842155495
2044,2017-09-24,2017,0,2,Atlanta Utd,CF Montreal,1531.595903785582,1494.4429015664962,97.15300221908592,97.15300221908592,0.6362807543270593
2045,2017-09-24,2017,7,19,Columbus Crew,New York Red Bulls,1508.4024415398978,1512.5614967864224,55.84094475347547,55.84094475347547,0.5796766902912219
2046,2017-09-24,2017,8,25,DC United,San Jose Earthquakes,1446.5646254941648,1494.8886633183276,11.675962175837185,11.675962175837185,0.516796737507501
2047,2017-09-24,2017,15,10,Minnesota United,FC Dallas,1460.8821026800442,1496.011384841614,24.87071783843021,-24.87071783843021,0.5357308300138145
2048,2017-09-24,2017,21,4,Philadelphia Union,Chicago Fire,1479.217834171322,1523.3077160601888,15.910118111133215,15.910118111133215,0.5228805092615973
2049,2017-09-24,2017,23,26,Real Salt Lake,Seattle Sounders,1489.8406775773194,1526.3048060576407,23.53587151967872,23.53587151967872,0.5338191263736008
2050,2017-09-24,2017,27,14,Sporting Kansas City,Los Angeles Galaxy,1528.6011306304886,1442.5340403879256,146.06709024256293,146.06709024256293,0.698639944564704
2051,2017-09-24,2017,30,6,Vancouver Whitecaps,Colorado Rapids,1526.4947841966011,1449.618752370243,136.87603182635803,136.87603182635803,0.6873849215315062
2052,2017-09-25,2017,22,20,Portland Timbers,Orlando City,1514.8952188897595,1478.2728465847433,96.62237230501614,96.62237230501614,0.6355735531378065
2053,2017-09-28,2017,0,21,Atlanta Utd,Philadelphia Union,1537.0516924706762,1486.374626532398,110.67706593827825,110.67706593827825,0.6540995195264083
2054,2017-09-28,2017,2,18,CF Montreal,New York City,1488.987112881402,1539.494555040887,9.492557840515019,9.492557840515019,0.5136574906845504
2055,2017-09-28,2017,10,6,FC Dallas,Colorado Rapids,1489.0473472918213,1444.9295261932157,104.11782109860565,104.11782109860565,0.645507664072151
2056,2017-09-28,2017,11,14,Houston Dynamo,Los Angeles Galaxy,1496.7287560768123,1438.0136395563961,118.71511652041613,118.71511652041613,0.6644924695641226
2057,2017-09-28,2017,19,8,New York Red Bulls,DC United,1506.2566471407906,1453.8126744315523,112.44397270923832,112.44397270923832,0.6563971512755936
2058,2017-09-28,2017,20,17,Orlando City,New England Revolution,1472.8064498818105,1487.6817679797675,45.124681902042994,45.124681902042994,0.564576937041343
2059,2017-09-28,2017,25,4,San Jose Earthquakes,Chicago Fire,1487.6406143809402,1516.1509236991128,31.48969068182737,31.48969068182737,0.5451936257435401
2060,2017-09-28,2017,26,30,Seattle Sounders,Vancouver Whitecaps,1519.3120929532447,1531.1840103736286,48.12808257961615,48.12808257961615,0.5688222344672812
2061,2017-09-30,2017,20,10,Orlando City,FC Dallas,1479.3377958261904,1494.3647323307391,44.97306349545124,44.97306349545124,0.5643623682088924
2062,2017-10-01,2017,4,18,Chicago Fire,New York City,1524.328828085266,1547.1994174011552,37.12941068411078,37.12941068411078,0.5532310285665792
2063,2017-10-01,2017,6,2,Colorado Rapids,CF Montreal,1439.612141154298,1481.2822505211338,18.32989063316404,18.32989063316404,0.5263543862682314
2064,2017-10-01,2017,7,8,Columbus Crew,DC United,1514.7072911855296,1456.158631700686,118.54865948484348,118.54865948484348,0.6642788118322132
2065,2017-10-01,2017,11,15,Houston Dynamo,Minnesota United,1494.2613690333503,1467.846140229837,86.4152288035134,86.4152288035134,0.6218589546459384
2066,2017-10-01,2017,14,23,Los Angeles Galaxy,Real Salt Lake,1440.481026599858,1496.8333906817154,3.6476359181426687,-3.6476359181426687,0.5052491771965616
2067,2017-10-01,2017,17,0,New England Revolution,Atlanta Utd,1481.1504220353877,1542.24019967778,-1.0897776423923915,-1.0897776423923915,0.49843168904697044
2068,2017-10-01,2017,21,26,Philadelphia Union,Seattle Sounders,1481.1861193252942,1525.7797594362355,15.406359889058649,15.406359889058649,0.5221570135373751
2069,2017-10-01,2017,25,22,San Jose Earthquakes,Portland Timbers,1479.462709994787,1520.3616155926923,19.10109440209476,-19.10109440209476,0.527461023009822
2070,2017-10-01,2017,27,30,Sporting Kansas City,Vancouver Whitecaps,1533.121531462018,1524.7163438906377,68.40518757138034,68.40518757138034,0.5971903798349442
2071,2017-10-01,2017,29,19,Toronto FC,New York Red Bulls,1571.6575939637519,1503.9106898716568,127.74690409209506,127.74690409209506,0.6759826382391131
2072,2017-10-04,2017,0,15,Atlanta Utd,Minnesota United,1542.2166750134847,1462.174024549526,140.0426504639588,140.0426504639588,0.6912885500820692
2073,2017-10-07,2017,19,30,New York Red Bulls,Vancouver Whitecaps,1499.0504294452435,1533.6741995881619,25.376229857081626,25.376229857081626,0.5364545294056265
2074,2017-10-08,2017,6,10,Colorado Rapids,FC Dallas,1446.7168253602745,1495.3301678538726,11.386657506401889,-11.386657506401889,0.5163808529351027
2075,2017-10-08,2017,15,27,Minnesota United,Sporting Kansas City,1472.543352800757,1524.163675764494,8.379677036263047,-8.379677036263047,0.5120569868461388
2076,2017-10-12,2017,11,27,Houston Dynamo,Sporting Kansas City,1499.9334847136613,1524.344530567186,35.58895414647532,35.58895414647532,0.5510382393755949
2077,2017-10-15,2017,4,21,Chicago Fire,Philadelphia Union,1523.5303626567672,1488.3537641222335,95.1765985345337,95.1765985345337,0.6336437210121588
2078,2017-10-15,2017,17,18,New England Revolution,New York City,1481.173946699683,1547.997882829654,-6.823936129970889,6.823936129970889,0.49018082908869665
2079,2017-10-15,2017,19,0,New York Red Bulls,Atlanta Utd,1506.0036115041592,1531.8473467622537,34.15626474190549,34.15626474190549,0.5489970691839966
2080,2017-10-15,2017,20,7,Orlando City,Columbus Crew,1478.372360303057,1519.7431090080463,18.62925129501059,-18.62925129501059,0.5267839843793932
2081,2017-10-15,2017,29,2,Toronto FC,CF Montreal,1576.5178543901652,1474.1775663151573,162.34028807500795,162.34028807500795,0.717988523553864
2082,2017-10-16,2017,6,23,Colorado Rapids,Real Salt Lake,1446.471112566248,1496.912128339664,9.558984226584016,-9.558984226584016,0.5137530141140896
2083,2017-10-16,2017,14,15,Los Angeles Galaxy,Minnesota United,1440.4022889419095,1472.362497998065,28.039790943844537,28.039790943844537,0.5402651212571229
2084,2017-10-16,2017,22,8,Portland Timbers,DC United,1513.2735309378395,1451.1228138781694,122.15071705967011,122.15071705967011,0.6688871373829182
2085,2017-10-16,2017,26,10,Seattle Sounders,FC Dallas,1518.6121146392961,1495.575880647899,83.03623399139701,83.03623399139701,0.6172743083649569
2086,2017-10-16,2017,27,11,Sporting Kansas City,Houston Dynamo,1517.61010415782,1506.6679111230274,70.94219303479258,70.94219303479258,0.600698431936276
2087,2017-10-16,2017,30,25,Vancouver Whitecaps,San Jose Earthquakes,1526.7210175292462,1486.5507946496398,100.1702228796064,100.1702228796064,0.6402907157031135
2088,2017-10-22,2017,0,29,Atlanta Utd,Toronto FC,1532.5823028000136,1580.7480265368572,11.834276263156426,11.834276263156426,0.5170243091805027
2089,2017-10-22,2017,2,17,CF Montreal,New England Revolution,1469.9473941684653,1488.8212342633526,41.12615990511267,41.12615990511267,0.5589104153228908
2090,2017-10-22,2017,8,19,DC United,New York Red Bulls,1446.156120938913,1505.2686554663992,0.8874654725138953,0.8874654725138953,0.5012771627020631
2091,2017-10-22,2017,10,14,FC Dallas,Los Angeles Galaxy,1489.8349952733734,1447.2983121230527,102.53668315032064,102.53668315032064,0.6434221829591813
2092,2017-10-22,2017,11,4,Houston Dynamo,Chicago Fire,1508.1783876020716,1529.025706841585,39.152680760486646,39.152680760486646,0.5561079302108503
2093,2017-10-22,2017,18,7,New York City,Columbus Crew,1540.3505952659843,1527.6448687737372,72.7057264922471,72.7057264922471,0.6031309129153103
2094,2017-10-22,2017,21,20,Philadelphia Union,Orlando City,1482.8584199374159,1470.470600537366,72.38781940004992,72.38781940004992,0.6026927893367612
2095,2017-10-22,2017,22,30,Portland Timbers,Vancouver Whitecaps,1518.2402238770958,1524.6166567936996,53.62356708339621,53.62356708339621,0.5765635357162741
2096,2017-10-22,2017,23,27,Real Salt Lake,Sporting Kansas City,1489.6184235513754,1516.0996276787757,33.51879587259964,33.51879587259964,0.548088324939567
2097,2017-10-22,2017,25,15,San Jose Earthquakes,Minnesota United,1488.6551553851864,1465.4664748169218,83.18868056826454,83.18868056826454,0.6174816060592515
2098,2017-10-22,2017,26,6,Seattle Sounders,Colorado Rapids,1524.3530000138217,1453.7648173545365,130.58818265928517,130.58818265928517,0.6795546710444305
2099,2017-10-26,2017,4,19,Chicago Fire,New York Red Bulls,1522.3673257947476,1512.7878129069302,69.57951288781737,69.57951288781737,0.5988154415778357
2100,2017-10-26,2017,30,25,Vancouver Whitecaps,San Jose Earthquakes,1518.2651098294436,1494.3929312942976,83.87217853514608,83.87217853514608,0.6184105040285652
2101,2017-10-27,2017,0,7,Atlanta Utd,Columbus Crew,1532.326938162306,1529.1918324674668,63.13510569483924,63.13510569483924,0.5898716673391203
2102,2017-10-27,2017,11,27,Houston Dynamo,Sporting Kansas City,1514.836768648909,1509.3209525528691,65.51581609603977,65.51581609603977,0.5931829649839311
2103,2017-10-30,2017,19,29,New York Red Bulls,Toronto FC,1521.7700445305977,1581.0033911745647,0.7666533560329754,0.7666533560329754,0.5011033010774875
2104,2017-10-30,2017,30,26,Vancouver Whitecaps,Seattle Sounders,1523.9889522690153,1529.1596799481551,54.82927232086013,-54.82927232086013,0.5782570926760584
2105,2017-10-31,2017,11,22,Houston Dynamo,Portland Timbers,1513.4390241741498,1524.5917708413517,48.84725333279812,48.84725333279812,0.5698373051779042
2106,2017-11-01,2017,7,18,Columbus Crew,New York City,1530.5399074775537,1538.8036315722547,51.73627590529895,51.73627590529895,0.5739090086764036
2107,2017-11-03,2017,26,30,Seattle Sounders,Vancouver Whitecaps,1530.333536338296,1522.8150958788744,67.51844045942153,67.51844045942153,0.5959618585496795
2108,2017-11-05,2017,18,7,New York City,Columbus Crew,1532.4122667024008,1536.9312723474077,55.48099435499307,55.48099435499307,0.5791717509397148
2109,2017-11-05,2017,29,19,Toronto FC,New York Red Bulls,1588.519940690727,1514.2534950144354,134.2664456762916,134.2664456762916,0.684147842625687
2110,2017-11-06,2017,22,11,Portland Timbers,Houston Dynamo,1525.6393304190203,1512.3914645964812,73.2478658225391,73.2478658225391,0.6038776803394998
2111,2017-11-22,2017,7,29,Columbus Crew,Toronto FC,1530.6188486115034,1578.2577230513418,12.361125560161554,12.361125560161554,0.5177815876026247
2112,2017-11-22,2017,11,26,Houston Dynamo,Seattle Sounders,1521.4496298015738,1536.3941084600508,45.05552134152299,45.05552134152299,0.564479064712269
2113,2017-11-30,2017,29,7,Toronto FC,Columbus Crew,1578.5244468653812,1530.352124797464,108.1723220679171,108.1723220679171,0.6508300861048302
2114,2017-12-01,2017,26,11,Seattle Sounders,Houston Dynamo,1544.861294430735,1512.9824438308897,91.87885059984524,91.87885059984524,0.6292258598581763
2115,2017-12-09,2017,29,26,Toronto FC,Seattle Sounders,1583.7619955738087,1550.4229065328623,93.33908904094642,93.33908904094642,0.6311848011652611
2116,2018-03-03,2018,11,0,Houston Dynamo,Atlanta Utd,1500.0,1500.0,60.0,60.0,0.5854986786718095
2117,2018-03-03,2018,29,7,Toronto FC,Columbus Crew,1500.0,1500.0,60.0,60.0,0.5854986786718095
2118,2018-03-04,2018,10,23,FC Dallas,Real Salt Lake,1500.0,1500.0,60.0,60.0,0.5854986786718095
2119,2018-03-04,2018,20,8,Orlando City,DC United,1500.0,1500.0,60.0,60.0,0.5854986786718095
2120,2018-03-04,2018,21,17,Philadelphia Union,New England Revolution,1500.0,1500.0,60.0,60.0,0.5854986786718095
2121,2018-03-04,2018,25,15,San Jose Earthquakes,Minnesota United,1500.0,1500.0,60.0,60.0,0.5854986786718095
2122,2018-03-04,2018,26,13,Seattle Sounders,Los Angeles FC,1500.0,1500.0,60.0,60.0,0.5854986786718095
2123,2018-03-04,2018,30,2,Vancouver Whitecaps,CF Montreal,1500.0,1500.0,60.0,60.0,0.5854986786718095
2124,2018-03-05,2018,14,22,Los Angeles Galaxy,Portland Timbers,1500.0,1500.0,60.0,60.0,0.5854986786718095
2125,2018-03-05,2018,27,18,Sporting Kansas City,New York City,1500.0,1500.0,60.0,60.0,0.5854986786718095
2126,2018-03-10,2018,4,27,Chicago Fire,Sporting Kansas City,1500.0,1491.217519819923,68.78248018007707,68.78248018007707,0.5977127216547594
2127,2018-03-10,2018,7,2,Columbus Crew,CF Montreal,1508.782480180077,1493.782480180077,75.0,75.0,0.6062878237854281
2128,2018-03-10,2018,11,30,Houston Dynamo,Vancouver Whitecaps,1506.217519819923,1506.217519819923,60.0,60.0,0.5854986786718095
2129,2018-03-10,2018,17,6,New England Revolution,Colorado Rapids,1493.782480180077,1500.0,53.78248018007707,53.78248018007707,0.5767868519878576
2130,2018-03-10,2018,23,13,Real Salt Lake,Los Angeles FC,1501.282480180077,1508.782480180077,52.5,52.5,0.5749837298179947
2131,2018-03-11,2018,0,8,Atlanta Utd,DC United,1493.782480180077,1501.282480180077,52.5,52.5,0.5749837298179947
2132,2018-03-11,2018,18,14,New York City,Los Angeles Galaxy,1508.782480180077,1506.217519819923,62.564960360154146,62.564960360154146,0.5890774372974298
2133,2018-03-11,2018,19,22,New York Red Bulls,Portland Timbers,1500.0,1493.782480180077,66.21751981992293,66.21751981992293,0.5941573559589034
2134,2018-03-11,2018,20,15,Orlando City,Minnesota United,1498.717519819923,1493.782480180077,64.93503963984585,64.93503963984585,0.5923759391948995
2135,2018-03-17,2018,0,30,Atlanta Utd,Vancouver Whitecaps,1500.1577242328071,1515.0,45.15772423280714,45.15772423280714,0.5646236950059321
2136,2018-03-17,2018,2,29,CF Montreal,Toronto FC,1487.8767975368585,1491.217519819923,56.65927771693555,-56.65927771693555,0.5808240280269179
2137,2018-03-17,2018,8,11,DC United,Houston Dynamo,1494.907236127347,1497.4350396398459,57.47219648750115,57.47219648750115,0.5819629101707173
2138,2018-03-17,2018,15,4,Minnesota United,Chicago Fire,1502.6681192680005,1491.0343091751786,71.63381009282193,71.63381009282193,0.6016529941900407
2139,2018-03-17,2018,18,20,New York City,Orlando City,1514.9463186206156,1489.8318807319995,85.11443788861607,85.11443788861607,0.6200965592982622
2140,2018-03-17,2018,21,7,Philadelphia Union,Columbus Crew,1506.217519819923,1514.6881628232957,51.52935699662726,51.52935699662726,0.5736177093677262
2141,2018-03-18,2018,10,26,FC Dallas,Seattle Sounders,1498.717519819923,1491.217519819923,67.5,67.5,0.5959362978529087
2142,2018-03-18,2018,23,19,Real Salt Lake,New York Red Bulls,1492.6577242328071,1506.0876396606166,46.57008457219058,46.57008457219058,0.5666212308867001
2143,2018-03-18,2018,27,25,Sporting Kansas City,San Jose Earthquakes,1500.1832106447443,1506.217519819923,53.96569082482142,53.96569082482142,0.5770442740083037
2144,2018-03-24,2018,7,8,Columbus Crew,DC United,1515.7924284638116,1493.6777924747862,82.11463598902537,82.11463598902537,0.6160202079704662
2145,2018-03-24,2018,10,22,FC Dallas,Portland Timbers,1504.7784753521294,1487.6948405194605,77.08363483266885,77.08363483266885,0.6091472341636048
2146,2018-03-24,2018,17,18,New England Revolution,New York City,1500.1306774002592,1520.6448702311416,39.48580716911761,39.48580716911761,0.5565812496885649
2147,2018-03-24,2018,19,15,New York Red Bulls,Minnesota United,1499.5869581239172,1508.6433243551498,50.94363376876731,50.94363376876731,0.5727928550452398
2148,2018-03-25,2018,6,27,Colorado Rapids,Sporting Kansas City,1493.651802779818,1506.52754653462,47.12425624519801,-47.12425624519801,0.5674044221561365
2149,2018-03-25,2018,30,14,Vancouver Whitecaps,Los Angeles Galaxy,1508.469355425089,1500.0536813793844,68.41567404570446,68.41567404570446,0.5972049007934451
2150,2018-03-31,2018,4,22,Chicago Fire,Portland Timbers,1485.0591040880292,1489.3320490319145,55.72705505611475,55.72705505611475,0.5795169435088156
2151,2018-03-31,2018,7,30,Columbus Crew,Vancouver Whitecaps,1521.5521253442546,1507.0112819131873,74.54084343106729,74.54084343106729,0.6056567270073235
2152,2018-03-31,2018,14,13,Los Angeles Galaxy,Los Angeles FC,1501.511754891286,1517.407236127347,44.10451876393904,44.10451876393904,0.5631327502576912
2153,2018-03-31,2018,20,19,Orlando City,New York Red Bulls,1484.1333291214735,1505.9950652982386,38.138263823234865,38.138263823234865,0.5546659817271271
2154,2018-03-31,2018,29,23,Toronto FC,Real Salt Lake,1484.9298802403266,1499.1584057695065,45.77147447082007,45.77147447082007,0.5654919987278462
2155,2018-04-01,2018,6,21,Colorado Rapids,Philadelphia Union,1492.6407364474758,1505.113254179407,47.52748226806875,47.52748226806875,0.5679740758315138
2156,2018-04-01,2018,11,17,Houston Dynamo,New England Revolution,1498.6644832924067,1499.2819586549308,59.38252463747585,59.38252463747585,0.5846357821552819
2157,2018-04-01,2018,15,0,Minnesota United,Atlanta Utd,1502.2352171808284,1506.6883688077182,55.54684837311015,-55.54684837311015,0.5792641435406132
2158,2018-04-01,2018,25,18,San Jose Earthquakes,New York City,1499.8731839300474,1521.49358897647,38.37959495357745,38.37959495357745,0.5550091075447287
2159,2018-04-01,2018,26,2,Seattle Sounders,CF Montreal,1485.1565642877165,1494.1644371164548,50.9921271712617,50.9921271712617,0.5728611621104345
2160,2018-04-01,2018,27,8,Sporting Kansas City,DC United,1507.538612866962,1487.9180955943432,79.62051727261883,79.62051727261883,0.6126185339127588
2161,2018-04-07,2018,0,13,Atlanta Utd,Los Angeles FC,1515.3773309608275,1510.8542273812125,64.52310357961505,64.52310357961505,0.5918032253668223
2162,2018-04-07,2018,17,2,New England Revolution,CF Montreal,1508.05149538726,1502.7573545481114,65.29414083914867,65.29414083914867,0.5928749922250572
2163,2018-04-08,2018,4,7,Chicago Fire,Columbus Crew,1483.866349935397,1512.4672744391448,31.39907549625218,31.39907549625218,0.5450642823586114
2164,2018-04-08,2018,10,6,FC Dallas,Colorado Rapids,1503.1412668396754,1499.121125310003,64.0201415296724,64.0201415296724,0.5911036202823672
2165,2018-04-08,2018,20,22,Orlando City,Portland Timbers,1490.8133393955666,1490.5248031845467,60.288536211019846,60.288536211019846,0.5859017167611658
2166,2018-04-08,2018,21,25,Philadelphia Union,San Jose Earthquakes,1498.6328653168798,1491.5480473168764,67.08481800000345,67.08481800000345,0.5953606680469345
2167,2018-04-08,2018,23,30,Real Salt Lake,Vancouver Whitecaps,1492.6407857504241,1516.096132818297,36.544652932127065,36.544652932127065,0.5523988842842703
2168,2018-04-09,2018,14,27,Los Angeles Galaxy,Sporting Kansas City,1508.0647636374206,1513.3493348582706,54.71542877914999,54.71542877914999,0.5780972638500973
2169,2018-04-12,2018,18,23,New York City,Real Salt Lake,1529.818725589641,1499.35480248616,90.46392310348097,90.46392310348097,0.6273236394648689
2170,2018-04-14,2018,4,14,Chicago Fire,Los Angeles Galaxy,1490.690385700018,1499.3933046796692,51.29708102034874,51.29708102034874,0.573290651660974
2171,2018-04-14,2018,6,29,Colorado Rapids,Toronto FC,1500.4876796142385,1491.447500259409,69.04017935482943,69.04017935482943,0.5980693653058886
2172,2018-04-14,2018,19,2,New York Red Bulls,CF Montreal,1499.3150550241455,1496.6504794314872,62.664575592658366,62.664575592658366,0.5892162379896559
2173,2018-04-14,2018,21,20,Philadelphia Union,Orlando City,1497.2024552961757,1497.0248136441492,60.17764165202652,60.17764165202652,0.5857468287022783
2174,2018-04-14,2018,30,13,Vancouver Whitecaps,Los Angeles FC,1509.3821160825612,1504.7312757617149,64.65084032084633,64.65084032084633,0.5919808442320775
2175,2018-04-15,2018,0,18,Atlanta Utd,New York City,1521.5002825803251,1535.408870997668,46.0914115826572,46.0914115826572,0.5659444710902137
2176,2018-04-15,2018,8,7,DC United,Columbus Crew,1482.1073736030346,1505.643238674524,36.4641349285107,-36.4641349285107,0.5522842793836643
2177,2018-04-15,2018,17,10,New England Revolution,FC Dallas,1514.1583705038843,1501.77471253544,72.38365796844437,72.38365796844437,0.602687053167345
2178,2018-04-15,2018,22,15,Portland Timbers,Minnesota United,1484.3133289359641,1493.546255027719,50.76707390824504,50.76707390824504,0.5725441320903746
2179,2018-04-15,2018,25,11,San Jose Earthquakes,Houston Dynamo,1492.9784573375805,1489.8949465600774,63.08351077750308,63.08351077750308,0.5897998132452946
2180,2018-04-15,2018,27,26,Sporting Kansas City,Seattle Sounders,1522.020793816022,1476.56364685606,105.45714695996207,105.45714695996207,0.6472698881230917
2181,2018-04-21,2018,2,13,CF Montreal,Los Angeles FC,1490.488723001332,1513.610988425196,36.877734576135936,36.877734576135936,0.5528729151123492
2182,2018-04-21,2018,11,29,Houston Dynamo,Toronto FC,1491.2419437587569,1485.4185407389973,65.82340301975955,65.82340301975955,0.5936101732079023
2183,2018-04-21,2018,19,4,New York Red Bulls,Chicago Fire,1505.4768114543008,1482.0910259251034,83.38578552919739,83.38578552919739,0.6177495671074861
2184,2018-04-21,2018,27,30,Sporting Kansas City,Vancouver Whitecaps,1519.8117454941755,1500.50240341908,79.3093420750954,79.3093420750954,0.6121933496866387
2185,2018-04-22,2018,7,17,Columbus Crew,New England Revolution,1498.927502865279,1505.118064706374,53.80943815890487,53.80943815890487,0.5768247321956664
2186,2018-04-22,2018,10,21,FC Dallas,Philadelphia Union,1510.81501833295,1488.4162528656416,82.39876546730852,82.39876546730852,0.6164070136287778
2187,2018-04-22,2018,14,0,Los Angeles Galaxy,Atlanta Utd,1507.9926644545837,1520.5111155139718,47.4815489406119,47.4815489406119,0.5679091930097203
2188,2018-04-22,2018,20,25,Orlando City,San Jose Earthquakes,1505.8110160746833,1491.631460138901,74.17955593578222,74.17955593578222,0.6051599003446397
2189,2018-04-22,2018,22,18,Portland Timbers,New York City,1490.7251669546085,1536.3980380640212,14.327128890587346,14.327128890587346,0.5206067168159901
2190,2018-04-22,2018,23,6,Real Salt Lake,Colorado Rapids,1493.764657078133,1506.5166391346502,47.248017943482864,47.248017943482864,0.5675792843312666
2191,2018-04-22,2018,26,15,Seattle Sounders,Minnesota United,1478.7726951779064,1487.1344170090747,51.638278168831675,51.638278168831675,0.5737710543794771
2192,2018-04-28,2018,0,2,Atlanta Utd,CF Montreal,1529.0297534091176,1482.1956292746468,106.83412413447081,106.83412413447081,0.6490774843847918
2193,2018-04-28,2018,21,8,Philadelphia Union,DC United,1482.6623580700732,1488.8231094122796,53.83924865779363,53.83924865779363,0.5768666195919866
2194,2018-04-28,2018,29,4,Toronto FC,Chicago Fire,1479.3226933371159,1491.3572694317156,47.96542390540026,47.96542390540026,0.5685925700029337
2195,2018-04-28,2018,30,23,Vancouver Whitecaps,Real Salt Lake,1494.6853036643797,1500.2509678131642,54.434335851215565,54.434335851215565,0.5777025579097942
2196,2018-04-29,2018,6,20,Colorado Rapids,Orlando City,1500.030328399619,1511.7336175695136,48.29671083010544,48.29671083010544,0.5690602963734293
2197,2018-04-29,2018,7,25,Columbus Crew,San Jose Earthquakes,1497.7751318823439,1485.7088586440707,72.0662732382732,72.0662732382732,0.6022494830351115
2198,2018-04-29,2018,14,19,Los Angeles Galaxy,New York Red Bulls,1499.474026559438,1496.2105679476886,63.263458611749456,63.263458611749456,0.5900504024574749
2199,2018-04-29,2018,15,11,Minnesota United,Houston Dynamo,1480.740982824767,1497.3377911606383,43.4031916641286,-43.4031916641286,0.5621392986705828
2200,2018-04-29,2018,17,27,New England Revolution,Sporting Kansas City,1506.2704356893091,1525.628845248876,40.64159044043322,40.64159044043322,0.5582226316906821
2201,2018-04-29,2018,18,10,New York City,FC Dallas,1529.207138816261,1516.5689131285185,72.63822568774253,72.63822568774253,0.6030379005035889
2202,2018-04-30,2018,13,26,Los Angeles FC,Seattle Sounders,1521.904082151881,1485.1661293622142,96.7379527896669,96.7379527896669,0.6357276439429381
2203,2018-05-05,2018,2,17,CF Montreal,New England Revolution,1476.9317915404185,1512.897096213949,24.034695326469546,24.034695326469546,0.5345336374745471
2204,2018-05-05,2018,13,10,Los Angeles FC,FC Dallas,1527.368167492737,1510.6144816360722,76.75368585666479,76.75368585666479,0.608694932838896
2205,2018-05-05,2018,15,30,Minnesota United,Vancouver Whitecaps,1487.3088933447082,1501.019765295733,46.28912804897527,46.28912804897527,0.5662240375133205
2206,2018-05-05,2018,19,18,New York Red Bulls,New York City,1505.0613239845507,1535.1615703087073,29.899753675843385,29.899753675843385,0.5429232927042535
2207,2018-05-05,2018,26,7,Seattle Sounders,Columbus Crew,1479.7020440213582,1503.7413896368173,35.96065438454093,35.96065438454093,0.5515675273618398
2208,2018-05-05,2018,29,21,Toronto FC,Philadelphia Union,1478.2938047870718,1489.0093587761935,49.284446010878355,49.284446010878355,0.5704540927944532
2209,2018-05-06,2018,4,0,Chicago Fire,Atlanta Utd,1492.3861579817597,1534.2935911433458,18.09256683841386,-18.09256683841386,0.5260137865247071
2210,2018-05-06,2018,11,14,Houston Dynamo,Los Angeles Galaxy,1490.769880640697,1490.623270522576,60.14661011812109,60.14661011812109,0.5857034834654962
2211,2018-05-06,2018,20,23,Orlando City,Real Salt Lake,1520.2695220151152,1493.916506181811,86.3530158333042,86.3530158333042,0.621774737349544
2212,2018-05-06,2018,25,22,San Jose Earthquakes,Portland Timbers,1479.7426008895973,1497.9160662023687,41.82653468722856,41.82653468722856,0.5599041066040519
2213,2018-05-06,2018,27,6,Sporting Kansas City,Colorado Rapids,1519.002184724236,1491.4944239540175,87.50776077021851,87.50776077021851,0.6233367061952972
2214,2018-05-10,2018,0,27,Atlanta Utd,Sporting Kansas City,1542.1837979412164,1524.6521341313066,77.53166380990979,77.53166380990979,0.6097611018756327
2215,2018-05-10,2018,4,2,Chicago Fire,CF Montreal,1484.495951183889,1483.9137869783003,60.5821642055887,60.5821642055887,0.5863117491847688
2216,2018-05-10,2018,7,21,Columbus Crew,Philadelphia Union,1504.514902547245,1482.5661701681104,81.94873237913453,81.94873237913453,0.6157942836672864
2217,2018-05-10,2018,13,15,Los Angeles FC,Minnesota United,1525.7377435001536,1493.8155327820084,91.92221071814515,91.92221071814515,0.6292840900398343
2218,2018-05-10,2018,29,26,Toronto FC,Seattle Sounders,1484.736993395155,1478.9285311109306,65.80846228422433,65.80846228422433,0.5935894252511096
2219,2018-05-12,2018,2,21,CF Montreal,Philadelphia Union,1477.7084632160718,1476.8030844231196,60.905378792952206,60.905378792952206,0.5867629590346046
2220,2018-05-12,2018,10,14,FC Dallas,Los Angeles Galaxy,1512.2449056286557,1484.4088227745583,87.83608285409741,87.83608285409741,0.6237803459349387
2221,2018-05-12,2018,15,25,Minnesota United,San Jose Earthquakes,1488.2547941326059,1471.3440392905366,76.91075484206931,76.91075484206931,0.6089102698025356
2222,2018-05-12,2018,30,11,Vancouver Whitecaps,Houston Dynamo,1494.5131258584327,1496.9843283887146,57.52879746971803,57.52879746971803,0.5820421745724688
2223,2018-05-13,2018,6,19,Colorado Rapids,New York Red Bulls,1485.844474546947,1511.9174745939868,33.92699995296016,-33.92699995296016,0.5486702778972276
2224,2018-05-13,2018,7,4,Columbus Crew,Chicago Fire,1510.2779882922357,1490.7012749461176,79.57671334611814,79.57671334611814,0.6125586913698651
2225,2018-05-13,2018,17,29,New England Revolution,Toronto FC,1505.9151007760672,1475.8331520163883,90.08194875967888,90.08194875967888,0.626809436214253
2226,2018-05-13,2018,20,0,Orlando City,Atlanta Utd,1525.942900954872,1533.037381413082,52.90551954179,-52.90551954179,0.5755540941874209
2227,2018-05-13,2018,22,26,Portland Timbers,Seattle Sounders,1506.3146278014294,1487.8323724896973,78.48225531173216,78.48225531173216,0.6110624037282518
2228,2018-05-13,2018,23,8,Real Salt Lake,DC United,1488.2431272420542,1482.4761087061593,65.76701853589498,65.76701853589498,0.5935318712428166
2229,2018-05-14,2018,13,18,Los Angeles FC,New York City,1531.298482149556,1528.3054196992712,62.993062450284924,62.993062450284924,0.5896738403771752
2230,2018-05-17,2018,30,25,Vancouver Whitecaps,San Jose Earthquakes,1493.2824932398457,1480.4776933375747,72.80479990227104,72.80479990227104,0.6032674171468428
2231,2018-05-19,2018,10,30,FC Dallas,Vancouver Whitecaps,1517.8882004396316,1491.733481982643,86.15471845698858,86.15471845698858,0.6215062544698334
2232,2018-05-19,2018,18,6,New York City,Colorado Rapids,1529.6505273049288,1477.6144203784886,112.0361069264402,112.0361069264402,0.6558674198769602
2233,2018-05-19,2018,22,13,Portland Timbers,Los Angeles FC,1512.1486917455056,1529.9533745438985,42.19531720160717,42.19531720160717,0.5604271426244023
2234,2018-05-19,2018,29,20,Toronto FC,Orlando City,1470.235293559602,1517.3095895420606,12.92570401754142,12.92570401754142,0.5185930061163085
2235,2018-05-20,2018,4,11,Chicago Fire,Houston Dynamo,1484.8896553166655,1498.2149610073016,46.674694309363986,46.674694309363986,0.5667690977456226
2236,2018-05-20,2018,15,27,Minnesota United,Sporting Kansas City,1479.1211400855677,1533.7985506594412,5.322589426126569,-5.322589426126569,0.5076592227425367
2237,2018-05-20,2018,17,7,New England Revolution,Columbus Crew,1511.5129592328535,1516.0896079216877,55.42335131116579,55.42335131116579,0.5790908737104562
2238,2018-05-20,2018,21,23,Philadelphia Union,Real Salt Lake,1485.6045288086386,1494.340149173412,51.26437963522653,51.26437963522653,0.5732446011075588
2239,2018-05-20,2018,25,8,San Jose Earthquakes,DC United,1482.0267045947774,1476.3790867748014,65.64761781997595,65.64761781997595,0.5933660420166805
2240,2018-05-21,2018,0,19,Atlanta Utd,New York Red Bulls,1541.6706928258932,1520.147528762445,81.52316406344812,81.52316406344812,0.6152145247259551
2241,2018-05-21,2018,2,14,CF Montreal,Los Angeles Galaxy,1468.9070188305527,1478.7655279635824,50.141490866970344,50.141490866970344,0.571662567947857
2242,2018-05-26,2018,11,18,Houston Dynamo,New York City,1506.7164974734858,1534.8125160067743,31.903981466711457,31.903981466711457,0.5457849031326082
2243,2018-05-26,2018,14,25,Los Angeles Galaxy,San Jose Earthquakes,1487.3404664828001,1473.126213964527,74.21425251827304,74.21425251827304,0.6052076230076443
2244,2018-05-26,2018,26,23,Seattle Sounders,Real Salt Lake,1481.998308545621,1487.9388181900256,54.05949035559547,54.05949035559547,0.5771760518320195
2245,2018-05-26,2018,29,10,Toronto FC,FC Dallas,1477.4563984678575,1516.0656066225843,21.39079184527327,21.39079184527327,0.5307449867698922
2246,2018-05-26,2018,30,17,Vancouver Whitecaps,New England Revolution,1493.5560757996905,1502.8265961271966,50.72947967249388,50.72947967249388,0.5724911676941769
2247,2018-05-27,2018,6,22,Colorado Rapids,Portland Timbers,1472.452431676643,1518.7422846061395,13.71014707050358,13.71014707050358,0.519720252810189
2248,2018-05-27,2018,13,8,Los Angeles FC,DC United,1523.3597816832646,1485.2795774050517,98.08020427821293,98.08020427821293,0.6375150759551731
2249,2018-05-27,2018,15,2,Minnesota United,CF Montreal,1479.0062517444296,1460.332080311335,78.67417143309467,78.67417143309467,0.6113249339574238
2250,2018-05-27,2018,19,21,New York Red Bulls,Philadelphia Union,1529.3757466333343,1492.0058597920251,97.36988684130915,97.36988684130915,0.6365696397204058
2251,2018-05-27,2018,20,4,Orlando City,Chicago Fire,1510.0884846338051,1476.3881188504813,93.70036578332383,93.70036578332383,0.6316687978856192
2252,2018-05-27,2018,27,7,Sporting Kansas City,Columbus Crew,1533.9134390005793,1524.7759710273447,69.1374679732346,69.1374679732346,0.5982039812608043
2253,2018-05-31,2018,14,10,Los Angeles Galaxy,FC Dallas,1493.2623521376854,1524.0267814241327,29.23557071355276,29.23557071355276,0.5419743461750874
2254,2018-05-31,2018,17,0,New England Revolution,Atlanta Utd,1503.9139636426091,1532.442474955004,31.471488687605188,31.471488687605188,0.5451676448527086
2255,2018-05-31,2018,21,4,Philadelphia Union,Chicago Fire,1494.0544043878313,1485.8631508187657,68.19125356906557,68.19125356906557,0.5968941013742234
2256,2018-05-31,2018,23,11,Real Salt Lake,Houston Dynamo,1496.596458967506,1513.5297239264967,43.066735041009224,43.066735041009224,0.5616625199868661
2257,2018-06-02,2018,6,30,Colorado Rapids,Vancouver Whitecaps,1464.6566278844903,1492.468708284278,32.18791960021235,32.18791960021235,0.5461900662539755
2258,2018-06-02,2018,22,14,Portland Timbers,Los Angeles Galaxy,1526.5380883982923,1485.1327369450592,101.40535145323315,101.40535145323315,0.6419266351445823
2259,2018-06-03,2018,0,21,Atlanta Utd,Philadelphia Union,1533.1199896277947,1500.1009928672179,93.01899676057678,93.01899676057678,0.6307557578811632
2260,2018-06-03,2018,2,11,CF Montreal,Houston Dynamo,1454.5019543206963,1506.9546617262997,7.547292594396595,7.547292594396595,0.5108597190213519
2261,2018-06-03,2018,4,25,Chicago Fire,San Jose Earthquakes,1479.816562339379,1467.2043283096418,72.61223402973724,72.61223402973724,0.6030020834358818
2262,2018-06-03,2018,7,29,Columbus Crew,Toronto FC,1526.2490307462567,1469.4952236663091,116.75380707994759,116.75380707994759,0.6619707497451248
2263,2018-06-03,2018,10,13,FC Dallas,Los Angeles FC,1532.156396616759,1521.297055543937,70.85934107282196,70.85934107282196,0.600584029082409
2264,2018-06-03,2018,17,19,New England Revolution,New York Red Bulls,1503.2364489698184,1527.3272020375282,35.909246932290216,-35.909246932290216,0.5514943319015428
2265,2018-06-03,2018,18,20,New York City,Orlando City,1527.9992895537634,1500.6134526655208,87.3858368882427,87.3858368882427,0.6231719058721679
2266,2018-06-03,2018,23,26,Real Salt Lake,Seattle Sounders,1503.1715211677028,1473.3406677681407,89.8308533995621,89.8308533995621,0.6264712623036321
2267,2018-06-04,2018,27,15,Sporting Kansas City,Minnesota United,1532.4403792816672,1484.8363777350683,107.60400154659897,107.60400154659897,0.6500862668144906
2268,2018-06-09,2018,7,19,Columbus Crew,New York Red Bulls,1523.8194695000798,1520.5996170160513,63.21985248402848,63.21985248402848,0.5899896823390547
2269,2018-06-09,2018,18,0,New York City,Atlanta Utd,1533.6517109656809,1538.6586532595772,54.99305770610363,54.99305770610363,0.578487007792119
2270,2018-06-09,2018,21,29,Philadelphia Union,Toronto FC,1494.5623292354353,1471.924784912486,82.63754432294922,82.63754432294922,0.6167319663975321
2271,2018-06-10,2018,4,17,Chicago Fire,New England Revolution,1485.771531087841,1509.9640339912953,35.8074970965456,35.8074970965456,0.5513494508831722
2272,2018-06-10,2018,10,2,FC Dallas,CF Montreal,1538.1476361805228,1461.8390585353761,136.30857764514667,136.30857764514667,0.6866825580117637
2273,2018-06-10,2018,11,6,Houston Dynamo,Colorado Rapids,1499.61755751162,1456.4637768906807,103.15378062093919,103.15378062093919,0.6442367712284612
2274,2018-06-10,2018,14,23,Los Angeles Galaxy,Real Salt Lake,1487.2616364722278,1508.7744522331484,38.4871842390794,38.4871842390794,0.5551620616519503
2275,2018-06-10,2018,22,27,Portland Timbers,Sporting Kansas City,1524.4091888711237,1537.68908527945,46.720103591673706,46.720103591673706,0.5668332804988887
2276,2018-06-10,2018,26,8,Seattle Sounders,DC United,1467.7377367026952,1487.3423035443793,40.39543315831588,40.39543315831588,0.5578731575483635
2277,2018-06-10,2018,30,20,Vancouver Whitecaps,Orlando City,1500.6615592780875,1494.9610312536033,65.70052802448413,65.70052802448413,0.5934395287794524
2278,2018-06-14,2018,2,20,CF Montreal,Orlando City,1457.1392969055526,1488.862624185295,28.276672720257466,28.276672720257466,0.5406037921100062
2279,2018-06-14,2018,6,4,Colorado Rapids,Chicago Fire,1451.1273284591077,1485.0012893245932,26.126039134514485,26.126039134514485,0.5375276851676822
2280,2018-06-14,2018,7,0,Columbus Crew,Atlanta Utd,1522.4696242649939,1539.835958376459,42.63366588853478,42.63366588853478,0.5610486681798444
2281,2018-06-14,2018,19,26,New York Red Bulls,Seattle Sounders,1521.9494622511372,1474.3696393394698,107.5798229116674,107.5798229116674,0.6500546055302803
2282,2018-06-14,2018,25,17,San Jose Earthquakes,New England Revolution,1461.24935956118,1510.734275754543,10.515083806636994,10.515083806636994,0.5151278034725747
2283,2018-06-14,2018,29,8,Toronto FC,DC United,1481.1757644084491,1480.7104009076047,60.46536350084443,60.46536350084443,0.5861486588846435
2284,2018-06-23,2018,19,10,New York Red Bulls,FC Dallas,1527.198643168183,1542.8473978103464,44.35124535783666,44.35124535783666,0.5634821261400601
2285,2018-06-23,2018,21,30,Philadelphia Union,Vancouver Whitecaps,1485.3113497394722,1506.7599663463957,38.55138339307655,38.55138339307655,0.5552533252829139
2286,2018-06-24,2018,0,22,Atlanta Utd,Portland Timbers,1548.2516883991568,1523.4066896636402,84.84499873551658,84.84499873551658,0.6197311077822248
2287,2018-06-24,2018,6,15,Colorado Rapids,Minnesota United,1450.5644131815925,1479.5876717372855,30.97674144430698,30.97674144430698,0.5444613661980582
2288,2018-06-24,2018,13,7,Los Angeles FC,Columbus Crew,1515.305815980173,1514.053894242296,61.251921737876955,61.251921737876955,0.587246573616265
2289,2018-06-24,2018,18,29,New York City,Toronto FC,1532.474405848799,1479.8835345251796,112.59087132361947,112.59087132361947,0.6565878463088073
2290,2018-06-24,2018,20,2,Orlando City,CF Montreal,1481.9716810669452,1464.0302400239025,77.94144104304269,77.94144104304269,0.6103222547156437
2291,2018-06-24,2018,23,25,Real Salt Lake,San Jose Earthquakes,1502.1018831579277,1461.0224425090914,101.07944064883623,101.07944064883623,0.6414952875351327
2292,2018-06-24,2018,26,4,Seattle Sounders,Chicago Fire,1469.120458422424,1485.5642046021085,43.55625382031553,43.55625382031553,0.5623561587611355
2293,2018-06-24,2018,27,11,Sporting Kansas City,Houston Dynamo,1538.6915844869334,1504.954005943193,93.73757854374048,93.73757854374048,0.6317186361912046
2294,2018-06-30,2018,15,10,Minnesota United,FC Dallas,1472.7545922302563,1536.2996297024472,-3.54503747219087,3.54503747219087,0.49489845801605237
2295,2018-06-30,2018,26,22,Seattle Sounders,Portland Timbers,1468.185116041007,1525.2026562803735,2.9824597606334464,2.9824597606334464,0.5042919991924508
2296,2018-07-01,2018,0,20,Atlanta Utd,Orlando City,1546.4557217824236,1472.8168472462105,133.63887453621305,133.63887453621305,0.6833666808057071
2297,2018-07-01,2018,2,27,CF Montreal,Sporting Kansas City,1473.1850738446371,1544.2158049440652,-11.030731099428067,11.030731099428067,0.48413083355362124
2298,2018-07-01,2018,4,18,Chicago Fire,New York City,1486.4995469835255,1537.625588154167,8.873958829358571,8.873958829358571,0.5127678770330651
2299,2018-07-01,2018,7,23,Columbus Crew,Real Salt Lake,1507.86259284654,1499.9794538449007,67.88313900163939,67.88313900163939,0.596467267480392
2300,2018-07-01,2018,13,21,Los Angeles FC,Philadelphia Union,1521.497117375929,1491.9825498602286,89.51456751570049,89.51456751570049,0.6260451141856119
2301,2018-07-01,2018,17,8,New England Revolution,DC United,1510.9611928066315,1482.0026307908743,88.95856201575725,88.95856201575725,0.6252955056964877
2302,2018-07-01,2018,25,14,San Jose Earthquakes,Los Angeles Galaxy,1463.1448718221184,1493.9342055474485,29.210666274669848,29.210666274669848,0.541938758173224
2303,2018-07-01,2018,29,19,Toronto FC,New York Red Bulls,1474.7323522198117,1533.7464112760822,0.9859409437294744,0.9859409437294744,0.501418879266049
2304,2018-07-02,2018,30,6,Vancouver Whitecaps,Colorado Rapids,1500.0887662256393,1457.3974926886217,102.69127353701765,102.69127353701765,0.6436263252943211
2305,2018-07-04,2018,11,13,Houston Dynamo,Los Angeles FC,1499.429785486061,1527.106440663145,32.32334482291617,32.32334482291617,0.5463832886179991
2306,2018-07-05,2018,6,26,Colorado Rapids,Seattle Sounders,1467.0518875680366,1460.6207360531203,66.43115151491634,66.43115151491634,0.5944538597163505
2307,2018-07-05,2018,10,0,FC Dallas,Atlanta Utd,1543.723106572688,1551.205221570338,52.51788500235011,52.51788500235011,0.5750088893441379
2308,2018-07-05,2018,14,8,Los Angeles Galaxy,DC United,1494.563286920047,1476.3820633763216,78.18122354372531,78.18122354372531,0.6106504798201129
2309,2018-07-05,2018,15,29,Minnesota United,Toronto FC,1465.3311153600155,1467.211069030821,58.120046329194565,-58.120046329194565,0.582869909456309
2310,2018-07-05,2018,23,27,Real Salt Lake,Sporting Kansas City,1493.9264628571066,1536.4777674473696,17.448695409736956,17.448695409736956,0.5250896012026549
2311,2018-07-08,2018,2,6,CF Montreal,Colorado Rapids,1480.9231113413327,1458.1350796722913,82.7880316690414,82.7880316690414,0.616936710215176
2312,2018-07-08,2018,11,15,Houston Dynamo,Minnesota United,1498.734036156791,1471.588066718171,87.14596943862011,87.14596943862011,0.6228476021342512
2313,2018-07-08,2018,13,20,Los Angeles FC,Orlando City,1527.802189992415,1468.0673474582961,119.7348425341188,119.7348425341188,0.6657998775854687
2314,2018-07-08,2018,14,7,Los Angeles Galaxy,Columbus Crew,1492.9035297227454,1513.9155838343343,38.987945888411105,38.987945888411105,0.5558738305468539
2315,2018-07-08,2018,17,26,New England Revolution,Seattle Sounders,1516.5817602211841,1469.5375439488655,107.04421627231864,107.04421627231864,0.6493529040399127
2316,2018-07-08,2018,21,0,Philadelphia Union,Atlanta Utd,1486.3732265730127,1544.8303549105,1.5428716625126526,1.5428716625126526,0.5022203562113053
2317,2018-07-08,2018,22,25,Portland Timbers,San Jose Earthquakes,1532.7670362682602,1462.51579044952,130.25124581874024,130.25124581874024,0.6791321642663347
2318,2018-07-08,2018,23,10,Real Salt Lake,FC Dallas,1501.0501188390667,1550.0979732325259,10.952145606540853,10.952145606540853,0.5157561859436218
2319,2018-07-08,2018,27,29,Sporting Kansas City,Toronto FC,1529.3541114654095,1460.9541176726655,128.399993792744,128.399993792744,0.6768055335892753
2320,2018-07-08,2018,30,4,Vancouver Whitecaps,Chicago Fire,1490.4343713462245,1493.8080288280296,56.62634251819486,56.62634251819486,0.5807778682614214
2321,2018-07-09,2018,18,19,New York City,New York Red Bulls,1530.317106309663,1541.267694465073,49.04941184458994,49.04941184458994,0.5701225357071807
2322,2018-07-12,2018,4,21,Chicago Fire,Philadelphia Union,1487.5196968519508,1478.8399212298432,68.67977562210763,68.67977562210763,0.5975705544939061
2323,2018-07-12,2018,18,2,New York City,CF Montreal,1536.7652682740552,1486.669060688105,110.0962075859502,110.0962075859502,0.6533426093239632
2324,2018-07-15,2018,0,26,Atlanta Utd,Seattle Sounders,1552.3636602536697,1471.7778375094642,140.58582274420542,140.58582274420542,0.6919554265065123
2325,2018-07-15,2018,2,25,CF Montreal,San Jose Earthquakes,1481.4691998279645,1457.702772913515,83.76642691444954,83.76642691444954,0.618266840247866
2326,2018-07-15,2018,6,11,Colorado Rapids,Houston Dynamo,1452.389130325519,1504.3913221247772,7.997808200741929,-7.997808200741929,0.5115077386364091
2327,2018-07-15,2018,8,30,DC United,Vancouver Whitecaps,1478.0418205736232,1496.7227033223032,41.319117251319994,41.319117251319994,0.5591842305266967
2328,2018-07-15,2018,10,4,FC Dallas,Chicago Fire,1542.8343160216803,1478.5561385345422,124.27817748713801,124.27817748713801,0.671593857456055
2329,2018-07-15,2018,13,22,Los Angeles FC,Portland Timbers,1532.8151918286328,1537.5800538042652,55.23513802436764,55.23513802436764,0.5788267677435366
2330,2018-07-15,2018,15,23,Minnesota United,Real Salt Lake,1465.9307807501848,1508.3137760499123,17.617004700272446,17.617004700272446,0.5253312019607305
2331,2018-07-15,2018,17,14,New England Revolution,Los Angeles Galaxy,1514.3414666605854,1499.5654222645426,74.77604439604283,74.77604439604283,0.60598004776679
2332,2018-07-15,2018,18,7,New York City,Columbus Crew,1541.9651291341956,1507.253691292537,94.71143784165861,94.71143784165861,0.6330219039080752
2333,2018-07-15,2018,19,27,New York Red Bulls,Sporting Kansas City,1534.8195325006807,1526.7020284615703,68.11750403911037,68.11750403911037,0.596791948814649
2334,2018-07-15,2018,20,29,Orlando City,Toronto FC,1463.0543456220782,1463.6062006765046,59.44814494557363,59.44814494557363,0.5847275085969604
2335,2018-07-19,2018,15,17,Minnesota United,New England Revolution,1473.0508127207738,1505.2517659440837,27.799046776690147,27.799046776690147,0.5399208902235471
2336,2018-07-21,2018,0,8,Atlanta Utd,DC United,1549.484328856072,1484.6540571157227,124.83027174034919,124.83027174034919,0.6722944246076588
2337,2018-07-21,2018,26,30,Seattle Sounders,Vancouver Whitecaps,1474.657168907062,1490.1104667802038,44.546702126858236,44.546702126858236,0.5637588569561981
2338,2018-07-22,2018,4,29,Chicago Fire,Toronto FC,1473.630046396383,1457.377113305459,76.25293309092399,-76.25293309092399,0.6080081332825211
2339,2018-07-22,2018,7,20,Columbus Crew,Orlando City,1501.7490198511582,1469.2834329931238,92.46558685803438,92.46558685803438,0.6300134942994756
2340,2018-07-22,2018,11,10,Houston Dynamo,FC Dallas,1504.5639382043232,1547.7604081598395,16.80353004448375,16.80353004448375,0.5241633862047983
2341,2018-07-22,2018,19,17,New York Red Bulls,New England Revolution,1540.867653268461,1498.350579297437,102.51707397102405,102.51707397102405,0.6433962845852466
2342,2018-07-22,2018,21,14,Philadelphia Union,Los Angeles Galaxy,1487.8034795472518,1508.6551229810443,39.14835656620744,39.14835656620744,0.5561017855491647
2343,2018-07-22,2018,22,2,Portland Timbers,CF Montreal,1538.7624553204182,1487.1951972242466,111.5672580961716,111.5672580961716,0.6552580052790887
2344,2018-07-22,2018,23,6,Real Salt Lake,Colorado Rapids,1501.1937440793233,1452.216514245973,108.9772298333503,108.9772298333503,0.6518822952455934
2345,2018-07-23,2018,15,13,Minnesota United,Los Angeles FC,1479.9519993674205,1531.6327903124798,8.319209054940757,-8.319209054940757,0.5119700166627297
2346,2018-07-26,2018,8,19,DC United,New York Red Bulls,1479.7384734848376,1546.2167089996824,-6.478235514844755,6.478235514844755,0.49067814994995484
2347,2018-07-26,2018,11,21,Houston Dynamo,Philadelphia Union,1504.2014874112513,1479.4619527640143,84.73953464723695,84.73953464723695,0.6195880254692615
2348,2018-07-26,2018,25,26,San Jose Earthquakes,Seattle Sounders,1451.976775517233,1481.200786052719,30.77598946451394,30.77598946451394,0.544174730627227
2349,2018-07-27,2018,13,14,Los Angeles FC,Los Angeles Galaxy,1524.3123405624208,1516.9966497642818,67.31569079813903,67.31569079813903,0.5956807945259882
2350,2018-07-27,2018,20,18,Orlando City,New York City,1463.733635407616,1547.4698005755745,-23.73616516795846,23.73616516795846,0.46589395782035914
2351,2018-07-29,2018,2,0,CF Montreal,Atlanta Utd,1489.524067303433,1554.399912486957,-4.875845183524007,4.875845183524007,0.49298355534640725
2352,2018-07-29,2018,8,6,DC United,Colorado Rapids,1472.3783012355884,1454.4947486746569,77.88355256093155,77.88355256093155,0.6102429993576989
2353,2018-07-29,2018,19,7,New York Red Bulls,Columbus Crew,1553.5768812489316,1507.298817436666,106.2780638122656,106.2780638122656,0.6483480398054214
2354,2018-07-29,2018,22,11,Portland Timbers,Houston Dynamo,1536.4335852412319,1494.9076670292122,101.52591821201963,101.52591821201963,0.6420861488127806
2355,2018-07-29,2018,25,23,San Jose Earthquakes,Real Salt Lake,1443.8141545578244,1498.9155096506395,4.8986449071849165,4.8986449071849165,0.5070492496019336
2356,2018-07-29,2018,26,18,Seattle Sounders,New York City,1489.3634070121275,1554.4582099428799,-5.094802930752394,-5.094802930752394,0.4926685146974623
2357,2018-07-29,2018,27,10,Sporting Kansas City,FC Dallas,1520.65390769379,1548.1228589529114,32.53104874087853,32.53104874087853,0.5466796098042739
2358,2018-07-29,2018,29,4,Toronto FC,Chicago Fire,1466.497235304697,1464.5099243971451,61.98731090755177,61.98731090755177,0.5882722800660533
2359,2018-07-29,2018,30,15,Vancouver Whitecaps,Minnesota United,1483.5668496345468,1487.2724491174795,56.29440051706729,56.29440051706729,0.5803125618116538
2360,2018-07-30,2018,14,20,Los Angeles Galaxy,Orlando City,1518.4318616821715,1456.7452260403106,121.6866356418609,121.6866356418609,0.6682952017249773
2361,2018-08-04,2018,0,29,Atlanta Utd,Toronto FC,1561.7946658171531,1472.673151103706,149.12151471344714,149.12151471344714,0.7023288613129696
2362,2018-08-05,2018,2,8,CF Montreal,DC United,1482.1293139732368,1478.2246562452228,63.904657728013945,63.904657728013945,0.5909429335787859
2363,2018-08-05,2018,6,14,Colorado Rapids,Los Angeles Galaxy,1448.6483936650225,1523.407433656297,-14.759039991274449,-14.759039991274449,0.47877280102074865
2364,2018-08-05,2018,10,25,FC Dallas,San Jose Earthquakes,1556.3230530999756,1443.7084158137955,172.61463728618014,172.61463728618014,0.7298082086565991
2365,2018-08-05,2018,11,27,Houston Dynamo,Sporting Kansas City,1489.538959261404,1512.4537135467258,37.085245714678194,37.085245714678194,0.5531681895991752
2366,2018-08-05,2018,15,26,Minnesota United,Seattle Sounders,1480.9771375446544,1496.9733792916657,44.003758252988746,44.003758252988746,0.5629900508324732
2367,2018-08-05,2018,18,30,New York City,Vancouver Whitecaps,1546.8482376633417,1489.8621612073719,116.98607645596985,116.98607645596985,0.6622698705536149
2368,2018-08-05,2018,19,13,New York Red Bulls,Los Angeles FC,1543.8516606518504,1522.877128644531,80.97453200731934,80.97453200731934,0.6144666311190556
2369,2018-08-05,2018,20,17,Orlando City,New England Revolution,1451.7696540661852,1493.0015235662156,18.76813049996963,18.76813049996963,0.526983269830464
2370,2018-08-05,2018,22,21,Portland Timbers,Philadelphia Union,1541.80229300904,1488.7557731460533,113.04651986298677,113.04651986298677,0.6571790206767245
2371,2018-08-05,2018,23,4,Real Salt Lake,Chicago Fire,1499.0212483946684,1458.334008598136,100.68723979653237,100.68723979653237,0.6409759004533211
2372,2018-08-12,2018,4,19,Chicago Fire,New York Red Bulls,1452.9486471049358,1549.6346611850645,-36.68601408012864,36.68601408012864,0.44739992350049934
2373,2018-08-12,2018,6,25,Colorado Rapids,San Jose Earthquakes,1456.4668016497112,1454.6555389436444,61.81126270606683,61.81126270606683,0.5880268009239817
2374,2018-08-12,2018,7,11,Columbus Crew,Houston Dynamo,1517.0240380337473,1481.2414364174163,95.78260161633102,95.78260161633102,0.6344531456894879
2375,2018-08-12,2018,13,27,Los Angeles FC,Sporting Kansas City,1517.0941281113169,1520.7512363907135,56.34289172060335,56.34289172060335,0.5803805442697855
2376,2018-08-12,2018,14,15,Los Angeles Galaxy,Minnesota United,1515.5890256716082,1472.5322867821674,103.0567388894408,103.0567388894408,0.6441087282451424
2377,2018-08-12,2018,17,21,New England Revolution,Philadelphia Union,1493.4062726136726,1483.6134584562042,69.79281415746846,69.79281415746846,0.5991103815211966
2378,2018-08-12,2018,22,30,Portland Timbers,Vancouver Whitecaps,1546.9446076988893,1492.296209265676,114.64839843321329,114.64839843321329,0.6592534770197553
2379,2018-08-12,2018,23,2,Real Salt Lake,CF Montreal,1504.4066098878686,1480.765169969555,83.64143991831361,83.64143991831361,0.6180970184998209
2380,2018-08-12,2018,29,18,Toronto FC,New York City,1475.7080840234005,1544.4141896050376,-8.706105581637075,-8.706105581637075,0.4874735286522662
2381,2018-08-13,2018,8,20,DC United,Orlando City,1479.5888002489046,1451.3649050187282,88.22389523017637,88.22389523017637,0.6243041035565798
2382,2018-08-13,2018,26,10,Seattle Sounders,FC Dallas,1505.4182300541527,1545.3759299701267,20.04230008402601,20.04230008402601,0.5288112369066132
2383,2018-08-15,2018,14,6,Los Angeles Galaxy,Colorado Rapids,1513.427394747931,1462.6463996358516,110.78099511207938,110.78099511207938,0.6542348663655717
2384,2018-08-16,2018,8,22,DC United,Portland Timbers,1485.2242386955559,1537.055805543593,8.168433151962972,8.168433151962972,0.5117531548156871
2385,2018-08-16,2018,13,23,Los Angeles FC,Real Salt Lake,1508.38841994727,1502.6351546103713,65.75326533689872,65.75326533689872,0.5935127712509378
2386,2018-08-18,2018,26,14,Seattle Sounders,Los Angeles Galaxy,1512.4860615005534,1511.1138717524475,61.37218974810594,61.37218974810594,0.5874143731512262
2387,2018-08-19,2018,0,7,Atlanta Utd,Columbus Crew,1558.7597328974587,1522.507240848405,96.25249204905367,96.25249204905367,0.6350802455791077
2388,2018-08-19,2018,2,4,CF Montreal,Chicago Fire,1482.5366252470524,1446.2376482524282,96.29897699462413,96.29897699462413,0.6351422579451398
2389,2018-08-19,2018,10,15,FC Dallas,Minnesota United,1538.308098523726,1474.6939177058446,123.61418081788133,123.61418081788133,0.6707502818863235
2390,2018-08-19,2018,11,23,Houston Dynamo,Real Salt Lake,1475.7582336027585,1496.5378461791354,39.22038742362315,39.22038742362315,0.5562041388518125
2391,2018-08-19,2018,21,18,Philadelphia Union,New York City,1492.600114179022,1551.7262925348216,0.8738216442004614,0.8738216442004614,0.5012575277809105
2392,2018-08-19,2018,25,29,San Jose Earthquakes,Toronto FC,1448.475940957504,1468.3959810936165,40.07995986388755,40.07995986388755,0.5574251903927612
2393,2018-08-19,2018,27,22,Sporting Kansas City,Portland Timbers,1529.4569445547604,1529.7321028658282,59.7248416889322,59.7248416889322,0.5851142206752968
2394,2018-08-19,2018,30,19,Vancouver Whitecaps,New York Red Bulls,1502.1850114209724,1556.345660037572,5.839351383400299,-5.839351383400299,0.5084027109836413
2395,2018-08-20,2018,8,17,DC United,New England Revolution,1492.5479413733206,1484.4196168908547,68.12832448246581,68.12832448246581,0.5968069370424699
2396,2018-08-20,2018,13,6,Los Angeles FC,Colorado Rapids,1514.4857283785059,1464.959922631335,109.5258057471708,109.5258057471708,0.6525985691380854
2397,2018-08-23,2018,18,19,New York City,New York Red Bulls,1544.2451554515353,1556.4717007023266,47.77345474920867,47.77345474920867,0.5683214829162246
2398,2018-08-24,2018,4,7,Chicago Fire,Columbus Crew,1440.7647821216053,1517.0334445320916,-16.268662410486286,16.268662410486286,0.47660460902448293
2399,2018-08-24,2018,11,10,Houston Dynamo,FC Dallas,1467.4151715199814,1543.246844295431,-15.831672775449533,-15.831672775449533,0.477232147409658
2400,2018-08-25,2018,14,13,Los Angeles Galaxy,Los Angeles FC,1504.9250873497158,1519.6967498414347,45.22833750828113,-45.22833750828113,0.5647236154900457
2401,2018-08-25,2018,20,0,Orlando City,Atlanta Utd,1445.729466572077,1564.233529213772,-58.5040626416951,58.5040626416951,0.41659272625970734
2402,2018-08-26,2018,6,23,Colorado Rapids,Real Salt Lake,1459.7489011684063,1504.8809082619125,14.867992906493782,14.867992906493782,0.5213837101343872
2403,2018-08-26,2018,21,17,Philadelphia Union,New England Revolution,1500.0812512623083,1478.3717209464917,81.70953031581666,81.70953031581666,0.615468455011625
2404,2018-08-26,2018,25,30,San Jose Earthquakes,Vancouver Whitecaps,1447.6145631016127,1502.0589707562178,5.555592345394871,5.555592345394871,0.507994458719691
2405,2018-08-26,2018,27,15,Sporting Kansas City,Minnesota United,1535.680231244631,1469.7551719341395,125.9250593104914,125.9250593104914,0.6736813597443243
2406,2018-08-26,2018,29,2,Toronto FC,CF Montreal,1469.2573589495078,1488.0094913778753,41.24786757163247,41.24786757163247,0.559083128191316
2407,2018-08-27,2018,19,8,New York Red Bulls,DC United,1557.49652294607,1498.5958373176836,118.90068562838633,118.90068562838633,0.6647305794171802
2408,2018-08-27,2018,22,26,Portland Timbers,Seattle Sounders,1523.5088161759577,1518.6748459032851,64.83397027267256,64.83397027267256,0.5922354458363566
2409,2018-08-30,2018,8,21,DC United,Philadelphia Union,1493.5667960089413,1505.849224437134,47.71757157180741,47.71757157180741,0.5682425604152657
2410,2018-08-30,2018,19,11,New York Red Bulls,Houston Dynamo,1562.5255642548123,1467.7566893088365,154.76887494597577,154.76887494597577,0.7090802518572511
2411,2018-08-30,2018,22,29,Portland Timbers,Toronto FC,1514.6252844884123,1475.871112026638,98.75417246177426,98.75417246177426,0.6384111487989971
2412,2018-08-30,2018,25,10,San Jose Earthquakes,FC Dallas,1439.9946462208172,1542.9053265065759,-42.910680285758644,42.910680285758644,0.4385586574308328
2413,2018-09-01,2018,26,27,Seattle Sounders,Sporting Kansas City,1527.5583775908306,1540.575010848466,46.983366742364524,46.983366742364524,0.567205339766946
2414,2018-09-02,2018,2,19,CF Montreal,New York Red Bulls,1481.395738300745,1566.8893604769535,-25.49362217620842,25.49362217620842,0.4633774316583844
2415,2018-09-02,2018,7,18,Columbus Crew,New York City,1516.6825136674588,1543.220333207792,33.4621804596668,33.4621804596668,0.5480076011964566
2416,2018-09-02,2018,10,11,FC Dallas,Houston Dynamo,1534.4837063680384,1463.3928930866953,131.09081328134312,131.09081328134312,0.6801844050128653
2417,2018-09-02,2018,17,22,New England Revolution,Portland Timbers,1472.6037477716661,1520.0491172564273,12.554630515238841,12.554630515238841,0.5180597058811998
2418,2018-09-02,2018,20,21,Orlando City,Philadelphia Union,1439.4805756781814,1514.3728628433628,-14.892287165181415,-14.892287165181415,0.4785813916691244
2419,2018-09-02,2018,23,14,Real Salt Lake,Los Angeles Galaxy,1512.7016639139283,1503.9542331173652,68.7474307965631,68.7474307965631,0.5976642069447466
2420,2018-09-02,2018,29,13,Toronto FC,Los Angeles FC,1470.447279258623,1520.6676040737852,9.779675184837743,9.779675184837743,0.5140703680556272
2421,2018-09-02,2018,30,25,Vancouver Whitecaps,San Jose Earthquakes,1509.6788876370133,1448.4162663593547,121.26262127765858,121.26262127765858,0.6677539060171584
2422,2018-09-03,2018,8,0,DC United,Atlanta Utd,1485.0431576027124,1570.4824201076676,-25.439262504955195,25.439262504955195,0.46345524271344357
2423,2018-09-06,2018,18,17,New York City,New England Revolution,1536.4404472257388,1472.332852183448,124.10759504229077,124.10759504229077,0.6713772461268213
2424,2018-09-08,2018,18,8,New York City,DC United,1526.3697885338365,1493.0913289620107,93.2784595718258,93.2784595718258,0.6311035509190561
2425,2018-09-09,2018,22,6,Portland Timbers,Colorado Rapids,1520.3200128446454,1451.9281455163905,128.39186732825488,128.39186732825488,0.6767953009244598
2426,2018-09-09,2018,27,20,Sporting Kansas City,Orlando City,1534.0830909449703,1439.8018548031446,154.28123614182573,154.28123614182573,0.7085008535437519
2427,2018-09-13,2018,8,15,DC United,Minnesota United,1495.0578822257967,1464.8603923303044,90.19748989549225,90.19748989549225,0.626965004786522
2428,2018-09-15,2018,6,0,Colorado Rapids,Atlanta Utd,1447.0800750302574,1562.4342487483693,-55.35417371811195,55.35417371811195,0.4210061929035628
2429,2018-09-16,2018,4,20,Chicago Fire,Orlando City,1441.1157129862381,1435.429367606301,65.68634537993717,65.68634537993717,0.5934198309736766
2430,2018-09-16,2018,8,19,DC United,New York Red Bulls,1500.6534071539988,1558.8400219518292,1.813385202169684,-1.813385202169684,0.502609647387094
2431,2018-09-16,2018,10,7,FC Dallas,Columbus Crew,1539.2809402928453,1523.462399649512,75.81854064333334,75.81854064333334,0.6074120025763431
2432,2018-09-16,2018,11,22,Houston Dynamo,Portland Timbers,1458.5956591618883,1525.1680833307785,-6.572424168890166,-6.572424168890166,0.4905426493838448
2433,2018-09-16,2018,13,17,Los Angeles FC,New England Revolution,1528.3786595946196,1482.4035108753503,105.97514871926933,105.97514871926933,0.6479503814595007
2434,2018-09-16,2018,21,2,Philadelphia Union,CF Montreal,1514.0515837183996,1489.4450768258694,84.6065068925302,84.6065068925302,0.619407518113178
2435,2018-09-16,2018,23,15,Real Salt Lake,Minnesota United,1518.7367008097572,1459.2648674021023,119.47183340765491,119.47183340765491,0.6654629118204598
2436,2018-09-16,2018,25,27,San Jose Earthquakes,Sporting Kansas City,1443.432574949612,1538.455578141814,-35.02300319220194,35.02300319220194,0.4497678763972693
2437,2018-09-16,2018,29,14,Toronto FC,Los Angeles Galaxy,1462.7362237377886,1497.9191962215364,24.81702751625221,24.81702751625221,0.5356539571634142
2438,2018-09-16,2018,30,26,Vancouver Whitecaps,Seattle Sounders,1514.662579046756,1534.0502974943263,40.61228155242975,40.61228155242975,0.5581810243261901
2439,2018-09-20,2018,22,7,Portland Timbers,Columbus Crew,1517.5262230715362,1525.0735796881572,52.45264338337893,52.45264338337893,0.5749171095538257
2440,2018-09-20,2018,25,0,San Jose Earthquakes,Atlanta Utd,1436.686056803653,1568.7493416419227,-72.06328483826974,72.06328483826974,0.39775463777287107
2441,2018-09-20,2018,26,21,Seattle Sounders,Philadelphia Union,1542.4230128592192,1504.7604709467018,97.66254191251733,97.66254191251733,0.6369592934765976
2442,2018-09-22,2018,13,25,Los Angeles FC,San Jose Earthquakes,1526.1594038727271,1430.71973723706,155.4396666356672,155.4396666356672,0.7098761563260966
2443,2018-09-22,2018,19,29,New York Red Bulls,Toronto FC,1558.8791666626355,1469.7014143803374,149.17775228229812,149.17775228229812,0.7023965367440018
2444,2018-09-23,2018,0,23,Atlanta Utd,Real Salt Lake,1574.7156612085157,1516.2547571324503,118.46090407606539,118.46090407606539,0.6641661453393097
2445,2018-09-23,2018,2,18,CF Montreal,New York City,1498.736189597567,1524.4032352700506,34.33295432751652,34.33295432751652,0.5492488915845309
2446,2018-09-23,2018,7,6,Columbus Crew,Colorado Rapids,1518.6973363314646,1440.764982136704,137.9323541947606,137.9323541947606,0.6886900888621296
2447,2018-09-23,2018,15,22,Minnesota United,Portland Timbers,1461.746811079409,1523.9024664282288,-2.155655348819664,-2.155655348819664,0.49689780238689824
2448,2018-09-23,2018,17,4,New England Revolution,Chicago Fire,1484.6227665972428,1447.2144155216329,97.40835107560997,97.40835107560997,0.6366208629292384
2449,2018-09-23,2018,20,11,Orlando City,Houston Dynamo,1429.3306650709062,1466.2375194211306,23.09314564977558,23.09314564977558,0.5331848531510179
2450,2018-09-23,2018,21,27,Philadelphia Union,Sporting Kansas City,1514.3148603488507,1545.202096287773,29.11276406107777,-29.11276406107777,0.541798853500419
2451,2018-09-24,2018,14,26,Los Angeles Galaxy,Seattle Sounders,1490.9540055789876,1532.8686234570703,18.08538212191729,18.08538212191729,0.5260034748634648
2452,2018-09-24,2018,30,10,Vancouver Whitecaps,FC Dallas,1506.2898636818632,1537.6697602542001,28.620103427663025,28.620103427663025,0.5410947297313117
2453,2018-09-27,2018,18,4,New York City,Chicago Fire,1525.1419686438185,1449.2637284655714,135.8782401782471,135.8782401782471,0.6861493384047196
2454,2018-09-29,2018,4,13,Chicago Fire,Los Angeles FC,1444.5559685416422,1530.5112615278356,-25.9552929861934,25.9552929861934,0.46271666304940634
2455,2018-09-29,2018,26,6,Seattle Sounders,Colorado Rapids,1525.7586755800223,1436.095333469636,149.66334211038634,149.66334211038634,0.7029805190694576
2456,2018-09-30,2018,7,21,Columbus Crew,Philadelphia Union,1523.3669849985326,1521.1878775463445,62.17910745218819,62.17910745218819,0.588539668489152
2457,2018-09-30,2018,8,2,DC United,CF Montreal,1500.6142624431925,1497.9974562237992,62.61680621939331,62.61680621939331,0.5891496794373088
2458,2018-09-30,2018,11,25,Houston Dynamo,San Jose Earthquakes,1466.735292218396,1426.3678795819515,100.36741263644444,100.36741263644444,0.6405521121619586
2459,2018-09-30,2018,14,30,Los Angeles Galaxy,Vancouver Whitecaps,1498.0639534560355,1498.1734427358936,59.89051072014195,59.89051072014195,0.5853457099898934
2460,2018-09-30,2018,15,18,Minnesota United,New York City,1469.2933440436057,1529.8497285677477,-0.556384524142004,-0.556384524142004,0.49919929898992516
2461,2018-09-30,2018,19,0,New York Red Bulls,Atlanta Utd,1563.3432186114755,1579.753169028426,43.59004958304945,43.59004958304945,0.5624040377485537
2462,2018-09-30,2018,22,10,Portland Timbers,FC Dallas,1516.3559334640322,1545.7861812001697,30.569752263862483,30.569752263862483,0.5438802327311003
2463,2018-09-30,2018,27,23,Sporting Kansas City,Real Salt Lake,1538.3290790902793,1511.21724931254,87.11182977773933,87.11182977773933,0.6228014359421989
2464,2018-09-30,2018,29,17,Toronto FC,New England Revolution,1465.2373624314973,1482.5734536533043,42.66390877819299,42.66390877819299,0.561091541910211
2465,2018-10-06,2018,0,17,Atlanta Utd,New England Revolution,1573.1892295946543,1475.9898267819576,157.1994028126967,157.1994028126967,0.7119579765782762
2466,2018-10-06,2018,2,7,CF Montreal,Columbus Crew,1491.8347014153587,1522.0388899711954,29.79581144416329,29.79581144416329,0.5427748063856703
2467,2018-10-06,2018,29,30,Toronto FC,Vancouver Whitecaps,1471.820989302844,1491.953628385742,39.86736091710213,39.86736091710213,0.5571232504583787
2468,2018-10-07,2018,6,13,Colorado Rapids,Los Angeles FC,1431.640041255678,1522.4520114735767,-30.81197021789876,30.81197021789876,0.45577389355555875
2469,2018-10-07,2018,8,4,DC United,Chicago Fire,1506.777017251633,1452.615218595901,114.1617986557319,114.1617986557319,0.6586239636528568
2470,2018-10-07,2018,10,20,FC Dallas,Orlando City,1546.4443846911363,1428.832892273641,177.61149241749536,177.61149241749536,0.7354425383420604
2471,2018-10-07,2018,21,15,Philadelphia Union,Minnesota United,1522.5159725736817,1476.8053545587568,105.71061801492488,105.71061801492488,0.6476029451652089
2472,2018-10-07,2018,23,22,Real Salt Lake,Portland Timbers,1513.0592708516729,1515.6977299730656,57.36154087860723,57.36154087860723,0.581807935075317
2473,2018-10-07,2018,25,19,San Jose Earthquakes,New York Red Bulls,1420.9761612643808,1569.9071580452473,-88.93099678086651,88.93099678086651,0.3747416735204066
2474,2018-10-07,2018,27,14,Sporting Kansas City,Los Angeles Galaxy,1536.4870575511463,1504.2837678061871,92.20328974495919,92.20328974495919,0.6296614720404612
2475,2018-10-09,2018,26,11,Seattle Sounders,Houston Dynamo,1530.2139677939804,1472.1270105359665,118.08695725801385,118.08695725801385,0.6636858370508779
2476,2018-10-13,2018,8,10,DC United,FC Dallas,1511.8976577968401,1550.4127466160053,21.484911180834843,21.484911180834843,0.5308799209973379
2477,2018-10-13,2018,13,11,Los Angeles FC,Houston Dynamo,1529.2886198769102,1467.0822980917296,122.20632178518053,122.20632178518053,0.6689580253978076
2478,2018-10-13,2018,15,6,Minnesota United,Colorado Rapids,1471.519398736235,1424.8034328523445,106.71596588389048,106.71596588389048,0.648922541531148
2479,2018-10-14,2018,17,20,New England Revolution,Orlando City,1471.6691964306317,1424.864530348772,106.80466608185975,106.80466608185975,0.6490388584958869
2480,2018-10-18,2018,8,29,DC United,Toronto FC,1518.93445898188,1463.4641405459683,115.47031843591162,115.47031843591162,0.6603155177893493
2481,2018-10-18,2018,20,26,Orlando City,Seattle Sounders,1419.6001132262102,1535.2586802382173,-55.6585670120071,55.6585670120071,0.42057912890647087
2482,2018-10-18,2018,30,27,Vancouver Whitecaps,Sporting Kansas City,1500.3104771426176,1534.5421354705395,25.768341672078122,-25.768341672078122,0.5370157776114811
2483,2018-10-19,2018,23,17,Real Salt Lake,New England Revolution,1504.3321518255432,1476.9336135531935,87.3985382723497,87.3985382723497,0.6231890752269875
2484,2018-10-21,2018,0,4,Atlanta Utd,Chicago Fire,1577.5098599459802,1447.494578050694,190.0152818952863,190.0152818952863,0.7490995970839734
2485,2018-10-21,2018,2,29,CF Montreal,Toronto FC,1498.6930793195736,1458.3688733128085,100.32420600676505,100.32420600676505,0.6404948442074193
2486,2018-10-21,2018,8,18,DC United,New York City,1524.0297262150398,1522.3377180525965,61.692008162443244,61.692008162443244,0.5878604891697571
2487,2018-10-21,2018,10,27,FC Dallas,Sporting Kansas City,1543.3759454309654,1542.5973721347118,60.778573296253626,60.778573296253626,0.5865859549873962
2488,2018-10-21,2018,11,26,Houston Dynamo,Seattle Sounders,1462.1166684726968,1541.5673671718143,-19.450698699117538,19.450698699117538,0.47203740148216966
2489,2018-10-21,2018,13,30,Los Angeles FC,Vancouver Whitecaps,1534.254249495943,1492.2552404784453,101.99900901749766,101.99900901749766,0.6427117588778554
2490,2018-10-21,2018,15,14,Minnesota United,Los Angeles Galaxy,1461.7855606132678,1506.228689886794,15.55687072647379,-15.55687072647379,0.5223731865310813
2491,2018-10-21,2018,20,7,Orlando City,Columbus Crew,1413.291426292613,1515.1805120669806,-41.88908577436746,41.88908577436746,0.4400071691828605
2492,2018-10-21,2018,21,19,Philadelphia Union,New York Red Bulls,1527.8019283962035,1575.5282831480533,12.27364524815016,12.27364524815016,0.517655851413881
2493,2018-10-21,2018,22,23,Portland Timbers,Real Salt Lake,1524.4248489991953,1509.9843156971383,74.44053330205702,74.44053330205702,0.6055188067835386
2494,2018-10-21,2018,25,6,San Jose Earthquakes,Colorado Rapids,1415.3550361615748,1434.5372709753117,40.81776518626316,40.81776518626316,0.5584727149234465
2495,2018-10-28,2018,4,8,Chicago Fire,DC United,1443.7310720069536,1530.2118188774934,-26.48074687053986,26.48074687053986,0.46196476404409015
2496,2018-10-28,2018,6,10,Colorado Rapids,FC Dallas,1435.4143616991635,1534.5771561061545,-39.162794406991,39.162794406991,0.44387769840748686
2497,2018-10-28,2018,7,15,Columbus Crew,Minnesota United,1506.7806196047234,1453.9499628153014,112.83065678942194,112.83065678942194,0.6568990130174042
2498,2018-10-28,2018,14,11,Los Angeles Galaxy,Houston Dynamo,1514.0642876847603,1455.0361074504642,119.02818023429609,119.02818023429609,0.6648941234068212
2499,2018-10-28,2018,17,2,New England Revolution,CF Montreal,1471.2814496815984,1504.0856566564623,27.195793025136027,-27.195793025136027,0.5390581537716971
2500,2018-10-28,2018,18,21,New York City,Philadelphia Union,1516.1556253901429,1520.0370906249952,56.118534765147615,56.118534765147615,0.5800659804834467
2501,2018-10-28,2018,19,20,New York Red Bulls,Orlando City,1583.2931209192616,1421.6913187548703,221.6018021643913,221.6018021643913,0.7817071233155475
2502,2018-10-28,2018,26,25,Seattle Sounders,San Jose Earthquakes,1548.647928194047,1414.477945437723,194.16998275632386,194.16998275632386,0.7535678334882574
2503,2018-10-28,2018,27,13,Sporting Kansas City,Los Angeles FC,1551.3961614595228,1532.1135731127752,79.28258834674762,79.28258834674762,0.6121567858825422
2504,2018-10-28,2018,29,0,Toronto FC,Atlanta Utd,1452.9762959759198,1581.2733659897206,-68.29707001380075,68.29707001380075,0.40295934395695654
2505,2018-10-28,2018,30,22,Vancouver Whitecaps,Portland Timbers,1494.3959168616132,1530.3420668974422,24.053849964170922,24.053849964170922,0.5345610716130472
2506,2018-10-31,2018,18,21,New York City,Philadelphia Union,1522.4546356828912,1513.738080332247,68.71655535064428,68.71655535064428,0.5976214681381176
2507,2018-11-01,2018,10,22,FC Dallas,Portland Timbers,1526.2353215822668,1523.360482971638,62.874838610628785,62.874838610628785,0.5895091651342552
2508,2018-11-02,2018,8,7,DC United,Columbus Crew,1529.6412903381547,1511.9271344094623,77.71415592869243,77.71415592869243,0.6100110442956045
2509,2018-11-02,2018,13,23,Los Angeles FC,Real Salt Lake,1526.2959249010132,1504.0670977988914,82.22882710212184,82.22882710212184,0.6161756821222831
2510,2018-11-04,2018,7,19,Columbus Crew,New York Red Bulls,1513.5773000738964,1586.5675140695284,-12.990213995632075,-12.990213995632075,0.4813142855790751
2511,2018-11-04,2018,22,26,Portland Timbers,Seattle Sounders,1532.2031204486518,1552.3444106917232,39.85870975692865,39.85870975692865,0.5571109629040822
2512,2018-11-05,2018,18,0,New York City,Atlanta Utd,1528.4903136608195,1572.317756149075,16.17255751174457,16.17255751174457,0.5232573859300078
2513,2018-11-05,2018,23,27,Real Salt Lake,Sporting Kansas City,1513.3097330307257,1557.2138096712847,16.09592335944103,-16.09592335944103,0.5231473380084409
2514,2018-11-09,2018,26,22,Seattle Sounders,Portland Timbers,1545.7010751352843,1538.8464560050907,66.85461913019367,66.85461913019367,0.595041395233602
2515,2018-11-11,2018,0,18,Atlanta Utd,New York City,1580.166616938025,1520.6414528718694,119.52516406615564,119.52516406615564,0.6655312524080523
2516,2018-11-11,2018,27,23,Sporting Kansas City,Real Salt Lake,1557.5610197414114,1512.962522960599,104.59849678081241,104.59849678081241,0.6461405726841584
2517,2018-11-12,2018,19,7,New York Red Bulls,Columbus Crew,1578.7872283532145,1521.3575857902104,117.42964256300411,117.42964256300411,0.6628407425157573
2518,2018-11-25,2018,0,19,Atlanta Utd,New York Red Bulls,1585.1836481519042,1583.8446172154781,61.33903093642607,61.33903093642607,0.5873681115602893
2519,2018-11-26,2018,22,27,Portland Timbers,Sporting Kansas City,1532.7720769335947,1562.868911151149,29.90316578244574,29.90316578244574,0.5429281669282874
2520,2018-11-30,2018,19,0,New York Red Bulls,Atlanta Utd,1577.6551388888824,1591.3731264785,46.28201241038255,46.28201241038255,0.5662139768980451
2521,2018-11-30,2018,27,22,Sporting Kansas City,Portland Timbers,1563.5128336550733,1532.1281544296703,91.38467922540303,91.38467922540303,0.6285619506884316
2522,2018-12-09,2018,0,22,Atlanta Utd,Portland Timbers,1584.8663361319707,1541.5565836899968,103.30975244197384,103.30975244197384,0.6444425270538483
2523,2019-03-02,2019,6,22,Colorado Rapids,Portland Timbers,1500.0,1500.0,60.0,60.0,0.5854986786718095
2524,2019-03-02,2019,7,19,Columbus Crew,New York Red Bulls,1500.0,1500.0,60.0,60.0,0.5854986786718095
2525,2019-03-02,2019,10,17,FC Dallas,New England Revolution,1500.0,1500.0,60.0,60.0,0.5854986786718095
2526,2019-03-02,2019,11,23,Houston Dynamo,Real Salt Lake,1500.0,1500.0,60.0,60.0,0.5854986786718095
2527,2019-03-02,2019,20,18,Orlando City,New York City,1500.0,1500.0,60.0,-60.0,0.5854986786718095
2528,2019-03-02,2019,21,29,Philadelphia Union,Toronto FC,1500.0,1500.0,60.0,60.0,0.5854986786718095
2529,2019-03-02,2019,30,15,Vancouver Whitecaps,Minnesota United,1500.0,1500.0,60.0,60.0,0.5854986786718095
2530,2019-03-03,2019,8,0,DC United,Atlanta Utd,1500.0,1500.0,60.0,60.0,0.5854986786718095
2531,2019-03-03,2019,14,4,Los Angeles Galaxy,Chicago Fire,1500.0,1500.0,60.0,60.0,0.5854986786718095
2532,2019-03-03,2019,25,2,San Jose Earthquakes,CF Montreal,1500.0,1500.0,60.0,60.0,0.5854986786718095
2533,2019-03-03,2019,26,9,Seattle Sounders,FC Cincinnati,1500.0,1500.0,60.0,60.0,0.5854986786718095
2534,2019-03-04,2019,13,27,Los Angeles FC,Sporting Kansas City,1500.0,1500.0,60.0,60.0,0.5854986786718095
2535,2019-03-09,2019,4,20,Chicago Fire,Orlando City,1493.782480180077,1498.717519819923,55.064960360154146,55.064960360154146,0.578587931007608
2536,2019-03-09,2019,10,14,FC Dallas,Los Angeles Galaxy,1498.717519819923,1506.217519819923,52.5,52.5,0.5749837298179947
2537,2019-03-09,2019,11,2,Houston Dynamo,CF Montreal,1498.717519819923,1508.782480180077,49.935039639845854,49.935039639845854,0.5713715392018196
2538,2019-03-09,2019,17,7,New England Revolution,Columbus Crew,1501.282480180077,1498.717519819923,62.564960360154146,62.564960360154146,0.5890774372974298
2539,2019-03-09,2019,23,30,Real Salt Lake,Vancouver Whitecaps,1501.282480180077,1491.217519819923,70.06496036015415,70.06496036015415,0.599486584401617
2540,2019-03-10,2019,0,9,Atlanta Utd,FC Cincinnati,1493.782480180077,1493.782480180077,60.0,60.0,0.5854986786718095
2541,2019-03-10,2019,13,22,Los Angeles FC,Portland Timbers,1506.217519819923,1501.282480180077,64.93503963984585,64.93503963984585,0.5923759391948995
2542,2019-03-10,2019,18,8,New York City,DC United,1501.282480180077,1506.217519819923,55.064960360154146,55.064960360154146,0.578587931007608
2543,2019-03-10,2019,25,15,San Jose Earthquakes,Minnesota United,1491.217519819923,1508.782480180077,42.435039639845854,42.435039639845854,0.5607670637300367
2544,2019-03-10,2019,26,6,Seattle Sounders,Colorado Rapids,1506.217519819923,1498.717519819923,67.5,67.5,0.5959362978529087
2545,2019-03-10,2019,27,21,Sporting Kansas City,Philadelphia Union,1493.782480180077,1491.217519819923,62.564960360154146,62.564960360154146,0.5890774372974298
2546,2019-03-16,2019,4,26,Chicago Fire,Seattle Sounders,1492.603661214963,1512.2784753521294,40.32518586283368,40.32518586283368,0.5577734156081725
2547,2019-03-16,2019,7,10,Columbus Crew,FC Dallas,1507.5536813793844,1505.092763872653,62.46091750673145,62.46091750673145,0.5889324521595797
2548,2019-03-16,2019,11,30,Houston Dynamo,Vancouver Whitecaps,1505.1469467318957,1485.2098185859472,79.93712814594846,79.93712814594846,0.61305096931532
2549,2019-03-16,2019,19,25,New York Red Bulls,San Jose Earthquakes,1501.282480180077,1482.8060138639723,78.47646631610473,78.47646631610473,0.6110544837130323
2550,2019-03-16,2019,20,2,Orlando City,CF Montreal,1499.896338785037,1502.3530532681043,57.543285516932656,57.543285516932656,0.5820624630516532
2551,2019-03-17,2019,0,21,Atlanta Utd,Philadelphia Union,1492.5,1485.0536813793844,67.44631862061556,67.44631862061556,0.5958618860352433
2552,2019-03-17,2019,8,23,DC United,Real Salt Lake,1507.396338785037,1507.2901814140528,60.10615737098419,60.10615737098419,0.5856469765669242
2553,2019-03-17,2019,9,22,FC Cincinnati,Portland Timbers,1495.0649603601541,1495.1681192680005,59.896841092153636,59.896841092153636,0.5853545546710576
2554,2019-03-17,2019,14,15,Los Angeles Galaxy,Minnesota United,1499.8422757671929,1517.1939861360277,42.6482896311652,42.6482896311652,0.5610693995930195
2555,2019-03-17,2019,18,13,New York City,Los Angeles FC,1500.103661214963,1512.3318807319995,47.77178048296355,47.77178048296355,0.5683191184396599
2556,2019-03-17,2019,29,17,Toronto FC,New England Revolution,1508.782480180077,1492.4463186206156,76.33616155946152,76.33616155946152,0.6081223136837025
2557,2019-03-18,2019,6,27,Colorado Rapids,Sporting Kansas City,1492.6565642877165,1499.9463186206156,52.710245667100935,-52.710245667100935,0.575279465957531
2558,2019-03-23,2019,10,6,FC Dallas,Colorado Rapids,1498.9267506550466,1491.5273722983536,67.39937835669298,67.39937835669298,0.595796814974148
2559,2019-03-23,2019,19,20,New York Red Bulls,Orlando City,1507.1166629243817,1491.1654018392621,75.95126108511954,75.95126108511954,0.6075941731576445
2560,2019-03-23,2019,21,7,Philadelphia Union,Columbus Crew,1486.491609669913,1513.7196945969908,32.771915072922184,32.771915072922184,0.5470232007799599
2561,2019-03-24,2019,13,23,Los Angeles FC,Real Salt Lake,1513.3566675085945,1501.0748860625567,72.28178144603771,72.28178144603771,0.6025466164950047
2562,2019-03-24,2019,17,9,New England Revolution,FC Cincinnati,1486.5681533258712,1501.2846420400883,45.28351128578288,45.28351128578288,0.56480168483588
2563,2019-03-30,2019,4,19,Chicago Fire,New York Red Bulls,1484.2370599808405,1498.002750327017,46.2343096538234,-46.2343096538234,0.5661465298095008
2564,2019-03-30,2019,7,0,Columbus Crew,Atlanta Utd,1506.9250426086903,1491.0620717094714,75.86297089921891,75.86297089921891,0.6074729903761403
2565,2019-03-30,2019,9,21,FC Cincinnati,Philadelphia Union,1509.7566673126266,1493.2862616582136,76.47040565441307,76.47040565441307,0.6083064570406305
2566,2019-03-30,2019,17,15,New England Revolution,Minnesota United,1478.096128053333,1510.6100271299229,27.48610092341005,27.48610092341005,0.5394733638229197
2567,2019-03-30,2019,25,13,San Jose Earthquakes,Los Angeles FC,1476.9718311196677,1519.3184682611693,17.65336285849844,-17.65336285849844,0.5253833909816797
2568,2019-03-30,2019,27,2,Sporting Kansas City,CF Montreal,1501.0755106099784,1511.0839902138791,49.991520396099304,49.991520396099304,0.5714511635201688
2569,2019-03-30,2019,29,18,Toronto FC,New York City,1514.6606454748216,1499.078874438368,75.58177103645357,75.58177103645357,0.6070869410615796
2570,2019-03-31,2019,6,11,Colorado Rapids,Houston Dynamo,1485.4643245229659,1510.9511821921658,34.513142330800065,34.513142330800065,0.5495056740350707
2571,2019-03-31,2019,20,8,Orlando City,DC United,1500.2793144366267,1513.611634136533,46.66768030009371,46.66768030009371,0.5667591837483799
2572,2019-03-31,2019,23,10,Real Salt Lake,FC Dallas,1495.113085309982,1504.9897984304343,50.12328687954755,50.12328687954755,0.5716369082658687
2573,2019-03-31,2019,30,26,Vancouver Whitecaps,Seattle Sounders,1479.4055831256771,1520.645076586252,18.76050653942525,-18.76050653942525,0.5269723300103427
2574,2019-04-01,2019,14,22,Los Angeles Galaxy,Portland Timbers,1506.4262347732977,1488.9484375880663,77.47779718523134,77.47779718523134,0.6096873147638265
2575,2019-04-06,2019,8,13,DC United,Los Angeles FC,1522.1130218927588,1527.1992191258944,54.913802766864364,54.913802766864364,0.5783757572454754
2576,2019-04-06,2019,18,2,New York City,CF Montreal,1493.1851785542917,1504.6557576666817,48.52942088761006,48.52942088761006,0.5693887737054373
2577,2019-04-06,2019,29,4,Toronto FC,Chicago Fire,1520.554341358898,1490.744862033698,89.80947932520007,89.80947932520007,0.6264424700973763
2578,2019-04-06,2019,30,14,Vancouver Whitecaps,Los Angeles Galaxy,1479.000998175522,1512.2809250518403,26.720073123681686,-26.720073123681686,0.5383776430735212
2579,2019-04-07,2019,7,17,Columbus Crew,New England Revolution,1512.8129477530483,1485.004027595989,87.80892015705922,87.80892015705922,0.6237436506589478
2580,2019-04-07,2019,9,27,FC Cincinnati,Sporting Kansas City,1500.632070457017,1507.503743157176,53.1283272998412,53.1283272998412,0.5758673883909802
2581,2019-04-07,2019,19,15,New York Red Bulls,Minnesota United,1491.4949482741597,1503.7021275872667,47.79282068689304,47.79282068689304,0.5683488321666726
2582,2019-04-07,2019,20,6,Orlando City,Colorado Rapids,1491.777926680401,1477.2217394124398,74.55618726796115,74.55618726796115,0.6056778223507224
2583,2019-04-07,2019,21,10,Philadelphia Union,FC Dallas,1502.410858513823,1513.5643520544224,48.84650645940064,48.84650645940064,0.569836251309364
2584,2019-04-07,2019,25,22,San Jose Earthquakes,Portland Timbers,1469.0910802549427,1483.0937473095237,45.997332945418975,-45.997332945418975,0.5658114313681655
2585,2019-04-07,2019,26,23,Seattle Sounders,Real Salt Lake,1521.049661536407,1486.5385316859938,94.51112985041323,94.51112985041323,0.6327539997683832
2586,2019-04-10,2019,8,2,DC United,CF Montreal,1513.4373855340766,1505.6965892722633,67.74079626181333,67.74079626181333,0.5962700294269168
2587,2019-04-13,2019,2,7,CF Montreal,Columbus Crew,1507.140639713667,1518.456792993164,48.68384672050297,48.68384672050297,0.569606716784155
2588,2019-04-13,2019,4,30,Chicago Fire,Vancouver Whitecaps,1492.6414990851586,1470.9253335294193,81.71616555573928,81.71616555573928,0.6154774945902083
2589,2019-04-13,2019,11,25,Houston Dynamo,San Jose Earthquakes,1519.1937673026919,1475.6039087844201,103.58985851827174,103.58985851827174,0.6448119050320711
2590,2019-04-13,2019,15,18,Minnesota United,New York City,1512.2273600697667,1492.14434694871,80.08301312105664,80.08301312105664,0.6132501629035002
2591,2019-04-13,2019,26,29,Seattle Sounders,Toronto FC,1526.5583515398812,1518.6577043074374,67.90064723244382,67.90064723244382,0.5964915257110782
2592,2019-04-14,2019,6,8,Colorado Rapids,DC United,1471.3069067477006,1511.9933350926729,19.313571655027772,19.313571655027772,0.527765869717268
2593,2019-04-14,2019,10,22,FC Dallas,Portland Timbers,1507.111895824063,1476.5809187800462,90.53097704401671,90.53097704401671,0.6274138759462946
2594,2019-04-14,2019,13,9,Los Angeles FC,FC Cincinnati,1535.8748554845765,1499.4940596311524,96.38079585342416,96.38079585342416,0.6352513959574193
2595,2019-04-14,2019,14,21,Los Angeles Galaxy,Philadelphia Union,1520.356589697943,1508.8633147441826,71.49327495376042,71.49327495376042,0.6014590914451862
2596,2019-04-14,2019,17,0,New England Revolution,Atlanta Utd,1479.3601823558733,1485.1741665651134,54.18601579075994,54.18601579075994,0.5773537884806518
2597,2019-04-14,2019,23,20,Real Salt Lake,Orlando City,1481.0298416825196,1497.69275934514,43.33708233737957,43.33708233737957,0.5620456269252134
2598,2019-04-15,2019,27,19,Sporting Kansas City,New York Red Bulls,1508.6417539830406,1482.9697157916596,85.67203819138103,85.67203819138103,0.6208524230026877
2599,2019-04-18,2019,30,13,Vancouver Whitecaps,Los Angeles FC,1472.6574959482723,1541.3460845452153,-8.688588596942964,8.688588596942964,0.48749872182905424
2600,2019-04-20,2019,0,10,Atlanta Utd,FC Dallas,1493.8344733923232,1512.7006876848684,41.13378570745476,41.13378570745476,0.55892123736263
2601,2019-04-20,2019,4,6,Chicago Fire,Colorado Rapids,1490.9093366663055,1463.3904187019416,87.51891796436394,87.51891796436394,0.6233517855670805
2602,2019-04-20,2019,9,23,FC Cincinnati,Real Salt Lake,1494.0228305705136,1487.5991572786415,66.42367329187209,66.42367329187209,0.5944434817011841
2603,2019-04-20,2019,14,11,Los Angeles Galaxy,Houston Dynamo,1526.3347033262653,1524.5215887272109,61.813114599054416,61.813114599054416,0.5880293834057347
2604,2019-04-20,2019,20,30,Orlando City,Vancouver Whitecaps,1491.1234437490182,1480.3450151208365,70.7784286281817,70.7784286281817,0.6004722937398762
2605,2019-04-20,2019,21,2,Philadelphia Union,CF Montreal,1502.8852011158604,1513.5965389619048,49.288662153955556,49.288662153955556,0.5704600398306378
2606,2019-04-20,2019,29,15,Toronto FC,Minnesota United,1512.6050771931036,1510.5286076262144,62.07646956688927,62.07646956688927,0.5883965849046222
2607,2019-04-21,2019,7,22,Columbus Crew,Portland Timbers,1512.0008937449263,1470.9921269192407,101.0087668256856,101.0087668256856,0.6414017194769489
2608,2019-04-21,2019,8,18,DC United,New York City,1519.9098231384319,1493.8430993922625,86.06672374616937,86.06672374616937,0.6213870909842897
2609,2019-04-21,2019,17,19,New England Revolution,New York Red Bulls,1470.6998755286636,1484.7825021367,45.917373391963565,45.917373391963565,0.5656983504546617
2610,2019-04-21,2019,25,27,San Jose Earthquakes,Sporting Kansas City,1470.276087359901,1506.8289676380002,23.44711972190089,-23.44711972190089,0.53369198440476
2611,2019-04-22,2019,13,26,Los Angeles FC,Seattle Sounders,1533.658565372651,1532.610978654215,61.04758671843615,61.04758671843615,0.5869614362062073
2612,2019-04-25,2019,7,8,Columbus Crew,DC United,1502.379867952772,1510.5890167736675,51.79085117910449,51.79085117910449,0.5739858309095064
2613,2019-04-25,2019,15,14,Minnesota United,Los Angeles Galaxy,1504.3545563997836,1532.5142625751794,31.84029382460426,31.84029382460426,0.5456940162439894
2614,2019-04-25,2019,17,2,New England Revolution,CF Montreal,1477.2144002718437,1507.1534395593644,30.0609607124793,30.0609607124793,0.5431535693669964
2615,2019-04-25,2019,18,4,New York City,Chicago Fire,1503.163905757027,1496.5590598827994,66.60484587422752,66.60484587422752,0.5946948828821716
2616,2019-04-25,2019,26,25,Seattle Sounders,San Jose Earthquakes,1526.4154001973081,1477.2707075938297,109.14469260347846,109.14469260347846,0.6521010238843608
2617,2019-04-27,2019,0,6,Atlanta Utd,Colorado Rapids,1485.4506548318836,1457.7406954854478,87.70995934643588,87.70995934643588,0.6236099481612414
2618,2019-04-27,2019,10,25,FC Dallas,San Jose Earthquakes,1521.084506245308,1479.552222952095,101.53228329321291,101.53228329321291,0.6420945691443165
2619,2019-04-27,2019,18,20,New York City,Orlando City,1509.2434825137943,1497.11635934292,72.12712317087426,72.12712317087426,0.6023333879553171
2620,2019-04-27,2019,29,22,Toronto FC,Portland Timbers,1518.7791284195343,1480.613152711395,98.16597570813929,98.16597570813929,0.6376291663967296
2621,2019-04-27,2019,30,21,Vancouver Whitecaps,Philadelphia Union,1474.3520995269346,1509.3283005184007,25.023799008533842,25.023799008533842,0.5359499995825932
2622,2019-04-28,2019,2,4,CF Montreal,Chicago Fire,1515.3007430998694,1490.479483126032,84.82125997383741,84.82125997383741,0.6196989034010185
2623,2019-04-28,2019,11,7,Houston Dynamo,Columbus Crew,1518.3420294782968,1493.7700804891294,84.57194898916737,84.57194898916737,0.619360620571769
2624,2019-04-28,2019,15,8,Minnesota United,DC United,1503.6691461561238,1519.19880423731,44.4703419188138,44.4703419188138,0.5636507496699441
2625,2019-04-28,2019,19,9,New York Red Bulls,FC Cincinnati,1478.26797739352,1485.106178344996,53.16179904852402,53.16179904852402,0.5759144483886377
2626,2019-04-28,2019,26,13,Seattle Sounders,Los Angeles FC,1524.1338848390428,1539.8541438295579,44.27974100948495,-44.27974100948495,0.5633808792555198
2627,2019-04-28,2019,27,17,Sporting Kansas City,New England Revolution,1499.8343474040717,1469.0670967313388,90.76725067273287,90.76725067273287,0.6277317656217949
2628,2019-04-29,2019,14,23,Los Angeles Galaxy,Real Salt Lake,1533.1996728188392,1496.5158095041593,96.68386331467991,96.68386331467991,0.635655535830832
2629,2019-05-02,2019,21,9,Philadelphia Union,FC Cincinnati,1509.8675505121396,1478.7448950708254,91.12265544131424,91.12265544131424,0.6282097298625683
2630,2019-05-04,2019,2,18,CF Montreal,New York City,1521.0052595488542,1507.7084816944646,73.29677785438957,73.29677785438957,0.603945030244647
2631,2019-05-04,2019,6,30,Colorado Rapids,Vancouver Whitecaps,1452.0948447078663,1473.8128495331957,38.281995174670556,38.281995174670556,0.5548703459844675
2632,2019-05-04,2019,11,10,Houston Dynamo,FC Dallas,1524.0516201697203,1518.9530877081431,65.09853246157718,65.09853246157718,0.5926031734603683
2633,2019-05-04,2019,19,14,New York Red Bulls,Los Angeles Galaxy,1484.6292606676905,1538.6648397813767,5.9644208863137465,5.9644208863137465,0.5085826485374147
2634,2019-05-04,2019,20,29,Orlando City,Toronto FC,1498.6513601622498,1509.2146909235835,49.436669238666354,49.436669238666354,0.5706687967624853
2635,2019-05-05,2019,8,7,DC United,Columbus Crew,1512.6535654823592,1488.060489797706,84.59307568465329,84.59307568465329,0.6193892912700871
2636,2019-05-05,2019,13,4,Los Angeles FC,Chicago Fire,1540.8048570183907,1484.7749666770471,116.02989034134362,116.02989034134362,0.6610376458519883
2637,2019-05-05,2019,15,26,Minnesota United,Seattle Sounders,1510.2143849110746,1523.18317165021,47.03121326086466,47.03121326086466,0.5672729512095936
2638,2019-05-05,2019,21,17,Philadelphia Union,New England Revolution,1515.444404564201,1470.9830732156656,104.4613313485354,104.4613313485354,0.6459600182118218
2639,2019-05-05,2019,23,22,Real Salt Lake,Portland Timbers,1491.0506425416218,1490.177590207346,60.873052334275826,60.873052334275826,0.5867178376132318
2640,2019-05-05,2019,25,9,San Jose Earthquakes,FC Cincinnati,1481.6836414892598,1473.168041018764,68.51560047049588,68.51560047049588,0.5973432635777725
2641,2019-05-06,2019,27,0,Sporting Kansas City,Atlanta Utd,1497.9183709197448,1491.096505609465,66.82186531027969,66.82186531027969,0.594995960995852
2642,2019-05-09,2019,0,29,Atlanta Utd,Toronto FC,1500.021445024403,1517.7747228750206,42.24672214938232,42.24672214938232,0.5605000384870358
2643,2019-05-09,2019,4,17,Chicago Fire,New England Revolution,1487.190531364827,1465.672473488843,81.51805787598391,81.51805787598391,0.6152075664896492
2644,2019-05-09,2019,7,14,Columbus Crew,Los Angeles Galaxy,1482.3513291667573,1531.293579509438,11.057749657319391,11.057749657319391,0.5159080100133036
2645,2019-05-09,2019,19,2,New York Red Bulls,CF Montreal,1492.0005209396293,1511.9460840951845,40.05443684444481,40.05443684444481,0.5573889440081758
2646,2019-05-11,2019,9,2,FC Cincinnati,CF Montreal,1467.1281899724304,1520.3069182553072,6.821271717123182,6.821271717123182,0.5098153379912019
2647,2019-05-11,2019,10,19,FC Dallas,New York Red Bulls,1512.8421353100487,1483.6396867795065,89.20244853054214,89.20244853054214,0.6256243885523288
2648,2019-05-11,2019,14,18,Los Angeles Galaxy,New York City,1524.0321996596374,1516.7676571481343,67.26454251150312,67.26454251150312,0.5956098797086189
2649,2019-05-11,2019,29,21,Toronto FC,Philadelphia Union,1511.182223452326,1520.7550042910236,50.427219161302446,50.427219161302446,0.5720652696317735
2650,2019-05-11,2019,30,22,Vancouver Whitecaps,Portland Timbers,1482.1359047229628,1498.9783577715443,43.15754695141845,43.15754695141845,0.561791217024752
2651,2019-05-12,2019,0,20,Atlanta Utd,Orlando City,1506.6139444470975,1490.0913282108127,76.52261623628488,76.52261623628488,0.6083780662583715
2652,2019-05-12,2019,4,15,Chicago Fire,Minnesota United,1492.9624178674821,1509.2052906429308,43.75712722455137,43.75712722455137,0.5626407221685706
2653,2019-05-12,2019,6,23,Colorado Rapids,Real Salt Lake,1443.7717895180992,1482.2498749774234,21.52191454067588,21.52191454067588,0.5309329696452986
2654,2019-05-12,2019,7,13,Columbus Crew,Los Angeles FC,1489.6127090165578,1538.389292330611,11.223416685946859,-11.223416685946859,0.5161461790643515
2655,2019-05-12,2019,17,25,New England Revolution,San Jose Earthquakes,1459.9005869861878,1487.7234925355933,32.177094450594495,32.177094450594495,0.5461746205164562
2656,2019-05-12,2019,26,11,Seattle Sounders,Houston Dynamo,1524.1922659183538,1530.1625725678148,54.02969335053899,54.02969335053899,0.5771341915702074
2657,2019-05-13,2019,8,27,DC United,Sporting Kansas City,1518.3627261133079,1488.993431504807,89.36929460850092,89.36929460850092,0.625849314981632
2658,2019-05-16,2019,11,22,Houston Dynamo,Portland Timbers,1523.819585441368,1492.4052260269157,91.41435941445229,91.41435941445229,0.6286018391510219
2659,2019-05-16,2019,26,20,Seattle Sounders,Orlando City,1530.5352530448006,1484.2169992046881,106.31825384011245,106.31825384011245,0.6484007846895127
2660,2019-05-16,2019,29,8,Toronto FC,DC United,1502.6012444078494,1523.9749863885834,38.62625801926606,38.62625801926606,0.5553597601428636
2661,2019-05-16,2019,30,0,Vancouver Whitecaps,Atlanta Utd,1488.7090364675914,1512.488273453222,36.22076301436937,-36.22076301436937,0.5519378434582476
2662,2019-05-17,2019,13,10,Los Angeles FC,FC Dallas,1546.131485016576,1503.4577694817638,102.67371553481235,102.67371553481235,0.6436031419270637
2663,2019-05-18,2019,2,17,CF Montreal,New England Revolution,1512.9541483251753,1466.707967678441,106.24618064673427,106.24618064673427,0.6483061941668605
2664,2019-05-18,2019,23,29,Real Salt Lake,Toronto FC,1490.2138695221029,1501.7708480057065,48.44302151639636,48.44302151639636,0.569266825473944
2665,2019-05-18,2019,25,4,San Jose Earthquakes,Chicago Fire,1480.91611184334,1499.5228070349535,41.393304808386574,41.393304808386574,0.559289496454389
2666,2019-05-19,2019,11,8,Houston Dynamo,DC United,1521.8905578541026,1524.8053827907263,57.085175063376255,57.085175063376255,0.5814208094835275
2667,2019-05-19,2019,15,7,Minnesota United,Columbus Crew,1502.6449014754594,1481.8705163305926,80.77438514486676,80.77438514486676,0.6141936566742022
2668,2019-05-19,2019,20,9,Orlando City,FC Cincinnati,1478.9430109750308,1474.4809599025623,64.46205107246851,64.46205107246851,0.5917183229398568
2669,2019-05-19,2019,21,26,Philadelphia Union,Seattle Sounders,1529.3359833355003,1535.809241274458,53.52674206104234,53.52674206104234,0.5764274547913193
2670,2019-05-19,2019,27,30,Sporting Kansas City,Vancouver Whitecaps,1483.3811712295314,1480.4299688157178,62.95120241381369,62.95120241381369,0.5896155353839366
2671,2019-05-20,2019,10,13,FC Dallas,Los Angeles FC,1498.1118166106696,1551.4774378876702,6.634378722999372,-6.634378722999372,0.5095464781867275
2672,2019-05-20,2019,14,6,Los Angeles Galaxy,Colorado Rapids,1515.0980514640082,1435.8077949734197,139.2902564905885,139.2902564905885,0.6903634847888921
2673,2019-05-23,2019,19,30,New York Red Bulls,Vancouver Whitecaps,1493.0240526077914,1481.774201846477,71.24985076131452,71.24985076131452,0.6011231526865723
2674,2019-05-25,2019,4,18,Chicago Fire,New York City,1492.9121494817693,1525.7018053437635,27.210344138005894,27.210344138005894,0.5390789666546691
2675,2019-05-25,2019,13,2,Los Angeles FC,CF Montreal,1551.6206350604712,1510.7295554126724,100.89107964779873,100.89107964779873,0.6412458845660504
2676,2019-05-25,2019,20,14,Orlando City,Los Angeles Galaxy,1485.067236130933,1504.7425991921748,40.3246369387582,40.3246369387582,0.5577726361896658
2677,2019-05-25,2019,23,0,Real Salt Lake,Atlanta Utd,1496.6748671399937,1520.7673411050957,35.907526034897955,35.907526034897955,0.5514918815980192
2678,2019-05-26,2019,6,7,Colorado Rapids,Columbus Crew,1446.1632472452532,1476.0834211807057,30.079826064547433,30.079826064547433,0.5431805164307674
2679,2019-05-26,2019,9,19,FC Cincinnati,New York Red Bulls,1468.35673474666,1491.507205317493,36.849529429167205,36.849529429167205,0.552832778188492
2680,2019-05-26,2019,15,11,Minnesota United,Houston Dynamo,1508.4319966253463,1528.1692457118497,40.262750913496575,40.262750913496575,0.5576847622621018
2681,2019-05-26,2019,17,8,New England Revolution,DC United,1468.932560590944,1518.5266949329791,10.405865657964796,10.405865657964796,0.5149707683141549
2682,2019-05-26,2019,21,22,Philadelphia Union,Portland Timbers,1528.1895715136304,1494.334253614181,93.85531789944935,93.85531789944935,0.6318763036246496
2683,2019-05-26,2019,27,26,Sporting Kansas City,Seattle Sounders,1482.0369381987723,1536.9556530963278,5.081285102444554,5.081285102444554,0.5073120357553341
2684,2019-05-26,2019,30,10,Vancouver Whitecaps,FC Dallas,1483.2910491367754,1497.9686194378687,45.32242969890672,45.32242969890672,0.5648567513649944
2685,2019-05-27,2019,29,25,Toronto FC,San Jose Earthquakes,1495.3098503878157,1487.5267693965243,67.7830809912914,67.7830809912914,0.5963286247624953
2686,2019-05-30,2019,0,15,Atlanta Utd,Minnesota United,1514.039719329066,1515.0667251914147,58.97299413765131,58.97299413765131,0.5840631933116255
2687,2019-05-30,2019,2,23,CF Montreal,Real Salt Lake,1505.3482436811632,1503.4024889160235,61.94575476513978,61.94575476513978,0.5882143387195339
2688,2019-05-30,2019,8,4,DC United,Chicago Fire,1518.7512564576914,1492.3259649819493,86.42529147574214,86.42529147574214,0.6218725757299407
2689,2019-05-30,2019,21,6,Philadelphia Union,Colorado Rapids,1518.7114269592607,1453.0155394987917,125.69588746046907,125.69588746046907,0.6733912830502822
2690,2019-05-30,2019,27,14,Sporting Kansas City,Los Angeles Galaxy,1489.4272576624423,1513.1091887350199,36.31806892742247,36.31806892742247,0.5520763628962496
2691,2019-06-01,2019,0,4,Atlanta Utd,Chicago Fire,1520.2787714293916,1494.1540536178984,86.12471781149316,86.12471781149316,0.6214656288856086
2692,2019-06-01,2019,2,20,CF Montreal,Orlando City,1511.5250286003702,1476.700646588088,94.82438201228229,94.82438201228229,0.6331729261194388
2693,2019-06-01,2019,30,29,Vancouver Whitecaps,Toronto FC,1489.8181978663006,1486.3649210163783,63.453276849922304,-63.453276849922304,0.5903146861929632
2694,2019-06-02,2019,6,9,Colorado Rapids,FC Cincinnati,1455.6164087445459,1460.0642430738328,55.552165670713066,55.552165670713066,0.5792716034196208
2695,2019-06-02,2019,7,18,Columbus Crew,New York City,1469.2311289271672,1526.2879898435835,2.9431390835836737,2.9431390835836737,0.5042354163043247
2696,2019-06-02,2019,8,25,DC United,San Jose Earthquakes,1516.9231678217423,1496.4716987679617,80.45146905378056,80.45146905378056,0.6137530894885301
2697,2019-06-02,2019,10,26,FC Dallas,Seattle Sounders,1491.4414707083436,1529.5653336326577,21.876137075685847,21.876137075685847,0.531440753566444
2698,2019-06-02,2019,11,27,Houston Dynamo,Sporting Kansas City,1521.5345171457814,1481.1461122189985,100.38840492678287,100.38840492678287,0.6405799348155482
2699,2019-06-02,2019,15,21,Minnesota United,Philadelphia Union,1508.827673091089,1516.1105577135065,52.71711537758256,52.71711537758256,0.5752891281341059
2700,2019-06-02,2019,19,23,New York Red Bulls,Real Salt Lake,1499.7996969903202,1497.2257039968165,62.57399299350368,62.57399299350368,0.589090023665975
2701,2019-06-02,2019,22,13,Portland Timbers,Los Angeles FC,1503.8123981685508,1557.0019467919803,6.810451376570427,-6.810451376570427,0.5097997722606766
2702,2019-06-03,2019,14,17,Los Angeles Galaxy,New England Revolution,1521.3903341784637,1468.7079990662317,112.68233511223207,112.68233511223207,0.6567065536481497
2703,2019-06-06,2019,2,26,CF Montreal,Seattle Sounders,1502.0274347085785,1522.5369449361544,39.4904897724241,39.4904897724241,0.5565879021907774
2704,2019-06-07,2019,18,9,New York City,FC Cincinnati,1526.3515210881485,1453.753317125127,132.59820396302143,132.59820396302143,0.6820690372691918
2705,2019-06-08,2019,25,10,San Jose Earthquakes,FC Dallas,1498.1779951102897,1498.4698594048468,59.70813570544283,59.70813570544283,0.5850908753192307
2706,2019-06-08,2019,29,27,Toronto FC,Sporting Kansas City,1487.7196413092727,1483.2548112412317,64.46483006804101,64.46483006804101,0.5917221876579708
2707,2019-06-09,2019,6,15,Colorado Rapids,Minnesota United,1461.9273346932516,1500.1983361690775,21.72899852417413,21.72899852417413,0.5312298358400812
2708,2019-06-09,2019,21,19,Philadelphia Union,New York Red Bulls,1524.739894635518,1505.9633466353305,78.77654800018763,78.77654800018763,0.6114649528203048
2709,2019-06-23,2019,4,23,Chicago Fire,Real Salt Lake,1488.4760380511825,1491.0620543518062,57.41398369937633,57.41398369937633,0.5818813841687859
2710,2019-06-23,2019,7,27,Columbus Crew,Sporting Kansas City,1469.1675976826023,1484.6306440561011,44.536953626501145,44.536953626501145,0.5637450558129498
2711,2019-06-23,2019,9,14,FC Cincinnati,Los Angeles Galaxy,1448.9843526841648,1511.5397358737414,-2.5553831895765597,2.5553831895765597,0.49632257428634025
2712,2019-06-23,2019,10,29,FC Dallas,Toronto FC,1499.7462225346353,1486.3438084944032,73.40241404023209,73.40241404023209,0.6040904735798918
2713,2019-06-23,2019,22,11,Portland Timbers,Houston Dynamo,1496.1654015846407,1519.4258181235482,36.73958346109248,36.73958346109248,0.5526763146099077
2714,2019-06-23,2019,30,6,Vancouver Whitecaps,Colorado Rapids,1488.4634775734062,1468.9588871556505,79.50459041775571,79.50459041775571,0.6124601535458184
2715,2019-06-27,2019,2,22,CF Montreal,Portland Timbers,1508.6786161757168,1502.875256865492,65.80335931022478,65.80335931022478,0.593582338757465
2716,2019-06-27,2019,8,20,DC United,Orlando City,1515.2168714794143,1486.1982404798796,89.01863099953471,89.01863099953471,0.6253765199382547
2717,2019-06-27,2019,10,30,FC Dallas,Vancouver Whitecaps,1505.684865430937,1486.776575270219,78.90829016071802,78.90829016071802,0.611645107487403
2718,2019-06-27,2019,17,21,New England Revolution,Philadelphia Union,1478.558597370954,1530.5679203432135,7.990677027740503,7.990677027740503,0.511497481484875
2719,2019-06-27,2019,25,11,San Jose Earthquakes,Houston Dynamo,1496.9016319805012,1512.7159628426969,44.185669137804325,44.185669137804325,0.5632476697451934
2720,2019-06-27,2019,29,0,Toronto FC,Atlanta Utd,1480.4051655981016,1525.9567869961074,14.448378601994136,14.448378601994136,0.5207809102812817
2721,2019-06-29,2019,0,2,Atlanta Utd,CF Montreal,1518.7685006503266,1514.774881094355,63.99361955597169,63.99361955597169,0.5910667187448213
2722,2019-06-29,2019,6,13,Colorado Rapids,Los Angeles FC,1470.6457894588377,1564.6489433758904,-34.003153917052714,34.003153917052714,0.45122116848329147
2723,2019-06-29,2019,15,9,Minnesota United,FC Cincinnati,1493.1667837066786,1441.5395140698697,111.62726963680893,111.62726963680893,0.6553360374523177
2724,2019-06-29,2019,19,4,New York Red Bulls,Chicago Fire,1500.1353209276351,1487.2478172886508,72.8875036389843,72.8875036389843,0.6033813547841969
2725,2019-06-30,2019,7,20,Columbus Crew,Orlando City,1460.711421845408,1480.5788882789534,40.13253356645464,40.13253356645464,0.5574998507377477
2726,2019-06-30,2019,8,29,DC United,Toronto FC,1520.8362236803405,1487.5934519438824,93.24277173645805,93.24277173645805,0.6310557217651438
2727,2019-06-30,2019,17,11,New England Revolution,Houston Dynamo,1478.3861351486808,1506.1646778888748,32.2214572598059,32.2214572598059,0.5462379185048603
2728,2019-06-30,2019,18,21,New York City,Philadelphia Union,1531.1204855291107,1530.7403825654867,60.38010296362404,60.38010296362404,0.5860295965870447
2729,2019-06-30,2019,23,27,Real Salt Lake,Sporting Kansas City,1492.2902751143379,1493.0868198932953,59.20345522104253,59.20345522104253,0.584385442620159
2730,2019-06-30,2019,25,14,San Jose Earthquakes,Los Angeles Galaxy,1503.4529169343232,1518.9845744880365,44.46834244628667,44.46834244628667,0.5636479188269694
2731,2019-06-30,2019,26,30,Seattle Sounders,Vancouver Whitecaps,1515.8857634690162,1488.45125188253,87.43451158648622,87.43451158648622,0.6232377012089213
2732,2019-07-01,2019,22,10,Portland Timbers,FC Dallas,1496.778991946854,1504.010188818626,52.768803128228,52.768803128228,0.5753618245740718
2733,2019-07-04,2019,4,0,Chicago Fire,Atlanta Utd,1481.2985376104139,1524.9024998691543,16.396037741259534,16.396037741259534,0.5235782943359031
2734,2019-07-04,2019,11,19,Houston Dynamo,New York Red Bulls,1499.3582466664477,1506.084600605872,53.27364606057563,53.27364606057563,0.5760716910164635
2735,2019-07-04,2019,15,25,Minnesota United,San Jose Earthquakes,1498.336743144894,1509.9981981519186,48.33854499297536,48.33854499297536,0.5691193510574186
2736,2019-07-04,2019,18,26,New York City,Seattle Sounders,1537.330041580305,1521.5371979508823,75.7928436294228,75.7928436294228,0.6073767276883137
2737,2019-07-04,2019,20,21,Orlando City,Philadelphia Union,1488.9413860400196,1524.5308265142924,24.410559525727194,24.410559525727194,0.5350719288014482
2738,2019-07-04,2019,23,7,Real Salt Lake,Columbus Crew,1498.5244934750356,1452.348924084342,106.17556939069368,106.17556939069368,0.6482135110351992
2739,2019-07-04,2019,27,13,Sporting Kansas City,Los Angeles FC,1486.8526015325976,1556.4172609031398,-9.564659370542131,9.564659370542131,0.4862388248800483
2740,2019-07-05,2019,6,17,Colorado Rapids,New England Revolution,1478.8774719315884,1485.192566371108,53.6849055604805,53.6849055604805,0.5766497367290382
2741,2019-07-05,2019,10,8,FC Dallas,DC United,1497.640616187237,1518.8703878538633,38.77022833337355,38.77022833337355,0.5555644007766655
2742,2019-07-05,2019,14,29,Los Angeles Galaxy,Toronto FC,1512.439293270441,1489.5592877703596,82.88000550008155,82.88000550008155,0.6170618237298585
2743,2019-07-07,2019,0,19,Atlanta Utd,New York Red Bulls,1517.7561742841929,1499.725675971119,78.03049831307385,78.03049831307385,0.6104441720094722
2744,2019-07-07,2019,2,15,CF Montreal,Minnesota United,1508.6408818755272,1504.7999528790326,63.84092899649454,63.84092899649454,0.5908542516971386
2745,2019-07-07,2019,7,26,Columbus Crew,Seattle Sounders,1447.0721267498698,1515.647848866207,-8.575722116337147,-8.575722116337147,0.4876610495259313
2746,2019-07-07,2019,9,11,FC Cincinnati,Houston Dynamo,1436.3695546316544,1505.7171713012008,-9.347616669546369,9.347616669546369,0.4865509431621985
2747,2019-07-07,2019,13,30,Los Angeles FC,Vancouver Whitecaps,1563.7108432763405,1482.7998174006639,140.91102587567661,140.91102587567661,0.692354309883952
2748,2019-07-07,2019,18,22,New York City,Portland Timbers,1543.2193906649804,1503.148564578243,100.0708260867375,100.0708260867375,0.6401589228767851
2749,2019-07-07,2019,21,20,Philadelphia Union,Orlando City,1532.556905446314,1480.915307107998,111.64159833831604,111.64159833831604,0.6553546676256667
2750,2019-07-07,2019,25,23,San Jose Earthquakes,Real Salt Lake,1503.53498841778,1503.8012908095077,59.73369760827222,59.73369760827222,0.5851265960018511
2751,2019-07-07,2019,27,4,Sporting Kansas City,Chicago Fire,1479.559019159397,1488.4448631953753,51.11415596402162,51.11415596402162,0.5730330377029664
2752,2019-07-13,2019,8,17,DC United,New England Revolution,1512.2038538655133,1493.8423124220435,78.36154144346983,78.36154144346983,0.6108972410734242
2753,2019-07-13,2019,11,13,Houston Dynamo,Los Angeles FC,1498.0154354486338,1568.3255286280812,-10.310093179447449,-10.310093179447449,0.48516693693285223
2754,2019-07-13,2019,14,25,Los Angeles Galaxy,San Jose Earthquakes,1518.1833659144932,1509.758089477752,68.42527643674111,68.42527643674111,0.5972181973838988
2755,2019-07-14,2019,2,29,CF Montreal,Toronto FC,1499.7780681000702,1483.8152151263075,75.96285297376266,-75.96285297376266,0.6076100826318765
2756,2019-07-14,2019,4,9,Chicago Fire,FC Cincinnati,1482.0403587609198,1444.0712904842214,97.96906827669841,97.96906827669841,0.6373672233207566
2757,2019-07-14,2019,15,10,Minnesota United,FC Dallas,1513.6627666544896,1504.307150175587,69.35561647890268,69.35561647890268,0.5985057743263956
2758,2019-07-14,2019,19,18,New York Red Bulls,New York City,1501.382338551261,1533.6170068218287,27.76533172943232,27.76533172943232,0.5398726792968919
2759,2019-07-14,2019,20,7,Orlando City,Columbus Crew,1483.245627122383,1439.7572110069807,103.48841611540229,103.48841611540229,0.6446781520764758
2760,2019-07-14,2019,22,6,Portland Timbers,Colorado Rapids,1512.7509484213947,1470.2277258806528,102.52322254074193,102.52322254074193,0.6434044052579564
2761,2019-07-14,2019,23,21,Real Salt Lake,Philadelphia Union,1497.5781897495356,1530.226585431929,27.351604317606643,27.351604317606643,0.5392810081346264
2762,2019-07-14,2019,26,0,Seattle Sounders,Atlanta Utd,1522.962764609096,1516.0995117040509,66.8632529050451,66.8632529050451,0.5950533712443143
2763,2019-07-14,2019,30,27,Vancouver Whitecaps,Sporting Kansas City,1478.1851320489232,1485.9635235938524,52.22160845507074,-52.22160845507074,0.5745920556340677
2764,2019-07-18,2019,0,11,Atlanta Utd,Houston Dynamo,1510.0253122727156,1490.737931394641,79.2873808780746,79.2873808780746,0.6121633358354759
2765,2019-07-18,2019,4,7,Chicago Fire,Columbus Crew,1472.4798504111086,1434.4273832881279,98.05246712298072,98.05246712298072,0.6374781775532262
2766,2019-07-18,2019,17,30,New England Revolution,Vancouver Whitecaps,1495.5057710381448,1469.5662512144122,85.93951982373255,85.93951982373255,0.6212148040157591
2767,2019-07-18,2019,29,19,Toronto FC,New York Red Bulls,1492.9293663657857,1508.2842483618076,44.64511800397804,44.64511800397804,0.563898180709896
2768,2019-07-19,2019,9,8,FC Cincinnati,DC United,1453.6317988340327,1510.540395249412,3.0914035846205934,3.0914035846205934,0.5044487699784779
2769,2019-07-19,2019,22,20,Portland Timbers,Orlando City,1510.5998823425255,1488.5754548412358,82.02442750128967,82.02442750128967,0.6158973700137403
2770,2019-07-20,2019,14,13,Los Angeles Galaxy,Los Angeles FC,1509.2250929537347,1575.603032682074,-6.377939728339243,6.377939728339243,0.4908224377919814
2771,2019-07-21,2019,0,8,Atlanta Utd,DC United,1515.8428622351835,1518.1071267990892,57.735735436094274,57.735735436094274,0.5823319358157583
2772,2019-07-21,2019,6,18,Colorado Rapids,New York City,1472.378791959522,1526.715097011282,5.663694948239936,-5.663694948239936,0.508149990320747
2773,2019-07-21,2019,7,2,Columbus Crew,CF Montreal,1436.4895559514264,1490.663916860592,5.825639090834329,5.825639090834329,0.5083829829684834
2774,2019-07-21,2019,9,17,FC Cincinnati,New England Revolution,1446.0650672843556,1501.1875489779084,4.8775183064472,-4.8775183064472,0.5070188519967164
2775,2019-07-21,2019,21,4,Philadelphia Union,Chicago Fire,1523.3158005539483,1470.41767774781,112.89812280613819,112.89812280613819,0.6569865385728749
2776,2019-07-21,2019,23,15,Real Salt Lake,Minnesota United,1504.4889746275162,1519.6851800395937,44.80379458792254,44.80379458792254,0.5641227920888685
2777,2019-07-21,2019,27,10,Sporting Kansas City,FC Dallas,1494.5824044283634,1498.2847367904828,56.29766763788052,56.29766763788052,0.5803171422619808
2778,2019-07-21,2019,29,11,Toronto FC,Houston Dynamo,1499.4708936551372,1484.9203814321731,74.55051222296402,74.55051222296402,0.6056700201093562
2779,2019-07-21,2019,30,25,Vancouver Whitecaps,San Jose Earthquakes,1463.8844732746486,1518.7163624385105,5.168110836138112,-5.168110836138112,0.5074369608485096
2780,2019-07-22,2019,20,19,Orlando City,New York Red Bulls,1490.313915391442,1501.742721072456,48.57119431898582,48.57119431898582,0.5694477317196869
2781,2019-07-22,2019,26,22,Seattle Sounders,Portland Timbers,1529.0369640404313,1508.8614217923193,80.17554224811192,80.17554224811192,0.613376483965202
2782,2019-07-27,2019,13,0,Los Angeles FC,Atlanta Utd,1567.9653692489537,1522.107883197947,105.85748605100662,105.85748605100662,0.6477958618776382
2783,2019-07-27,2019,18,27,New York City,Sporting Kansas City,1534.3373468660932,1485.8776472944337,108.45969957165948,108.45969957165948,0.6512059273634143
2784,2019-07-28,2019,2,21,CF Montreal,Philadelphia Union,1483.2896616051194,1528.4610024753551,14.828659129764219,14.828659129764219,0.5213272075411536
2785,2019-07-28,2019,4,8,Chicago Fire,DC United,1465.2724758264033,1511.8421058363256,13.43036999007768,13.43036999007768,0.5193182348597449
2786,2019-07-28,2019,10,23,FC Dallas,Real Salt Lake,1506.9894939244125,1503.5271327461833,63.46236117822923,63.46236117822923,0.5903273329871581
2787,2019-07-28,2019,11,26,Houston Dynamo,Seattle Sounders,1494.0054317338136,1519.8363167809532,34.169114952860355,34.169114952860355,0.5490153844727715
2788,2019-07-28,2019,15,30,Minnesota United,Vancouver Whitecaps,1520.6470219209266,1456.272918861921,124.37410305900562,124.37410305900562,0.6717156349189075
2789,2019-07-28,2019,17,20,New England Revolution,Orlando City,1508.7928317578592,1481.7721994156466,87.0206323422126,87.0206323422126,0.6226781010528966
2790,2019-07-28,2019,19,7,New York Red Bulls,Columbus Crew,1510.2844370482514,1443.863811206899,126.42062584135238,126.42062584135238,0.6743081737052343
2791,2019-07-28,2019,22,14,Portland Timbers,Los Angeles Galaxy,1518.0620690517974,1516.862756386855,61.199312664942454,61.199312664942454,0.5871731663591918
2792,2019-07-28,2019,25,6,San Jose Earthquakes,Colorado Rapids,1526.3279168512381,1464.756542104711,121.57137474652723,121.57137474652723,0.6681481038955277
2793,2019-07-28,2019,29,9,Toronto FC,FC Cincinnati,1490.3858433534967,1438.4597845044048,111.92605884909199,111.92605884909199,0.6557244242108452
2794,2019-08-03,2019,0,14,Atlanta Utd,Los Angeles Galaxy,1516.8248211261116,1510.6703538822428,66.1544672438688,66.1544672438688,0.594069830876833
2795,2019-08-03,2019,19,29,New York Red Bulls,Toronto FC,1500.169814442673,1495.549976990334,64.61983745233897,64.61983745233897,0.5919377367247779
2796,2019-08-04,2019,6,2,Colorado Rapids,CF Montreal,1459.7787636631438,1490.4697534920022,29.30901017114161,29.30901017114161,0.5420792873636195
2797,2019-08-04,2019,9,30,FC Cincinnati,Vancouver Whitecaps,1433.2956508675675,1458.8486533857047,34.44699748186281,34.44699748186281,0.5494114153419521
2798,2019-08-04,2019,11,4,Houston Dynamo,Chicago Fire,1485.770200966722,1464.982702303507,80.78749866321505,80.78749866321505,0.6142115440187474
2799,2019-08-04,2019,15,22,Minnesota United,Portland Timbers,1518.071287397143,1524.2544715564095,53.8168158407334,53.8168158407334,0.576835098843683
2800,2019-08-04,2019,17,13,New England Revolution,Los Angeles FC,1514.4526602420658,1573.2484313207892,1.2042289212765809,-1.2042289212765809,0.5017330177868139
2801,2019-08-04,2019,20,10,Orlando City,FC Dallas,1476.11237093144,1505.634583929605,30.47778700183494,30.47778700183494,0.5437489003684175
2802,2019-08-04,2019,23,18,Real Salt Lake,New York City,1504.8820427409905,1539.569257955642,25.31278478534864,25.31278478534864,0.5363637087514426
2803,2019-08-04,2019,25,7,San Jose Earthquakes,Columbus Crew,1531.3056952928052,1453.9784338124775,137.3272614803277,137.3272614803277,0.6879428155132148
2804,2019-08-05,2019,8,21,DC United,Philadelphia Union,1512.1318793592218,1521.2809105884724,50.85096877074943,50.85096877074943,0.5726623208274296
2805,2019-08-05,2019,26,27,Seattle Sounders,Sporting Kansas City,1528.0715475480447,1480.645736204885,107.4258113431597,107.4258113431597,0.6498529004142197
2806,2019-08-09,2019,18,11,New York City,Houston Dynamo,1532.6147135869135,1476.5570278064408,116.05768578047264,116.05768578047264,0.6610734963923766
2807,2019-08-10,2019,26,17,Seattle Sounders,New England Revolution,1518.3237540418313,1506.9266649752635,71.39708906656779,71.39708906656779,0.6013263610339713
2808,2019-08-11,2019,0,18,Atlanta Utd,New York City,1522.913773662959,1537.6986111410279,45.215162521931234,45.215162521931234,0.5647049727794458
2809,2019-08-11,2019,4,2,Chicago Fire,CF Montreal,1474.1958754637883,1483.6009428024565,50.59493266133177,50.59493266133177,0.5723015983981733
2810,2019-08-11,2019,6,25,Colorado Rapids,San Jose Earthquakes,1466.6475743526894,1528.486553060107,-1.8389787074177093,1.8389787074177093,0.4973535216156871
2811,2019-08-11,2019,7,9,Columbus Crew,FC Cincinnati,1456.7975760451757,1425.0544796374381,91.74309640773754,91.74309640773754,0.6290435253861953
2812,2019-08-11,2019,10,15,FC Dallas,Minnesota United,1498.7908174351312,1524.4187609144876,34.37205652064358,34.37205652064358,0.549304617599863
2813,2019-08-11,2019,21,11,Philadelphia Union,Houston Dynamo,1529.8708454008838,1471.4731302523264,118.39771514855738,118.39771514855738,0.6640850074286865
2814,2019-08-11,2019,22,30,Portland Timbers,Vancouver Whitecaps,1517.9069980390648,1467.089824615834,110.81717342323077,110.81717342323077,0.654281975477663
2815,2019-08-11,2019,27,23,Sporting Kansas City,Real Salt Lake,1490.3935297110984,1511.836587109719,38.55694260137943,38.55694260137943,0.5552612279148368
2816,2019-08-11,2019,29,20,Toronto FC,Orlando City,1489.4290430412057,1482.9561374259138,66.4729056152919,66.4729056152919,0.5945118030383322
2817,2019-08-12,2019,8,14,DC United,Los Angeles Galaxy,1503.5419445468103,1504.5814013453953,58.96054320141502,-58.96054320141502,0.5840457813574825
2818,2019-08-12,2019,13,19,Los Angeles FC,New York Red Bulls,1580.7744265875915,1506.2907483918013,134.48367819579016,134.48367819579016,0.6844179984243431
2819,2019-08-15,2019,14,10,Los Angeles Galaxy,FC Dallas,1498.3420880657575,1505.5512481711332,52.79083989462424,52.79083989462424,0.5753928172796733
2820,2019-08-15,2019,15,6,Minnesota United,Colorado Rapids,1517.6583301784856,1474.1872715284542,103.47105865003141,103.47105865003141,0.6446552637970341
2821,2019-08-15,2019,20,27,Orlando City,Sporting Kansas City,1484.3738144714887,1482.0646112923757,62.309203179112956,62.309203179112956,0.5887210084950505
2822,2019-08-15,2019,22,4,Portland Timbers,Chicago Fire,1523.0927684068997,1480.6113514878157,102.48141691908404,102.48141691908404,0.6433491892031494
2823,2019-08-15,2019,23,26,Real Salt Lake,Seattle Sounders,1520.1655055284416,1516.8038586263217,63.3616469021199,63.3616469021199,0.5901871164149993
2824,2019-08-18,2019,2,10,CF Montreal,FC Dallas,1477.1854667784291,1499.1821404303284,38.0033263481007,38.0033263481007,0.5544741042060205
2825,2019-08-18,2019,4,21,Chicago Fire,Philadelphia Union,1475.2615893258628,1534.9095702894535,0.3520190364092741,0.3520190364092741,0.5005065959427037
2826,2019-08-18,2019,7,29,Columbus Crew,Toronto FC,1454.8619231643827,1488.0113659956307,26.850557168751948,26.850557168751948,0.5385643130275305
2827,2019-08-18,2019,9,18,FC Cincinnati,New York City,1426.9901325182311,1531.1691857327196,-44.179053214488476,44.179053214488476,0.4367616990089144
2828,2019-08-18,2019,11,6,Houston Dynamo,Colorado Rapids,1466.4344053637567,1468.8571004854098,57.57730487834692,57.57730487834692,0.5821101013067339
2829,2019-08-18,2019,14,26,Los Angeles Galaxy,Seattle Sounders,1504.7111958065623,1510.6566653725467,54.05453043401553,54.05453043401553,0.5771690839731675
2830,2019-08-18,2019,15,20,Minnesota United,Orlando City,1522.98850122153,1490.542999344063,92.445501877467,92.445501877467,0.6299865436411969
2831,2019-08-18,2019,19,17,New York Red Bulls,New England Revolution,1501.5570183681664,1508.4465603907731,53.11045797739325,53.11045797739325,0.5758422642441088
2832,2019-08-18,2019,23,13,Real Salt Lake,Los Angeles FC,1526.3126987822166,1585.5081566112265,0.8045421709900893,-0.8045421709900893,0.5011578271864761
2833,2019-08-18,2019,27,25,Sporting Kansas City,San Jose Earthquakes,1475.8954264198014,1520.9468558843423,14.948570535459112,14.948570535459112,0.5214994574159402
2834,2019-08-18,2019,30,8,Vancouver Whitecaps,DC United,1461.904054247999,1509.7812578264482,12.122796421550902,12.122796421550902,0.5174390298828694
2835,2019-08-19,2019,22,0,Portland Timbers,Atlanta Utd,1528.4425305688526,1529.4431990712674,58.99933149758522,58.99933149758522,0.5841000239793396
2836,2019-08-22,2019,8,19,DC United,New York Red Bulls,1502.5428432746912,1500.4193844045049,62.12345887018637,-62.12345887018637,0.588462092767205
2837,2019-08-22,2019,13,25,Los Angeles FC,San Jose Earthquakes,1593.0255240190236,1513.7693477455814,139.25617627344218,139.25617627344218,0.690321547123335
2838,2019-08-22,2019,18,7,New York City,Columbus Crew,1537.7206112178533,1454.2834584689697,143.4371527488836,143.4371527488836,0.6954429647191651
2839,2019-08-23,2019,27,15,Sporting Kansas City,Minnesota United,1483.0729345585623,1521.038703066912,22.034231491650417,22.034231491650417,0.5316673636022446
2840,2019-08-24,2019,20,0,Orlando City,Atlanta Utd,1492.492797498681,1538.2046994309574,14.288098067723695,-14.288098067723695,0.5205506420944664
2841,2019-08-24,2019,22,26,Portland Timbers,Seattle Sounders,1519.6810302091626,1511.8142016321442,67.8668285770184,67.8668285770184,0.5964446684252362
2842,2019-08-25,2019,9,7,FC Cincinnati,Columbus Crew,1420.4387070330974,1449.7151029397571,30.723604093340327,-30.723604093340327,0.5440999294775258
2843,2019-08-25,2019,17,4,New England Revolution,Chicago Fire,1509.5841943544347,1482.7539903867223,86.83020396771235,86.83020396771235,0.6224205156043587
2844,2019-08-25,2019,18,19,New York City,New York Red Bulls,1542.2889667470658,1509.2463157960128,93.04265095105302,93.04265095105302,0.6307874704198176
2845,2019-08-25,2019,21,8,Philadelphia Union,DC United,1527.417169228594,1493.7159118831833,93.7012573454108,93.7012573454108,0.6316699919697628
2846,2019-08-25,2019,23,6,Real Salt Lake,Colorado Rapids,1518.7953313744194,1470.0887520050107,108.7065793694087,108.7065793694087,0.6515286543656617
2847,2019-08-25,2019,25,30,San Jose Earthquakes,Vancouver Whitecaps,1509.1241709524313,1469.142468799756,99.98170215267533,99.98170215267533,0.6400407331284798
2848,2019-08-25,2019,29,2,Toronto FC,CF Montreal,1488.5898306910437,1476.3683552153389,72.22147547570489,72.22147547570489,0.6024634768216299
2849,2019-08-26,2019,10,11,FC Dallas,Houston Dynamo,1499.9992519934187,1465.2027538441557,94.79649814926302,94.79649814926302,0.633135643910274
2850,2019-08-26,2019,13,14,Los Angeles FC,Los Angeles Galaxy,1597.6707008121737,1503.5536595469648,154.11704126520885,154.11704126520885,0.708305609170277
2851,2019-08-29,2019,2,30,CF Montreal,Vancouver Whitecaps,1470.4053073676632,1463.743079796683,66.66222757098012,66.66222757098012,0.5947744973110012
2852,2019-09-01,2019,2,8,CF Montreal,DC United,1476.4836899079983,1488.1909617627298,48.292728145268484,48.292728145268484,0.569054674162696
2853,2019-09-01,2019,7,4,Columbus Crew,Chicago Fire,1457.87660188192,1477.0902981207878,40.7863037611321,40.7863037611321,0.5584280570341025
2854,2019-09-01,2019,10,9,FC Dallas,FC Cincinnati,1505.5022173347647,1412.2772080909347,153.22500924383007,153.22500924383007,0.7072435499530091
2855,2019-09-01,2019,17,29,New England Revolution,Toronto FC,1515.2478866203692,1494.5528785387194,80.6950080816498,80.6950080816498,0.614085376718632
2856,2019-09-01,2019,19,6,New York Red Bulls,Colorado Rapids,1503.70812785231,1464.8616818204957,98.84644603181437,98.84644603181437,0.638533756169071
2857,2019-09-01,2019,21,0,Philadelphia Union,Atlanta Utd,1532.9421193490475,1546.0129590623744,46.929160286673095,46.929160286673095,0.5671287381357842
2858,2019-09-01,2019,22,23,Portland Timbers,Real Salt Lake,1510.734360182784,1524.0224015589345,46.71195862384957,46.71195862384957,0.5668217683378971
2859,2019-09-01,2019,25,20,San Jose Earthquakes,Orlando City,1514.5235599555042,1484.684537867264,89.8390220882402,89.8390220882402,0.6264822657981934
2860,2019-09-01,2019,26,14,Seattle Sounders,Los Angeles Galaxy,1520.7608716585228,1506.678243684519,74.0826279740038,74.0826279740038,0.6050265722584827
2861,2019-09-01,2019,27,11,Sporting Kansas City,Houston Dynamo,1490.0979241045286,1459.6997885028097,90.39813560171888,90.39813560171888,0.6272350986474509
2862,2019-09-01,2019,30,18,Vancouver Whitecaps,New York City,1457.664697256348,1547.8271546907686,-30.162457434420503,30.162457434420503,0.4567014567987476
2863,2019-09-02,2019,13,15,Los Angeles FC,Minnesota United,1594.5461166746195,1514.0137135209457,140.53240315367384,140.53240315367384,0.6918898763750313
2864,2019-09-07,2019,18,17,New York City,New England Revolution,1554.6776765427499,1513.5366059695898,101.14107057316005,101.14107057316005,0.641576873201688
2865,2019-09-08,2019,6,26,Colorado Rapids,Seattle Sounders,1474.4396881630319,1526.6854730746456,7.754215088386218,7.754215088386218,0.511157360066829
2866,2019-09-08,2019,9,29,FC Cincinnati,Toronto FC,1407.88586134023,1496.2641591894987,-28.378297849268847,28.378297849268847,0.4592509255009409
2867,2019-09-08,2019,20,13,Orlando City,Los Angeles FC,1479.0817718542369,1584.167768528994,-45.0859966747571,45.0859966747571,0.4354778076051359
2868,2019-09-08,2019,22,27,Portland Timbers,Sporting Kansas City,1517.2320336577156,1495.6893976248168,81.54263603289883,81.54263603289883,0.6152410588782948
2869,2019-09-12,2019,6,14,Colorado Rapids,Los Angeles Galaxy,1481.7723277620294,1500.753642268396,41.01868549363326,41.01868549363326,0.5587578887214013
2870,2019-09-12,2019,11,15,Houston Dynamo,Minnesota United,1454.1083149825215,1524.3920616665712,-10.283746684049675,-10.283746684049675,0.4852048193039499
2871,2019-09-12,2019,18,29,New York City,Toronto FC,1560.0540234447246,1503.1529230720128,116.90110037271188,116.90110037271188,0.66216045182193
2872,2019-09-12,2019,23,25,Real Salt Lake,San Jose Earthquakes,1517.5247280840028,1520.1263259685313,57.39840211547153,-57.39840211547153,0.5818595616710754
2873,2019-09-14,2019,4,10,Chicago Fire,FC Dallas,1477.9667189762993,1509.8935640854695,28.073154890829755,28.073154890829755,0.5403128240871287
2874,2019-09-14,2019,18,25,New York City,San Jose Earthquakes,1557.6216166673958,1513.8542193935975,103.76739727379822,103.76739727379822,0.6450459374444911
2875,2019-09-15,2019,0,7,Atlanta Utd,Columbus Crew,1539.519890134411,1457.0001810264084,142.51970910800264,142.51970910800264,0.6943232362065409
2876,2019-09-15,2019,2,9,CF Montreal,FC Cincinnati,1467.9478697955578,1400.9970974577159,126.95077233784195,126.95077233784195,0.6749780360710365
2877,2019-09-15,2019,15,23,Minnesota United,Real Salt Lake,1516.6701339561305,1523.7968346589366,52.87329929719385,52.87329929719385,0.5755087836606272
2878,2019-09-15,2019,20,17,Orlando City,New England Revolution,1480.0496047401598,1508.160259067615,31.889345672544778,31.889345672544778,0.5457640170616629
2879,2019-09-15,2019,21,13,Philadelphia Union,Los Angeles FC,1539.4351882770106,1583.199935643071,16.23525263393958,-16.23525263393958,0.5233474154928308
2880,2019-09-15,2019,22,8,Portland Timbers,DC United,1523.0034177745413,1496.7267818751702,86.27663589937106,86.27663589937106,0.6216713322806967
2881,2019-09-15,2019,26,19,Seattle Sounders,New York Red Bulls,1519.3528334756481,1494.130121509774,85.22271196587417,85.22271196587417,0.6202433776066456
2882,2019-09-15,2019,29,6,Toronto FC,Colorado Rapids,1505.5853298493416,1488.3909594312083,77.1943704181333,77.1943704181333,0.6092989909564568
2883,2019-09-15,2019,30,11,Vancouver Whitecaps,Houston Dynamo,1450.8141754043668,1461.8302426929622,48.98393271140458,-48.98393271140458,0.5700301546390444
2884,2019-09-16,2019,14,27,Los Angeles Galaxy,Sporting Kansas City,1494.1350105992171,1489.9180135079912,64.21699709122595,64.21699709122595,0.5913774845624328
2885,2019-09-19,2019,9,0,FC Cincinnati,Atlanta Utd,1411.1217679987815,1529.105041591313,-57.98327359253153,57.98327359253153,0.4173215279068422
2886,2019-09-19,2019,22,19,Portland Timbers,New York Red Bulls,1513.678347790331,1488.4337721738736,85.24457561645727,85.24457561645727,0.6202730217765999
2887,2019-09-19,2019,26,10,Seattle Sounders,FC Dallas,1525.0491828115485,1502.9982564467764,82.05092636477207,82.05092636477207,0.6159334553616561
2888,2019-09-21,2019,0,25,Atlanta Utd,San Jose Earthquakes,1535.3648645099156,1508.5299084552648,86.83495605465077,86.83495605465077,0.6224269444190631
2889,2019-09-21,2019,30,7,Vancouver Whitecaps,Columbus Crew,1457.263723084781,1467.4150295695065,49.84869351527459,-49.84869351527459,0.571249804736122
2890,2019-09-22,2019,9,4,FC Cincinnati,Chicago Fire,1404.8619450801789,1484.8620266149924,-20.00008153481349,20.00008153481349,0.4712493191576682
2891,2019-09-22,2019,10,18,FC Dallas,New York City,1504.7372582772011,1562.9459276057285,1.7913306714726787,1.7913306714726787,0.5025779092202153
2892,2019-09-22,2019,11,20,Houston Dynamo,Orlando City,1455.380695012548,1479.363144484235,36.017550528312995,36.017550528312995,0.5516485351799197
2893,2019-09-22,2019,13,29,Los Angeles FC,Toronto FC,1583.5501468754635,1511.445844984995,132.1043018904686,132.1043018904686,0.6814521834153818
2894,2019-09-22,2019,14,2,Los Angeles Galaxy,CF Montreal,1500.2643483307806,1457.8231992544922,102.44114907628841,102.44114907628841,0.6432960006147284
2895,2019-09-22,2019,17,23,New England Revolution,Real Salt Lake,1508.84671932354,1517.429466413846,51.41725290969384,51.41725290969384,0.5734598684962909
2896,2019-09-22,2019,19,21,New York Red Bulls,Philadelphia Union,1497.7378675005227,1539.0849770446182,18.652890455904526,18.652890455904526,0.5268179061230378
2897,2019-09-22,2019,22,15,Portland Timbers,Minnesota United,1504.3742524636818,1523.037502201221,41.33675026246078,41.33675026246078,0.5592092507745567
2898,2019-09-22,2019,27,6,Sporting Kansas City,Colorado Rapids,1483.7886757764277,1482.530444295555,61.25823148087261,61.25823148087261,0.587255377558207
2899,2019-09-23,2019,8,26,DC United,Seattle Sounders,1506.0518518593806,1523.3101809811237,42.741670878256855,42.741670878256855,0.5612017769001152
2900,2019-09-26,2019,13,11,Los Angeles FC,Houston Dynamo,1580.8283641242328,1462.1059669848491,178.7223971393837,178.7223971393837,0.7366848953084039
2901,2019-09-26,2019,15,27,Minnesota United,Sporting Kansas City,1523.9256409628395,1474.9798451130546,108.94579584978487,108.94579584978487,0.651841231141588
2902,2019-09-26,2019,18,0,New York City,Atlanta Utd,1562.9845962440318,1541.0284603436296,81.95613590040216,81.95613590040216,0.6158043667042116
2903,2019-09-26,2019,22,17,Portland Timbers,New England Revolution,1503.4861137020634,1507.7448212960956,55.7412924059679,55.7412924059679,0.5795369143639986
2904,2019-09-26,2019,23,14,Real Salt Lake,Los Angeles Galaxy,1518.5313644412904,1505.6149083215598,72.91645611973058,72.91645611973058,0.6034212388117476
2905,2019-09-26,2019,25,21,San Jose Earthquakes,Philadelphia Union,1502.8663126215508,1531.9872456364637,30.879066985087093,30.879066985087093,0.5443219093510796
2906,2019-09-29,2019,2,0,CF Montreal,Atlanta Utd,1452.472639263713,1535.2655258441928,-22.792886580479717,-22.792886580479717,0.4672453755475592
2907,2019-09-29,2019,4,29,Chicago Fire,Toronto FC,1484.4307664023574,1514.1676277362255,30.26313866613191,30.26313866613191,0.5434423449754762
2908,2019-09-29,2019,7,21,Columbus Crew,Philadelphia Union,1468.4837766405483,1540.15207427673,-11.668297636181705,-11.668297636181705,0.4832142802121119
2909,2019-09-29,2019,9,20,FC Cincinnati,Orlando City,1405.2932052928138,1472.6378725119337,-7.344667219119856,7.344667219119856,0.48943174843466186
2910,2019-09-29,2019,17,18,New England Revolution,New York City,1508.9378750115554,1568.7475307434686,0.19034426808684657,0.19034426808684657,0.50027392739399
2911,2019-09-29,2019,19,8,New York Red Bulls,DC United,1504.8355989086772,1512.6338252058788,52.20177370279839,52.20177370279839,0.5745641461769123
2912,2019-09-30,2019,6,10,Colorado Rapids,FC Dallas,1491.3392749589282,1504.6985896388978,46.64068532003034,46.64068532003034,0.5667210270187669
2913,2019-09-30,2019,14,30,Los Angeles Galaxy,Vancouver Whitecaps,1514.666226903736,1456.1949760137393,118.47125088999678,118.47125088999678,0.664179430270174
2914,2019-09-30,2019,15,13,Minnesota United,Los Angeles FC,1529.1480224957156,1584.7780906946068,4.369931801108805,-4.369931801108805,0.5062885057831678
2915,2019-09-30,2019,23,11,Real Salt Lake,Houston Dynamo,1509.4800458591142,1458.1562404144752,111.32380544463899,111.32380544463899,0.6549413613498494
2916,2019-09-30,2019,25,26,San Jose Earthquakes,Seattle Sounders,1494.7014839812846,1516.7282076346255,37.97327634665908,37.97327634665908,0.55443137168589
2917,2019-09-30,2019,27,22,Sporting Kansas City,Portland Timbers,1469.7574635801784,1502.2930599866036,27.464403593574843,27.464403593574843,0.5394423333146152
2918,2019-10-06,2019,0,17,Atlanta Utd,New England Revolution,1534.774206477406,1516.4337661006455,78.34044037676063,78.34044037676063,0.6108683676399166
2919,2019-10-06,2019,2,19,CF Montreal,New York Red Bulls,1452.9639586304997,1503.7171367160236,9.246821914476186,-9.246821914476186,0.5133041053467061
2920,2019-10-06,2019,8,9,DC United,FC Cincinnati,1513.7522873985324,1405.4517290662939,168.30055833223855,168.30055833223855,0.7248834170242472
2921,2019-10-06,2019,10,27,FC Dallas,Sporting Kansas City,1498.1994050441792,1469.1658285804592,89.03357646372001,89.03357646372001,0.6253966755965074
2922,2019-10-06,2019,11,14,Houston Dynamo,Los Angeles Galaxy,1452.980360834723,1504.7035354496834,8.276825385039501,8.276825385039501,0.5119090564387117
2923,2019-10-06,2019,13,6,Los Angeles FC,Colorado Rapids,1584.8724182813544,1497.8384595536468,147.0339587277076,147.0339587277076,0.6998104709304063
2924,2019-10-06,2019,20,4,Orlando City,Chicago Fire,1472.4793487384536,1483.7791312277252,48.70021751072841,-48.70021751072841,0.5696298195022441
2925,2019-10-06,2019,21,18,Philadelphia Union,New York City,1532.4002884799118,1561.2516396543786,31.1486488255332,31.1486488255332,0.544706793776477
2926,2019-10-06,2019,22,25,Portland Timbers,San Jose Earthquakes,1502.8846949863228,1486.3850134059962,76.49968158032652,76.49968158032652,0.6083466108957492
2927,2019-10-06,2019,26,15,Seattle Sounders,Minnesota United,1525.0446782099139,1529.053694908968,55.9909833009458,55.9909833009458,0.5798871155879577
2928,2019-10-06,2019,29,7,Toronto FC,Columbus Crew,1514.8192629108578,1476.2355624373665,98.58370047349126,98.58370047349126,0.6381845888306921
2929,2019-10-06,2019,30,23,Vancouver Whitecaps,Real Salt Lake,1466.157667467792,1514.6559254388665,11.501742028925491,-11.501742028925491,0.5165462933101965
2930,2019-10-19,2019,0,17,Atlanta Utd,New England Revolution,1540.6111809628073,1510.5967916152442,90.01438934756311,90.01438934756311,0.6267184597295185
2931,2019-10-19,2019,26,10,Seattle Sounders,FC Dallas,1531.3463714760944,1503.8184549102316,87.52791656586282,87.52791656586282,0.6233639473448309
2932,2019-10-19,2019,29,8,Toronto FC,DC United,1520.2464940783975,1510.3790361431686,69.86745793522891,69.86745793522891,0.5992135774257918
2933,2019-10-20,2019,21,19,Philadelphia Union,New York Red Bulls,1524.2296865732646,1496.4166982962242,87.8129882770404,87.8129882770404,0.623749146550661
2934,2019-10-20,2019,23,22,Real Salt Lake,Portland Timbers,1522.4041198385194,1508.7594958228865,73.64462401563287,73.64462401563287,0.6044238866086563
2935,2019-10-21,2019,15,14,Minnesota United,Los Angeles Galaxy,1522.7520016427875,1497.382171296264,85.36983034652349,85.36983034652349,0.620442833042382
2936,2019-10-24,2019,18,29,New York City,Toronto FC,1569.4222415610257,1518.7582904170106,110.66395114401507,110.66395114401507,0.6540824383716661
2937,2019-10-24,2019,26,23,Seattle Sounders,Real Salt Lake,1529.495912265922,1528.3377615393895,61.15815072653254,61.15815072653254,0.5871157289815885
2938,2019-10-25,2019,0,21,Atlanta Utd,Philadelphia Union,1546.2104040668646,1522.3734493750048,83.83695469185977,83.83695469185977,0.6183626546686581
2939,2019-10-25,2019,13,14,Los Angeles FC,Los Angeles Galaxy,1589.3752612173982,1506.6888137918997,142.6864474254985,142.6864474254985,0.6945269095581078
2940,2019-10-30,2019,13,26,Los Angeles FC,Seattle Sounders,1593.9573575740267,1535.6891763311983,118.2681812428284,118.2681812428284,0.6639186487965053
2941,2019-10-31,2019,0,29,Atlanta Utd,Toronto FC,1551.9349642468349,1528.5695269925857,83.36543725424917,83.36543725424917,0.6177219072639049
2942,2019-11-10,2019,26,29,Seattle Sounders,Toronto FC,1545.6479560631458,1537.8353556015443,67.8126004616015,67.8126004616015,0.5963695292314463
2943,2020-02-29,2020,2,17,CF Montreal,New England Revolution,1500.0,1500.0,60.0,-60.0,0.5854986786718095
2944,2020-02-29,2020,8,6,DC United,Colorado Rapids,1500.0,1500.0,60.0,60.0,0.5854986786718095
2945,2020-02-29,2020,10,21,FC Dallas,Philadelphia Union,1500.0,1500.0,60.0,60.0,0.5854986786718095
2946,2020-02-29,2020,11,14,Houston Dynamo,Los Angeles Galaxy,1500.0,1500.0,60.0,60.0,0.5854986786718095
2947,2020-02-29,2020,20,23,Orlando City,Real Salt Lake,1500.0,1500.0,60.0,60.0,0.5854986786718095
2948,2020-02-29,2020,25,29,San Jose Earthquakes,Toronto FC,1500.0,1500.0,60.0,60.0,0.5854986786718095
2949,2020-03-01,2020,7,18,Columbus Crew,New York City,1500.0,1500.0,60.0,60.0,0.5854986786718095
2950,2020-03-01,2020,13,12,Los Angeles FC,Inter Miami,1500.0,1500.0,60.0,60.0,0.5854986786718095
2951,2020-03-01,2020,16,0,Nashville SC,Atlanta Utd,1500.0,1500.0,60.0,-60.0,0.5854986786718095
2952,2020-03-01,2020,19,9,New York Red Bulls,FC Cincinnati,1500.0,1500.0,60.0,60.0,0.5854986786718095
2953,2020-03-01,2020,26,4,Seattle Sounders,Chicago Fire,1500.0,1500.0,60.0,60.0,0.5854986786718095
2954,2020-03-01,2020,30,27,Vancouver Whitecaps,Sporting Kansas City,1500.0,1500.0,60.0,-60.0,0.5854986786718095
2955,2020-03-02,2020,22,15,Portland Timbers,Minnesota United,1500.0,1500.0,60.0,60.0,0.5854986786718095
2956,2020-03-07,2020,8,12,DC United,Inter Miami,1491.217519819923,1493.782480180077,57.435039639845854,57.435039639845854,0.5819108731655616
2957,2020-03-07,2020,10,2,FC Dallas,CF Montreal,1506.217519819923,1506.217519819923,60.0,60.0,0.5854986786718095
2958,2020-03-07,2020,17,4,New England Revolution,Chicago Fire,1493.782480180077,1493.782480180077,60.0,60.0,0.5854986786718095
2959,2020-03-07,2020,23,19,Real Salt Lake,New York Red Bulls,1501.282480180077,1506.217519819923,55.064960360154146,55.064960360154146,0.578587931007608
2960,2020-03-07,2020,29,18,Toronto FC,New York City,1501.282480180077,1493.782480180077,67.5,67.5,0.5959362978529087
2961,2020-03-08,2020,0,9,Atlanta Utd,FC Cincinnati,1508.782480180077,1493.782480180077,75.0,75.0,0.6062878237854281
2962,2020-03-08,2020,6,20,Colorado Rapids,Orlando City,1508.782480180077,1498.717519819923,70.06496036015415,70.06496036015415,0.599486584401617
2963,2020-03-08,2020,14,30,Los Angeles Galaxy,Vancouver Whitecaps,1501.282480180077,1491.217519819923,70.06496036015415,70.06496036015415,0.599486584401617
2964,2020-03-08,2020,22,16,Portland Timbers,Nashville SC,1491.217519819923,1491.217519819923,60.0,60.0,0.5854986786718095
2965,2020-03-08,2020,25,15,San Jose Earthquakes,Minnesota United,1498.717519819923,1508.782480180077,49.935039639845854,49.935039639845854,0.5713715392018196
2966,2020-03-08,2020,26,7,Seattle Sounders,Columbus Crew,1506.217519819923,1506.217519819923,60.0,60.0,0.5854986786718095
2967,2020-03-08,2020,27,11,Sporting Kansas City,Houston Dynamo,1508.782480180077,1498.717519819923,70.06496036015415,70.06496036015415,0.599486584401617
2968,2020-03-09,2020,13,21,Los Angeles FC,Philadelphia Union,1506.217519819923,1493.782480180077,72.43503963984585,72.43503963984585,0.602757876329016
2969,2020-07-09,2020,18,21,New York City,Philadelphia Union,1487.7215246478706,1495.3238483250122,52.39767632285839,52.39767632285839,0.5748397796695895
2970,2020-07-09,2020,20,12,Orlando City,Inter Miami,1492.7098185859472,1487.5111432775604,65.19867530838678,-65.19867530838678,0.5927423397504135
2971,2020-07-10,2020,2,17,CF Montreal,New England Revolution,1507.5,1492.5,75.0,-75.0,0.6062878237854281
2972,2020-07-11,2020,26,25,Seattle Sounders,San Jose Earthquakes,1504.9350396398459,1490.1469467318957,74.78809290795016,74.78809290795016,0.6059966078477319
2973,2020-07-12,2020,0,19,Atlanta Utd,New York Red Bulls,1514.6881628232957,1507.396338785037,67.29182403825871,67.29182403825871,0.5956477048253019
2974,2020-07-12,2020,9,7,FC Cincinnati,Columbus Crew,1487.8767975368585,1507.5,40.376797536858476,-40.376797536858476,0.557846697866297
2975,2020-07-13,2020,23,6,Real Salt Lake,Colorado Rapids,1500.103661214963,1514.7901814140528,45.31347980091027,-45.31347980091027,0.5648440880967166
2976,2020-07-13,2020,27,15,Sporting Kansas City,Minnesota United,1514.7901814140528,1517.3530532681043,57.43712814594846,57.43712814594846,0.581913798101533
2977,2020-07-13,2020,29,8,Toronto FC,DC United,1507.3434357122835,1497.4888567224396,69.85457898984396,69.85457898984396,0.5991957727594674
2978,2020-07-14,2020,4,26,Chicago Fire,Seattle Sounders,1495.0649603601541,1503.3450905221298,51.71986983802435,-51.71986983802435,0.5738859141739298
2979,2020-07-14,2020,13,11,Los Angeles FC,Houston Dynamo,1504.6761516749878,1492.7098185859472,71.96633308904052,71.96633308904052,0.6021116642505594
2980,2020-07-14,2020,14,22,Los Angeles Galaxy,Portland Timbers,1492.2901814140528,1497.4350396398459,54.85514177420691,-54.85514177420691,0.5782934093981773
2981,2020-07-15,2020,18,20,New York City,Orlando City,1479.098927952827,1498.818683489691,40.28024446313589,40.28024446313589,0.5577096022737585
2982,2020-07-15,2020,21,12,Philadelphia Union,Inter Miami,1503.946445020056,1481.4022783738167,82.54416664623932,82.54416664623932,0.6166049016551629
2983,2020-07-16,2020,0,9,Atlanta Utd,FC Cincinnati,1505.7534472509162,1479.509097068864,86.24435018205213,86.24435018205213,0.6216276197401028
2984,2020-07-16,2020,30,25,Vancouver Whitecaps,San Jose Earthquakes,1500.2098185859472,1491.7368958496118,68.47292273633548,-68.47292273633548,0.5972841718926796
2985,2020-07-17,2020,2,29,CF Montreal,Toronto FC,1498.4056826432186,1505.8554991208914,52.55018352232719,-52.55018352232719,0.5750543239396877
2986,2020-07-17,2020,7,19,Columbus Crew,New York Red Bulls,1515.8677004679944,1516.3310543574164,59.536646110577976,59.536646110577976,0.5848512094284916
2987,2020-07-18,2020,8,17,DC United,New England Revolution,1498.9767933138316,1501.5943173567814,57.38247595705025,-57.38247595705025,0.5818372562547626
2988,2020-07-18,2020,23,15,Real Salt Lake,Minnesota United,1506.6309998935124,1526.0817602396273,40.549239653885024,-40.549239653885024,0.5580915262749832
2989,2020-07-18,2020,27,6,Sporting Kansas City,Colorado Rapids,1506.0614744425297,1508.2628427355035,57.79863170702629,57.79863170702629,0.5824199939585374
2990,2020-07-19,2020,13,14,Los Angeles FC,Los Angeles Galaxy,1503.1444767112293,1483.6157802730802,79.52869643814915,79.52869643814915,0.6124930893779678
2991,2020-07-19,2020,22,11,Portland Timbers,Houston Dynamo,1506.1094407808184,1494.2414935497056,71.8679472311128,71.8679472311128,0.6019759730366443
2992,2020-07-20,2020,4,25,Chicago Fire,San Jose Earthquakes,1501.4566716475451,1500.696158428002,60.7605132195431,-60.7605132195431,0.5865607436384106
2993,2020-07-20,2020,12,18,Inter Miami,New York City,1475.6513518986442,1470.7332839187204,64.91806797992376,-64.91806797992376,0.592352348476923
2994,2020-07-20,2020,26,30,Seattle Sounders,Vancouver Whitecaps,1496.9533792347388,1491.250556007557,65.70282322718185,65.70282322718185,0.5934427164822906
2995,2020-07-21,2020,21,20,Philadelphia Union,Orlando City,1509.6973714952285,1507.1843275237975,62.51304397143099,-62.51304397143099,0.5890050930325407
2996,2020-07-21,2020,29,17,Toronto FC,New England Revolution,1514.4813139799867,1502.821876200603,71.65943777938378,71.65943777938378,0.6016883504425592
2997,2020-07-22,2020,0,7,Atlanta Utd,Columbus Crew,1496.4290329548146,1522.094932326567,34.3341006282476,-34.3341006282476,0.5492505252386727
2998,2020-07-22,2020,2,8,CF Montreal,DC United,1489.7798677841233,1497.7492344700102,52.030633314113174,52.030633314113174,0.5743233150105409
2999,2020-07-22,2020,23,27,Real Salt Lake,Sporting Kansas City,1505.7596269993876,1512.3251745331518,53.434452466235825,-53.434452466235825,0.5762977373060569
3000,2020-07-23,2020,4,30,Chicago Fire,Vancouver Whitecaps,1492.658260492969,1485.1521967547912,67.50606373817777,67.50606373817777,0.5959447029814815
3001,2020-07-23,2020,6,15,Colorado Rapids,Minnesota United,1501.9991426448814,1526.953133133752,35.04600951112934,-35.04600951112934,0.5502648979702219
3002,2020-07-23,2020,9,19,FC Cincinnati,New York Red Bulls,1488.8335113649657,1510.1038224988438,38.72968886612193,-38.72968886612193,0.5555067795350805
3003,2020-07-24,2020,13,22,Los Angeles FC,Portland Timbers,1508.9570803705599,1512.0798011852687,56.87727918529117,56.87727918529117,0.5811295285557877
3004,2020-07-24,2020,14,11,Los Angeles Galaxy,Houston Dynamo,1477.8031766137497,1488.2711331452554,49.532043468494294,-49.532043468494294,0.5708033042501636
3005,2020-07-26,2020,20,2,Orlando City,CF Montreal,1508.5194039192857,1496.1650180589652,72.35438586032046,72.35438586032046,0.6026467033297509
3006,2020-07-26,2020,21,17,Philadelphia Union,New England Revolution,1508.3622950997403,1504.3472014572412,64.0150936424991,-64.0150936424991,0.5910965969475763
3007,2020-07-27,2020,27,30,Sporting Kansas City,Vancouver Whitecaps,1520.9696405927425,1494.0913672995134,86.87827329322909,86.87827329322909,0.622485543739503
3008,2020-07-27,2020,29,18,Toronto FC,New York City,1512.9559887233484,1479.6185691458743,93.33741957747407,93.33741957747407,0.6311825639977248
3009,2020-07-28,2020,25,23,San Jose Earthquakes,Real Salt Lake,1509.4945695825782,1497.1151609397966,72.37940864278153,72.37940864278153,0.602681195814539
3010,2020-07-28,2020,26,13,Seattle Sounders,Los Angeles FC,1503.0517384875045,1507.7401374422232,55.31160104528135,-55.31160104528135,0.5789340681687483
3011,2020-07-29,2020,7,15,Columbus Crew,Minnesota United,1530.3336902051471,1527.7071066033054,62.62658360184173,62.62658360184173,0.5891633028338267
3012,2020-07-29,2020,22,9,Portland Timbers,FC Cincinnati,1513.2967441136054,1495.5009096719396,77.79583444166587,77.79583444166587,0.6101228930249754
3013,2020-07-31,2020,21,27,Philadelphia Union,Sporting Kansas City,1514.4958461455267,1519.13235743665,55.36348870887673,-55.36348870887673,0.579006877791693
3014,2020-08-01,2020,20,13,Orlando City,Los Angeles FC,1514.4797033693394,1516.4241484647544,58.05555490458505,-58.05555490458505,0.58277964553856
3015,2020-08-02,2020,18,22,New York City,Portland Timbers,1489.0863076058401,1511.6449007182307,37.441406887609446,37.441406887609446,0.5536748956153162
3016,2020-08-02,2020,25,15,San Jose Earthquakes,Minnesota United,1515.45435164536,1529.0445561458127,46.40979549954727,46.40979549954727,0.5663946377479607
3017,2020-08-06,2020,21,22,Philadelphia Union,Portland Timbers,1520.8107429786512,1519.9500241524604,60.860718826190805,-60.860718826190805,0.5867006220614479
3018,2020-08-07,2020,20,15,Orlando City,Minnesota United,1513.238008686261,1537.540475712032,35.697532974229034,35.697532974229034,0.5511928637900938
3019,2020-08-12,2020,22,20,Portland Timbers,Orlando City,1528.750533483382,1519.9701157294096,68.78041775397242,-68.78041775397242,0.5977098669355555
3020,2020-08-13,2020,10,16,FC Dallas,Nashville SC,1504.9350396398459,1485.0,79.93503963984585,79.93503963984585,0.6130481173621974
3021,2020-08-17,2020,10,16,FC Dallas,Nashville SC,1495.739317879413,1494.195721760433,61.543596118980076,61.543596118980076,0.5876534865036985
3022,2020-08-19,2020,29,30,Toronto FC,Vancouver Whitecaps,1503.4882502633825,1495.928650455606,67.55959980777652,67.55959980777652,0.5960189084831105
3023,2020-08-21,2020,7,4,Columbus Crew,Chicago Fire,1528.9962406626398,1483.7190899482468,105.27715071439297,105.27715071439297,0.6470332888969703
3024,2020-08-21,2020,17,21,New England Revolution,Philadelphia Union,1498.2136504114549,1512.0102336477296,46.20341676372527,46.20341676372527,0.5661028489405288
3025,2020-08-21,2020,19,18,New York Red Bulls,New York City,1503.43642419187,1480.7811841716104,82.6552400202595,-82.6552400202595,0.6167560442235335
3026,2020-08-22,2020,9,8,FC Cincinnati,DC United,1497.1527530673143,1491.3640841951683,65.78866887214599,65.78866887214599,0.5935619379468635
3027,2020-08-22,2020,11,10,Houston Dynamo,FC Dallas,1489.3331827090078,1494.4245155818576,54.90866712715024,-54.90866712715024,0.5783685480482391
3028,2020-08-22,2020,13,14,Los Angeles FC,Los Angeles Galaxy,1517.6658431478327,1476.7411270499972,100.92471609783547,100.92471609783547,0.6412904271549819
3029,2020-08-22,2020,15,27,Minnesota United,Sporting Kansas City,1530.8083686688835,1512.8174606035254,77.9909080653581,-77.9909080653581,0.6103899756014282
3030,2020-08-22,2020,29,30,Toronto FC,Vancouver Whitecaps,1509.547966636136,1489.8689340828525,79.67903255328338,79.67903255328338,0.6126984690051648
3031,2020-08-23,2020,0,16,Atlanta Utd,Nashville SC,1488.1902750762345,1495.5105240579883,52.67975101824618,52.67975101824618,0.5752365748556817
3032,2020-08-23,2020,6,23,Colorado Rapids,Real Salt Lake,1501.245169175328,1491.1553788770148,70.08979029831335,70.08979029831335,0.5995209023799305
3033,2020-08-23,2020,12,20,Inter Miami,Orlando City,1466.7660666714903,1513.9357637334429,12.830302938047453,-12.830302938047453,0.5184559013790775
3034,2020-08-24,2020,22,26,Portland Timbers,Seattle Sounders,1534.7848854793488,1494.3677274649733,100.41715801437545,100.41715801437545,0.6406180419004995
3035,2020-08-25,2020,18,7,New York City,Columbus Crew,1475.0325248349634,1534.2907413291853,0.7417835057781303,0.7417835057781303,0.5010675106546246
3036,2020-08-26,2020,2,30,CF Montreal,Vancouver Whitecaps,1490.2047186089114,1484.05941111793,66.1453074909814,66.1453074909814,0.5940571154648405
3037,2020-08-26,2020,4,9,Chicago Fire,FC Cincinnati,1478.4245892817014,1495.7493239981113,42.67526528359008,42.67526528359008,0.5611076411862372
3038,2020-08-26,2020,8,17,DC United,New England Revolution,1492.7675132643712,1497.222107677347,55.545405587024334,-55.545405587024334,0.5792621193840516
3039,2020-08-26,2020,21,19,Philadelphia Union,New York Red Bulls,1513.0017763818375,1509.185083528517,63.816692853320546,63.816692853320546,0.59082052427732
3040,2020-08-26,2020,27,11,Sporting Kansas City,Houston Dynamo,1521.973310237547,1488.1576544882842,93.81565574926276,93.81565574926276,0.6318231942888849
3041,2020-08-27,2020,20,16,Orlando City,Nashville SC,1506.712602254129,1489.1390726808236,77.57352957330545,77.57352957330545,0.6098184466033492
3042,2020-08-29,2020,0,20,Atlanta Utd,Orlando City,1494.5617264533992,1512.5653255550787,41.99640089832042,41.99640089832042,0.5601450406607642
3043,2020-08-29,2020,2,29,CF Montreal,Toronto FC,1496.2938618769388,1515.3574896010584,40.93637227588033,-40.93637227588033,0.5586410631317487
3044,2020-08-30,2020,6,27,Colorado Rapids,Sporting Kansas City,1492.252355639629,1512.4959623232137,39.75639331641537,-39.75639331641537,0.5569656338818972
3045,2020-08-30,2020,9,7,FC Cincinnati,Columbus Crew,1489.165938615905,1526.8067539890046,22.359184626900287,-22.359184626900287,0.5321331051715862
3046,2020-08-30,2020,10,15,FC Dallas,Minnesota United,1495.6000438025812,1521.652519034862,33.94752476771919,33.94752476771919,0.5486995354377374
3047,2020-08-30,2020,14,25,Los Angeles Galaxy,San Jose Earthquakes,1486.3604834573218,1506.9584320791407,39.40205137818111,39.40205137818111,0.5564622557043446
3048,2020-08-30,2020,17,19,New England Revolution,New York Red Bulls,1505.9110394681077,1503.047391392677,62.863648075430774,62.863648075430774,0.5894935766788326
3049,2020-08-30,2020,18,4,New York City,Chicago Fire,1482.516512175144,1485.0079746639078,57.50853751123623,57.50853751123623,0.5820138028750875
3050,2020-08-30,2020,21,8,Philadelphia Union,DC United,1519.1394685176776,1484.0785814736105,95.06088704406716,95.06088704406716,0.6334890818079784
3051,2020-08-30,2020,22,23,Portland Timbers,Real Salt Lake,1525.1756148508412,1500.1481924127138,85.02742243812736,85.02742243812736,0.6199785514922398
3052,2020-08-31,2020,16,12,Nashville SC,Inter Miami,1483.2863493798739,1473.9892281508041,69.29712122906972,69.29712122906972,0.5984248575919987
3053,2020-08-31,2020,26,13,Seattle Sounders,Los Angeles FC,1503.976998093481,1508.046486740508,55.93051135297287,-55.93051135297287,0.579802308687736
3054,2020-09-02,2020,29,2,Toronto FC,CF Montreal,1523.7371055480346,1487.9142459299626,95.82285961807202,95.82285961807202,0.6345068905554216
3055,2020-09-03,2020,0,12,Atlanta Utd,Inter Miami,1486.1595508434878,1467.9656010146841,78.19394982880362,78.19394982880362,0.6106678973342139
3056,2020-09-03,2020,7,21,Columbus Crew,Philadelphia Union,1527.2887505665783,1524.637132290558,62.65161827602037,62.65161827602037,0.5891981844803675
3057,2020-09-03,2020,9,4,FC Cincinnati,Chicago Fire,1488.6839420383312,1478.738181707034,69.94576033129715,-69.94576033129715,0.5993218219576357
3058,2020-09-03,2020,11,15,Houston Dynamo,Minnesota United,1497.6350024026174,1514.8830120664281,42.75199033618924,42.75199033618924,0.5612164052352339
3059,2020-09-03,2020,13,25,Los Angeles FC,San Jose Earthquakes,1501.743521370824,1500.3053659147058,61.43815545611824,61.43815545611824,0.5875064007664402
3060,2020-09-03,2020,16,20,Nashville SC,Orlando City,1489.3099765159939,1520.9675011649902,28.342475351003714,28.342475351003714,0.540697863760354
3061,2020-09-03,2020,17,18,New England Revolution,New York City,1504.5686358179253,1488.7863051320178,75.78233068590748,-75.78233068590748,0.6073622960034737
3062,2020-09-03,2020,19,8,New York Red Bulls,DC United,1504.3897950428593,1478.5809177007302,85.80887734212911,85.80887734212911,0.6210378279715228
3063,2020-09-03,2020,22,14,Portland Timbers,Los Angeles Galaxy,1523.3759365784576,1493.0135496217567,90.3623869567009,-90.3623869567009,0.6271869823702149
3064,2020-09-03,2020,23,26,Real Salt Lake,Seattle Sounders,1501.9478706850973,1510.279963463165,51.66790722193241,51.66790722193241,0.5738127652812433
3065,2020-09-03,2020,27,10,Sporting Kansas City,FC Dallas,1513.3504468314422,1502.3695507710152,70.98089606042709,70.98089606042709,0.6007518697133514
3066,2020-09-06,2020,11,27,Houston Dynamo,Sporting Kansas City,1504.216756324089,1511.839168785742,52.377587538346916,52.377587538346916,0.5748115170408644
3067,2020-09-06,2020,20,0,Orlando City,Atlanta Utd,1521.5779691213954,1484.4995323834746,97.07843673792081,97.07843673792081,0.6361814120776053
3068,2020-09-06,2020,25,6,San Jose Earthquakes,Colorado Rapids,1494.1179619262025,1491.3978711314005,62.72009079480199,62.72009079480199,0.5892935849430526
3069,2020-09-06,2020,30,29,Vancouver Whitecaps,Toronto FC,1477.9702678499027,1514.2195021897032,23.750765660199477,-23.750765660199477,0.5341269561514943
3070,2020-09-07,2020,4,17,Chicago Fire,New England Revolution,1480.2280090363986,1495.4582013778731,44.76980765852545,44.76980765852545,0.5640746848001978
3071,2020-09-07,2020,7,9,Columbus Crew,FC Cincinnati,1533.4507777993729,1487.1941147089667,106.25666309040616,106.25666309040616,0.6483199522914685
3072,2020-09-07,2020,8,18,DC United,New York City,1487.896485120303,1497.89673957207,49.99974554823302,-49.99974554823302,0.5714627587032199
3073,2020-09-07,2020,12,16,Inter Miami,Nashville SC,1469.6256194746973,1488.6995085595886,40.926110915108666,40.926110915108666,0.5586264989215303
3074,2020-09-07,2020,14,13,Los Angeles Galaxy,Los Angeles FC,1502.42135435731,1507.9309253593274,54.49042899798269,-54.49042899798269,0.5777813309020451
3075,2020-09-07,2020,15,23,Minnesota United,Real Salt Lake,1508.3012581449566,1500.8406792058786,67.460578939078,67.460578939078,0.5958816537707333
3076,2020-09-07,2020,19,21,New York Red Bulls,Philadelphia Union,1495.0742276232866,1518.4751050577634,36.5991225655232,36.5991225655232,0.5524764102105584
3077,2020-09-07,2020,26,22,Seattle Sounders,Portland Timbers,1511.3871549423836,1513.9681318429043,57.41902309947932,57.41902309947932,0.5818884419383336
3078,2020-09-10,2020,2,29,CF Montreal,Toronto FC,1497.431849288294,1507.2314065319756,50.20044275631835,-50.20044275631835,0.5717456617525023
3079,2020-09-10,2020,6,11,Colorado Rapids,Houston Dynamo,1492.7372749055462,1510.5945835684759,42.142691337070346,42.142691337070346,0.5603525127146478
3080,2020-09-10,2020,12,0,Inter Miami,Atlanta Utd,1468.7462219908743,1486.5422535646387,42.20396842623563,42.20396842623563,0.5604394108571805
3081,2020-09-10,2020,15,10,Minnesota United,FC Dallas,1514.3630333383956,1503.8808288167154,70.48220452168016,70.48220452168016,0.6000631364644976
3082,2020-09-10,2020,23,13,Real Salt Lake,Los Angeles FC,1494.7789040124396,1501.597645322858,53.18125868958168,53.18125868958168,0.5759418072664387
3083,2020-09-11,2020,26,25,Seattle Sounders,San Jose Earthquakes,1502.6588283133087,1492.7785581520568,69.88027016125193,69.88027016125193,0.599231289595175
3084,2020-09-12,2020,4,7,Chicago Fire,Columbus Crew,1471.7668887643956,1538.7259785150009,-6.959089750605244,6.959089750605244,0.48998640390109943
3085,2020-09-13,2020,8,19,DC United,New York Red Bulls,1486.8245437397547,1486.7870814701282,60.03746226962653,-60.03746226962653,0.5855510138385565
3086,2020-09-13,2020,10,11,FC Dallas,Houston Dynamo,1497.8817758636828,1511.4998712591955,46.38190460448732,46.38190460448732,0.5663552068601998
3087,2020-09-13,2020,16,0,Nashville SC,Atlanta Utd,1489.5789060434115,1479.9488447274964,69.6300613159151,69.6300613159151,0.5988853433299403
3088,2020-09-13,2020,18,9,New York City,FC Cincinnati,1498.9686809526181,1481.9189139933387,77.0497669592794,77.0497669592794,0.609100815959771
3089,2020-09-13,2020,20,12,Orlando City,Inter Miami,1519.5352479402313,1475.3396308280167,104.19561711221468,104.19561711221468,0.645610133187802
3090,2020-09-13,2020,21,17,Philadelphia Union,New England Revolution,1526.7622512109217,1503.919321649876,82.8429295610456,82.8429295610456,0.6170113905851838
3091,2020-09-13,2020,23,6,Real Salt Lake,Colorado Rapids,1501.1397769034431,1491.8319872148265,69.3077896886166,69.3077896886166,0.5984396157186846
3092,2020-09-14,2020,13,22,Los Angeles FC,Portland Timbers,1495.2367724318544,1522.6964584719792,32.54031395987522,32.54031395987522,0.5466928272773571
3093,2020-09-14,2020,25,14,San Jose Earthquakes,Los Angeles Galaxy,1486.7670274959844,1508.7546343937795,38.012393102204896,-38.012393102204896,0.5544869974001009
3094,2020-09-14,2020,27,15,Sporting Kansas City,Minnesota United,1505.461341541355,1520.362086291428,45.099255249926955,45.099255249926955,0.5645409551867304
3095,2020-09-14,2020,30,2,Vancouver Whitecaps,CF Montreal,1484.9583635076303,1488.8556643620063,56.102699145624,-56.102699145624,0.580043775401503
3096,2020-09-17,2020,10,6,FC Dallas,Colorado Rapids,1504.38644776078,1500.8085814506069,63.57786631017302,63.57786631017302,0.5904881236260485
3097,2020-09-17,2020,25,22,San Jose Earthquakes,Portland Timbers,1485.9497225349828,1515.8968508811395,30.05287165384334,30.05287165384334,0.5431420149662183
3098,2020-09-17,2020,30,2,Vancouver Whitecaps,CF Montreal,1476.2577068766077,1497.556320993029,38.70138588357872,-38.70138588357872,0.5554665498778399
3099,2020-09-19,2020,17,18,New England Revolution,New York City,1498.1744925086539,1504.8321687132216,53.34232379543232,-53.34232379543232,0.5761682355183586
3100,2020-09-19,2020,26,13,Seattle Sounders,Los Angeles FC,1508.6703589693811,1502.0363800226942,66.63397894668697,66.63397894668697,0.5947353042845669
3101,2020-09-19,2020,27,10,Sporting Kansas City,FC Dallas,1511.993227213554,1510.5291259063893,61.46410130716481,61.46410130716481,0.587542595697806
3102,2020-09-20,2020,0,12,Atlanta Utd,Inter Miami,1473.9321248774454,1470.0237828258337,63.908342051611726,-63.908342051611726,0.5909480603279661
3103,2020-09-20,2020,7,16,Columbus Crew,Nashville SC,1538.5757745735173,1495.5956258934625,102.98014868005475,102.98014868005475,0.6440076557324212
3104,2020-09-20,2020,8,29,DC United,Toronto FC,1478.0412785321764,1515.8075914582632,22.233687073913188,-22.233687073913188,0.5319532414344479
3105,2020-09-20,2020,11,15,Houston Dynamo,Minnesota United,1504.9951993620984,1513.8302006192291,51.16499874286933,51.16499874286933,0.5731046437375201
3106,2020-09-20,2020,14,6,Los Angeles Galaxy,Colorado Rapids,1509.571939354781,1494.6659033049975,74.90603604978355,74.90603604978355,0.6061587019727596
3107,2020-09-20,2020,19,9,New York Red Bulls,FC Cincinnati,1495.5703466777065,1476.0554262327353,79.51492044497127,79.51492044497127,0.6124742674921092
3108,2020-09-20,2020,20,4,Orlando City,Chicago Fire,1524.8510959424143,1471.9170927058792,112.93400323653509,112.93400323653509,0.657033082914688
3109,2020-09-20,2020,23,30,Real Salt Lake,Vancouver Whitecaps,1492.1631826676628,1482.9257086284401,69.23747403922266,69.23747403922266,0.5983423418508083
3110,2020-09-20,2020,25,22,San Jose Earthquakes,Portland Timbers,1485.3025923104894,1516.5439811056328,28.758611204856606,28.758611204856606,0.5412927054616126
3111,2020-09-21,2020,2,21,CF Montreal,Philadelphia Union,1490.8883192411965,1532.507080352144,18.38123888905261,-18.38123888905261,0.5264280764748257
3112,2020-09-23,2020,17,2,New England Revolution,CF Montreal,1497.0319689758785,1482.9918980940743,74.04007088180424,74.04007088180424,0.6049680284267954
3113,2020-09-24,2020,0,10,Atlanta Utd,FC Dallas,1465.067903972526,1519.3422648418564,5.725639130669606,-5.725639130669606,0.5082391112203821
3114,2020-09-24,2020,4,11,Chicago Fire,Houston Dynamo,1466.7725889495996,1503.8986297060355,22.87395924356406,22.87395924356406,0.5328707949179748
3115,2020-09-24,2020,6,25,Colorado Rapids,San Jose Earthquakes,1503.7582838345888,1477.1832017285653,86.5750821060235,86.5750821060235,0.6220753133126848
3116,2020-09-24,2020,7,15,Columbus Crew,Minnesota United,1543.9156597375309,1514.926770275292,88.98888946223883,88.98888946223883,0.6253364087990376
3117,2020-09-24,2020,9,21,FC Cincinnati,Philadelphia Union,1485.242540245117,1540.4035014992662,4.8390387458507576,-4.8390387458507576,0.5069634862840727
3118,2020-09-24,2020,12,19,Inter Miami,New York Red Bulls,1478.888003730753,1486.3832326653248,52.50477106542826,52.50477106542826,0.5749904414986865
3119,2020-09-24,2020,13,30,Los Angeles FC,Vancouver Whitecaps,1495.9574095869627,1491.9008437562022,64.05656583076052,64.05656583076052,0.5911542978208154
3120,2020-09-24,2020,16,8,Nashville SC,DC United,1490.255740729449,1477.5619799106596,72.69376081878931,72.69376081878931,0.6031144254160272
3121,2020-09-24,2020,18,29,New York City,Toronto FC,1505.974692245997,1516.28689007978,49.6878021662169,49.6878021662169,0.5710229502277259
3122,2020-09-24,2020,22,26,Portland Timbers,Seattle Sounders,1524.663371687557,1514.7493294051126,69.91404228244437,-69.91404228244437,0.5992779763778718
3123,2020-09-24,2020,23,14,Real Salt Lake,Los Angeles Galaxy,1483.1880475399007,1500.4795588251898,42.70848871471094,42.70848871471094,0.5611547388435214
3124,2020-09-24,2020,27,20,Sporting Kansas City,Orlando City,1503.180088278087,1529.995599698694,33.18448857939302,33.18448857939302,0.5476116243164945
3125,2020-09-26,2020,16,11,Nashville SC,Houston Dynamo,1496.2090243482085,1496.891691629805,59.31733271840335,59.31733271840335,0.5845446487233368
3126,2020-09-27,2020,18,9,New York City,FC Cincinnati,1497.4093479925812,1485.1380879508558,72.27126004172533,72.27126004172533,0.6025321117881844
3127,2020-09-28,2020,4,0,Chicago Fire,Atlanta Utd,1473.77952702583,1472.4443173042202,61.33520972160977,61.33520972160977,0.5873627802846485
3128,2020-09-28,2020,8,17,DC United,New England Revolution,1471.6086962919,1502.9574485494766,28.651247742423493,-28.651247742423493,0.5411392469092806
3129,2020-09-28,2020,10,20,FC Dallas,Orlando City,1511.965851510162,1538.2097740634413,33.75607744672084,33.75607744672084,0.5484266196692079
3130,2020-09-28,2020,13,25,Los Angeles FC,San Jose Earthquakes,1502.0900951196504,1471.5143314282557,90.57576369139474,90.57576369139474,0.6274741417258461
3131,2020-09-28,2020,14,26,Los Angeles Galaxy,Seattle Sounders,1493.8968799078425,1508.7384990507805,45.15838085706196,45.15838085706196,0.5646246241785464
3132,2020-09-28,2020,15,23,Minnesota United,Real Salt Lake,1509.3068164072777,1489.770726457248,79.53608995002969,79.53608995002969,0.6125031908586588
3133,2020-09-28,2020,19,2,New York Red Bulls,CF Montreal,1495.0080892878052,1477.0664185204762,77.94167076732901,77.94167076732901,0.6103225692204994
3134,2020-09-28,2020,21,12,Philadelphia Union,Inter Miami,1540.5079537935273,1470.2631471082727,130.24480668525462,-130.24480668525462,0.6791240869611208
3135,2020-09-28,2020,29,7,Toronto FC,Columbus Crew,1524.8522343331958,1549.5356136055452,35.316620727650616,35.316620727650616,0.5506503727724011
3136,2020-09-28,2020,30,22,Vancouver Whitecaps,Portland Timbers,1485.7681582235145,1530.674202041889,15.093956181625572,-15.093956181625572,0.521708293568891
3137,2020-10-03,2020,20,19,Orlando City,New York Red Bulls,1538.9361733584794,1500.8532507494976,98.08292260898179,98.08292260898179,0.6375186920305265
3138,2020-10-04,2020,2,4,CF Montreal,Chicago Fire,1471.2212570587837,1479.9690853215602,51.252171737223534,-51.252171737223534,0.573227409447224
3139,2020-10-04,2020,8,0,DC United,Atlanta Utd,1463.4916075882609,1466.25475900849,57.23684857977082,57.23684857977082,0.5816332819983332
3140,2020-10-04,2020,11,27,Houston Dynamo,Sporting Kansas City,1498.1598613606552,1494.9659139133396,63.19394744731562,-63.19394744731562,0.5899536091166718
3141,2020-10-04,2020,12,18,Inter Miami,New York City,1465.4500084126896,1503.3713663157585,22.078642096931162,22.078642096931162,0.53173101871571
3142,2020-10-04,2020,15,9,Minnesota United,FC Cincinnati,1507.6192685443978,1479.1760696276785,88.44319891671921,88.44319891671921,0.6246001542397159
3143,2020-10-04,2020,17,16,New England Revolution,Nashville SC,1511.0745372531157,1494.9408546173584,76.1336826357574,76.1336826357574,0.6078445140422134
3144,2020-10-04,2020,25,14,San Jose Earthquakes,Los Angeles Galaxy,1480.9264435541434,1485.4275105451643,55.498933008979066,-55.498933008979066,0.579196919261362
3145,2020-10-04,2020,26,30,Seattle Sounders,Vancouver Whitecaps,1517.2078684134588,1477.9425338199812,99.26533459347752,99.26533459347752,0.6390901221211613
3146,2020-10-04,2020,29,21,Toronto FC,Philadelphia Union,1531.5924787416097,1545.3210924891105,46.27138625249927,46.27138625249927,0.566198952749776
3147,2020-10-05,2020,23,13,Real Salt Lake,Los Angeles FC,1491.4582743201279,1492.6779829937627,58.78029132636516,-58.78029132636516,0.5837936854767592
3148,2020-10-07,2020,16,15,Nashville SC,Minnesota United,1496.5585223279916,1513.250266230802,43.30825609718954,43.30825609718954,0.5620047810121124
3149,2020-10-08,2020,0,20,Atlanta Utd,Orlando City,1474.979258238465,1544.3733929780215,-9.39413473955642,-9.39413473955642,0.48648404695461106
3150,2020-10-08,2020,7,2,Columbus Crew,CF Montreal,1542.7953691971313,1470.1228459170754,132.67252328005588,132.67252328005588,0.6821618023941974
3151,2020-10-08,2020,11,10,Houston Dynamo,FC Dallas,1489.310557223905,1511.239452215124,38.07110500878116,38.07110500878116,0.5545704857023318
3152,2020-10-08,2020,14,22,Los Angeles Galaxy,Portland Timbers,1479.1154643340847,1538.4998264454223,0.615637888662377,0.615637888662377,0.5008859732134381
3153,2020-10-08,2020,17,29,New England Revolution,Toronto FC,1509.4568695424825,1538.0994944503632,31.357375092119355,31.357375092119355,0.5450047574939817
3154,2020-10-08,2020,18,8,New York City,DC United,1511.347331596494,1454.767108358286,116.58022323820819,116.58022323820819,0.6617471206360533
3155,2020-10-08,2020,19,12,New York Red Bulls,Inter Miami,1495.4160311299556,1457.474043131954,97.94198799800165,97.94198799800165,0.6373311924375844
3156,2020-10-08,2020,21,9,Philadelphia Union,FC Cincinnati,1538.814076780357,1473.5450719412743,125.26900483908275,125.26900483908275,0.6728505980779522
3157,2020-10-08,2020,25,30,San Jose Earthquakes,Vancouver Whitecaps,1487.238489765223,1472.5288856517986,74.70960411342435,74.70960411342435,0.6058887245278778
3158,2020-10-08,2020,26,23,Seattle Sounders,Real Salt Lake,1522.6215165816413,1482.7013690379765,99.92014754366483,99.92014754366483,0.6399590939184989
3159,2020-10-08,2020,27,4,Sporting Kansas City,Chicago Fire,1503.8152180500897,1481.0674964632685,82.74772158682117,82.74772158682117,0.6168818708635683
3160,2020-10-10,2020,0,19,Atlanta Utd,New York Red Bulls,1475.181997534146,1485.8560632433919,49.32593429075405,-49.32593429075405,0.5705126127655149
3161,2020-10-10,2020,12,11,Inter Miami,Houston Dynamo,1467.0340110185177,1495.99199993837,31.04201108014763,31.04201108014763,0.5445545524642309
3162,2020-10-11,2020,18,17,New York City,New England Revolution,1516.4211247869532,1501.2817981800729,75.13932660688033,75.13932660688033,0.6064792539651186
3163,2020-10-11,2020,30,23,Vancouver Whitecaps,Real Salt Lake,1466.6172165197167,1477.300755446754,49.31646107296274,-49.31646107296274,0.5704992507936264
3164,2020-10-12,2020,4,8,Chicago Fire,DC United,1475.320724526222,1449.6933151678268,85.6274093583952,85.6274093583952,0.6207919472371375
3165,2020-10-12,2020,9,29,FC Cincinnati,Toronto FC,1468.6378309124436,1546.2745658127728,-17.636734900329202,17.636734900329202,0.47464047695883943
3166,2020-10-12,2020,13,26,Los Angeles FC,Seattle Sounders,1501.434888275914,1528.0221301728639,33.41275810305024,33.41275810305024,0.5479371314368526
3167,2020-10-12,2020,21,2,Philadelphia Union,CF Montreal,1543.7213178091877,1480.3552729529883,123.36604485619932,123.36604485619932,0.6704347541474048
3168,2020-10-12,2020,22,25,Portland Timbers,San Jose Earthquakes,1546.0131160436238,1493.150158897305,112.86295714631888,112.86295714631888,0.656940918507509
3169,2020-10-12,2020,27,16,Sporting Kansas City,Nashville SC,1509.5619899871363,1495.62845061281,73.9335393743263,73.9335393743263,0.6048214647393464
3170,2020-10-15,2020,2,17,CF Montreal,New England Revolution,1475.4117942651994,1510.3789869895497,25.032807275649702,-25.032807275649702,0.5359628964785274
3171,2020-10-15,2020,8,21,DC United,Philadelphia Union,1444.0051943763838,1548.6647964969766,-44.65960212059281,44.65960212059281,0.4360813155075245
3172,2020-10-15,2020,9,7,FC Cincinnati,Columbus Crew,1461.5182237580611,1532.5629421612184,-11.044718403157276,11.044718403157276,0.4841107245078957
3173,2020-10-15,2020,10,27,FC Dallas,Sporting Kansas City,1504.558009500659,1515.4896680160462,49.0683414846128,49.0683414846128,0.5701492416318864
3174,2020-10-15,2020,11,16,Houston Dynamo,Nashville SC,1489.1603182253336,1489.7007725839,59.45954564143358,59.45954564143358,0.5847434443037945
3175,2020-10-15,2020,12,0,Inter Miami,Atlanta Utd,1473.8656927315542,1466.6243083426632,67.24138438889099,67.24138438889099,0.595577770691559
3176,2020-10-15,2020,14,25,Los Angeles Galaxy,San Jose Earthquakes,1471.6021747358832,1488.0042726749175,43.59790206096568,43.59790206096568,0.5624151623108407
3177,2020-10-15,2020,20,18,Orlando City,New York City,1544.1706536823406,1507.3239359774764,96.8467177048642,96.8467177048642,0.6358726228814569
3178,2020-10-15,2020,23,22,Real Salt Lake,Portland Timbers,1470.8582442086583,1551.1590022660112,-20.300758057352823,-20.300758057352823,0.4708180631362072
3179,2020-10-15,2020,29,19,Toronto FC,New York Red Bulls,1553.3941729671553,1494.4137524348746,118.98042053228073,118.98042053228073,0.6648328641773044
3180,2020-10-15,2020,30,13,Vancouver Whitecaps,Los Angeles FC,1473.0597277578124,1508.2158313043612,24.84389645345118,-24.84389645345118,0.5356924278428287
3181,2020-10-17,2020,4,27,Chicago Fire,Sporting Kansas City,1481.008845317665,1509.0419066405245,31.966938677140433,31.966938677140433,0.545874744643404
3182,2020-10-18,2020,2,12,CF Montreal,Inter Miami,1467.3723508180215,1472.4320261711807,54.940324646840736,-54.940324646840736,0.5784129870246748
3183,2020-10-18,2020,7,18,Columbus Crew,New York City,1524.824603028837,1509.3620253206982,75.46257770813872,-75.46257770813872,0.6069232643492867
3184,2020-10-19,2020,9,8,FC Cincinnati,DC United,1469.2565628904426,1444.9639746437708,84.29258824667181,84.29258824667181,0.6189814263983195
3185,2020-10-19,2020,14,30,Los Angeles Galaxy,Vancouver Whitecaps,1463.1659473012205,1480.02434134017,43.14160596105057,43.14160596105057,0.5617686263354804
3186,2020-10-19,2020,15,11,Minnesota United,Houston Dynamo,1514.1803379459836,1480.3891665607766,93.79117138520701,93.79117138520701,0.6317904070696656
3187,2020-10-19,2020,19,20,New York Red Bulls,Orlando City,1496.8862453975341,1542.1325643391187,14.753681058415395,14.753681058415395,0.5212195007500359
3188,2020-10-19,2020,22,13,Portland Timbers,Los Angeles FC,1543.2212732130542,1501.2512177220037,101.97005549105052,101.97005549105052,0.6426734850003696
3189,2020-10-19,2020,25,26,San Jose Earthquakes,Seattle Sounders,1496.4405001095802,1521.2411871444167,35.19931296516347,-35.19931296516347,0.5504832800211851
3190,2020-10-19,2020,29,0,Toronto FC,Atlanta Utd,1550.9216800044958,1468.0579749030367,142.86370510145912,142.86370510145912,0.6947433490728512
3191,2020-10-20,2020,17,21,New England Revolution,Philadelphia Union,1518.4184304367277,1547.7060162295895,30.71241420713818,30.71241420713818,0.544083951164324
3192,2020-10-21,2020,16,10,Nashville SC,FC Dallas,1498.471924248457,1511.0057708761806,47.466153372276494,47.466153372276494,0.5678874455787015
3193,2020-10-23,2020,26,22,Seattle Sounders,Portland Timbers,1521.9984363447345,1541.0811709380487,40.91726540668583,40.91726540668583,0.5586139441855896
3194,2020-10-24,2020,0,8,Atlanta Utd,DC United,1463.4791251391293,1454.2486960397457,69.23042909938363,69.23042909938363,0.5983325955343906
3195,2020-10-24,2020,12,20,Inter Miami,Orlando City,1466.108220976551,1542.4508568503693,-16.34263587381838,-16.34263587381838,0.4764983867862555
3196,2020-10-24,2020,16,17,Nashville SC,New England Revolution,1504.9536125647764,1510.2571711692628,54.6964413955136,-54.6964413955136,0.5780706052226668
3197,2020-10-25,2020,4,19,Chicago Fire,New York Red Bulls,1480.3207241480138,1496.5679528862836,43.75277126173023,43.75277126173023,0.5626345518150148
3198,2020-10-25,2020,9,15,FC Cincinnati,Minnesota United,1459.9718414944678,1512.2034818399386,7.768359654529149,-7.768359654529149,0.5111777055792639
3199,2020-10-25,2020,11,7,Houston Dynamo,Columbus Crew,1482.3660226668217,1530.7207540635977,11.64526860322394,11.64526860322394,0.5167526156235591
3200,2020-10-25,2020,13,14,Los Angeles FC,Los Angeles Galaxy,1503.3913199970093,1469.7394179061882,93.65190209082107,93.65190209082107,0.6316038872168771
3201,2020-10-25,2020,18,2,New York City,CF Montreal,1503.4658742859374,1473.6961560126513,89.76971827328612,89.76971827328612,0.6263889071066356
3202,2020-10-25,2020,21,29,Philadelphia Union,Toronto FC,1555.8672754970544,1555.500529768403,60.36674572865127,60.36674572865127,0.5860109429304027
3203,2020-10-25,2020,23,10,Real Salt Lake,FC Dallas,1478.7959732616152,1504.5240825598612,34.271890701754046,34.271890701754046,0.5491618650296398
3204,2020-10-25,2020,27,6,Sporting Kansas City,Colorado Rapids,1509.7300278101757,1509.4271541348985,60.30287367527717,60.30287367527717,0.5859217408686089
3205,2020-10-25,2020,30,25,Vancouver Whitecaps,San Jose Earthquakes,1473.4508707352022,1495.6832509092624,37.767619825939846,-37.767619825939846,0.5541388968414206
3206,2020-10-27,2020,2,16,CF Montreal,Nashville SC,1468.0919896192509,1503.7825534864364,24.309436132814426,-24.309436132814426,0.5349271136107818
3207,2020-10-28,2020,9,27,FC Cincinnati,Sporting Kansas City,1452.304175910779,1515.9412016971464,-3.6370257863675306,3.6370257863675306,0.49476609033246355
3208,2020-10-28,2020,19,17,New York Red Bulls,New England Revolution,1497.5074711635089,1511.4282302476029,46.079240915905984,46.079240915905984,0.5659272606813157
3209,2020-10-28,2020,20,0,Orlando City,Atlanta Utd,1534.5983326521632,1454.5041362061136,140.09419644604964,140.09419644604964,0.6913518696531257
3210,2020-10-28,2020,21,4,Philadelphia Union,Chicago Fire,1562.0771113530984,1479.3812058707886,142.69590548230985,142.69590548230985,0.6945384604375707
3211,2020-10-28,2020,29,18,Toronto FC,New York City,1549.290693912359,1509.0700406793378,100.22065323302127,-100.22065323302127,0.6403575745482976
3212,2020-10-28,2020,30,26,Vancouver Whitecaps,Seattle Sounders,1480.138787282581,1521.1192271819507,19.019560100630315,-19.019560100630315,0.5273440381520855
3213,2020-10-29,2020,8,7,DC United,Columbus Crew,1463.2236849727615,1530.9720432979511,-7.748358325189656,7.748358325189656,0.48885106429913394
3214,2020-10-29,2020,10,12,FC Dallas,Inter Miami,1505.261510535306,1473.960745174757,91.3007653605489,-91.3007653605489,0.6284491658135954
3215,2020-10-29,2020,13,11,Los Angeles FC,Houston Dynamo,1508.917261688756,1482.1147334324683,86.80252825628781,86.80252825628781,0.6223830739311562
3216,2020-10-29,2020,15,6,Minnesota United,Colorado Rapids,1519.8711474236275,1503.2159802479277,76.65516717569972,76.65516717569972,0.6085598450153807
3217,2020-10-29,2020,22,14,Portland Timbers,Los Angeles Galaxy,1541.9603801008325,1464.2134762144415,137.746903886391,137.746903886391,0.6884611668857
3218,2020-10-29,2020,25,23,San Jose Earthquakes,Real Salt Lake,1488.9953343618836,1478.0585452861706,70.93678907571302,70.93678907571302,0.600690970428027
3219,2020-10-31,2020,10,11,FC Dallas,Houston Dynamo,1510.8347730481019,1476.4504795414357,94.38429350666615,94.38429350666615,0.6325843186714437
3220,2020-11-01,2020,7,21,Columbus Crew,Philadelphia Union,1523.304809262438,1566.6590344465349,16.645774815903223,16.645774815903223,0.5239368834453669
3221,2020-11-01,2020,16,4,Nashville SC,Chicago Fire,1511.806460190598,1474.7992827773521,97.00717741324593,97.00717741324593,0.6360864637074224
3222,2020-11-02,2020,0,9,Atlanta Utd,FC Cincinnati,1449.8744142509104,1444.882684555792,64.99172969511847,64.99172969511847,0.5924547356543044
3223,2020-11-02,2020,2,20,CF Montreal,Orlando City,1460.0680829150892,1539.2280546073664,-19.159971692277168,19.159971692277168,0.47245450213145773
3224,2020-11-02,2020,6,26,Colorado Rapids,Seattle Sounders,1497.3443779231584,1529.029387754232,28.314990168926442,-28.314990168926442,0.5406585712089189
3225,2020-11-02,2020,14,23,Los Angeles Galaxy,Real Salt Lake,1459.540393717727,1472.068909842591,47.47148387513607,47.47148387513607,0.5678949753558911
3226,2020-11-02,2020,17,8,New England Revolution,DC United,1504.9171391578227,1470.8909190082745,94.02622014954818,94.02622014954818,0.6321051125413295
3227,2020-11-02,2020,18,19,New York City,New York Red Bulls,1518.6754042975622,1504.018562253289,74.65684204427316,74.65684204427316,0.6058161969438483
3228,2020-11-02,2020,22,30,Portland Timbers,Vancouver Whitecaps,1546.633462597547,1472.2286267102997,134.40483588724715,134.40483588724715,0.6843199625510951
3229,2020-11-02,2020,29,12,Toronto FC,Inter Miami,1539.6853302941347,1468.387482661961,131.29784763217367,-131.29784763217367,0.6804436026938241
3230,2020-11-05,2020,14,26,Los Angeles Galaxy,Seattle Sounders,1466.0219690873887,1522.1392663223658,3.882702765022941,-3.882702765022941,0.5055874258437114
3231,2020-11-05,2020,15,4,Minnesota United,Chicago Fire,1525.7427497483968,1476.8405797329635,108.90217001543328,-108.90217001543328,0.651784236350325
3232,2020-11-05,2020,16,10,Nashville SC,FC Dallas,1509.7651632349866,1516.3460082680301,53.41915496695651,53.41915496695651,0.5762762349150914
3233,2020-11-05,2020,20,7,Orlando City,Columbus Crew,1546.3148721393384,1530.4457560107576,75.8691161285808,75.8691161285808,0.6074814254455745
3234,2020-11-05,2020,22,6,Portland Timbers,Colorado Rapids,1551.3686631592805,1504.2344993550246,107.13416380425588,-107.13416380425588,0.6494707900825671
3235,2020-11-05,2020,25,13,San Jose Earthquakes,Los Angeles FC,1494.9849698054632,1514.5815155797886,40.40345422567452,-40.40345422567452,0.557884546114505
3236,2020-11-08,2020,4,18,Chicago Fire,New York City,1479.1173432782184,1524.5881613434044,14.529181934814005,-14.529181934814005,0.5208969936310798
3237,2020-11-08,2020,7,0,Columbus Crew,Atlanta Utd,1524.5579773924412,1455.9875932160958,128.57038417634544,128.57038417634544,0.677020046409216
3238,2020-11-08,2020,8,2,DC United,CF Montreal,1465.3724956963945,1452.9812653831173,72.39123031327722,72.39123031327722,0.602697490961204
3239,2020-11-08,2020,11,6,Houston Dynamo,Colorado Rapids,1470.9392443215074,1513.976561206263,16.962683115244317,16.962683115244317,0.5243918858936637
3240,2020-11-08,2020,12,9,Inter Miami,FC Cincinnati,1463.5941367023684,1438.7695055906065,84.82463111176185,84.82463111176185,0.6197034768044702
3241,2020-11-08,2020,13,22,Los Angeles FC,Portland Timbers,1507.9497837715062,1541.626601308042,26.323182463464263,26.323182463464263,0.5378097869421335
3242,2020-11-08,2020,15,10,Minnesota United,FC Dallas,1523.465986203142,1524.9901517917565,58.47583441138545,58.47583441138545,0.5833677799553458
3243,2020-11-08,2020,19,29,New York Red Bulls,Toronto FC,1498.1058052074468,1544.4786762537274,13.62712895371942,13.62712895371942,0.5196009648605613
3244,2020-11-08,2020,20,16,Orlando City,Nashville SC,1552.2026507576547,1501.1210197112603,111.08163104639448,111.08163104639448,0.6546262435059585
3245,2020-11-08,2020,21,17,Philadelphia Union,New England Revolution,1559.5180876982154,1510.4355624697027,109.08252522851262,109.08252522851262,0.6520198325096281
3246,2020-11-08,2020,23,27,Real Salt Lake,Sporting Kansas City,1465.5873344729293,1523.3626930521334,2.2246414207959333,-2.2246414207959333,0.5032014726059
3247,2020-11-08,2020,26,25,Seattle Sounders,San Jose Earthquakes,1522.2230777100215,1501.6167016137456,80.60637609627588,80.60637609627588,0.6139644585846703
3248,2020-11-08,2020,30,14,Vancouver Whitecaps,Los Angeles Galaxy,1467.4934261485662,1465.938157699733,61.5552684488332,-61.5552684488332,0.5876697680007663
3249,2020-11-20,2020,17,2,New England Revolution,CF Montreal,1505.2158599573472,1462.0217277475354,103.19413220981187,103.19413220981187,0.6442900075883977
3250,2020-11-21,2020,7,19,Columbus Crew,New York Red Bulls,1529.402676696303,1505.3117907345384,84.09088596176457,84.09088596176457,0.6187075527595085
3251,2020-11-21,2020,16,12,Nashville SC,Inter Miami,1510.9404133638495,1469.2985845503013,101.64182881354827,101.64182881354827,0.6422394725783442
3252,2020-11-21,2020,20,18,Orlando City,New York City,1542.3832571050655,1532.4016162478706,69.98164085719486,69.98164085719486,0.5993714196382777
3253,2020-11-22,2020,27,25,Sporting Kansas City,San Jose Earthquakes,1530.910715141222,1495.8261684925155,95.08454664870646,95.08454664870646,0.6335207032255316
3254,2020-11-23,2020,15,6,Minnesota United,Colorado Rapids,1529.7154695038118,1521.842439494668,67.8730300091438,67.8730300091438,0.5964532609233799
3255,2020-11-23,2020,22,10,Portland Timbers,FC Dallas,1542.193748112174,1518.7406684910866,83.45307962108745,83.45307962108745,0.617841035965144
3256,2020-11-24,2020,29,16,Toronto FC,Nashville SC,1537.2726907266358,1516.3068212751743,80.96586945146146,80.96586945146146,0.6144548180021773
3257,2020-11-25,2020,21,17,Philadelphia Union,New England Revolution,1564.737790210571,1510.5515098435212,114.18628036704968,114.18628036704968,0.6586556489891316
3258,2020-11-25,2020,26,13,Seattle Sounders,Los Angeles FC,1528.0136108312515,1507.382636967374,80.63097386387744,80.63097386387744,0.6139980180400922
3259,2020-11-29,2020,20,17,Orlando City,New England Revolution,1540.8926858104912,1520.4313445783582,80.46134123213301,80.46134123213301,0.6137665612564478
3260,2020-11-30,2020,7,16,Columbus Crew,Nashville SC,1535.1220634049103,1518.023643545207,77.0984198597032,77.0984198597032,0.6091674974205712
3261,2020-12-02,2020,26,10,Seattle Sounders,FC Dallas,1533.8036405606501,1520.5082840305638,73.29535653008634,73.29535653008634,0.6039430731937164
3262,2020-12-04,2020,27,15,Sporting Kansas City,Minnesota United,1528.907904592839,1535.7686705899612,53.139234002877856,53.139234002877856,0.5758827229492004
3263,2020-12-06,2020,7,17,Columbus Crew,New England Revolution,1533.4845509436018,1529.6378429972049,63.84670794639692,63.84670794639692,0.5908622936536793
3264,2020-12-08,2020,26,15,Seattle Sounders,Minnesota United,1539.7444944627443,1544.4069114341992,55.33758302854517,55.33758302854517,0.5789705269443364
3265,2020-12-13,2020,7,26,Columbus Crew,Seattle Sounders,1539.6216165387966,1546.0599365585792,53.56167998021738,-53.56167998021738,0.576476558977366
3266,2021-04-17,2021,2,29,CF Montreal,Toronto FC,1500.0,1500.0,60.0,-60.0,0.5854986786718095
3267,2021-04-17,2021,11,25,Houston Dynamo,San Jose Earthquakes,1500.0,1500.0,60.0,60.0,0.5854986786718095
3268,2021-04-17,2021,13,1,Los Angeles FC,Austin FC,1500.0,1500.0,60.0,60.0,0.5854986786718095
3269,2021-04-17,2021,20,0,Orlando City,Atlanta Utd,1500.0,1500.0,60.0,60.0,0.5854986786718095
3270,2021-04-17,2021,26,15,Seattle Sounders,Minnesota United,1500.0,1500.0,60.0,60.0,0.5854986786718095
3271,2021-04-18,2021,4,17,Chicago Fire,New England Revolution,1500.0,1500.0,60.0,60.0,0.5854986786718095
3272,2021-04-18,2021,7,21,Columbus Crew,Philadelphia Union,1500.0,1500.0,60.0,60.0,0.5854986786718095
3273,2021-04-18,2021,8,18,DC United,New York City,1500.0,1500.0,60.0,-60.0,0.5854986786718095
3274,2021-04-18,2021,10,6,FC Dallas,Colorado Rapids,1500.0,1500.0,60.0,60.0,0.5854986786718095
3275,2021-04-18,2021,12,14,Inter Miami,Los Angeles Galaxy,1500.0,1500.0,60.0,60.0,0.5854986786718095
3276,2021-04-18,2021,16,9,Nashville SC,FC Cincinnati,1500.0,1500.0,60.0,60.0,0.5854986786718095
3277,2021-04-18,2021,19,27,New York Red Bulls,Sporting Kansas City,1500.0,1500.0,60.0,60.0,0.5854986786718095
3278,2021-04-19,2021,30,22,Vancouver Whitecaps,Portland Timbers,1500.0,1500.0,60.0,-60.0,0.5854986786718095
3279,2021-04-24,2021,13,26,Los Angeles FC,Seattle Sounders,1506.217519819923,1506.217519819923,60.0,60.0,0.5854986786718095
3280,2021-04-24,2021,16,2,Nashville SC,CF Montreal,1498.717519819923,1506.217519819923,52.5,52.5,0.5749837298179947
3281,2021-04-24,2021,18,9,New York City,FC Cincinnati,1493.782480180077,1501.282480180077,52.5,52.5,0.5749837298179947
3282,2021-04-24,2021,25,10,San Jose Earthquakes,FC Dallas,1493.782480180077,1498.717519819923,55.064960360154146,55.064960360154146,0.578587931007608
3283,2021-04-24,2021,27,20,Sporting Kansas City,Orlando City,1508.782480180077,1498.717519819923,70.06496036015415,70.06496036015415,0.599486584401617
3284,2021-04-24,2021,29,30,Toronto FC,Vancouver Whitecaps,1493.782480180077,1506.217519819923,47.564960360154146,47.564960360154146,0.5680270135380762
3285,2021-04-25,2021,0,4,Atlanta Utd,Chicago Fire,1501.282480180077,1498.717519819923,62.564960360154146,62.564960360154146,0.5890774372974298
3286,2021-04-25,2021,6,1,Colorado Rapids,Austin FC,1501.282480180077,1493.782480180077,67.5,67.5,0.5959362978529087
3287,2021-04-25,2021,14,19,Los Angeles Galaxy,New York Red Bulls,1508.782480180077,1491.217519819923,77.56496036015415,77.56496036015415,0.6098067093552056
3288,2021-04-25,2021,15,23,Minnesota United,Real Salt Lake,1493.782480180077,1500.0,53.78248018007707,53.78248018007707,0.5767868519878576
3289,2021-04-25,2021,17,8,New England Revolution,DC United,1501.282480180077,1506.217519819923,55.064960360154146,55.064960360154146,0.578587931007608
3290,2021-04-25,2021,21,12,Philadelphia Union,Inter Miami,1501.282480180077,1491.217519819923,70.06496036015415,70.06496036015415,0.599486584401617
3291,2021-04-25,2021,22,11,Portland Timbers,Houston Dynamo,1493.782480180077,1506.217519819923,47.564960360154146,47.564960360154146,0.5680270135380762
3292,2021-05-01,2021,2,7,CF Montreal,Columbus Crew,1507.3422757671929,1498.717519819923,68.62475594726993,-68.62475594726993,0.5974943876301113
3293,2021-05-01,2021,11,13,Houston Dynamo,Los Angeles FC,1499.737925022994,1504.9350396398459,54.80288538314812,-54.80288538314812,0.5782200486136839
3294,2021-05-01,2021,19,4,New York Red Bulls,Chicago Fire,1485.364620460251,1492.5536813793844,52.81093908086655,52.81093908086655,0.5754210844382797
3295,2021-05-01,2021,23,27,Real Salt Lake,Sporting Kansas City,1508.651802779818,1507.2901814140528,61.36162136576513,61.36162136576513,0.5873996288163243
3296,2021-05-02,2021,10,22,FC Dallas,Portland Timbers,1492.396338785037,1500.262074977006,52.13426380803094,52.13426380803094,0.5744691495211195
3297,2021-05-02,2021,15,1,Minnesota United,Austin FC,1485.1306774002592,1502.7215246478706,42.409152752388536,42.409152752388536,0.560730359437194
3298,2021-05-02,2021,16,12,Nashville SC,Inter Miami,1497.592763872653,1500.2098185859472,57.38294528670576,57.38294528670576,0.5818379135802338
3299,2021-05-02,2021,17,0,New England Revolution,Atlanta Utd,1507.603661214963,1507.4463186206156,60.15734259434748,60.15734259434748,0.5857184748734151
3300,2021-05-02,2021,20,9,Orlando City,FC Cincinnati,1500.2098185859472,1494.907236127347,65.30258245860023,65.30258245860023,0.5928867214798185
3301,2021-05-02,2021,21,18,Philadelphia Union,New York City,1492.2901814140528,1500.1577242328071,52.13245718124563,52.13245718124563,0.5744666072477929
3302,2021-05-02,2021,25,8,San Jose Earthquakes,DC United,1500.103661214963,1499.896338785037,60.20732242992608,60.20732242992608,0.5857882859437061
3303,2021-05-03,2021,26,14,Seattle Sounders,Los Angeles Galaxy,1507.5,1514.635379539749,52.86462046025099,52.86462046025099,0.5754965786115765
3304,2021-05-03,2021,30,6,Vancouver Whitecaps,Colorado Rapids,1507.237925022994,1492.3434357122835,74.89448931071047,-74.89448931071047,0.606142833844139
3305,2021-05-08,2021,4,21,Chicago Fire,Philadelphia Union,1486.1849976459587,1483.6731823053358,62.51181534062289,62.51181534062289,0.589003380917817
3306,2021-05-08,2021,7,8,Columbus Crew,DC United,1500.1799356343745,1493.6831630741926,66.49677256018185,66.49677256018185,0.5945449226767069
3307,2021-05-08,2021,10,11,FC Dallas,Houston Dynamo,1498.77930154222,1498.5646242937887,60.21467724843137,60.21467724843137,0.5857985587509588
3308,2021-05-08,2021,16,17,Nashville SC,New England Revolution,1496.3651951689494,1513.8178840918617,42.54731107708767,42.54731107708767,0.5609262425589356
3309,2021-05-08,2021,19,29,New York Red Bulls,Toronto FC,1491.7333041936768,1492.762074977006,58.971229216670736,58.971229216670736,0.584060725178812
3310,2021-05-08,2021,20,18,Orlando City,New York City,1506.31651776375,1508.7747233415241,57.54179442222585,57.54179442222585,0.5820603749953572
3311,2021-05-08,2021,23,25,Real Salt Lake,San Jose Earthquakes,1514.840808347573,1506.3168369258074,68.52397142176574,68.52397142176574,0.5973548536839215
3312,2021-05-08,2021,30,2,Vancouver Whitecaps,CF Montreal,1498.1457825153318,1505.8798599527413,52.265922562590504,-52.265922562590504,0.5746544082461276
3313,2021-05-09,2021,6,15,Colorado Rapids,Minnesota United,1501.4355782199457,1476.7197220087012,84.7158562112445,84.7158562112445,0.6195558982613575
3314,2021-05-09,2021,12,0,Inter Miami,Atlanta Utd,1501.4373872896508,1501.2320957437169,60.20529154593396,60.20529154593396,0.5857854493031431
3315,2021-05-09,2021,14,13,Los Angeles Galaxy,Los Angeles FC,1508.2678282189227,1506.1083403690511,62.15948784987154,-62.15948784987154,0.588512318701939
3316,2021-05-09,2021,22,26,Portland Timbers,Seattle Sounders,1493.879112219823,1513.8675513208264,40.01156089899655,40.01156089899655,0.5573280525794162
3317,2021-05-10,2021,27,1,Sporting Kansas City,Austin FC,1501.1011758462976,1511.1324800394286,49.968695806868936,49.968695806868936,0.5714189867694549
3318,2021-05-13,2021,11,27,Houston Dynamo,Sporting Kansas City,1499.851602675053,1507.5298910447557,52.321711630297386,52.321711630297386,0.574732903439599
3319,2021-05-13,2021,12,2,Inter Miami,CF Montreal,1500.1506055501036,1499.4996760764332,60.65092947367043,60.65092947367043,0.5864077581475908
3320,2021-05-13,2021,15,30,Minnesota United,Vancouver Whitecaps,1471.0130604826215,1504.52596639164,26.4870940909816,26.4870940909816,0.5380443174696747
3321,2021-05-13,2021,21,17,Philadelphia Union,New England Revolution,1492.508233019103,1507.2317777302458,45.27645528885728,45.27645528885728,0.5647917009774936
3322,2021-05-13,2021,25,26,San Jose Earthquakes,Seattle Sounders,1515.2771597310661,1522.2274721095175,53.04968762154863,53.04968762154863,0.5757568186007918
3323,2021-05-13,2021,29,7,Toronto FC,Columbus Crew,1486.5229858546882,1506.261761794224,40.2612240604642,40.2612240604642,0.5576825941894419
3324,2021-05-14,2021,8,4,DC United,Chicago Fire,1487.6013369143432,1477.3499469321914,70.25138998215175,70.25138998215175,0.5997442288242806
3325,2021-05-15,2021,14,1,Los Angeles Galaxy,Austin FC,1514.4401434383935,1504.7037648409705,69.73637859742303,69.73637859742303,0.5990323528571376
3326,2021-05-15,2021,18,29,New York City,Toronto FC,1510.0056289664544,1493.1577469418464,76.847882024608,76.847882024608,0.608824078102898
3327,2021-05-16,2021,0,2,Atlanta Utd,CF Montreal,1502.518877483264,1508.295792448647,54.22308503461704,54.22308503461704,0.5774058577225777
3328,2021-05-16,2021,6,11,Colorado Rapids,Houston Dynamo,1507.1422397460253,1506.230609123459,60.911630622566236,60.911630622566236,0.5867716851993445
3329,2021-05-16,2021,9,12,FC Cincinnati,Inter Miami,1488.8005369495443,1491.3544891778897,57.44604777165455,57.44604777165455,0.5819262899006328
3330,2021-05-16,2021,15,10,Minnesota United,FC Dallas,1477.9423957205763,1497.4923231609557,40.450072559620594,40.450072559620594,0.5579507350999353
3331,2021-05-16,2021,17,7,New England Revolution,Columbus Crew,1508.203653244908,1499.6270007070657,68.57665253784239,68.57665253784239,0.5974277914914543
3332,2021-05-16,2021,21,19,Philadelphia Union,New York Red Bulls,1491.5363575044407,1497.9723933159946,53.56396418844611,53.56396418844611,0.5764797693101761
3333,2021-05-16,2021,23,16,Real Salt Lake,Nashville SC,1505.8804855423143,1502.9513015305654,62.92918401174893,62.92918401174893,0.5895848659148908
3334,2021-05-16,2021,25,22,San Jose Earthquakes,Portland Timbers,1506.6408074520543,1485.5191914311317,81.1216160209226,81.1216160209226,0.6146671888150715
3335,2021-05-16,2021,27,30,Sporting Kansas City,Vancouver Whitecaps,1501.1508845963497,1497.5966311536852,63.5542534426645,63.5542534426645,0.5904552545544598
3336,2021-05-17,2021,8,20,DC United,Orlando City,1493.605173481979,1505.0856121388197,48.51956134315924,-48.51956134315924,0.5693748578949697
3337,2021-05-17,2021,26,13,Seattle Sounders,Los Angeles FC,1530.8638243885293,1499.9360251495802,90.92779923894909,90.92779923894909,0.6279477095109173
3338,2021-05-22,2021,2,9,CF Montreal,FC Cincinnati,1501.9568803144857,1480.0716426010347,81.88523771345103,81.88523771345103,0.6157078046412396
3339,2021-05-22,2021,4,12,Chicago Fire,Inter Miami,1471.3461103645557,1500.0833835263993,31.262726838156368,31.262726838156368,0.544869647930302
3340,2021-05-22,2021,22,14,Portland Timbers,Los Angeles Galaxy,1494.7391992633577,1520.4546581455365,34.28454111782116,34.28454111782116,0.5491798943754065
3341,2021-05-23,2021,10,23,FC Dallas,Real Salt Lake,1490.8615841874548,1504.5367125535909,46.32487163386395,46.32487163386395,0.56627457360715
3342,2021-05-23,2021,11,30,Houston Dynamo,Vancouver Whitecaps,1500.0321844014493,1491.453459972002,68.57872442944722,68.57872442944722,0.597430659968871
3343,2021-05-23,2021,13,6,Los Angeles FC,Colorado Rapids,1494.355240792244,1513.3406644680351,41.014576324208974,41.014576324208974,0.5587520568092881
3344,2021-05-23,2021,17,19,New England Revolution,New York Red Bulls,1514.2422363725364,1491.6195898556473,82.62264651688906,82.62264651688906,0.6167116951060276
3345,2021-05-23,2021,18,7,New York City,Columbus Crew,1508.373267794911,1493.5884175794374,74.78485021547363,74.78485021547363,0.6059921509519935
3346,2021-05-23,2021,20,29,Orlando City,Toronto FC,1513.6262350072443,1494.7901081133898,78.8361268938545,78.8361268938545,0.6115464294948348
3347,2021-05-23,2021,25,27,San Jose Earthquakes,Sporting Kansas City,1497.4207996198284,1507.2940557780328,50.12674384179559,-50.12674384179559,0.571641781104406
3348,2021-05-23,2021,26,0,Seattle Sounders,Atlanta Utd,1536.4446087458655,1508.8577896174254,87.58681912844008,87.58681912844008,0.6234435514174672
3349,2021-05-24,2021,8,21,DC United,Philadelphia Union,1485.0645506135543,1497.889160964788,47.17538964876621,-47.17538964876621,0.5674766702795321
3350,2021-05-24,2021,16,1,Nashville SC,Austin FC,1504.2950745192888,1498.6892501338275,65.60582438546135,65.60582438546135,0.5933079923347032
3351,2021-05-29,2021,0,16,Atlanta Utd,Nashville SC,1510.7094428886874,1510.3954546342684,60.31398825441897,60.31398825441897,0.5859372636082828
3352,2021-05-29,2021,4,2,Chicago Fire,CF Montreal,1478.1730656456011,1492.721263244867,45.451802400734095,45.451802400734095,0.5650397921724024
3353,2021-05-29,2021,7,29,Columbus Crew,Toronto FC,1502.6782998437172,1488.9633045558123,73.71499528790491,73.71499528790491,0.6045207376739237
3354,2021-05-29,2021,9,17,FC Cincinnati,New England Revolution,1489.3072596706534,1519.991560945946,29.315698724707318,-29.315698724707318,0.5420888447755442
3355,2021-05-29,2021,13,18,Los Angeles FC,New York City,1500.9739599401048,1499.2833855306312,61.690574409473584,61.690574409473584,0.5878584895433393
3356,2021-05-29,2021,19,20,New York Red Bulls,Orlando City,1485.8702652822376,1519.4530385648218,26.417226717415815,26.417226717415815,0.537944350824627
3357,2021-05-30,2021,6,10,Colorado Rapids,FC Dallas,1506.7219453201744,1489.8674655833477,76.85447973682676,76.85447973682676,0.6088331231577591
3358,2021-05-30,2021,12,8,Inter Miami,DC United,1493.2564282453538,1476.5524005593613,76.70402768599251,76.70402768599251,0.608626844135568
3359,2021-05-30,2021,14,25,Los Angeles Galaxy,San Jose Earthquakes,1513.6923565611676,1488.8461729032622,84.84618365790539,84.84618365790539,0.6197327152391501
3360,2021-05-30,2021,23,15,Real Salt Lake,Minnesota United,1505.530831157698,1484.5731346940772,80.95769646362078,80.95769646362078,0.6144436723849793
3361,2021-05-30,2021,27,11,Sporting Kansas City,Houston Dynamo,1515.868682494599,1506.0707245019162,69.79795799268277,69.79795799268277,0.5991174932162356
3362,2021-05-31,2021,21,22,Philadelphia Union,Portland Timbers,1506.401311018981,1501.5015008477267,64.89981017125433,64.89981017125433,0.5923269695284903
3363,2021-05-31,2021,26,1,Seattle Sounders,Austin FC,1534.5929554746035,1492.588870018848,102.00408545575556,102.00408545575556,0.6427184692709754
3364,2021-06-12,2021,27,1,Sporting Kansas City,Austin FC,1521.8819200963553,1494.7296470579126,87.15227303844267,87.15227303844267,0.6228561260876367
3365,2021-06-19,2021,19,16,New York Red Bulls,Nashville SC,1492.8011000198683,1511.6845135883925,41.11658643147575,41.11658643147575,0.5588968291962428
3366,2021-06-19,2021,23,30,Real Salt Lake,Vancouver Whitecaps,1503.8141760719234,1485.4149198715352,78.39925620038821,78.39925620038821,0.610948845745958
3367,2021-06-20,2021,0,21,Atlanta Utd,Philadelphia Union,1509.4203839345632,1512.5164064760536,56.903977458509644,56.903977458509644,0.5811669384210235
3368,2021-06-20,2021,1,25,Austin FC,San Jose Earthquakes,1496.5724889492271,1483.1421636318494,73.43032531737776,73.43032531737776,0.6041288996597777
3369,2021-06-20,2021,7,4,Columbus Crew,Chicago Fire,1508.6104887786084,1469.6974687630152,98.91302001559325,98.91302001559325,0.6386222043263048
3370,2021-06-20,2021,8,12,DC United,Inter Miami,1485.6818032213948,1484.1270255833203,61.55477763807448,61.55477763807448,0.587669083382619
3371,2021-06-20,2021,9,6,FC Cincinnati,Colorado Rapids,1481.1759269990202,1512.589448472808,28.586478526212204,-28.586478526212204,0.5410466661065979
3372,2021-06-20,2021,10,15,FC Dallas,Minnesota United,1483.999962430714,1486.2897897798518,57.710172650862205,57.710172650862205,0.582296145048638
3373,2021-06-20,2021,13,11,Los Angeles FC,Houston Dynamo,1492.1560825969548,1500.0574869001598,52.09859569679497,52.09859569679497,0.5744189568612414
3374,2021-06-20,2021,14,26,Los Angeles Galaxy,Seattle Sounders,1519.3963658325804,1532.4521784355388,46.94418739704156,46.94418739704156,0.5671499739570015
3375,2021-06-20,2021,18,17,New York City,New England Revolution,1508.1012628737813,1528.1228936175792,39.978369256202086,39.978369256202086,0.5572809133905039
3376,2021-06-20,2021,22,27,Portland Timbers,Sporting Kansas City,1495.386405390654,1520.0390782050408,35.34732718561327,35.34732718561327,0.5506941090536976
3377,2021-06-20,2021,29,20,Toronto FC,Orlando City,1483.0311156209211,1512.522203827191,30.50891179373002,-30.50891179373002,0.5437933492731792
3378,2021-06-23,2021,20,25,Orlando City,San Jose Earthquakes,1520.6791040662888,1484.704097126746,95.97500693954271,95.97500693954271,0.6347099785999971
3379,2021-06-24,2021,2,8,CF Montreal,DC United,1501.196860127453,1491.8667669706556,69.33009315679737,-69.33009315679737,0.5984704684633807
3380,2021-06-24,2021,4,9,Chicago Fire,FC Cincinnati,1464.2768018279098,1473.0602270074212,51.21657482048863,51.21657482048863,0.5731772794058727
3381,2021-06-24,2021,11,22,Houston Dynamo,Portland Timbers,1501.1737712530785,1502.1259937548487,59.047777498229834,59.047777498229834,0.5841677693399558
3382,2021-06-24,2021,13,10,Los Angeles FC,FC Dallas,1491.039798244036,1482.7655202549845,68.2742779890516,68.2742779890516,0.5970090907903347
3383,2021-06-24,2021,15,1,Minnesota United,Austin FC,1487.5242319555814,1495.0105554543304,52.513676501250984,52.513676501250984,0.5750029691174494
3384,2021-06-24,2021,16,29,Nashville SC,Toronto FC,1505.067966026336,1474.8742153818234,90.19375064451265,90.19375064451265,0.6269599705411821
3385,2021-06-24,2021,17,19,New England Revolution,New York Red Bulls,1536.4821073184366,1499.4176475819247,97.06445973651194,97.06445973651194,0.6361627894772081
3386,2021-06-24,2021,18,0,New York City,Atlanta Utd,1499.7420491729238,1508.2028798582478,51.53916931467597,51.53916931467597,0.5736315242509207
3387,2021-06-24,2021,21,7,Philadelphia Union,Columbus Crew,1513.733910552369,1514.0311557137138,59.70275483865521,59.70275483865521,0.5850833558810432
3388,2021-06-24,2021,26,23,Seattle Sounders,Real Salt Lake,1540.959428044894,1509.649943385734,91.3094846591598,91.3094846591598,0.6284608856849172
3389,2021-06-24,2021,27,6,Sporting Kansas City,Colorado Rapids,1513.2994898408463,1520.705148464407,52.59434137643916,52.59434137643916,0.5751164391067638
3390,2021-06-24,2021,30,14,Vancouver Whitecaps,Los Angeles Galaxy,1479.5791525577245,1510.8891162232253,28.690036334499155,-28.690036334499155,0.5411946897748656
3391,2021-06-26,2021,12,20,Inter Miami,Orlando City,1477.9420618340596,1526.1584543872889,11.783607446770702,-11.783607446770702,0.5169514750658379
3392,2021-06-26,2021,27,13,Sporting Kansas City,Los Angeles FC,1519.6727432542448,1497.084661882181,82.5880813720637,82.5880813720637,0.6166646611060453
3393,2021-06-27,2021,0,19,Atlanta Utd,New York Red Bulls,1501.8073527220115,1493.9600894240828,67.84726329792875,67.84726329792875,0.5964175590373348
3394,2021-06-27,2021,4,21,Chicago Fire,Philadelphia Union,1455.6791426368218,1519.9576602141533,-4.278517577331513,-4.278517577331513,0.49384302948253356
3395,2021-06-27,2021,16,2,Nashville SC,CF Montreal,1510.6635664682183,1499.7198031005023,70.94376336771597,70.94376336771597,0.6007006001622972
3396,2021-06-27,2021,18,8,New York City,DC United,1506.13757630916,1493.3438239976063,72.79375231155382,72.79375231155382,0.6032521964735191
3397,2021-06-27,2021,22,15,Portland Timbers,Minnesota United,1503.388510294948,1493.8991874188196,69.48932287612843,69.48932287612843,0.5986907108055272
3398,2021-06-27,2021,23,11,Real Salt Lake,Houston Dynamo,1504.0768566710078,1499.9112547129791,64.16560195802867,64.16560195802867,0.5913059894242647
3399,2021-06-27,2021,25,14,San Jose Earthquakes,Los Angeles Galaxy,1479.224746805746,1519.0070365698482,20.217710235897812,20.217710235897812,0.5290628268924544
3400,2021-06-27,2021,26,30,Seattle Sounders,Vancouver Whitecaps,1546.5325147596202,1471.4612322111016,135.07128254851864,135.07128254851864,0.6851481333250413
3401,2021-06-27,2021,29,9,Toronto FC,FC Cincinnati,1469.2786149399412,1481.6578861985092,47.620728741432,47.620728741432,0.568105783353367
3402,2021-06-28,2021,1,7,Austin FC,Columbus Crew,1488.6355999910922,1507.8074060519295,40.8281939391627,-40.8281939391627,0.5584875177979326
3403,2021-06-28,2021,10,17,FC Dallas,New England Revolution,1476.7206566168395,1541.9396654762786,-5.2190088594391,5.2190088594391,0.49248980737295867
3404,2021-07-02,2021,1,22,Austin FC,Portland Timbers,1487.7582872241233,1494.4081496328652,53.35013759125809,53.35013759125809,0.5761792194818887
3405,2021-07-03,2021,7,17,Columbus Crew,New England Revolution,1508.6847188188985,1534.327012586873,34.35770623202552,-34.35770623202552,0.5492841666040328
3406,2021-07-03,2021,8,29,DC United,Toronto FC,1487.392606944709,1460.7570281896408,86.63557875506831,86.63557875506831,0.6221571818023742
3407,2021-07-04,2021,2,12,CF Montreal,Inter Miami,1501.2303121029368,1470.187789708072,91.04252239486482,-91.04252239486482,0.6281019852143946
3408,2021-07-04,2021,4,0,Chicago Fire,Atlanta Utd,1455.7714971945838,1500.3610893364514,15.41040785813243,15.41040785813243,0.5221628275904335
3409,2021-07-04,2021,11,9,Houston Dynamo,FC Cincinnati,1501.280844554343,1490.1794729488097,71.10137160553336,71.10137160553336,0.6009181965231855
3410,2021-07-04,2021,15,25,Minnesota United,San Jose Earthquakes,1502.8795480809024,1471.2888044023591,91.59074367854328,91.59074367854328,0.6288388532542959
3411,2021-07-04,2021,16,21,Nashville SC,Philadelphia Union,1509.1530574657838,1519.8653056563912,49.2877518093926,49.2877518093926,0.5704587557554301
3412,2021-07-04,2021,20,19,Orlando City,New York Red Bulls,1533.9127265132765,1495.4063528096428,98.5063737036337,98.5063737036337,0.6380818000659262
3413,2021-07-04,2021,23,13,Real Salt Lake,Los Angeles FC,1502.707266829644,1491.3346317987719,71.37263503087206,-71.37263503087206,0.601292613643515
3414,2021-07-05,2021,6,26,Colorado Rapids,Seattle Sounders,1514.3318950510086,1543.7552927597446,30.576602291263953,30.576602291263953,0.5438900147708531
3415,2021-07-05,2021,10,30,FC Dallas,Vancouver Whitecaps,1484.333309506245,1474.2384542109771,70.09485529526796,70.09485529526796,0.5995279026985739
3416,2021-07-05,2021,14,27,Los Angeles Galaxy,Sporting Kansas City,1526.942978973235,1525.422773337654,61.52020563558108,-61.52020563558108,0.5876208590138216
3417,2021-07-08,2021,1,13,Austin FC,Los Angeles FC,1494.115598931895,1500.3540210034246,53.76157792847039,-53.76157792847039,0.5767574804095695
3418,2021-07-08,2021,2,18,CF Montreal,New York City,1506.8087823247208,1512.0887933620572,54.71998896266359,-54.71998896266359,0.5781036663618289
3419,2021-07-08,2021,4,20,Chicago Fire,Orlando City,1462.9390547807272,1524.3414995122876,-1.4024447315603084,-1.4024447315603084,0.49798173075386076
3420,2021-07-08,2021,6,15,Colorado Rapids,Minnesota United,1513.6735448294457,1500.946965282088,72.72657954735769,72.72657954735769,0.6031596457763148
3421,2021-07-08,2021,14,10,Los Angeles Galaxy,FC Dallas,1518.1286660880278,1482.8403909657666,95.28827512226121,95.28827512226121,0.6337929417841401
3422,2021-07-08,2021,17,29,New England Revolution,Toronto FC,1535.0662750859335,1455.0893859166763,139.97688916925722,139.97688916925722,0.6912077578516327
3423,2021-07-08,2021,26,11,Seattle Sounders,Houston Dynamo,1544.4136429813075,1499.7670716064952,104.64657137481231,104.64657137481231,0.6462038446806764
3424,2021-07-08,2021,30,23,Vancouver Whitecaps,Real Salt Lake,1475.7313727514556,1493.6878776249912,42.04349512646445,-42.04349512646445,0.5602118329432992
3425,2021-07-09,2021,16,0,Nashville SC,Atlanta Utd,1515.5961761294525,1493.193531750308,82.40264437914448,82.40264437914448,0.6164122932492793
3426,2021-07-09,2021,19,21,New York Red Bulls,Philadelphia Union,1504.9775798106318,1513.4221869927226,51.55539281790925,51.55539281790925,0.5736543652684706
3427,2021-07-10,2021,9,7,FC Cincinnati,Columbus Crew,1491.6932458966576,1507.945456319838,43.747789576819514,43.747789576819514,0.5626274950833682
3428,2021-07-17,2021,0,17,Atlanta Utd,New England Revolution,1494.9397161490472,1524.698158718159,30.24155743088818,-30.24155743088818,0.5434115213695326
3429,2021-07-18,2021,2,9,CF Montreal,FC Cincinnati,1513.1372273292934,1490.753833470407,82.3833938588864,82.3833938588864,0.6163860909295139
3430,2021-07-18,2021,6,25,Colorado Rapids,San Jose Earthquakes,1519.626150142801,1473.2213872011735,106.4047629416275,106.4047629416275,0.6485143058507286
3431,2021-07-18,2021,7,18,Columbus Crew,New York City,1508.8848687460886,1505.7603483574846,63.12452038860397,-63.12452038860397,0.58985692593638
3432,2021-07-18,2021,13,23,Los Angeles FC,Real Salt Lake,1509.0053832095682,1502.0910551191407,66.91432809042749,66.91432809042749,0.5951242159200173
3433,2021-07-18,2021,15,26,Minnesota United,Seattle Sounders,1494.9943599687329,1549.7205853110972,5.273774657635613,5.273774657635613,0.5075889889774563
3434,2021-07-18,2021,16,4,Nashville SC,Chicago Fire,1513.8499917307133,1470.4693288194194,103.38066291129394,103.38066291129394,0.6445360535035098
3435,2021-07-18,2021,21,8,Philadelphia Union,DC United,1514.5270024717497,1493.0602492176736,81.46675325407614,81.46675325407614,0.6151376507181409
3436,2021-07-18,2021,22,10,Portland Timbers,FC Dallas,1488.0508379250934,1477.3472850925286,70.70355283256481,70.70355283256481,0.6003688853385599
3437,2021-07-18,2021,29,20,Toronto FC,Orlando City,1465.4575022844508,1516.8112254735954,8.646276810855397,8.646276810855397,0.5124404244960196
3438,2021-07-18,2021,30,14,Vancouver Whitecaps,Los Angeles Galaxy,1467.328195257306,1523.6217719612657,3.7064232960403842,-3.7064232960403842,0.5053337695585609
3439,2021-07-21,2021,30,11,Vancouver Whitecaps,Houston Dynamo,1474.7481887139277,1494.4601292767054,40.28805943722227,-40.28805943722227,0.5577206990734036
3440,2021-07-22,2021,4,8,Chicago Fire,DC United,1465.137369621972,1487.2873139784456,37.8500556435265,37.8500556435265,0.5542561376226005
3441,2021-07-22,2021,6,10,Colorado Rapids,FC Dallas,1517.3984355550401,1471.352818372607,106.04561718243303,106.04561718243303,0.6480429087949342
3442,2021-07-22,2021,7,16,Columbus Crew,Nashville SC,1515.037014857043,1519.1819509281606,55.85506392888237,55.85506392888237,0.579696493315987
3443,2021-07-22,2021,9,0,FC Cincinnati,Atlanta Utd,1484.9996248343498,1486.7885433285041,58.21108150584564,58.21108150584564,0.5829973152630492
3444,2021-07-22,2021,12,17,Inter Miami,New England Revolution,1464.6093194862879,1532.849331538702,-8.240012052414158,-8.240012052414158,0.4881438922841288
3445,2021-07-22,2021,18,2,New York City,CF Montreal,1499.6082022465303,1518.8914359653506,40.716766281179616,40.716766281179616,0.5583293487737031
3446,2021-07-22,2021,22,13,Portland Timbers,Los Angeles FC,1494.045304645015,1515.078519970768,38.96678467424704,-38.96678467424704,0.555843757195511
3447,2021-07-22,2021,23,14,Real Salt Lake,Los Angeles Galaxy,1496.017918357941,1516.2017785046442,39.81613985329682,39.81613985329682,0.5570504983192529
3448,2021-07-22,2021,27,25,Sporting Kansas City,San Jose Earthquakes,1534.2370862228613,1475.4491017889343,118.78798443392702,118.78798443392702,0.6645859787759862
3449,2021-07-22,2021,29,19,Toronto FC,New York Red Bulls,1465.2708959170104,1503.8727643316047,21.398131585405736,21.398131585405736,0.5307555095534767
3450,2021-07-23,2021,1,26,Austin FC,Seattle Sounders,1485.4642367257513,1542.3344201457592,3.1298165799921662,3.1298165799921662,0.5045040462915835
3451,2021-07-23,2021,20,21,Orlando City,Philadelphia Union,1516.9978318410358,1520.2999377109777,56.6978941300581,56.6978941300581,0.5808781483996736
3452,2021-07-24,2021,0,7,Atlanta Utd,Columbus Crew,1488.03350305745,1513.8415674573032,34.191935600146735,34.191935600146735,0.5490479102063527
3453,2021-07-25,2021,4,29,Chicago Fire,Toronto FC,1464.323527557633,1464.8095632737084,59.51396428392468,59.51396428392468,0.5848195073523565
3454,2021-07-25,2021,10,14,FC Dallas,Los Angeles Galaxy,1466.0734620045312,1517.057535979433,9.015926025098224,9.015926025098224,0.5129720488856186
3455,2021-07-25,2021,13,30,Los Angeles FC,Vancouver Whitecaps,1508.4161763287007,1473.8823782278266,94.53379810087404,94.53379810087404,0.6327843217897648
3456,2021-07-25,2021,15,22,Minnesota United,Portland Timbers,1502.380525134071,1500.7076482870823,61.67287684698863,61.67287684698863,0.5878338068702385
3457,2021-07-25,2021,16,9,Nashville SC,FC Cincinnati,1520.3773983279004,1483.754665105404,96.62273322249644,96.62273322249644,0.6355740343528504
3458,2021-07-25,2021,17,2,New England Revolution,CF Montreal,1540.171489922964,1512.2663761969561,87.90511372600781,87.90511372600781,0.6238735963677138
3459,2021-07-25,2021,18,20,New York City,Orlando City,1506.2332620149248,1523.2846596150407,42.94860239988407,42.94860239988407,0.5614950920767251
3460,2021-07-25,2021,23,6,Real Salt Lake,Colorado Rapids,1495.1621608831522,1522.677791923116,32.484368960036136,32.484368960036136,0.5466130168809178
3461,2021-07-25,2021,25,11,San Jose Earthquakes,Houston Dynamo,1477.917891470574,1495.3259397628065,42.59195170776752,42.59195170776752,0.5609895307170999
3462,2021-07-26,2021,8,19,DC United,New York Red Bulls,1488.1011560427846,1504.3340969749067,43.76705906787788,43.76705906787788,0.5626547908536257
3463,2021-07-26,2021,12,21,Inter Miami,Philadelphia Union,1457.287161102026,1514.0131099369728,3.2740511650531516,-3.2740511650531516,0.504711598913461
3464,2021-07-26,2021,26,27,Seattle Sounders,Sporting Kansas City,1549.9019808401329,1531.7682965412216,78.13368429891125,78.13368429891125,0.6105854139157626
3465,2021-07-29,2021,13,15,Los Angeles FC,Minnesota United,1506.4244115018541,1508.5630180310172,57.8613934708369,57.8613934708369,0.5825078585456767
3466,2021-07-31,2021,14,22,Los Angeles Galaxy,Portland Timbers,1509.7521167127172,1494.525155390136,75.22696132258125,75.22696132258125,0.606599644439288
3467,2021-07-31,2021,18,7,New York City,Columbus Crew,1512.8108356337739,1522.0772861103985,50.73354952337536,50.73354952337536,0.5724969015575366
3468,2021-07-31,2021,19,17,New York Red Bulls,New England Revolution,1497.773918837711,1545.8133859774482,11.960532860262902,11.960532860262902,0.5172057941321272
3469,2021-07-31,2021,20,0,Orlando City,Atlanta Utd,1516.7070859961916,1479.7977844043546,96.90930159183699,96.90930159183699,0.63595603332439
3470,2021-07-31,2021,26,25,Seattle Sounders,San Jose Earthquakes,1540.7431996313965,1477.0030485098175,123.74015112157895,123.74015112157895,0.6709104058603467
3471,2021-08-01,2021,1,6,Austin FC,Colorado Rapids,1477.8966760313776,1515.8769871763297,22.01968885504789,22.01968885504789,0.5316465189609689
3472,2021-08-01,2021,9,8,FC Cincinnati,DC United,1478.2882756206968,1494.6613341799803,43.626941440716564,43.626941440716564,0.5624563016950713
3473,2021-08-01,2021,11,23,Houston Dynamo,Real Salt Lake,1496.240782723563,1501.9629656299385,54.277817093624435,54.277817093624435,0.5774827338587274
3474,2021-08-01,2021,12,2,Inter Miami,CF Montreal,1457.216487118324,1506.6244801424718,10.5920069758522,10.5920069758522,0.5152384027329125
3475,2021-08-01,2021,21,4,Philadelphia Union,Chicago Fire,1514.0837839206747,1455.5512349473477,118.53254897332704,118.53254897332704,0.664258129438793
3476,2021-08-01,2021,27,10,Sporting Kansas City,FC Dallas,1540.927077749958,1473.3788812712469,127.54819647871113,127.54819647871113,0.6757320495801008
3477,2021-08-01,2021,30,15,Vancouver Whitecaps,Minnesota United,1475.8741430546731,1509.8006359092024,26.073507145470785,-26.073507145470785,0.5374525105817823
3478,2021-08-02,2021,29,16,Toronto FC,Nashville SC,1473.5818558839937,1525.8437878126076,7.738068071386124,7.738068071386124,0.5111341341883584
3479,2021-08-05,2021,1,11,Austin FC,Houston Dynamo,1469.9219782469631,1495.078541715682,34.84343653128121,34.84343653128121,0.5499763013660242
3480,2021-08-05,2021,2,0,CF Montreal,Atlanta Utd,1499.3530561834655,1474.3371249042204,85.01593127924502,85.01593127924502,0.619962966458475
3481,2021-08-05,2021,4,18,Chicago Fire,New York City,1458.0151068889295,1519.2233821104107,-1.2082752214812444,1.2082752214812444,0.49826115918929353
3482,2021-08-05,2021,7,8,Columbus Crew,DC United,1515.6647396337617,1495.5981787054063,80.06656092835533,80.06656092835533,0.613227700720845
3483,2021-08-05,2021,13,27,Los Angeles FC,Sporting Kansas City,1505.186793623669,1530.7910970062565,34.39569661741257,34.39569661741257,0.5493383073966304
3484,2021-08-05,2021,14,23,Los Angeles Galaxy,Real Salt Lake,1515.653122046128,1503.1252066378195,72.52791540830844,72.52791540830844,0.602885882951194
3485,2021-08-05,2021,17,16,New England Revolution,Nashville SC,1553.5714728894302,1526.010799825433,87.56067306399723,87.56067306399723,0.6234082170501575
3486,2021-08-05,2021,19,9,New York Red Bulls,FC Cincinnati,1490.0158319257291,1477.3514310952708,72.66440083045836,72.66440083045836,0.6030739693011463
3487,2021-08-05,2021,20,12,Orlando City,Inter Miami,1522.1677454963258,1464.4879110773304,117.67983441899537,117.67983441899537,0.663162531544852
3488,2021-08-05,2021,21,29,Philadelphia Union,Toronto FC,1511.6199119790929,1473.4148438711684,98.20506810792449,98.20506810792449,0.6376811607266974
3489,2021-08-05,2021,22,25,Portland Timbers,San Jose Earthquakes,1488.6241500567253,1487.0667045977227,61.557445459002565,61.557445459002565,0.5876728046470411
3490,2021-08-05,2021,26,10,Seattle Sounders,FC Dallas,1530.6795435434913,1483.5148620149484,107.16468152854281,107.16468152854281,0.6495107827411081
3491,2021-08-08,2021,4,19,Chicago Fire,New York Red Bulls,1458.04118950109,1488.469722386212,29.571467114878033,-29.571467114878033,0.5424542941906855
3492,2021-08-08,2021,6,27,Colorado Rapids,Sporting Kansas City,1523.8516849607443,1539.031171617206,44.82051334353832,44.82051334353832,0.564146456449414
3493,2021-08-08,2021,7,0,Columbus Crew,Atlanta Utd,1506.466324122949,1476.1365694010976,90.32975472185126,90.32975472185126,0.6271430584600977
3494,2021-08-08,2021,9,20,FC Cincinnati,Orlando City,1478.897540634788,1519.720307523153,19.177233111634905,19.177233111634905,0.527570263586626
3495,2021-08-08,2021,10,1,FC Dallas,Austin FC,1485.757523756065,1476.6723337264727,69.08519002959224,69.08519002959224,0.5981316473487966
3496,2021-08-08,2021,12,16,Inter Miami,Nashville SC,1466.9353490505032,1527.8619230811853,-0.9265740306821044,-0.9265740306821044,0.4986665559421672
3497,2021-08-08,2021,15,11,Minnesota United,Houston Dynamo,1510.362423567929,1488.3281862361723,82.03423733175669,82.03423733175669,0.615910728891853
3498,2021-08-08,2021,17,21,New England Revolution,Philadelphia Union,1551.7203496336779,1517.0546945681924,94.66565506548545,94.66565506548545,0.6329606784666154
3499,2021-08-08,2021,22,23,Portland Timbers,Real Salt Lake,1487.3090579870197,1497.1684948820873,50.140563104932426,50.140563104932426,0.5716612602173768
3500,2021-08-08,2021,29,18,Toronto FC,New York City,1467.9800612820688,1519.1972994982502,8.782761783818614,-8.782761783818614,0.5126367186387689
3501,2021-08-09,2021,8,2,DC United,CF Montreal,1504.796594216219,1497.5536116865883,67.24298252963081,67.24298252963081,0.5955799865593093
3502,2021-08-09,2021,14,30,Los Angeles Galaxy,Vancouver Whitecaps,1521.60983380186,1475.3123553959465,106.29747840591358,106.29747840591358,0.6483735197246265
3503,2021-08-09,2021,25,13,San Jose Earthquakes,Los Angeles FC,1488.3817966674283,1496.9467190127195,51.43507765470872,-51.43507765470872,0.5734849664710798
3504,2021-08-14,2021,15,14,Minnesota United,Los Angeles Galaxy,1516.1237626345512,1519.3842310059906,56.7395316285606,56.7395316285606,0.5809365006017585
3505,2021-08-14,2021,25,30,San Jose Earthquakes,Vancouver Whitecaps,1494.779522170362,1477.537958191816,77.24156397854608,77.24156397854608,0.609363660609969
3506,2021-08-15,2021,0,13,Atlanta Utd,Los Angeles FC,1485.5437152779991,1490.5489935097858,54.99472176821337,54.99472176821337,0.5784893435589004
3507,2021-08-15,2021,2,19,CF Montreal,New York Red Bulls,1491.487311484978,1481.6065367990723,69.88077468590564,69.88077468590564,0.5992319870663354
3508,2021-08-15,2021,4,7,Chicago Fire,Columbus Crew,1464.9043750882297,1497.0591782460474,27.845196842182304,27.845196842182304,0.5399868814281581
3509,2021-08-15,2021,10,27,FC Dallas,Sporting Kansas City,1491.785549045833,1539.993368463947,11.792180581885987,11.792180581885987,0.5169637986076095
3510,2021-08-15,2021,11,6,Houston Dynamo,Colorado Rapids,1482.56684716955,1522.8894881140031,19.677359055546958,19.677359055546958,0.5282877568797805
3511,2021-08-15,2021,18,12,New York City,Inter Miami,1519.3868502778319,1474.4553507113708,104.93149956646107,104.93149956646107,0.6465787395846655
3512,2021-08-15,2021,23,1,Real Salt Lake,Austin FC,1490.743413785348,1470.6443084367047,80.0991053486432,80.0991053486432,0.6132721331595641
3513,2021-08-15,2021,29,17,Toronto FC,New England Revolution,1467.7905105024872,1557.2259394566786,-29.435428954191366,29.435428954191366,0.4577400754807701
3514,2021-08-16,2021,16,8,Nashville SC,DC United,1520.3419214203177,1510.8628944178295,69.47902700248824,69.47902700248824,0.5986764710290001
3515,2021-08-16,2021,22,26,Portland Timbers,Seattle Sounders,1493.7341390837591,1528.4368818023747,25.297257281384418,25.297257281384418,0.5363414809982612
3516,2021-08-18,2021,14,6,Los Angeles Galaxy,Colorado Rapids,1528.098278515017,1530.8138044671998,57.284474047817184,57.284474047817184,0.581699992101109
3517,2021-08-18,2021,25,15,San Jose Earthquakes,Minnesota United,1493.1390672612124,1507.4097151255248,45.72935213568758,45.72935213568758,0.565432418895927
3518,2021-08-19,2021,0,29,Atlanta Utd,Toronto FC,1491.8663751246156,1460.9244093702757,90.94196575433989,90.94196575433989,0.6279667615589042
3519,2021-08-19,2021,1,30,Austin FC,Vancouver Whitecaps,1464.8433904340982,1479.1784131009656,45.66497733313258,45.66497733313258,0.565341360464951
3520,2021-08-19,2021,9,2,FC Cincinnati,CF Montreal,1478.4839866809884,1497.498831678983,40.98515500200551,40.98515500200551,0.5587103003147229
3521,2021-08-19,2021,10,26,FC Dallas,Seattle Sounders,1484.0310920667189,1536.4820040173486,7.549088049370312,7.549088049370312,0.5108623016695749
3522,2021-08-19,2021,12,4,Inter Miami,Chicago Fire,1469.1540318051407,1471.8045718668072,57.34945993833344,57.34945993833344,0.5817910145308602
3523,2021-08-19,2021,16,20,Nashville SC,Orlando City,1526.3617743548828,1520.1338614769525,66.2279128779303,66.2279128779303,0.5941717822854701
3524,2021-08-19,2021,17,8,New England Revolution,DC United,1564.09204058889,1504.8430414832644,119.24899910562567,119.24899910562567,0.6651772856494612
3525,2021-08-19,2021,19,7,New York Red Bulls,Columbus Crew,1475.5950166050673,1490.1589814674699,45.4360351375974,45.4360351375974,0.5650174850712106
3526,2021-08-19,2021,21,18,Philadelphia Union,New York City,1511.5491047451917,1524.688169184062,46.860935561129736,46.860935561129736,0.567032322082989
3527,2021-08-19,2021,23,11,Real Salt Lake,Houston Dynamo,1496.5443317879544,1474.6425308163534,81.901800971601,81.901800971601,0.6157303643193988
3528,2021-08-19,2021,27,22,Sporting Kansas City,Portland Timbers,1547.7478254430612,1485.6890168687853,122.05880857427587,122.05880857427587,0.6687699505006387
3529,2021-08-21,2021,7,26,Columbus Crew,Seattle Sounders,1483.634243743538,1544.144938542392,-0.5106947988540469,-0.5106947988540469,0.4992650516349903
3530,2021-08-21,2021,14,25,Los Angeles Galaxy,San Jose Earthquakes,1519.3727786335003,1492.1575809777735,87.2151976557268,87.2151976557268,0.6229412108415607
3531,2021-08-21,2021,15,27,Minnesota United,Sporting Kansas City,1508.3912014089638,1545.2162761855516,23.174925223412174,23.174925223412174,0.5333020231670682
3532,2021-08-22,2021,1,22,Austin FC,Portland Timbers,1456.363270027124,1488.220566126295,28.14270390082902,28.14270390082902,0.5404122609234557
3533,2021-08-22,2021,6,23,Colorado Rapids,Real Salt Lake,1539.5393043487165,1502.3083763231634,97.23092802555311,97.23092802555311,0.6363845610583421
3534,2021-08-22,2021,8,0,DC United,Atlanta Utd,1499.8207007680064,1497.446873701232,62.37382706677431,62.37382706677431,0.5888110785648993
3535,2021-08-22,2021,11,10,Houston Dynamo,FC Dallas,1468.8784862811444,1476.3681575416754,52.51032873946906,52.51032873946906,0.5749982597036127
3536,2021-08-22,2021,12,29,Inter Miami,Toronto FC,1475.4271665871777,1455.3439107936592,80.08325579351845,80.08325579351845,0.6132504942206649
3537,2021-08-22,2021,17,9,New England Revolution,FC Cincinnati,1569.114381304148,1477.6033321762675,151.5110491278806,151.5110491278806,0.705196552635657
3538,2021-08-22,2021,20,4,Orlando City,Chicago Fire,1521.5464382112345,1465.5314370847702,116.01500112646431,116.01500112646431,0.6610184409918172
3539,2021-08-22,2021,21,2,Philadelphia Union,CF Montreal,1518.043619913947,1498.3794861837039,79.66413373024307,79.66413373024307,0.6126781169690058
3540,2021-08-22,2021,30,13,Vancouver Whitecaps,Los Angeles FC,1487.6585335079399,1484.2263336631693,63.432199844770594,-63.432199844770594,0.5902853432721712
3541,2021-08-27,2021,7,9,Columbus Crew,FC Cincinnati,1476.1452679690133,1473.1812804658023,62.963987503211,62.963987503211,0.589633343436618
3542,2021-08-28,2021,0,16,Atlanta Utd,Nashville SC,1506.2790398797056,1524.9491976206007,41.32984225910491,41.32984225910491,0.5591994487434054
3543,2021-08-28,2021,2,29,CF Montreal,Toronto FC,1500.069657938239,1449.5426682069692,110.52698973126985,110.52698973126985,0.6539040314238974
3544,2021-08-28,2021,19,4,New York Red Bulls,Chicago Fire,1482.119754328999,1460.4467136996475,81.67304062935159,81.67304062935159,0.6154187415353561
3545,2021-08-28,2021,20,12,Orlando City,Inter Miami,1526.6311615963573,1481.2284091738677,105.40275242248958,105.40275242248958,0.6471983958758152
3546,2021-08-29,2021,8,21,DC United,Philadelphia Union,1490.988534589533,1516.3534481594118,34.63508643012119,34.63508643012119,0.5496794392670046
3547,2021-08-29,2021,11,15,Houston Dynamo,Minnesota United,1467.7535123855903,1507.8916710614578,19.861841324132456,19.861841324132456,0.5285523904494823
3548,2021-08-29,2021,13,14,Los Angeles FC,Los Angeles Galaxy,1478.0806138122518,1510.028660470877,28.051953341374883,28.051953341374883,0.5402825107954401
3549,2021-08-29,2021,18,17,New York City,New England Revolution,1518.1936540153067,1573.5364330146133,4.657221000693426,4.657221000693426,0.506701878383879
3550,2021-08-29,2021,27,6,Sporting Kansas City,Colorado Rapids,1545.7158065330575,1544.9935359328415,60.72227060021601,60.72227060021601,0.5865073565413443
3551,2021-08-30,2021,1,10,Austin FC,FC Dallas,1463.2570861132722,1477.4931314372295,45.76395467604266,45.76395467604266,0.5654813625115733
3552,2021-08-30,2021,26,22,Seattle Sounders,Portland Timbers,1551.6339143169168,1481.3267500401466,130.3071642767702,130.3071642767702,0.6792023043571578
3553,2021-08-30,2021,30,23,Vancouver Whitecaps,Real Salt Lake,1493.8042533588573,1496.8541447390385,56.95010861981882,56.95010861981882,0.5812315756274542
3554,2021-09-04,2021,11,22,Houston Dynamo,Portland Timbers,1459.8252265288481,1491.514784605504,28.310441923344115,28.310441923344115,0.5406520690321015
3555,2021-09-04,2021,13,27,Los Angeles FC,Sporting Kansas City,1477.4763761503202,1544.4181961849374,-6.941820034617194,-6.941820034617194,0.49001124707663285
3556,2021-09-04,2021,16,18,Nashville SC,New York City,1533.3371893517517,1525.5931258395485,67.74406351220318,67.74406351220318,0.5962745570607895
3557,2021-09-04,2021,21,17,Philadelphia Union,New England Revolution,1509.5986397484169,1566.1369611903715,3.461678558045378,-3.461678558045378,0.5049815910604476
3558,2021-09-05,2021,9,12,FC Cincinnati,Inter Miami,1467.0257806173515,1483.436385112005,43.5893955053466,43.5893955053466,0.5624031111174368
3559,2021-09-05,2021,20,7,Orlando City,Columbus Crew,1524.42318565822,1482.300767817464,102.12241784075604,102.12241784075604,0.6428748734764492
3560,2021-09-05,2021,23,10,Real Salt Lake,FC Dallas,1490.5726183734503,1485.975351874903,64.59726649854724,64.59726649854724,0.5919063523661441
3561,2021-09-05,2021,25,6,San Jose Earthquakes,Colorado Rapids,1501.5016991403968,1546.2911462809616,15.21055285943521,15.21055285943521,0.5218757709343799
3562,2021-09-05,2021,30,1,Vancouver Whitecaps,Austin FC,1500.0857797244455,1454.7748656755987,105.31091404884683,105.31091404884683,0.6470776752016025
3563,2021-09-11,2021,0,20,Atlanta Utd,Orlando City,1497.8910481485545,1529.7800625560733,28.110985592481256,28.110985592481256,0.5403669124632537
3564,2021-09-11,2021,6,14,Colorado Rapids,Los Angeles Galaxy,1554.1192828449773,1510.6328981328086,103.48638471216873,103.48638471216873,0.6446754734174411
3565,2021-09-11,2021,26,15,Seattle Sounders,Minnesota United,1541.4458797515595,1515.8199569182,85.62592283335948,85.62592283335948,0.620789932807974
3566,2021-09-11,2021,30,22,Vancouver Whitecaps,Portland Timbers,1505.3796145964216,1499.6245656409856,65.755048955436,65.755048955436,0.5935152482978494
3567,2021-09-12,2021,2,16,CF Montreal,Nashville SC,1505.2610974668805,1539.39307099584,25.868026471040594,25.868026471040594,0.5371584462888288
3568,2021-09-12,2021,9,29,FC Cincinnati,Toronto FC,1458.58973395059,1444.3512286783277,74.23850527226227,74.23850527226227,0.6052409797420648
3569,2021-09-12,2021,10,25,FC Dallas,San Jose Earthquakes,1479.8539471603951,1493.673562576381,46.180384584014064,46.180384584014064,0.566070282020884
3570,2021-09-12,2021,11,1,Houston Dynamo,Austin FC,1451.7154454933666,1449.4810308036226,62.23441468974397,62.23441468974397,0.588616764007157
3571,2021-09-12,2021,12,7,Inter Miami,Columbus Crew,1491.8724317787664,1476.9438909196108,74.92854085915565,74.92854085915565,0.6061896286072092
3572,2021-09-12,2021,17,18,New England Revolution,New York City,1573.7116850562782,1519.5372441954603,114.17444086081787,114.17444086081787,0.6586403259424515
3573,2021-09-12,2021,19,8,New York Red Bulls,DC United,1472.8884732059687,1497.7433430005278,35.145130205440864,35.145130205440864,0.5504060984462488
3574,2021-09-12,2021,27,4,Sporting Kansas City,Chicago Fire,1536.768364891087,1469.6779948226779,127.09037006840913,127.09037006840913,0.675154304819599
3575,2021-09-13,2021,13,23,Los Angeles FC,Real Salt Lake,1485.1262074441706,1496.6940230879582,48.432184356212474,48.432184356212474,0.5692515287910355
3576,2021-09-15,2021,7,19,Columbus Crew,New York Red Bulls,1471.0367353487188,1472.132381729275,58.90435361944378,58.90435361944378,0.5839672006877852
3577,2021-09-15,2021,18,10,New York City,FC Dallas,1514.416849084597,1478.862892930082,95.55395615451516,95.55395615451516,0.6341478380379836
3578,2021-09-15,2021,29,12,Toronto FC,Inter Miami,1438.4298433744586,1497.7795873496584,0.6502560248002283,0.6502560248002283,0.5009357925506908
3579,2021-09-16,2021,0,9,Atlanta Utd,FC Cincinnati,1504.7855444616057,1464.5111192544591,100.27442520714658,100.27442520714658,0.6404288575986727
3580,2021-09-16,2021,1,13,Austin FC,Los Angeles FC,1443.31028226373,1491.5874345123052,11.722847751424752,-11.722847751424752,0.5168641348230949
3581,2021-09-16,2021,8,4,DC United,Chicago Fire,1498.4994344772215,1464.8053093949718,93.69412508224968,93.69412508224968,0.6316604395642077
3582,2021-09-16,2021,14,11,Los Angeles Galaxy,Houston Dynamo,1512.80303023407,1457.8861940332592,114.91683620081085,114.91683620081085,0.6596005143793611
3583,2021-09-16,2021,20,2,Orlando City,CF Montreal,1522.8855662430221,1497.2037207725482,85.68184547047395,85.68184547047395,0.6208657121750397
3584,2021-09-16,2021,22,6,Portland Timbers,Colorado Rapids,1508.5272943654534,1551.9491507437158,16.57814362173758,16.57814362173758,0.523839776497814
3585,2021-09-16,2021,25,23,San Jose Earthquakes,Real Salt Lake,1494.6646168066943,1490.2327960198236,64.43182078687073,64.43182078687073,0.5916762812866126
3586,2021-09-16,2021,27,15,Sporting Kansas City,Minnesota United,1541.641050318793,1510.1318059103196,91.50924440847348,91.50924440847348,0.6287293473502624
3587,2021-09-18,2021,0,8,Atlanta Utd,DC United,1510.1791115976257,1504.0245278837583,66.1545837138674,66.1545837138674,0.594069992557677
3588,2021-09-18,2021,12,19,Inter Miami,New York Red Bulls,1505.2936242379187,1465.8918897395918,99.40173449832696,99.40173449832696,0.6392712074178484
3589,2021-09-19,2021,1,25,Austin FC,San Jose Earthquakes,1435.5573202413834,1485.789472587395,9.767847653988383,9.767847653988383,0.5140533603332968
3590,2021-09-19,2021,2,4,CF Montreal,Chicago Fire,1506.5167064551738,1459.280215988435,107.23649046673881,107.23649046673881,0.6496048781390767
3591,2021-09-19,2021,9,18,FC Cincinnati,New York City,1459.117552118439,1512.4046315140274,6.712920604411693,-6.712920604411693,0.5096594673460645
3592,2021-09-19,2021,11,10,Houston Dynamo,FC Dallas,1460.2802017489496,1480.8751105006515,39.40509124829805,39.40509124829805,0.5564665746385865
3593,2021-09-19,2021,15,14,Minnesota United,Los Angeles Galaxy,1504.5627461205736,1510.4090225183797,54.15372360219385,54.15372360219385,0.5773084279192273
3594,2021-09-19,2021,17,7,New England Revolution,Columbus Crew,1578.8320801671414,1477.277227338402,161.55485282873929,161.55485282873929,0.7170721387505147
3595,2021-09-19,2021,21,20,Philadelphia Union,Orlando City,1502.0239158825102,1513.5725805603965,48.451335322113664,48.451335322113664,0.5692785603451256
3596,2021-09-19,2021,23,26,Real Salt Lake,Seattle Sounders,1499.1079402391229,1547.1340307594398,11.973909479683016,11.973909479683016,0.5172250218138125
3597,2021-09-19,2021,29,16,Toronto FC,Nashville SC,1430.9158064861983,1547.4504476901723,-56.53464120397393,56.53464120397393,0.41935066159619633
3598,2021-09-20,2021,6,30,Colorado Rapids,Vancouver Whitecaps,1552.306747391183,1496.4768858719538,115.82986151922933,115.82986151922933,0.66077959432981
3599,2021-09-20,2021,22,13,Portland Timbers,Los Angeles FC,1508.169697717986,1499.3403965346515,68.82930118333456,68.82930118333456,0.5977775274390742
3600,2021-09-23,2021,4,17,Chicago Fire,New England Revolution,1454.0242891605212,1575.5759980858836,-61.55170892536239,-61.55170892536239,0.4123351970862747
3601,2021-09-23,2021,12,16,Inter Miami,Nashville SC,1495.704556126651,1538.7407076141153,16.963848512535606,-16.963848512535606,0.5243935590435529
3602,2021-09-23,2021,19,18,New York Red Bulls,New York City,1475.4809578508596,1520.0495235242183,15.431434326641238,-15.431434326641238,0.5221930275771677
3603,2021-09-25,2021,21,0,Philadelphia Union,Atlanta Utd,1508.4847374773333,1516.2680617092606,52.21667576807272,52.21667576807272,0.57458511490026
3604,2021-09-26,2021,4,16,Chicago Fire,Nashville SC,1447.8392612042271,1546.6066109997687,-38.76734979554158,38.76734979554158,0.44443969061717387
3605,2021-09-26,2021,6,29,Colorado Rapids,Toronto FC,1549.895053476236,1439.6255465622553,170.26950691398065,170.26950691398065,0.727137992698631
3606,2021-09-26,2021,7,2,Columbus Crew,CF Montreal,1480.5333094196599,1511.7726332830875,28.76067613657233,28.76067613657233,0.5412956568679124
3607,2021-09-26,2021,8,9,DC United,FC Cincinnati,1497.9355777721235,1451.4726601082482,106.46291766387526,106.46291766387526,0.6485906096744785
3608,2021-09-26,2021,15,11,Minnesota United,Houston Dynamo,1510.9031197017853,1466.933203129371,103.96991657241438,103.96991657241438,0.6453128146171832
3609,2021-09-26,2021,17,20,New England Revolution,Orlando City,1581.7610260421777,1507.1117589655735,134.64926707660425,134.64926707660425,0.684623845236792
3610,2021-09-26,2021,18,19,New York City,New York Red Bulls,1520.3824189378759,1475.148062437202,105.23435650067381,105.23435650067381,0.6469770266788016
3611,2021-09-26,2021,22,23,Portland Timbers,Real Salt Lake,1514.2030348064,1506.3495649119156,67.8534698944843,67.8534698944843,0.5964261588779239
3612,2021-09-26,2021,25,13,San Jose Earthquakes,Los Angeles FC,1493.5002729923945,1493.3070594462376,60.19321354615681,-60.19321354615681,0.5857685792195172
3613,2021-09-26,2021,30,10,Vancouver Whitecaps,FC Dallas,1498.888579786901,1474.2221091202302,84.66647066667065,84.66647066667065,0.6194888879472225
3614,2021-09-27,2021,1,14,Austin FC,Los Angeles Galaxy,1427.846519836384,1504.068648937168,-16.22212910078406,16.22212910078406,0.4766714296429942
3615,2021-09-27,2021,27,26,Sporting Kansas City,Seattle Sounders,1547.210110108539,1539.892406086647,67.31770402189204,67.31770402189204,0.5956835856891904
3616,2021-09-30,2021,0,12,Atlanta Utd,Inter Miami,1509.8868384327645,1487.8386527409975,82.048185691767,82.048185691767,0.6159297232555192
3617,2021-09-30,2021,2,17,CF Montreal,New England Revolution,1504.8920681361062,1586.4916683636259,-21.59960022751966,21.59960022751966,0.46895566110453035
3618,2021-09-30,2021,4,18,Chicago Fire,New York City,1448.6726658449695,1510.6777635376939,-2.0050976927243482,2.0050976927243482,0.4971144644993541
3619,2021-09-30,2021,6,1,Colorado Rapids,Austin FC,1546.4879835857564,1435.696448391739,170.79153519401734,170.79153519401734,0.7277338098190775
3620,2021-09-30,2021,8,15,DC United,Minnesota United,1503.2067186270062,1516.2234274825275,46.9832911444787,46.9832911444787,0.5672052329383391
3621,2021-09-30,2021,10,27,FC Dallas,Sporting Kansas City,1468.5144424394387,1538.2748563232012,-9.760413883762567,-9.760413883762567,0.48595732927711405
3622,2021-09-30,2021,11,30,Houston Dynamo,Vancouver Whitecaps,1461.6128953486286,1504.5962464676925,17.016648880936145,17.016648880936145,0.5244693634589833
3623,2021-09-30,2021,13,22,Los Angeles FC,Portland Timbers,1487.0935881345304,1520.2566424232311,26.836945711299222,26.836945711299222,0.5385448410351433
3624,2021-09-30,2021,16,20,Nashville SC,Orlando City,1545.7732063590263,1502.3811166441253,103.39208971490098,103.39208971490098,0.6445511237066103
3625,2021-09-30,2021,19,21,New York Red Bulls,Philadelphia Union,1484.852717837384,1514.8659607538293,29.98675708355472,29.98675708355472,0.5430475752612515
3626,2021-09-30,2021,23,14,Real Salt Lake,Los Angeles Galaxy,1500.2959572950845,1496.218720381813,64.07723691327146,64.07723691327146,0.5911830568681014
3627,2021-09-30,2021,25,26,San Jose Earthquakes,Seattle Sounders,1499.7137443041017,1548.827659871985,10.886084432116832,10.886084432116832,0.5156612101105335
3628,2021-09-30,2021,29,9,Toronto FC,FC Cincinnati,1443.0326164527348,1446.2015192533654,56.831097199369424,56.831097199369424,0.5810648157313466
3629,2021-10-02,2021,1,23,Austin FC,Real Salt Lake,1431.6124555390252,1506.428211442063,-14.815755903037825,-14.815755903037825,0.4786913279392934
3630,2021-10-03,2021,2,0,CF Montreal,Atlanta Utd,1497.8577332195382,1515.6478925839317,42.2098406356065,42.2098406356065,0.5604477381484676
3631,2021-10-03,2021,9,19,FC Cincinnati,New York Red Bulls,1439.9174914893356,1484.2070042084652,15.710487280870439,-15.710487280870439,0.5225938115056816
3632,2021-10-03,2021,10,15,FC Dallas,Minnesota United,1461.225082500282,1509.7315059766026,11.493576523679394,11.493576523679394,0.5165345550632726
3633,2021-10-03,2021,18,16,New York City,Nashville SC,1503.1344805051842,1543.6049395034272,19.529541001757025,19.529541001757025,0.5280757054040571
3634,2021-10-03,2021,20,8,Orlando City,DC United,1504.5493834997244,1509.6986401329311,54.85074336679327,54.85074336679327,0.5782872347723663
3635,2021-10-03,2021,21,7,Philadelphia Union,Columbus Crew,1515.5116743827482,1487.4138745666412,88.097799816107,88.097799816107,0.6241338380014557
3636,2021-10-03,2021,22,12,Portland Timbers,Inter Miami,1528.3348150387583,1482.0775985898304,106.25721644892792,106.25721644892792,0.6483206785633191
3637,2021-10-03,2021,27,11,Sporting Kansas City,Houston Dynamo,1545.5642162623578,1461.2458548967438,144.318361365614,144.318361365614,0.6965162948091703
3638,2021-10-03,2021,29,4,Toronto FC,Chicago Fire,1449.3166442167646,1456.2159488774791,53.100695339285494,53.100695339285494,0.5758285378751601
3639,2021-10-03,2021,30,25,Vancouver Whitecaps,San Jose Earthquakes,1504.9632869195773,1491.9788261524438,72.98446076713344,72.98446076713344,0.6035149144684774
3640,2021-10-04,2021,14,13,Los Angeles Galaxy,Los Angeles FC,1490.0864662348345,1479.0154155190032,71.07105071583123,71.07105071583123,0.6008763381285557
3641,2021-10-04,2021,26,6,Seattle Sounders,Colorado Rapids,1556.5625780236428,1550.5719764384703,65.9906015851725,65.9906015851725,0.5938423363359427
3642,2021-10-09,2021,19,12,New York Red Bulls,Inter Miami,1492.0459113810505,1476.8024087682802,75.24350261277027,75.24350261277027,0.6066223670155153
3643,2021-10-10,2021,9,21,FC Cincinnati,Philadelphia Union,1432.0785843167503,1521.1496668127263,-29.071082495976043,29.071082495976043,0.4582607124837951
3644,2021-10-10,2021,15,6,Minnesota United,Colorado Rapids,1509.9795243025517,1544.4796114835094,25.499912819042265,25.499912819042265,0.5366315727246447
3645,2021-10-10,2021,26,30,Seattle Sounders,Vancouver Whitecaps,1562.6549429786037,1510.91056320255,111.74437977605362,111.74437977605362,0.6554882900214216
3646,2021-10-16,2021,2,21,CF Montreal,Philadelphia Union,1504.4510171473112,1528.0235774999833,36.4274396473279,36.4274396473279,0.552232047494085
3647,2021-10-16,2021,7,12,Columbus Crew,Inter Miami,1481.775882136663,1470.901744273513,70.87413786315005,70.87413786315005,0.600604461450401
3648,2021-10-16,2021,13,25,Los Angeles FC,San Jose Earthquakes,1480.5285605909316,1486.031549869471,54.49701072146058,54.49701072146058,0.5777905735196839
3649,2021-10-17,2021,1,15,Austin FC,Minnesota United,1439.4320856199358,1501.930050711682,-2.4979650917462095,-2.4979650917462095,0.4964052012012587
3650,2021-10-17,2021,8,16,DC United,Nashville SC,1503.3729486545167,1544.026075084488,19.34687357002872,19.34687357002872,0.5278136469801477
3651,2021-10-17,2021,9,20,FC Cincinnati,Orlando City,1425.2046736294933,1510.8750749781389,-25.670401348645555,25.670401348645555,0.46312440027900115
3652,2021-10-17,2021,11,26,Houston Dynamo,Seattle Sounders,1456.6935993188813,1567.8226186282823,-51.129019309400974,-51.129019309400974,0.42694602871801485
3653,2021-10-17,2021,14,22,Los Angeles Galaxy,Portland Timbers,1488.573321162906,1533.6100048603084,14.963316302597605,14.963316302597605,0.5215206390066224
3654,2021-10-17,2021,17,4,New England Revolution,Chicago Fire,1593.526003280194,1449.8533769456064,203.67262633458745,203.67262633458745,0.7635846697424848
3655,2021-10-17,2021,19,18,New York Red Bulls,New York City,1497.9465758758176,1502.7133449241235,55.23323095169417,-55.23323095169417,0.5788240914565345
3656,2021-10-17,2021,23,6,Real Salt Lake,Colorado Rapids,1498.6085813611523,1552.529085074379,6.079496286773292,-6.079496286773292,0.5087482056080277
3657,2021-10-17,2021,29,0,Toronto FC,Atlanta Utd,1455.6792161486374,1509.0546086561587,6.624607492478617,6.624607492478617,0.5095324213742475
3658,2021-10-18,2021,30,27,Vancouver Whitecaps,Sporting Kansas City,1505.7428875528715,1550.1164718402204,15.626415712651124,-15.626415712651124,0.5224730685248846
3659,2021-10-21,2021,0,18,Atlanta Utd,New York City,1516.6975949767725,1496.3957062959714,80.30188868080108,80.30188868080108,0.6135489478800259
3660,2021-10-21,2021,6,26,Colorado Rapids,Seattle Sounders,1545.1603081584994,1559.2268090590526,45.93349909944686,45.93349909944686,0.5657211564072573
3661,2021-10-21,2021,8,17,DC United,New England Revolution,1502.9557439498144,1589.5722332340565,-26.616489284242107,-26.616489284242107,0.46177055121919836
3662,2021-10-21,2021,9,4,FC Cincinnati,Chicago Fire,1418.2578076253083,1453.8071469917438,24.45066063356444,-24.45066063356444,0.5351293545263395
3663,2021-10-21,2021,10,13,FC Dallas,Los Angeles FC,1460.977064174333,1486.8617019881365,34.115362186196535,-34.115362186196535,0.5489387702598157
3664,2021-10-21,2021,11,14,Houston Dynamo,Los Angeles Galaxy,1465.289408888111,1495.7505115778067,29.538897310304264,29.538897310304264,0.5424077600240276
3665,2021-10-21,2021,12,29,Inter Miami,Toronto FC,1464.910811195269,1448.0362298280236,76.87458136724536,76.87458136724536,0.6088606807872006
3666,2021-10-21,2021,15,21,Minnesota United,Philadelphia Union,1509.376128729701,1528.8070582123946,40.56907051730627,40.56907051730627,0.5581196797623341
3667,2021-10-21,2021,16,7,Nashville SC,Columbus Crew,1544.4432797891902,1487.7668152149072,116.67646457428305,116.67646457428305,0.6618711178642308
3668,2021-10-21,2021,20,2,Orlando City,CF Montreal,1517.821940982324,1503.6675364348998,74.15440454742406,74.15440454742406,0.605125305158822
3669,2021-10-21,2021,22,30,Portland Timbers,Vancouver Whitecaps,1526.4328144454078,1512.9057915249982,73.52702292040954,73.52702292040954,0.6042620154678665
3670,2021-10-21,2021,25,1,San Jose Earthquakes,Austin FC,1479.6984084722662,1431.986007601917,107.71240087034926,107.71240087034926,0.6502281966058149
3671,2021-10-23,2021,7,19,Columbus Crew,New York Red Bulls,1490.1948819828706,1504.2642145039697,45.93066747890089,45.93066747890089,0.5657171517780488
3672,2021-10-23,2021,26,27,Seattle Sounders,Sporting Kansas City,1560.2126264051615,1542.9535678680936,77.25905853706786,77.25905853706786,0.609387632545133
3673,2021-10-24,2021,1,11,Austin FC,Houston Dynamo,1426.7394305510043,1457.1532924877506,29.586138063253657,29.586138063253657,0.5424752550925244
3674,2021-10-24,2021,4,23,Chicago Fire,Real Salt Lake,1461.834087309639,1505.977358277032,15.856729032607063,15.856729032607063,0.5228038365566995
3675,2021-10-24,2021,6,22,Colorado Rapids,Portland Timbers,1544.1744908123906,1517.3688842133897,86.80560659900084,86.80560659900084,0.6223872386045629
3676,2021-10-24,2021,12,9,Inter Miami,FC Cincinnati,1470.777900983461,1410.230867307413,120.54703367604793,120.54703367604793,0.6668393834612746
3677,2021-10-24,2021,14,10,Los Angeles Galaxy,FC Dallas,1503.886627978167,1452.7429826204357,111.14364535773143,111.14364535773143,0.6547069496117265
3678,2021-10-24,2021,15,13,Minnesota United,Los Angeles FC,1516.004333533266,1495.0957835420338,80.90854999123212,80.90854999123212,0.6143766481265053
3679,2021-10-24,2021,18,8,New York City,DC United,1498.0989405141718,1496.0291856815265,62.06975483264523,62.06975483264523,0.5883872236270467
3680,2021-10-24,2021,21,16,Philadelphia Union,Nashville SC,1522.1788534088296,1542.0152130212268,40.163640387602754,40.163640387602754,0.557544024565541
3681,2021-10-24,2021,25,30,San Jose Earthquakes,Vancouver Whitecaps,1484.944985523179,1521.9697217570163,22.975263766162698,22.975263766162698,0.5330159509652167
3682,2021-10-24,2021,29,2,Toronto FC,CF Montreal,1442.1691400398315,1505.2444160122823,-3.075275972450754,3.075275972450754,0.4955744376932872
3683,2021-10-25,2021,20,17,Orlando City,New England Revolution,1516.2450614049415,1596.4987915023444,-20.253730097402922,-20.253730097402922,0.47088551180665184
3684,2021-10-27,2021,13,26,Los Angeles FC,Seattle Sounders,1496.8114332639313,1551.0718119169844,5.739621346946933,5.739621346946933,0.50825922776999
3685,2021-10-28,2021,0,12,Atlanta Utd,Inter Miami,1514.9943607585722,1475.7753102315419,99.21905052703028,99.21905052703028,0.6390286661379311
3686,2021-10-28,2021,7,20,Columbus Crew,Orlando City,1481.7091247061999,1516.6817787278417,25.0273459783582,25.0273459783582,0.5359550776904941
3687,2021-10-28,2021,8,19,DC United,New York Red Bulls,1489.8549940359324,1512.7499717806404,37.10502225529194,37.10502225529194,0.5531963283409986
3688,2021-10-28,2021,9,16,FC Cincinnati,Nashville SC,1405.2334580593322,1535.3783733897099,-70.14491533037767,70.14491533037767,0.400402911647338
3689,2021-10-28,2021,10,23,FC Dallas,Real Salt Lake,1455.0635868646116,1498.8194158253825,16.24417103922906,16.24417103922906,0.5233602221097066
3690,2021-10-28,2021,17,6,New England Revolution,Colorado Rapids,1596.0620741794442,1549.838682233322,106.22339194612209,106.22339194612209,0.6482762833275677
3691,2021-10-28,2021,18,4,New York City,Chicago Fire,1504.273132159766,1468.9920297612884,95.28110239847751,95.28110239847751,0.6337833584570317
3692,2021-10-28,2021,22,25,Portland Timbers,San Jose Earthquakes,1511.7046927924582,1484.4497462587008,87.25494653375745,87.25494653375745,0.6229949541606962
3693,2021-10-28,2021,27,14,Sporting Kansas City,Los Angeles Galaxy,1552.0943823562707,1501.5660237339912,110.52835862227948,110.52835862227948,0.6539058147657307
3694,2021-10-28,2021,29,21,Toronto FC,Philadelphia Union,1442.2355234744323,1528.8156930403466,-26.580169565914275,26.580169565914275,0.46182251435217964
3695,2021-10-28,2021,30,15,Vancouver Whitecaps,Minnesota United,1522.4649610214944,1514.2886838113684,68.17627721012605,68.17627721012605,0.5968733578756631
3696,2021-10-30,2021,0,29,Atlanta Utd,Toronto FC,1520.408930766503,1442.8081857591496,137.60074500735345,137.60074500735345,0.688280681774467
3697,2021-10-30,2021,12,18,Inter Miami,New York City,1470.360740223611,1509.7663817829105,20.59435844070049,-20.59435844070049,0.5296030016484687
3698,2021-10-30,2021,19,2,New York Red Bulls,CF Montreal,1506.0479167057554,1505.1780325776815,60.86988412807386,60.86988412807386,0.5867134153379121
3699,2021-10-30,2021,23,25,Real Salt Lake,San Jose Earthquakes,1506.669819157028,1478.7946705711113,87.8751485859168,87.8751485859168,0.6238331190509214
3700,2021-10-31,2021,8,7,DC United,Columbus Crew,1496.5570491108174,1488.6697985408425,67.88725056997487,67.88725056997487,0.5964729642361836
3701,2021-10-31,2021,10,1,FC Dallas,Austin FC,1447.213183532966,1433.6023017246164,73.61088180834963,73.61088180834963,0.6043774447414699
3702,2021-10-31,2021,11,6,Houston Dynamo,Colorado Rapids,1450.2904213141385,1544.5628264832355,-34.272405169097055,34.272405169097055,0.45083740175009107
3703,2021-10-31,2021,15,27,Minnesota United,Sporting Kansas City,1508.2417841795034,1557.2857951347846,10.955989044718763,10.955989044718763,0.5157617116012566
3704,2021-10-31,2021,20,16,Orlando City,Nashville SC,1509.721104893199,1541.38441706442,28.336687828779077,28.336687828779077,0.5406895900163947
3705,2021-10-31,2021,21,9,Philadelphia Union,FC Cincinnati,1528.2430307556292,1399.227414384622,189.01561637100713,189.01561637100713,0.7480164856975404
3706,2021-11-02,2021,26,14,Seattle Sounders,Los Angeles Galaxy,1543.6957003335342,1496.3746109554772,107.32108937805697,107.32108937805697,0.6497157180459112
3707,2021-11-03,2021,2,11,CF Montreal,Houston Dynamo,1498.9787338077501,1443.527860287887,115.45087351986308,115.45087351986308,0.6602904106765476
3708,2021-11-03,2021,13,30,Los Angeles FC,Vancouver Whitecaps,1504.1875448473816,1528.5118606533595,35.6756841940221,35.6756841940221,0.5511617502785895
3709,2021-11-03,2021,19,0,New York Red Bulls,Atlanta Utd,1512.2472154756867,1517.5847205398861,54.66249493580062,54.66249493580062,0.5780229426501916
3710,2021-11-04,2021,1,27,Austin FC,Sporting Kansas City,1427.6679633957385,1550.0222208088035,-62.35425741306494,62.35425741306494,0.4112161961714053
3711,2021-11-04,2021,23,22,Real Salt Lake,Portland Timbers,1497.3123223712644,1517.3597684800477,39.95255389121667,39.95255389121667,0.5572442493707913
3712,2021-11-07,2021,2,20,CF Montreal,Orlando City,1504.074377647602,1509.110761042953,54.963616604648905,54.963616604648905,0.5784456821032167
3713,2021-11-07,2021,6,13,Colorado Rapids,Los Angeles FC,1551.325387509487,1503.4201185932027,107.90526891628429,107.90526891628429,0.6504806574896306
3714,2021-11-07,2021,7,4,Columbus Crew,Chicago Fire,1497.6168930043852,1463.498780138144,94.11811286624129,94.11811286624129,0.6322281166125905
3715,2021-11-07,2021,9,0,FC Cincinnati,Atlanta Utd,1395.4476616700852,1518.755064679639,-63.30740300955381,63.30740300955381,0.4098884091710101
3716,2021-11-07,2021,14,15,Los Angeles Galaxy,Minnesota United,1498.620346726166,1515.5053585054845,43.114988220681425,43.114988220681425,0.5617309045762515
3717,2021-11-07,2021,16,19,Nashville SC,New York Red Bulls,1541.994760914666,1511.076871335934,90.917889578732,90.917889578732,0.6279343821213095
3718,2021-11-07,2021,17,12,New England Revolution,Inter Miami,1601.3379299295307,1462.4166951988839,198.9212347306468,198.9212347306468,0.7586116015469428
3719,2021-11-07,2021,18,21,New York City,Philadelphia Union,1517.7104268076375,1532.0227834701661,45.6876433374714,45.6876433374714,0.5653734221274234
3720,2021-11-07,2021,22,1,Portland Timbers,Austin FC,1525.7184322206097,1436.4997204531674,149.2187117674423,149.2187117674423,0.7024458211812664
3721,2021-11-07,2021,25,10,San Jose Earthquakes,FC Dallas,1488.152167356875,1453.1475218618439,95.00464549503113,95.00464549503113,0.6334139095167451
3722,2021-11-07,2021,27,23,Sporting Kansas City,Real Salt Lake,1541.1904637513746,1488.9536586307024,112.23680512067222,112.23680512067222,0.656128132923057
3723,2021-11-07,2021,29,8,Toronto FC,DC United,1445.6323959857666,1487.6099546472747,18.022441338491944,-18.022441338491944,0.5259131399361024
3724,2021-11-07,2021,30,26,Vancouver Whitecaps,Seattle Sounders,1529.2792869075383,1541.4499645628455,47.829322344692855,-47.829322344692855,0.5684003799435702
3725,2021-11-20,2021,21,19,Philadelphia Union,New York Red Bulls,1533.0033848020776,1512.9958870677535,80.00749773432403,80.00749773432403,0.6131470577593098
3726,2021-11-20,2021,27,30,Sporting Kansas City,Vancouver Whitecaps,1531.348541757529,1528.2532812083848,63.095260549144086,63.095260549144086,0.5898161770003466
3727,2021-11-21,2021,18,0,New York City,Atlanta Utd,1516.729825475726,1524.9033908172041,51.826434658521976,51.826434658521976,0.5740359176467523
3728,2021-11-21,2021,22,15,Portland Timbers,Minnesota United,1530.1817449028906,1516.4313220741283,73.75042282876234,73.75042282876234,0.6045694930336719
3729,2021-11-24,2021,16,20,Nashville SC,Orlando City,1540.0757451828463,1517.7874462745012,82.28829890834504,82.28829890834504,0.616256645121986
3730,2021-11-24,2021,26,23,Seattle Sounders,Real Salt Lake,1542.475970261999,1498.7955806245482,103.68038963745084,103.68038963745084,0.6449312522366508
3731,2021-11-25,2021,6,22,Colorado Rapids,Portland Timbers,1556.5681776471424,1536.1132025073855,80.45497513975693,80.45497513975693,0.6137578739820628
3732,2021-11-28,2021,21,16,Philadelphia Union,Nashville SC,1531.306178935688,1545.8318955060165,45.47428342967146,45.47428342967146,0.5650715972739858
3733,2021-11-28,2021,27,23,Sporting Kansas City,Real Salt Lake,1537.5012991025237,1500.969549408098,96.5317496944258,96.5317496944258,0.6354527164877853
3734,2021-12-01,2021,17,18,New England Revolution,New York City,1589.9587559063266,1523.1192867110249,126.83946919530172,126.83946919530172,0.6748374591095871
3735,2021-12-04,2021,22,23,Portland Timbers,Real Salt Lake,1545.3195706171164,1510.5013401554147,94.81823046170166,94.81823046170166,0.6331647013058667
3736,2021-12-05,2021,21,18,Philadelphia Union,New York City,1530.3301049765782,1525.7418485976686,64.58825637890959,-64.58825637890959,0.5918938238060449
3737,2021-12-11,2021,22,18,Portland Timbers,New York City,1550.8221000975284,1534.6202559547594,76.201844142769,-76.201844142769,0.6079380389514091
3738,2022-02-26,2022,1,9,Austin FC,FC Cincinnati,1500.0,1500.0,60.0,60.0,0.5854986786718095
3739,2022-02-26,2022,7,30,Columbus Crew,Vancouver Whitecaps,1500.0,1500.0,60.0,60.0,0.5854986786718095
3740,2022-02-26,2022,8,3,DC United,Charlotte,1500.0,1500.0,60.0,60.0,0.5854986786718095
3741,2022-02-26,2022,10,29,FC Dallas,Toronto FC,1500.0,1500.0,60.0,60.0,0.5854986786718095
3742,2022-02-26,2022,12,4,Inter Miami,Chicago Fire,1500.0,1500.0,60.0,-60.0,0.5854986786718095
3743,2022-02-26,2022,13,6,Los Angeles FC,Colorado Rapids,1500.0,1500.0,60.0,60.0,0.5854986786718095
3744,2022-02-26,2022,21,15,Philadelphia Union,Minnesota United,1500.0,1500.0,60.0,60.0,0.5854986786718095
3745,2022-02-26,2022,25,19,San Jose Earthquakes,New York Red Bulls,1500.0,1500.0,60.0,60.0,0.5854986786718095
3746,2022-02-27,2022,0,27,Atlanta Utd,Sporting Kansas City,1500.0,1500.0,60.0,60.0,0.5854986786718095
3747,2022-02-27,2022,20,2,Orlando City,CF Montreal,1500.0,1500.0,60.0,60.0,0.5854986786718095
3748,2022-02-27,2022,22,17,Portland Timbers,New England Revolution,1500.0,1500.0,60.0,60.0,0.5854986786718095
3749,2022-02-28,2022,11,23,Houston Dynamo,Real Salt Lake,1500.0,1500.0,60.0,60.0,0.5854986786718095
3750,2022-02-28,2022,26,16,Seattle Sounders,Nashville SC,1500.0,1500.0,60.0,60.0,0.5854986786718095
3751,2022-03-05,2022,2,21,CF Montreal,Philadelphia Union,1493.782480180077,1498.717519819923,55.064960360154146,55.064960360154146,0.578587931007608
3752,2022-03-05,2022,4,20,Chicago Fire,Orlando City,1501.282480180077,1506.217519819923,55.064960360154146,55.064960360154146,0.578587931007608
3753,2022-03-05,2022,6,0,Colorado Rapids,Atlanta Utd,1493.782480180077,1506.217519819923,47.564960360154146,47.564960360154146,0.5680270135380762
3754,2022-03-05,2022,9,8,FC Cincinnati,DC United,1493.782480180077,1506.217519819923,47.564960360154146,-47.564960360154146,0.5680270135380762
3755,2022-03-05,2022,15,16,Minnesota United,Nashville SC,1501.282480180077,1508.782480180077,52.5,52.5,0.5749837298179947
3756,2022-03-05,2022,17,10,New England Revolution,FC Dallas,1501.282480180077,1498.717519819923,62.564960360154146,62.564960360154146,0.5890774372974298
3757,2022-03-05,2022,23,26,Real Salt Lake,Seattle Sounders,1501.282480180077,1491.217519819923,70.06496036015415,70.06496036015415,0.599486584401617
3758,2022-03-05,2022,25,7,San Jose Earthquakes,Columbus Crew,1491.217519819923,1506.217519819923,45.0,-45.0,0.5644004902404213
3759,2022-03-05,2022,27,11,Sporting Kansas City,Houston Dynamo,1493.782480180077,1498.717519819923,55.064960360154146,55.064960360154146,0.578587931007608
3760,2022-03-05,2022,29,19,Toronto FC,New York Red Bulls,1501.282480180077,1508.782480180077,52.5,52.5,0.5749837298179947
3761,2022-03-05,2022,30,18,Vancouver Whitecaps,New York City,1493.782480180077,1500.0,53.78248018007707,-53.78248018007707,0.5767868519878576
3762,2022-03-06,2022,1,12,Austin FC,Inter Miami,1506.217519819923,1498.717519819923,67.5,67.5,0.5959362978529087
3763,2022-03-06,2022,3,14,Charlotte,Los Angeles Galaxy,1493.782480180077,1500.0,53.78248018007707,-53.78248018007707,0.5767868519878576
3764,2022-03-07,2022,13,22,Los Angeles FC,Portland Timbers,1506.217519819923,1498.717519819923,67.5,67.5,0.5959362978529087
3765,2022-03-12,2022,7,29,Columbus Crew,Toronto FC,1507.1835271735292,1492.6577242328071,74.52580294072209,74.52580294072209,0.6056360483352028
3766,2022-03-12,2022,11,30,Houston Dynamo,Vancouver Whitecaps,1492.396338785037,1492.6306774002592,59.765661384777786,59.765661384777786,0.5851712615237159
3767,2022-03-12,2022,12,13,Inter Miami,Los Angeles FC,1492.6565642877165,1504.7784753521294,47.87808893558713,-47.87808893558713,0.5684692459922654
3768,2022-03-12,2022,18,2,New York City,CF Montreal,1501.151802779818,1485.103661214963,76.04814156485486,76.04814156485486,0.6077271313053267
3769,2022-03-12,2022,26,14,Seattle Sounders,Los Angeles Galaxy,1485.2098185859472,1508.651802779818,36.55801580612933,36.55801580612933,0.5524179037263582
3770,2022-03-13,2022,0,3,Atlanta Utd,Charlotte,1499.737925022994,1485.1306774002592,74.6072476227348,74.6072476227348,0.6057480194082203
3771,2022-03-13,2022,6,27,Colorado Rapids,Sporting Kansas City,1500.262074977006,1500.103661214963,60.15841376204298,60.15841376204298,0.5857199711001955
3772,2022-03-13,2022,8,4,DC United,Chicago Fire,1514.737925022994,1500.103661214963,74.63426380803094,74.63426380803094,0.6057851591147058
3773,2022-03-13,2022,10,16,FC Dallas,Nashville SC,1492.5536813793844,1509.907236127347,42.64644525203744,42.64644525203744,0.5610667849125673
3774,2022-03-13,2022,17,23,New England Revolution,Real Salt Lake,1507.4463186206156,1507.2901814140528,60.15613720656279,60.15613720656279,0.5857167911636489
3775,2022-03-13,2022,19,15,New York Red Bulls,Minnesota United,1517.407236127347,1500.1577242328071,77.24951189453986,77.24951189453986,0.6093745513147476
3776,2022-03-13,2022,20,9,Orlando City,FC Cincinnati,1507.396338785037,1485.262074977006,82.13426380803094,82.13426380803094,0.6160469334420032
3777,2022-03-13,2022,21,25,Philadelphia Union,San Jose Earthquakes,1507.396338785037,1490.2515124663166,77.14482631872033,77.14482631872033,0.6092310962112839
3778,2022-03-13,2022,22,1,Portland Timbers,Austin FC,1500.1565642877165,1512.2784753521294,47.87808893558713,47.87808893558713,0.5684692459922654
3779,2022-03-19,2022,0,2,Atlanta Utd,CF Montreal,1505.6517047318707,1479.219568184543,86.43213654732767,86.43213654732767,0.6218818412795893
3780,2022-03-19,2022,3,17,Charlotte,New England Revolution,1479.2168976913824,1498.6605667531608,40.55633093822166,-40.55633093822166,0.5581015936749915
3781,2022-03-19,2022,4,27,Chicago Fire,Sporting Kansas City,1509.1904386016836,1493.889460781466,75.30097782021767,75.30097782021767,0.6067013164462515
3782,2022-03-19,2022,9,12,FC Cincinnati,Inter Miami,1494.5027789786361,1484.1295255978325,70.37325338080359,70.37325338080359,0.5999126133813583
3783,2022-03-19,2022,14,20,Los Angeles Galaxy,Orlando City,1501.9380713357132,1498.1556347834069,63.78243655230631,63.78243655230631,0.5907728511814903
3784,2022-03-19,2022,18,21,New York City,Philadelphia Union,1507.035895810238,1513.2578723418676,53.77802346837029,53.77802346837029,0.5767805895187293
3785,2022-03-19,2022,29,8,Toronto FC,DC United,1486.7422649578352,1505.6511476362734,41.091117321561796,41.091117321561796,0.5588606844616792
3786,2022-03-20,2022,1,26,Austin FC,Seattle Sounders,1505.8055140420133,1491.923550030052,73.88196401196137,73.88196401196137,0.6047505017273506
3787,2022-03-20,2022,10,22,FC Dallas,Portland Timbers,1499.137679605696,1506.6295255978325,52.50815400786337,52.50815400786337,0.5749952004251454
3788,2022-03-20,2022,11,6,Houston Dynamo,Colorado Rapids,1498.6187698621811,1506.4762754105031,52.142494451677976,52.142494451677976,0.5744807315788734
3789,2022-03-20,2022,15,25,Minnesota United,San Jose Earthquakes,1509.2983425025284,1484.389978909486,84.9083635930424,84.9083635930424,0.619817064393312
3790,2022-03-20,2022,19,7,New York Red Bulls,Columbus Crew,1508.2666178576258,1513.0989864485011,55.167631409124624,55.167631409124624,0.5787320296377495
3791,2022-03-20,2022,23,16,Real Salt Lake,Nashville SC,1516.0759332815076,1503.3232379010356,72.752695380472,72.752695380472,0.6031956290732099
3792,2022-03-21,2022,13,30,Los Angeles FC,Vancouver Whitecaps,1513.3055140420133,1486.408246323115,86.89726771889832,86.89726771889832,0.6225112381645399
3793,2022-03-26,2022,3,9,Charlotte,FC Cincinnati,1485.8453737862576,1500.5040897779159,45.341284008341745,45.341284008341745,0.5648834281718207
3794,2022-03-26,2022,27,23,Sporting Kansas City,Real Salt Lake,1487.9899805281598,1522.0279988454095,25.96198168275032,25.96198168275032,0.5372929092236549
3795,2022-03-27,2022,22,20,Portland Timbers,Orlando City,1500.2544536042096,1507.0172275511293,53.23722605308035,53.23722605308035,0.5760204908225682
3796,2022-04-02,2022,4,10,Chicago Fire,FC Dallas,1515.0899188549897,1505.5127515993188,69.57716725567093,69.57716725567093,0.5988121977829753
3797,2022-04-02,2022,7,16,Columbus Crew,Nashville SC,1514.2799668930675,1497.3711723371337,76.90879455593381,76.90879455593381,0.6089075825690039
3798,2022-04-02,2022,9,2,FC Cincinnati,CF Montreal,1493.9773412004931,1481.0477958037368,72.92954539675634,72.92954539675634,0.6034392697371319
3799,2022-04-02,2022,29,18,Toronto FC,New York City,1493.35935469091,1498.384186967457,54.97516772345307,-54.97516772345307,0.5784618962316258
3800,2022-04-03,2022,6,23,Colorado Rapids,Real Salt Lake,1507.5934863841862,1515.0873924837642,52.506093900422,52.506093900422,0.5749923023875937
3801,2022-04-03,2022,8,0,DC United,Atlanta Utd,1499.0340579031986,1503.823477112677,55.21058079052159,55.21058079052159,0.5787923050394959
3802,2022-04-03,2022,12,11,Inter Miami,Houston Dynamo,1478.1282147985528,1497.501558888498,40.62665591005475,40.62665591005475,0.5582014304954559
3803,2022-04-03,2022,15,26,Minnesota United,Seattle Sounders,1515.0010865366287,1493.4948075559623,81.50627898066637,81.50627898066637,0.6151915151293367
3804,2022-04-03,2022,17,19,New England Revolution,New York Red Bulls,1492.0320906582856,1507.0856374130594,44.94645324522617,44.94645324522617,0.5643247071633791
3805,2022-04-03,2022,20,13,Orlando City,Los Angeles FC,1508.1575349134678,1518.9678454695452,49.18968944392259,49.18968944392259,0.5703204295556278
3806,2022-04-03,2022,21,3,Philadelphia Union,Charlotte,1521.9095811846485,1492.3721223636803,89.53745882096814,89.53745882096814,0.6260759633839498
3807,2022-04-03,2022,22,14,Portland Timbers,Los Angeles Galaxy,1499.1141462418711,1493.0764785679908,66.03766767388038,66.03766767388038,0.5939076822700177
3808,2022-04-03,2022,25,1,San Jose Earthquakes,Austin FC,1478.6872348753857,1504.234256516103,34.452978359282724,34.452978359282724,0.5494199384446942
3809,2022-04-03,2022,30,27,Vancouver Whitecaps,Sporting Kansas City,1480.7459148955832,1494.930586889805,45.815328005778156,45.815328005778156,0.565554025240514
3810,2022-04-09,2022,12,17,Inter Miami,New England Revolution,1469.755193341121,1483.567220050835,46.18797329028598,-46.18797329028598,0.566081012322679
3811,2022-04-09,2022,19,2,New York Red Bulls,CF Montreal,1515.55050802051,1490.0993848497938,85.4511231707163,85.4511231707163,0.6205530281700844
3812,2022-04-09,2022,20,4,Orlando City,Chicago Fire,1499.6027284701333,1513.607735888245,45.994992581888255,45.994992581888255,0.5658081216614815
3813,2022-04-09,2022,21,7,Philadelphia Union,Columbus Crew,1527.5184417338892,1505.1463531545323,82.37208857935684,82.37208857935684,0.6163707027420928
3814,2022-04-10,2022,3,0,Charlotte,Atlanta Utd,1486.7632618144396,1512.5053616882694,34.25790012617017,34.25790012617017,0.5491419255410842
3815,2022-04-10,2022,10,6,FC Dallas,Colorado Rapids,1506.9949345660634,1506.4686018483724,60.52633271769105,60.52633271769105,0.5862337933319912
3816,2022-04-10,2022,11,25,Houston Dynamo,San Jose Earthquakes,1505.8745803459299,1477.9459357987153,87.92864454721462,87.92864454721462,0.6239053809070065
3817,2022-04-10,2022,14,13,Los Angeles Galaxy,Los Angeles FC,1501.985093802041,1527.5226519128796,34.46244188916148,34.46244188916148,0.5494334244731469
3818,2022-04-10,2022,23,29,Real Salt Lake,Toronto FC,1516.212277019578,1499.6824262474356,76.52985077214248,76.52985077214248,0.6083879883895933
3819,2022-04-10,2022,27,16,Sporting Kansas City,Nashville SC,1488.4138972684127,1506.5047860756688,41.90911119274392,41.90911119274392,0.5600212346214196
3820,2022-04-10,2022,30,22,Vancouver Whitecaps,Portland Timbers,1487.2626045169754,1490.2055310078208,57.057073509154634,-57.057073509154634,0.5813814399778316
3821,2022-04-11,2022,1,15,Austin FC,Minnesota United,1504.9755555927734,1505.7732138096887,59.20234178308465,59.20234178308465,0.5843838858944614
3822,2022-04-16,2022,0,9,Atlanta Utd,FC Cincinnati,1505.7424905713856,1484.9257521544362,80.81673841694942,80.81673841694942,0.6142514270593737
3823,2022-04-16,2022,2,30,CF Montreal,Vancouver Whitecaps,1499.407680272345,1478.541882917308,80.8657973550371,80.8657973550371,0.614318340032574
3824,2022-04-16,2022,11,22,Houston Dynamo,Portland Timbers,1511.5159996323248,1498.9262526074883,72.58974702483647,72.58974702483647,0.6029710949653192
3825,2022-04-16,2022,25,16,San Jose Earthquakes,Nashville SC,1472.3045165123203,1514.90510459499,17.399411917330326,-17.399411917330326,0.5250188546376037
3826,2022-04-17,2022,4,14,Chicago Fire,Los Angeles Galaxy,1507.0948577131674,1508.7435924349438,58.351265278223536,58.351265278223536,0.5831934839730646
3827,2022-04-17,2022,7,20,Columbus Crew,Orlando City,1499.3919136956638,1506.115606645211,53.276307050452715,53.276307050452715,0.5760754318412437
3828,2022-04-17,2022,8,1,DC United,Austin FC,1490.3521733276061,1511.2097973043565,39.14237602324965,39.14237602324965,0.556093287194768
3829,2022-04-17,2022,13,27,Los Angeles FC,Sporting Kansas City,1520.7641532799769,1480.0135787490915,100.75057453088539,100.75057453088539,0.6410597963321106
3830,2022-04-17,2022,15,6,Minnesota United,Colorado Rapids,1499.5389720981057,1500.2621087483521,59.27686334975351,59.27686334975351,0.5844880726600691
3831,2022-04-17,2022,17,3,New England Revolution,Charlotte,1477.0584352356752,1493.5261329313234,43.53230230435179,43.53230230435179,0.5623222255691744
3832,2022-04-17,2022,18,23,New York City,Real Salt Lake,1492.0611154109315,1514.5864571937343,37.4746582171972,37.4746582171972,0.5537221961878483
3833,2022-04-17,2022,19,10,New York Red Bulls,FC Dallas,1506.2422125979588,1513.2014276660836,53.04078493187512,53.04078493187512,0.5757443006690409
3834,2022-04-17,2022,26,12,Seattle Sounders,Inter Miami,1502.7226802829023,1476.2639781562807,86.45870212662157,86.45870212662157,0.6219177998405119
3835,2022-04-17,2022,29,21,Toronto FC,Philadelphia Union,1501.3082460732794,1533.2728811927577,28.035364880521684,-28.035364880521684,0.5402587929412199
3836,2022-04-23,2022,10,11,FC Dallas,Houston Dynamo,1514.3375921761192,1509.971433207845,64.36615896827425,64.36615896827425,0.5915849599169818
3837,2022-04-23,2022,15,4,Minnesota United,Chicago Fire,1505.7716510082046,1505.8469554535714,59.92469555463322,59.92469555463322,0.5853934717679841
3838,2022-04-23,2022,21,2,Philadelphia Union,CF Montreal,1526.376763086876,1505.1929051718564,81.18385791501964,81.18385791501964,0.6147520475733291
3839,2022-04-24,2022,1,30,Austin FC,Vancouver Whitecaps,1519.551196612278,1472.7566580177966,106.79453859448154,106.79453859448154,0.6490255787148443
3840,2022-04-24,2022,6,3,Colorado Rapids,Charlotte,1494.0294298382532,1486.960966314861,67.06846352339221,67.06846352339221,0.5953379879722133
3841,2022-04-24,2022,8,17,DC United,New England Revolution,1482.0107740196845,1483.6236018521377,58.38717216754685,58.38717216754685,0.5832437266966254
3842,2022-04-24,2022,9,13,FC Cincinnati,Los Angeles FC,1486.6395235603268,1526.1482563349953,20.491267225331512,-20.491267225331512,0.5294551589252288
3843,2022-04-24,2022,14,16,Los Angeles Galaxy,Nashville SC,1509.9914946945398,1515.280387414554,54.711107279985754,54.711107279985754,0.5780911964277027
3844,2022-04-24,2022,18,29,New York City,Toronto FC,1498.7552824681138,1508.204364179161,50.550918288952744,50.550918288952744,0.5722395799706649
3845,2022-04-24,2022,20,19,Orlando City,New York Red Bulls,1514.7567381228298,1505.1060480879232,69.65069003490657,69.65069003490657,0.5989138689486582
3846,2022-04-24,2022,22,23,Portland Timbers,Real Salt Lake,1500.4708190319682,1507.892290136552,52.578528895416184,52.578528895416184,0.5750941965660774
3847,2022-04-24,2022,25,26,San Jose Earthquakes,Seattle Sounders,1471.9292336927563,1493.3939132852945,38.53532040746177,-38.53532040746177,0.5552304909639068
3848,2022-04-24,2022,27,7,Sporting Kansas City,Columbus Crew,1474.629475694073,1490.750782218045,43.87869347602805,43.87869347602805,0.562812916628056
3849,2022-04-30,2022,2,0,CF Montreal,Atlanta Utd,1506.9141858854564,1504.028719165495,62.885466719961414,62.885466719961414,0.5895239699620034
3850,2022-04-30,2022,11,1,Houston Dynamo,Austin FC,1503.8452076065996,1524.8158129315555,39.02939467504416,39.02939467504416,0.5559327344834544
3851,2022-04-30,2022,23,14,Real Salt Lake,Los Angeles Galaxy,1509.0187030850432,1516.3201267481243,52.698576336918904,52.698576336918904,0.575263053033751
3852,2022-04-30,2022,29,9,Toronto FC,FC Cincinnati,1501.787957878721,1478.6976961764483,83.09026170227276,83.09026170227276,0.6173477804287617
3853,2022-05-01,2022,4,19,Chicago Fire,New York Red Bulls,1499.6278575300912,1514.0897561221532,45.53810140793803,-45.53810140793803,0.5651618810263623
3854,2022-05-01,2022,6,22,Colorado Rapids,Portland Timbers,1492.59936001867,1499.344406083477,53.25495393519304,53.25495393519304,0.5760454133443093
3855,2022-05-01,2022,7,8,Columbus Crew,DC United,1491.6929759674658,1488.262118119235,63.430857848230744,63.430857848230744,0.5902834749537473
3856,2022-05-01,2022,16,21,Nashville SC,Philadelphia Union,1508.9517553609696,1524.655482373276,44.296272987693555,44.296272987693555,0.5634042882498078
3857,2022-05-01,2022,17,12,New England Revolution,Inter Miami,1477.372257752587,1485.5927451538885,51.7795125986986,51.7795125986986,0.573969870585845
3858,2022-05-01,2022,18,25,New York City,San Jose Earthquakes,1505.1716887685538,1478.6007763282976,86.57091244025628,86.57091244025628,0.6220696703595598
3859,2022-05-01,2022,20,3,Orlando City,Charlotte,1505.7730300885999,1488.3910361344442,77.38199395415563,77.38199395415563,0.6095560700138543
3860,2022-05-01,2022,27,10,Sporting Kansas City,FC Dallas,1473.6872819446523,1520.4638177773645,13.22346416728783,13.22346416728783,0.5190209111306247
3861,2022-05-02,2022,13,15,Los Angeles FC,Minnesota United,1534.0900837188738,1511.9907489316847,82.09933478718904,82.09933478718904,0.615999373186233
3862,2022-05-05,2022,9,29,FC Cincinnati,Toronto FC,1487.9579128828798,1492.5277411722896,55.43017171059023,55.43017171059023,0.5791004434302329
3863,2022-05-07,2022,0,4,Atlanta Utd,Chicago Fire,1497.8715787149251,1491.1504293146959,66.72114940022925,66.72114940022925,0.5948562434147674
3864,2022-05-07,2022,2,20,CF Montreal,Orlando City,1513.0713263360262,1511.6296890383921,61.44163729763409,61.44163729763409,0.5875112580532859
3865,2022-05-07,2022,3,12,Charlotte,Inter Miami,1482.534377184652,1479.202293212676,63.33208397197586,63.33208397197586,0.5901459554857058
3866,2022-05-08,2022,8,11,DC United,Houston Dynamo,1482.1163702435413,1495.5062165893478,46.61015365419348,46.61015365419348,0.5666778703187095
3867,2022-05-08,2022,10,26,FC Dallas,Seattle Sounders,1520.749131444324,1486.7223706497532,94.02676079457069,94.02676079457069,0.632105836278342
3868,2022-05-08,2022,13,21,Los Angeles FC,Philadelphia Union,1539.8500931210804,1525.606546697023,74.24354642405729,74.24354642405729,0.6052479131145685
3869,2022-05-08,2022,15,9,Minnesota United,FC Cincinnati,1506.2307395294781,1494.2714062314262,71.95933329805189,71.95933329805189,0.6021020108393822
3870,2022-05-08,2022,16,23,Nashville SC,Real Salt Lake,1508.0006910372226,1515.3897572895369,52.61093374768575,52.61093374768575,0.5751397783487704
3871,2022-05-08,2022,17,7,New England Revolution,Columbus Crew,1483.7627096937995,1497.8387238431596,45.92398585063984,45.92398585063984,0.5657077022280285
3872,2022-05-08,2022,18,27,New York City,Sporting Kansas City,1510.8406437131605,1473.401968277693,97.43867543546753,97.43867543546753,0.6366612440005837
3873,2022-05-08,2022,19,22,New York Red Bulls,Portland Timbers,1522.5671843375485,1492.9850872836416,89.58209705390686,89.58209705390686,0.6261361166252322
3874,2022-05-08,2022,25,6,San Jose Earthquakes,Colorado Rapids,1472.931821383691,1498.9586788185054,33.973142565185526,33.973142565185526,0.5487360524080586
3875,2022-05-08,2022,30,29,Vancouver Whitecaps,Toronto FC,1467.4920416985192,1486.214247823743,41.27779387477608,41.27779387477608,0.5591255938095254
3876,2022-05-09,2022,1,14,Austin FC,Los Angeles Galaxy,1533.1548039488073,1509.9490725436306,83.20573140517672,83.20573140517672,0.6175047892249012
3877,2022-05-14,2022,6,13,Colorado Rapids,Los Angeles FC,1492.1897196046264,1538.2713744243617,13.918345180264623,13.918345180264623,0.5200194007923991
3878,2022-05-14,2022,29,20,Toronto FC,Orlando City,1479.601131730886,1505.4423579091915,34.15877382169447,-34.15877382169447,0.5490006453630268
3879,2022-05-15,2022,0,17,Atlanta Utd,New England Revolution,1503.9487350637037,1482.777094160379,81.17164090332471,81.17164090332471,0.6147353918110113
3880,2022-05-15,2022,3,2,Charlotte,CF Montreal,1488.6821878523663,1519.2586574652269,29.423530387139408,29.423530387139408,0.5422429233784819
3881,2022-05-15,2022,4,9,Chicago Fire,FC Cincinnati,1485.0732729659173,1503.302936394017,41.770336571900316,41.770336571900316,0.5598243903596353
3882,2022-05-15,2022,11,16,Houston Dynamo,Nashville SC,1489.0063846441285,1514.373594361991,34.63279028213742,34.63279028213742,0.5496761674641587
3883,2022-05-15,2022,12,8,Inter Miami,DC United,1473.0544825449617,1488.6162021887606,44.438280356201176,44.438280356201176,0.5636053565737545
3884,2022-05-15,2022,14,10,Los Angeles Galaxy,FC Dallas,1519.2116443820041,1526.2675439001487,52.94410048185546,52.94410048185546,0.5756083479309597
3885,2022-05-15,2022,18,7,New York City,Columbus Crew,1508.7907250531518,1498.8243393765802,69.96638567657169,69.96638567657169,0.5993503326382114
3886,2022-05-15,2022,21,19,Philadelphia Union,New York Red Bulls,1527.1852653937417,1520.67514258817,66.51012280557165,66.51012280557165,0.5945634481455568
3887,2022-05-15,2022,22,27,Portland Timbers,Sporting Kansas City,1494.87712903302,1475.4518869377016,79.42524209531848,79.42524209531848,0.6123517334091475
3888,2022-05-15,2022,23,1,Real Salt Lake,Austin FC,1509.0168539647684,1523.8922321104337,45.12462185433469,45.12462185433469,0.5645768520672171
3889,2022-05-15,2022,26,15,Seattle Sounders,Minnesota United,1481.2039581939284,1497.1992093668873,44.00474882704111,44.00474882704111,0.5629914537577289
3890,2022-05-15,2022,30,25,Vancouver Whitecaps,San Jose Earthquakes,1474.1051577913763,1479.70078059757,54.40437719380634,54.40437719380634,0.577660484607184
3891,2022-05-19,2022,8,18,DC United,New York City,1489.570282537367,1514.8004700635786,34.769812473788306,-34.769812473788306,0.5498714041412227
3892,2022-05-19,2022,11,26,Houston Dynamo,Seattle Sounders,1495.7612421321662,1487.7590863875625,68.00215574460367,-68.00215574460367,0.596632159798454
3893,2022-05-19,2022,13,1,Los Angeles FC,Austin FC,1531.0716654362477,1517.360884891442,73.71078054480563,73.71078054480563,0.6045149372087183
3894,2022-05-19,2022,15,14,Minnesota United,Los Angeles Galaxy,1490.6440811732532,1510.5775191630398,40.066562010213374,40.066562010213374,0.5574061635761205
3895,2022-05-19,2022,16,2,Nashville SC,CF Montreal,1507.6187368739534,1527.392301315904,40.22643555804939,40.22643555804939,0.5576331952567216
3896,2022-05-19,2022,19,4,New York Red Bulls,Chicago Fire,1522.0935943103534,1476.6759071105228,105.41768719983065,105.41768719983065,0.6472180257238135
3897,2022-05-19,2022,21,12,Philadelphia Union,Inter Miami,1525.7668136715583,1472.1004021963554,113.66641147520295,113.66641147520295,0.6579825071359523
3898,2022-05-19,2022,25,22,San Jose Earthquakes,Portland Timbers,1480.8656878666777,1500.6918530318828,40.17383483479489,40.17383483479489,0.5575585011844378
3899,2022-05-19,2022,27,6,Sporting Kansas City,Colorado Rapids,1469.6371629388389,1499.3894285927404,30.24773434609847,30.24773434609847,0.5434203436418161
3900,2022-05-19,2022,30,10,Vancouver Whitecaps,FC Dallas,1472.9402505222686,1534.901669119113,-1.9614185968443962,1.9614185968443962,0.4971773217229888
3901,2022-05-21,2022,7,13,Columbus Crew,Los Angeles FC,1492.8145943661534,1522.003941378117,30.81065298803651,30.81065298803651,0.5442242256288023
3902,2022-05-21,2022,8,29,DC United,Toronto FC,1481.3222114752487,1471.3661220504405,69.95608942480817,69.95608942480817,0.599336100080773
3903,2022-05-21,2022,9,17,FC Cincinnati,New England Revolution,1511.7003022494116,1484.4981250375442,87.20217721186737,87.20217721186737,0.6229236056149481
3904,2022-05-22,2022,2,23,CF Montreal,Real Salt Lake,1520.7567992447548,1515.54820118376,65.20859806099475,65.20859806099475,0.592756128369438
3905,2022-05-22,2022,3,30,Charlotte,Vancouver Whitecaps,1480.5485440016892,1480.4825906964238,60.06595330526534,60.06595330526534,0.5855908148086632
3906,2022-05-22,2022,12,19,Inter Miami,New York Red Bulls,1474.4701398033947,1519.885323924496,14.584815878898553,-14.584815878898553,0.5209769169267425
3907,2022-05-22,2022,16,0,Nashville SC,Atlanta Utd,1514.2542389451025,1502.2277041865384,72.02653475856414,72.02653475856414,0.6021946850877989
3908,2022-05-22,2022,18,4,New York City,Chicago Fire,1523.0485411256968,1478.88417749638,104.16436362931677,104.16436362931677,0.6455689692295181
3909,2022-05-23,2022,1,20,Austin FC,Orlando City,1526.428608949573,1513.677367589637,72.75124135993588,72.75124135993588,0.6031936257028403
3910,2022-05-23,2022,6,26,Colorado Rapids,Seattle Sounders,1492.5407337473675,1496.7085687845395,55.832164962828074,55.832164962828074,0.5796643759575053
3911,2022-05-23,2022,10,15,FC Dallas,Minnesota United,1527.3593289449577,1489.7829887196115,97.57634022534626,97.57634022534626,0.636844539439514
3912,2022-05-23,2022,14,11,Los Angeles Galaxy,Houston Dynamo,1511.4386116166816,1486.8117597351893,84.62685188149226,84.62685188149226,0.6194351266734424
3913,2022-05-23,2022,22,21,Portland Timbers,Philadelphia Union,1494.0552305496494,1523.397076064519,30.658154485130353,30.658154485130353,0.5440064710890209
3914,2022-05-23,2022,25,27,San Jose Earthquakes,Sporting Kansas City,1487.5023103489111,1476.4858577842117,71.01645256469942,71.01645256469942,0.6008009609326461
3915,2022-05-28,2022,13,25,Los Angeles FC,San Jose Earthquakes,1530.1673047625488,1485.9902959349215,104.17700882762733,104.17700882762733,0.6455856244783147
3916,2022-05-29,2022,0,7,Atlanta Utd,Columbus Crew,1503.7606244628553,1484.6512309817215,79.1093934811338,79.1093934811338,0.6119200532623098
3917,2022-05-29,2022,2,9,CF Montreal,FC Cincinnati,1511.8654573192132,1502.3564481651874,69.50900915402576,69.50900915402576,0.5987179375793465
3918,2022-05-29,2022,6,16,Colorado Rapids,Nashville SC,1498.845768108005,1512.7213186687857,46.124449439219234,46.124449439219234,0.565991188765826
3919,2022-05-29,2022,12,22,Inter Miami,Portland Timbers,1481.6554860494934,1485.895133483314,55.760352566179336,55.760352566179336,0.5795636498098551
3920,2022-05-29,2022,14,1,Los Angeles Galaxy,Austin FC,1502.14708471658,1524.8807045640303,37.26638015254957,37.26638015254957,0.5534259011538954
3921,2022-05-29,2022,15,18,Minnesota United,New York City,1499.3356568112042,1528.3650065872541,30.970650223950088,-30.970650223950088,0.5444526695284988
3922,2022-05-29,2022,17,21,New England Revolution,Philadelphia Union,1493.8419791217684,1531.5571731308544,22.284805990914037,22.284805990914037,0.5320265063336681
3923,2022-05-29,2022,19,8,New York Red Bulls,DC United,1512.6999776783973,1479.832169974037,92.8678077043603,92.8678077043603,0.6305530361032863
3924,2022-05-29,2022,20,10,Orlando City,FC Dallas,1515.2252719751796,1517.806660853365,57.41861112181459,57.41861112181459,0.5818878649575392
3925,2022-05-29,2022,23,11,Real Salt Lake,Houston Dynamo,1524.4395431093017,1496.103286635291,88.33625647401072,88.33625647401072,0.6244557980952226
3926,2022-05-29,2022,27,30,Sporting Kansas City,Vancouver Whitecaps,1477.9978721982013,1474.2664529185538,63.731419279647525,63.731419279647525,0.5907018493622151
3927,2022-05-29,2022,29,4,Toronto FC,Chicago Fire,1472.8561635516521,1473.5677120348228,59.288451516829355,-59.288451516829355,0.5845042731125893
3928,2022-05-30,2022,26,3,Seattle Sounders,Charlotte,1490.403534423902,1486.7646817795592,63.63885264434293,63.63885264434293,0.5905730127583491
3929,2022-06-05,2022,30,23,Vancouver Whitecaps,Real Salt Lake,1483.1269806589871,1530.0727061378734,13.054274521113712,-13.054274521113712,0.5187777755369705
3930,2022-06-11,2022,3,19,Charlotte,New York Red Bulls,1480.6232769709345,1518.241682136848,22.3815948340864,-22.3815948340864,0.53216522271819
3931,2022-06-12,2022,16,25,Nashville SC,San Jose Earthquakes,1521.211186500273,1480.6740803020962,100.53710619817684,100.53710619817684,0.6407769926674318
3932,2022-06-12,2022,27,17,Sporting Kansas City,New England Revolution,1469.137344457768,1493.3615815267633,35.77576293100469,-35.77576293100469,0.5513042629994119
3933,2022-06-15,2022,26,30,Seattle Sounders,Vancouver Whitecaps,1496.5449392325268,1490.3453140259326,66.19962520659419,66.19962520659419,0.5941325165426837
3934,2022-06-16,2022,17,20,New England Revolution,Orlando City,1501.6311454717545,1506.4969540008165,55.13419147093805,55.13419147093805,0.5786850982168437
3935,2022-06-18,2022,14,22,Los Angeles Galaxy,Portland Timbers,1508.8456961992715,1479.588588230462,89.25710796880958,89.25710796880958,0.6256980813274189
3936,2022-06-18,2022,26,13,Seattle Sounders,Los Angeles FC,1502.6329514843865,1535.4835203953742,27.149431089012296,27.149431089012296,0.5389918400285736
3937,2022-06-19,2022,0,12,Atlanta Utd,Inter Miami,1494.5818236639207,1487.9620313023456,66.61979236157504,66.61979236157504,0.594715620916356
3938,2022-06-19,2022,2,1,CF Montreal,Austin FC,1517.884688255523,1518.1820930813387,59.70259517418435,59.70259517418435,0.5850831327589283
3939,2022-06-19,2022,4,8,Chicago Fire,DC United,1467.3352761315116,1474.2904655155862,53.04481061592537,53.04481061592537,0.5757499611320255
3940,2022-06-19,2022,7,3,Columbus Crew,Charlotte,1493.830031780656,1487.6407986301617,66.18923315049437,66.18923315049437,0.5941180911645627
3941,2022-06-19,2022,10,30,FC Dallas,Vancouver Whitecaps,1526.534978827728,1484.2573017740729,102.27767705365522,102.27767705365522,0.6430800390339415
3942,2022-06-19,2022,16,27,Nashville SC,Sporting Kansas City,1519.0995316102615,1460.8677805127768,118.23175109748468,118.23175109748468,0.6638718547274933
3943,2022-06-19,2022,17,15,New England Revolution,Minnesota United,1500.4508689985018,1491.1688667682768,69.28200223022509,69.28200223022509,0.5984039425424235
3944,2022-06-19,2022,18,6,New York City,Colorado Rapids,1536.5317966301816,1490.3559002765176,106.17589635366403,106.17589635366403,0.6482139402269645
3945,2022-06-19,2022,19,29,New York Red Bulls,Toronto FC,1511.224160477621,1479.0885994549633,92.13556102265761,92.13556102265761,0.6295705526436091
3946,2022-06-19,2022,20,11,Orlando City,Houston Dynamo,1507.6772304740691,1490.4701236067192,77.20710686734992,77.20710686734992,0.609316444177019
3947,2022-06-19,2022,21,9,Philadelphia Union,FC Cincinnati,1532.0375707258595,1496.3372172288775,95.70035349698196,95.70035349698196,0.6343433331541128
3948,2022-06-19,2022,23,25,Real Salt Lake,San Jose Earthquakes,1522.854372770928,1482.7857351921077,100.06863757882024,100.06863757882024,0.6401560208385662
3949,2022-06-25,2022,8,16,DC United,Nashville SC,1467.9267149325667,1509.141453789349,18.785261143217667,18.785261143217667,0.5270078509433763
3950,2022-06-25,2022,9,20,FC Cincinnati,Orlando City,1498.3523672261892,1513.5374838114137,44.81488341477552,44.81488341477552,0.5641384876674234
3951,2022-06-25,2022,26,27,Seattle Sounders,Sporting Kansas City,1502.0480738839578,1470.8258583336892,91.22221555026863,91.22221555026863,0.6283435778412311
3952,2022-06-26,2022,1,10,Austin FC,FC Dallas,1526.9583400727226,1516.888778242219,70.06956183050374,70.06956183050374,0.5994929442639847
3953,2022-06-26,2022,2,3,CF Montreal,Charlotte,1509.1084412641392,1489.0525699976301,80.05587126650903,80.05587126650903,0.6132131058647547
3954,2022-06-26,2022,11,4,Houston Dynamo,Chicago Fire,1484.6098702693746,1473.699026714531,70.9108435548435,70.9108435548435,0.6006551455387912
3955,2022-06-26,2022,12,15,Inter Miami,Minnesota United,1481.8827656160909,1485.1449259064132,56.7378397096777,56.7378397096777,0.5809341295333903
3956,2022-06-26,2022,13,19,Los Angeles FC,New York Red Bulls,1536.0683979958028,1516.7806021879667,79.28779580783612,79.28779580783612,0.6121639029181062
3957,2022-06-26,2022,21,18,Philadelphia Union,New York City,1530.0224207285478,1534.308587526777,55.71383320177074,55.71383320177074,0.5794983968649523
3958,2022-06-26,2022,22,6,Portland Timbers,Colorado Rapids,1481.4740594503733,1492.579109379922,48.89495007045116,48.89495007045116,0.5699046058907398
3959,2022-06-26,2022,23,7,Real Salt Lake,Columbus Crew,1528.2520324583495,1492.4182604131877,95.83377204516182,95.83377204516182,0.6345214581859883
3960,2022-06-26,2022,29,0,Toronto FC,Atlanta Utd,1473.5321577446175,1500.6610893501754,32.87106839444209,-32.87106839444209,0.5471646279989896
3961,2022-06-27,2022,30,17,Vancouver Whitecaps,New England Revolution,1493.903502359582,1506.4748098603654,47.428692499216595,-47.428692499216595,0.5678345281052758
3962,2022-06-30,2022,4,21,Chicago Fire,Philadelphia Union,1467.708853897613,1536.3299447755735,-8.621090877960569,-8.621090877960569,0.4875957986022735
3963,2022-06-30,2022,9,18,FC Cincinnati,New York City,1504.890289911178,1528.0010634797513,36.88922643142655,-36.88922643142655,0.5528892682321984
3964,2022-06-30,2022,13,10,Los Angeles FC,FC Dallas,1541.8859394520312,1518.3811724061786,83.50476704585253,83.50476704585253,0.6179112859383527
3965,2022-06-30,2022,14,15,Los Angeles Galaxy,Minnesota United,1506.9602249793602,1478.858937849414,88.10128712994629,88.10128712994629,0.6241385473041575
3966,2022-06-30,2022,22,11,Portland Timbers,Houston Dynamo,1487.9254903620122,1490.6000430862928,57.3254472757194,57.3254472757194,0.5817573818648264
3967,2022-06-30,2022,26,2,Seattle Sounders,CF Montreal,1507.6229202163395,1514.9102446761678,52.71267554017163,52.71267554017163,0.5752828835553904
3968,2022-06-30,2022,29,7,Toronto FC,Columbus Crew,1480.3246883246327,1494.4360822859776,45.8886060386551,45.8886060386551,0.5656576652298798
3969,2022-07-01,2022,3,1,Charlotte,Austin FC,1483.2507665856015,1525.465945908763,17.784820676838535,17.784820676838535,0.5255720827812822
3970,2022-07-01,2022,19,0,New York Red Bulls,Atlanta Utd,1510.9630607317383,1493.8685587701602,77.09450196157809,77.09450196157809,0.6091621278778454
3971,2022-07-03,2022,18,0,New York City,Atlanta Utd,1528.7944025032343,1488.005990688328,100.78841181490634,100.78841181490634,0.6411099130883202
3972,2022-07-03,2022,29,26,Toronto FC,Seattle Sounders,1471.8398233461844,1498.9936769630085,32.84614638317589,32.84614638317589,0.5471290812341848
3973,2022-07-03,2022,30,13,Vancouver Whitecaps,Los Angeles FC,1492.8859844380029,1547.617270162956,5.268714275046932,-5.268714275046932,0.5075817081775726
3974,2022-07-04,2022,7,21,Columbus Crew,Philadelphia Union,1502.9209472644259,1528.6438817546075,34.277065509818385,34.277065509818385,0.549169240170567
3975,2022-07-04,2022,11,3,Houston Dynamo,Charlotte,1484.3264038142652,1475.3671853438823,68.9592184703829,68.9592184703829,0.5979573303752841
3976,2022-07-04,2022,15,23,Minnesota United,Real Salt Lake,1488.2210160589764,1526.2342105855596,21.98680547341678,21.98680547341678,0.5315993852648473
3977,2022-07-04,2022,16,22,Nashville SC,Portland Timbers,1517.0465715534997,1494.1991296340398,82.84744191945992,82.84744191945992,0.6170175287282232
3978,2022-07-04,2022,17,9,New England Revolution,FC Cincinnati,1507.4923277819446,1504.096950887695,63.395376894249694,63.395376894249694,0.5902340776666072
3979,2022-07-04,2022,25,4,San Jose Earthquakes,Chicago Fire,1477.3880755046862,1475.394916918579,61.993158586107256,61.993158586107256,0.5882804332340339
3980,2022-07-04,2022,27,19,Sporting Kansas City,New York Red Bulls,1465.2510120013076,1516.8256288135706,8.425383187736998,-8.425383187736998,0.5121227248286935
3981,2022-07-05,2022,6,1,Colorado Rapids,Austin FC,1486.1276784682832,1533.3495271504821,12.778151317801075,12.778151317801075,0.5183809510070018
3982,2022-07-05,2022,10,12,FC Dallas,Inter Miami,1512.6498416952538,1488.1687536730901,84.4810880221637,84.4810880221637,0.6192373051303978
3983,2022-07-05,2022,14,2,Los Angeles Galaxy,CF Montreal,1497.5981467697977,1523.5394879294986,34.05865884029913,34.05865884029913,0.5488579480497779
3984,2022-07-05,2022,20,8,Orlando City,DC United,1506.999561126425,1460.021597168416,106.97796395800901,106.97796395800901,0.6492660614999114
3985,2022-07-09,2022,13,14,Los Angeles FC,Los Angeles Galaxy,1540.2309957856196,1504.3652775490511,95.86571823656845,95.86571823656845,0.6345641035905915
3986,2022-07-09,2022,18,17,New York City,New England Revolution,1526.6777538069095,1506.1388166169454,80.53893718996414,80.53893718996414,0.6138724441531694
3987,2022-07-09,2022,21,8,Philadelphia Union,DC United,1529.381420357166,1469.7605880909148,119.62083226625123,119.62083226625123,0.6656538290443248
3988,2022-07-09,2022,26,22,Seattle Sounders,Portland Timbers,1507.2006131815212,1495.9543925649632,71.24622061655805,71.24622061655805,0.6011181421660821
3989,2022-07-09,2022,30,15,Vancouver Whitecaps,Minnesota United,1500.2722588153392,1495.2470252800038,65.02523353533547,65.02523353533547,0.5925013021511104
3990,2022-07-10,2022,0,1,Atlanta Utd,Austin FC,1490.1226393846528,1541.1252414155872,8.99739796906556,8.99739796906556,0.5129454027802115
3991,2022-07-10,2022,2,27,CF Montreal,Sporting Kansas City,1516.7723571502452,1457.569171128877,119.20318602136808,119.20318602136808,0.6651185480129322
3992,2022-07-10,2022,3,16,Charlotte,Nashville SC,1484.3365452995115,1515.2913086225763,29.045236676935247,29.045236676935247,0.5417023513640092
3993,2022-07-10,2022,4,7,Chicago Fire,Columbus Crew,1469.2191234170893,1502.1834086618674,27.03571475522199,27.03571475522199,0.5388291801590727
3994,2022-07-10,2022,9,19,FC Cincinnati,New York Red Bulls,1505.450462052694,1524.507469686001,40.94299236669303,-40.94299236669303,0.5586504591413994
3995,2022-07-10,2022,11,10,Houston Dynamo,FC Dallas,1475.357043858636,1510.8612821182978,24.49576174033814,24.49576174033814,0.5351939392538626
3996,2022-07-10,2022,20,12,Orlando City,Inter Miami,1497.2605702039264,1489.9573132500461,67.30325695388024,67.30325695388024,0.5956635559231529
3997,2022-07-10,2022,23,6,Real Salt Lake,Colorado Rapids,1519.2082013645322,1478.351964203178,100.8562371613541,100.8562371613541,0.641199742331562
3998,2022-07-10,2022,29,25,Toronto FC,San Jose Earthquakes,1463.6328871276717,1483.5638690061758,40.0690181214959,40.0690181214959,0.5574096516085436
3999,2022-07-13,2022,1,11,Austin FC,Houston Dynamo,1548.8194224572903,1474.829134769828,133.99028768746234,133.99028768746234,0.6838042259911925
4000,2022-07-14,2022,0,23,Atlanta Utd,Real Salt Lake,1482.4284583429496,1517.0902052295587,25.33825311339092,25.33825311339092,0.5364001665654181
4001,2022-07-14,2022,4,29,Chicago Fire,Toronto FC,1461.1366857147032,1462.7717423535435,58.3649433611597,58.3649433611597,0.5832126232377172
4002,2022-07-14,2022,6,20,Colorado Rapids,Orlando City,1480.4699603381516,1503.3256168650792,37.14434347307247,37.14434347307247,0.5532522749087088
4003,2022-07-14,2022,8,7,DC United,Columbus Crew,1464.7453955265796,1510.2658463642535,14.479549162326066,14.479549162326066,0.5208256906693054
4004,2022-07-14,2022,9,30,FC Cincinnati,Vancouver Whitecaps,1504.5707051655731,1491.3847392830726,73.18596588250057,73.18596588250057,0.6037924409583194
4005,2022-07-14,2022,10,18,FC Dallas,New York City,1511.3891912071058,1532.469667144612,38.91952406249379,38.91952406249379,0.5557765910950399
4006,2022-07-14,2022,12,21,Inter Miami,Philadelphia Union,1483.8922665888933,1534.3966129215012,9.495653667392162,-9.495653667392162,0.5136619426123769
4007,2022-07-14,2022,14,25,Los Angeles Galaxy,San Jose Earthquakes,1498.88373910291,1484.425013780304,74.45872532260614,74.45872532260614,0.6055438209350182
4008,2022-07-14,2022,15,27,Minnesota United,Sporting Kansas City,1504.1345448122704,1467.5459493490712,96.58859546319923,96.58859546319923,0.6355285169223214
4009,2022-07-14,2022,16,26,Nashville SC,Seattle Sounders,1508.4168438930365,1498.18384104903,70.23300284400648,70.23300284400648,0.5997188203784498
4010,2022-07-17,2022,0,20,Atlanta Utd,Orlando City,1489.3824558444683,1504.1244009887098,45.25805485575847,45.25805485575847,0.5647656651012992
4011,2022-07-17,2022,2,29,CF Montreal,Toronto FC,1506.795578930051,1456.5199317021093,110.27564722794182,110.27564722794182,0.6535765182071333
4012,2022-07-17,2022,4,26,Chicago Fire,Seattle Sounders,1467.3884963661374,1492.1796233547068,35.20887301143057,35.20887301143057,0.5504968977432958
4013,2022-07-17,2022,6,14,Colorado Rapids,Los Angeles Galaxy,1479.671176214521,1489.8005817888848,49.87059442563623,49.87059442563623,0.571280682394562
4014,2022-07-17,2022,10,1,FC Dallas,Austin FC,1503.0525423406802,1553.5623590674224,9.490183273257799,9.490183273257799,0.5136540759565907
4015,2022-07-17,2022,12,3,Inter Miami,Charlotte,1476.1873374497077,1491.2110100290513,44.97632742065639,44.97632742065639,0.5643669875369464
4016,2022-07-17,2022,15,8,Minnesota United,DC United,1502.1016170584355,1464.43301016654,97.66860689189548,97.66860689189548,0.6369673667554153
4017,2022-07-17,2022,19,18,New York Red Bulls,New York City,1525.387226573122,1540.8063160110376,44.580910562084455,44.580910562084455,0.5638072857277496
4018,2022-07-17,2022,21,17,Philadelphia Union,New England Revolution,1542.1015420606868,1500.346903279243,101.75463878144387,101.75463878144387,0.6423886669572376
4019,2022-07-18,2022,7,9,Columbus Crew,FC Cincinnati,1510.5782317242931,1503.0138185511983,67.56441317309486,67.56441317309486,0.5960255799977355
4020,2022-07-18,2022,16,13,Nashville SC,Los Angeles FC,1514.4210615873596,1545.7125342317606,28.708527355599017,28.708527355599017,0.5412211197435909
4021,2022-07-18,2022,22,30,Portland Timbers,Vancouver Whitecaps,1504.9711646974545,1492.9416258974475,72.029538800007,72.029538800007,0.6021988276434271
4022,2022-07-18,2022,23,27,Real Salt Lake,Sporting Kansas City,1510.13620772804,1469.578877102906,100.557330625134,100.557330625134,0.6408037902648493
4023,2022-07-18,2022,25,11,San Jose Earthquakes,Houston Dynamo,1493.5081710943293,1470.0861981596959,83.42197293463346,83.42197293463346,0.6177987555334323
4024,2022-07-24,2022,7,17,Columbus Crew,New England Revolution,1516.637848024327,1494.9827332836014,81.6551147407256,81.6551147407256,0.6153943184573069
4025,2022-07-24,2022,8,2,DC United,CF Montreal,1458.9875206678712,1511.991931156944,6.995589510927175,-6.995589510927175,0.5100661022976231
4026,2022-07-24,2022,9,16,FC Cincinnati,Nashville SC,1496.9542022511644,1506.302744791206,50.651457459958465,50.651457459958465,0.5723812413020357
4027,2022-07-24,2022,11,15,Houston Dynamo,Minnesota United,1479.3531794926973,1507.5471065571044,31.806072935592965,31.806072935592965,0.5456451792930553
4028,2022-07-24,2022,18,12,New York City,Inter Miami,1549.2634252969538,1482.7218326366535,126.54159266030024,126.54159266030024,0.6744610832209971
4029,2022-07-24,2022,20,21,Orlando City,Philadelphia Union,1505.0958859652292,1547.4657120563284,17.630173908900815,17.630173908900815,0.5253501052953513
4030,2022-07-24,2022,22,25,Portland Timbers,San Jose Earthquakes,1503.4381822828032,1484.2411897613279,79.1969925214753,79.1969925214753,0.6120397952366966
4031,2022-07-24,2022,23,10,Real Salt Lake,FC Dallas,1515.5241508740673,1502.8477312013315,72.67641967273585,72.67641967273585,0.6030905306383766
4032,2022-07-24,2022,26,6,Seattle Sounders,Colorado Rapids,1485.4370768208562,1486.1019659786025,59.3351108422537,59.3351108422537,0.5845695017859013
4033,2022-07-24,2022,27,13,Sporting Kansas City,Los Angeles FC,1464.1909339568788,1553.8308510279144,-29.639917071035597,29.639917071035597,0.457447910227138
4034,2022-07-24,2022,29,3,Toronto FC,Charlotte,1451.3235794752163,1484.6765148421055,26.64706463311086,26.64706463311086,0.5382731927194953
4035,2022-07-24,2022,30,4,Vancouver Whitecaps,Chicago Fire,1494.4746083120988,1474.131042899988,80.34356541211082,80.34356541211082,0.6136058307138714
4036,2022-07-25,2022,1,19,Austin FC,New York Red Bulls,1553.7671702067712,1516.9301172872058,96.8370529195654,96.8370529195654,0.6358597411378506
4037,2022-07-25,2022,14,0,Los Angeles Galaxy,Atlanta Utd,1483.3697920248032,1488.410970867949,54.958821156854356,54.958821156854356,0.5784389507569625
4038,2022-07-30,2022,4,0,Chicago Fire,Atlanta Utd,1483.335130360696,1482.0875551293034,61.2475752313926,61.2475752313926,0.5872405089325582
4039,2022-07-30,2022,13,26,Los Angeles FC,Seattle Sounders,1560.6925696813214,1491.6685342940677,129.02403538725366,129.02403538725366,0.6775908069018833
4040,2022-07-30,2022,15,22,Minnesota United,Portland Timbers,1515.7317842465002,1509.2575853542528,66.47419889224739,66.47419889224739,0.5945135977125726
4041,2022-07-31,2022,2,18,CF Montreal,New York City,1519.6429226914083,1554.1465090486388,25.49641364276954,25.49641364276954,0.5366265640306632
4042,2022-07-31,2022,8,20,DC United,Orlando City,1451.3365291334069,1497.215634385799,14.120894747607963,-14.120894747607963,0.5203104189325748
4043,2022-07-31,2022,10,14,FC Dallas,Los Angeles Galaxy,1511.8940891609072,1489.6932077634488,82.20088139745849,82.20088139745849,0.616137635516426
4044,2022-07-31,2022,12,9,Inter Miami,FC Cincinnati,1477.8387488849685,1495.8684836316338,41.970265253334674,41.970265253334674,0.5601079723464528
4045,2022-07-31,2022,16,30,Nashville SC,Vancouver Whitecaps,1507.3884634107364,1485.2705208513908,82.11794255934569,82.11794255934569,0.6160247102849776
4046,2022-07-31,2022,17,29,New England Revolution,Toronto FC,1496.713648060461,1458.2494815844238,98.46416647603724,98.46416647603724,0.6380256896003191
4047,2022-07-31,2022,21,11,Philadelphia Union,Houston Dynamo,1555.3459636357586,1471.1685018033015,144.17746183245708,144.17746183245708,0.6963448196894998
4048,2022-07-31,2022,25,23,San Jose Earthquakes,Real Salt Lake,1478.4217866898782,1506.4777929144916,31.943993775386616,31.943993775386616,0.5458420020415227
4049,2022-07-31,2022,27,1,Sporting Kansas City,Austin FC,1457.3292153034718,1544.2292740897035,-26.90005878623174,26.90005878623174,0.4613648729827614
4050,2022-08-03,2022,19,6,New York Red Bulls,Colorado Rapids,1526.4680134042735,1479.870508505391,106.59750489888256,106.59750489888256,0.6487671701836666
4051,2022-08-03,2022,26,10,Seattle Sounders,FC Dallas,1486.832396397596,1517.652024628161,29.18037176943517,29.18037176943517,0.5418954672851962
4052,2022-08-04,2022,3,8,Charlotte,DC United,1477.750612732898,1458.5318728494183,79.21873988347966,79.21873988347966,0.6120695203165674
4053,2022-08-04,2022,7,2,Columbus Crew,CF Montreal,1514.9069332474674,1519.0935242309483,55.81340901651902,55.81340901651902,0.5796380689636741
4054,2022-08-04,2022,22,16,Portland Timbers,Nashville SC,1510.6752893199414,1505.648092756462,65.02719656347949,65.02719656347949,0.5925040304836583
4055,2022-08-04,2022,25,12,San Jose Earthquakes,Inter Miami,1477.7341566592554,1476.9371292997716,60.797027359483764,60.797027359483764,0.5866117158614153
4056,2022-08-06,2022,0,26,Atlanta Utd,Seattle Sounders,1483.3961627632918,1493.7039643883181,49.692198374973714,49.692198374973714,0.5710291492164357
4057,2022-08-06,2022,30,11,Vancouver Whitecaps,Houston Dynamo,1487.0108915056653,1466.613674098644,80.39721740702134,80.39721740702134,0.6136790535207772
4058,2022-08-07,2022,1,25,Austin FC,San Jose Earthquakes,1551.149747184445,1468.9349809213343,142.21476626311073,142.21476626311073,0.6939505474174892
4059,2022-08-07,2022,2,12,CF Montreal,Inter Miami,1527.7880952654034,1485.7363050376928,102.05179022771063,102.05179022771063,0.6427815260589588
4060,2022-08-07,2022,3,4,Charlotte,Chicago Fire,1483.5695699281493,1482.0265227267075,61.54304720144182,61.54304720144182,0.5876527208249935
4061,2022-08-07,2022,6,15,Colorado Rapids,Minnesota United,1489.6020160581459,1514.3140802808116,35.28793577733427,35.28793577733427,0.5506095150875764
4062,2022-08-07,2022,7,18,Columbus Crew,New York City,1506.2123622130123,1554.6959075090988,11.516454703913496,11.516454703913496,0.5165674433346362
4063,2022-08-07,2022,8,19,DC United,New York Red Bulls,1452.7129156541669,1516.7365058515186,-4.023590197351723,4.023590197351723,0.4942098470919228
4064,2022-08-07,2022,9,21,FC Cincinnati,Philadelphia Union,1496.7701032168306,1559.9007913404162,-3.1306881235855144,3.1306881235855144,0.4954946995581684
4065,2022-08-07,2022,16,29,Nashville SC,Toronto FC,1507.0356532137168,1460.3198669284286,106.71578628528823,106.71578628528823,0.6489223059966517
4066,2022-08-07,2022,20,17,Orlando City,New England Revolution,1490.0202906697875,1494.6432627164563,55.37702795333121,55.37702795333121,0.5790258757170021
4067,2022-08-07,2022,22,10,Portland Timbers,FC Dallas,1509.2877288626864,1510.7804566374389,58.50727222524756,58.50727222524756,0.5834117641631124
4068,2022-08-07,2022,23,13,Real Salt Lake,Los Angeles FC,1507.1654229451144,1565.528707577793,1.636715367321358,-1.636715367321358,0.5023554053301738
4069,2022-08-07,2022,27,14,Sporting Kansas City,Los Angeles Galaxy,1450.4087422087302,1483.935272296195,26.473469912535165,-26.473469912535165,0.5380248241556541
4070,2022-08-13,2022,19,20,New York Red Bulls,Orlando City,1516.6496535578974,1481.3349025340326,95.3147510238648,95.3147510238648,0.6338283147690019
4071,2022-08-14,2022,1,27,Austin FC,Sporting Kansas City,1548.2404889731827,1457.3383698463954,150.90211912678728,150.90211912678728,0.7044673002633584
4072,2022-08-14,2022,6,7,Colorado Rapids,Columbus Crew,1496.3428733318322,1513.4638505629928,42.87902276883938,42.87902276883938,0.5613964711831383
4073,2022-08-14,2022,9,0,FC Cincinnati,Atlanta Utd,1504.337682723458,1489.8307255250454,74.50695719841269,74.50695719841269,0.6056101374142613
4074,2022-08-14,2022,10,25,FC Dallas,San Jose Earthquakes,1512.0316330998855,1471.8442391325966,100.18739396728893,100.18739396728893,0.6403134811579968
4075,2022-08-14,2022,11,2,Houston Dynamo,CF Montreal,1460.8188599014557,1525.646372374519,-4.82751247306328,-4.82751247306328,0.49305309814617215
4076,2022-08-14,2022,12,18,Inter Miami,New York City,1487.8780279285772,1547.4444191591183,0.43360876945894233,-0.43360876945894233,0.5006240128564862
4077,2022-08-14,2022,13,3,Los Angeles FC,Charlotte,1573.0640386577456,1474.7547791157745,158.3092595419712,158.3092595419712,0.7132663859472851
4078,2022-08-14,2022,14,30,Los Angeles Galaxy,Vancouver Whitecaps,1477.00564465853,1492.8057057028536,44.199938955676316,44.199938955676316,0.563267876962201
4079,2022-08-14,2022,17,8,New England Revolution,DC United,1503.3286508522112,1452.799767947788,110.5288829044232,110.5288829044232,0.6539064977804518
4080,2022-08-14,2022,21,4,Philadelphia Union,Chicago Fire,1552.3332118337887,1490.8413135390824,121.49189829470629,121.49189829470629,0.668046655632776
4081,2022-08-14,2022,29,22,Toronto FC,Portland Timbers,1470.0537015183784,1508.0365524002398,22.017149118138605,22.017149118138605,0.5316428786259298
4082,2022-08-15,2022,16,15,Nashville SC,Minnesota United,1497.301818623767,1507.5732230071253,49.72859561664177,49.72859561664177,0.571080471239243
4083,2022-08-15,2022,26,23,Seattle Sounders,Real Salt Lake,1487.2694016265646,1499.6300918651618,47.63930976140273,47.63930976140273,0.5681320272719897
4084,2022-08-17,2022,13,8,Los Angeles FC,DC United,1577.3650428685364,1447.6083654144948,189.75667745404166,189.75667745404166,0.7488197030805681
4085,2022-08-18,2022,0,19,Atlanta Utd,New York Red Bulls,1491.4148775862593,1507.1422288363624,44.272648749896916,44.272648749896916,0.563370836652439
4086,2022-08-18,2022,10,21,FC Dallas,Philadelphia Union,1517.4269308825155,1557.3125119992972,20.114418883218377,20.114418883218377,0.5289146783527422
4087,2022-08-18,2022,18,3,New York City,Charlotte,1539.9537793519655,1470.4537749049837,129.50000444698185,129.50000444698185,0.6781890776957101
4088,2022-08-18,2022,29,17,Toronto FC,New England Revolution,1477.0790583389894,1508.5200533855045,28.559004953484873,28.559004953484873,0.5410073946590449
4089,2022-08-18,2022,30,6,Vancouver Whitecaps,Colorado Rapids,1486.2547238572865,1495.4219262640852,50.83279759320135,50.83279759320135,0.5726367224837351
4090,2022-08-20,2022,14,26,Los Angeles Galaxy,Seattle Sounders,1483.556626504097,1478.7474212174848,64.80920528661227,64.80920528661227,0.592201018504736
4091,2022-08-20,2022,19,9,New York Red Bulls,FC Cincinnati,1515.592791386149,1502.7535306622442,72.83926072390477,72.83926072390477,0.6033148938076934
4092,2022-08-21,2022,2,17,CF Montreal,New England Revolution,1533.0421688467115,1509.1351643053902,83.90700454132138,83.90700454132138,0.6184578106931189
4093,2022-08-21,2022,4,18,Chicago Fire,New York City,1485.862013373574,1529.7809431865298,16.081070187044133,16.081070187044133,0.5231260083446643
4094,2022-08-21,2022,6,11,Colorado Rapids,Houston Dynamo,1489.0114771013411,1453.423063429263,95.5884136720781,95.5884136720781,0.6341938556701426
4095,2022-08-21,2022,7,0,Columbus Crew,Atlanta Utd,1514.3847976307397,1482.9643150364727,91.42048259426701,91.42048259426701,0.6286100681335087
4096,2022-08-21,2022,8,21,DC United,Philadelphia Union,1443.8406609607032,1550.2462321745884,-46.405571213885196,46.405571213885196,0.43361133430231386
4097,2022-08-21,2022,12,29,Inter Miami,Toronto FC,1495.36866773573,1476.4639474191038,78.90472031662625,78.90472031662625,0.6116402262016748
4098,2022-08-21,2022,15,1,Minnesota United,Austin FC,1516.139430075714,1552.6734794692322,23.465950606481783,23.465950606481783,0.5337189610781086
4099,2022-08-21,2022,23,30,Real Salt Lake,Vancouver Whitecaps,1508.1520722742416,1492.6651730200306,75.48689925421104,75.48689925421104,0.6069566647363611
4100,2022-08-21,2022,25,13,San Jose Earthquakes,Los Angeles FC,1466.4489413499666,1581.132747322328,-54.68380597236137,54.68380597236137,0.42194713539036305
4101,2022-08-22,2022,3,20,Charlotte,Orlando City,1480.6266110704194,1490.8423272555676,49.78428381485173,49.78428381485173,0.5711589915652056
4102,2022-08-22,2022,16,10,Nashville SC,FC Dallas,1488.7356115551784,1524.4932107072243,24.24240084795406,24.24240084795406,0.5348311115320394
4103,2022-08-22,2022,27,22,Sporting Kansas City,Portland Timbers,1452.9053793503458,1501.0111955796287,11.894183770717063,11.894183770717063,0.5171104225593287
4104,2022-08-27,2022,1,13,Austin FC,Los Angeles FC,1545.6792638854038,1572.4619543531835,33.21730953222027,-33.21730953222027,0.5476584287582658
4105,2022-08-27,2022,15,11,Minnesota United,Houston Dynamo,1523.1336456595425,1455.4359712643152,127.6976743952273,127.6976743952273,0.6759205644382168
4106,2022-08-27,2022,22,26,Portland Timbers,Seattle Sounders,1493.7678519180188,1480.1304364950558,73.63741542296293,73.63741542296293,0.6044139650536761
4107,2022-08-28,2022,0,8,Atlanta Utd,DC United,1484.8934660584753,1437.3364909461684,107.55697511230687,107.55697511230687,0.6500246857247783
4108,2022-08-28,2022,3,29,Charlotte,Toronto FC,1472.0592261969414,1470.6385508121289,61.42067538481251,61.42067538481251,0.5874820152174448
4109,2022-08-28,2022,4,2,Chicago Fire,CF Montreal,1478.015123248404,1538.7653016863148,-0.7501784379107903,-0.7501784379107903,0.4989204081225804
4110,2022-08-28,2022,9,7,FC Cincinnati,Columbus Crew,1504.3032540693596,1512.4556466087372,51.847607460622385,51.847607460622385,0.5740657194239821
4111,2022-08-28,2022,10,23,FC Dallas,Real Salt Lake,1517.5156773802048,1506.5477223031962,70.96795507700858,70.96795507700858,0.6007340021940633
4112,2022-08-28,2022,19,12,New York Red Bulls,Inter Miami,1514.0430679790336,1501.194064342705,72.84900363632869,72.84900363632869,0.6033283162615998
4113,2022-08-28,2022,21,6,Philadelphia Union,Colorado Rapids,1556.7504021891232,1486.998569266289,129.75183292283418,129.75183292283418,0.6785053781832103
4114,2022-08-28,2022,27,25,Sporting Kansas City,San Jose Earthquakes,1460.1487230119558,1475.119734319111,45.02898869284468,45.02898869284468,0.5644415157917808
4115,2022-08-28,2022,30,16,Vancouver Whitecaps,Nashville SC,1494.269522991076,1495.7131448821979,58.55637810887811,58.55637810887811,0.5834804648641427
4116,2022-08-29,2022,17,14,New England Revolution,Los Angeles Galaxy,1503.4120314657869,1482.173611226526,81.2384202392609,81.2384202392609,0.6148264304938826
4117,2022-08-29,2022,20,18,Orlando City,New York City,1499.4097121290456,1537.6278333116998,21.78187881734584,21.78187881734584,0.5313056390926283
4118,2022-09-01,2022,1,22,Austin FC,Portland Timbers,1552.4643874540297,1499.7016424422136,112.76274501181615,112.76274501181615,0.6568108983906414
4119,2022-09-01,2022,2,19,CF Montreal,New York Red Bulls,1546.2491078081534,1519.9931432351095,86.25596457304391,86.25596457304391,0.6216433450183032
4120,2022-09-01,2022,7,12,Columbus Crew,Inter Miami,1513.566632400097,1495.243989086629,78.322643313468,78.322643313468,0.6108440146018578
4121,2022-09-01,2022,11,13,Houston Dynamo,Los Angeles FC,1450.5747797308884,1565.6768307845575,-55.10205105366913,55.10205105366913,0.4213600107259311
4122,2022-09-01,2022,16,6,Nashville SC,Colorado Rapids,1504.46535185516,1482.1761499390373,82.28920191612269,82.28920191612269,0.6162578743980045
4123,2022-09-01,2022,17,4,New England Revolution,Chicago Fire,1494.1896350083787,1470.5313171265655,83.65831788181322,83.65831788181322,0.6181199525339737
4124,2022-09-01,2022,18,8,New York City,DC United,1530.5974178980891,1432.08686123204,158.51055666604907,158.51055666604907,0.7135033138847017
4125,2022-09-01,2022,20,26,Orlando City,Seattle Sounders,1506.4401275426562,1474.196645970861,92.2434815717952,92.2434815717952,0.6297154214170071
4126,2022-09-01,2022,21,0,Philadelphia Union,Atlanta Utd,1561.572821516375,1490.1430957726036,131.42972574377131,131.42972574377131,0.680608650045654
4127,2022-09-01,2022,23,15,Real Salt Lake,Minnesota United,1508.0587323361071,1527.9948371929693,40.06389514313787,40.06389514313787,0.5574023762336489
4128,2022-09-01,2022,29,14,Toronto FC,Los Angeles Galaxy,1479.4507810403904,1491.3960076839342,48.05477335645628,48.05477335645628,0.568718729821514
4129,2022-09-03,2022,7,4,Columbus Crew,Chicago Fire,1519.403972181069,1472.303116414575,107.10085576649408,107.10085576649408,0.6494271383959712
4130,2022-09-03,2022,15,10,Minnesota United,FC Dallas,1521.355872836474,1516.004667347294,65.35120548918007,65.35120548918007,0.5929542789563744
4131,2022-09-04,2022,9,3,FC Cincinnati,Charlotte,1503.1922682779998,1463.2469959686798,99.94527230931999,99.94527230931999,0.6399924176008557
4132,2022-09-04,2022,16,1,Nashville SC,Austin FC,1510.2214837391898,1542.61222397817,27.609259761019757,27.609259761019757,0.5396494940389028
4133,2022-09-04,2022,19,21,New York Red Bulls,Philadelphia Union,1529.3177934103842,1566.3636917656902,22.954101644693992,22.954101644693992,0.5329856288915349
4134,2022-09-04,2022,22,0,Portland Timbers,Atlanta Utd,1509.5538059180733,1485.3522255232883,84.20158039478497,84.20158039478497,0.6188578642681527
4135,2022-09-05,2022,8,6,DC United,Colorado Rapids,1442.7894109403105,1476.4200180550074,26.369392885303114,26.369392885303114,0.5378759081389765
4136,2022-09-05,2022,13,23,Los Angeles FC,Real Salt Lake,1556.9972309454465,1514.6976966926024,102.29953425284407,102.29953425284407,0.6431089177748843
4137,2022-09-05,2022,14,27,Los Angeles Galaxy,Sporting Kansas City,1492.4267886312568,1466.6821002750792,85.74468835617768,85.74468835617768,0.6209508619613311
4138,2022-09-05,2022,17,18,New England Revolution,New York City,1492.417835720369,1519.8948681898187,32.52296753055043,32.52296753055043,0.5466680813473741
4139,2022-09-05,2022,25,30,San Jose Earthquakes,Vancouver Whitecaps,1468.5863570559877,1485.517316018114,43.06904103787383,43.06904103787383,0.5616657881076963
4140,2022-09-05,2022,26,11,Seattle Sounders,Houston Dynamo,1468.6423772921162,1459.2543795699994,69.38799772211678,69.38799772211678,0.5985505651335618
4141,2022-09-05,2022,29,2,Toronto FC,CF Montreal,1478.4200000930678,1536.9244576328788,1.4955424601889717,1.4955424601889717,0.502152245316358
4142,2022-09-08,2022,18,9,New York City,FC Cincinnati,1513.0948894100293,1508.592382013987,64.50250739604235,64.50250739604235,0.5917745839779097
4143,2022-09-10,2022,2,7,CF Montreal,Columbus Crew,1544.4567413126242,1517.1625651051295,87.29417620749473,87.29417620749473,0.6230479925127026
4144,2022-09-10,2022,3,18,Charlotte,New York City,1457.8468822326927,1511.7182706503606,6.1286115823320415,6.1286115823320415,0.508818866387239
4145,2022-09-10,2022,16,14,Nashville SC,Los Angeles Galaxy,1517.1267413286062,1490.6125257018368,86.51421562676933,86.51421562676933,0.6219929373166201
4146,2022-09-10,2022,19,17,New York Red Bulls,New England Revolution,1521.323008977011,1499.2178145001585,82.1051944768526,82.1051944768526,0.6160073520457288
4147,2022-09-11,2022,0,29,Atlanta Utd,Toronto FC,1479.6350934873105,1470.8877164133223,68.74737707398822,68.74737707398822,0.5976641325814819
4148,2022-09-11,2022,4,12,Chicago Fire,Inter Miami,1474.5445234905146,1489.4066493056569,45.137874184857765,45.137874184857765,0.5645956054836606
4149,2022-09-11,2022,6,30,Colorado Rapids,Vancouver Whitecaps,1476.988156677092,1478.9423028397293,58.045853837362756,58.045853837362756,0.582766067185979
4150,2022-09-11,2022,9,25,FC Cincinnati,San Jose Earthquakes,1509.9690007736556,1475.1613702343723,94.80763053928331,94.80763053928331,0.6331505286994444
4151,2022-09-11,2022,10,13,FC Dallas,Los Angeles FC,1524.8989815316395,1562.3505971788234,22.54838435281613,-22.54838435281613,0.5324042513910237
4152,2022-09-11,2022,11,27,Houston Dynamo,Sporting Kansas City,1453.2326380470029,1468.4963632044992,44.73627484250369,44.73627484250369,0.5640272191107587
4153,2022-09-11,2022,21,20,Philadelphia Union,Orlando City,1574.3584761990633,1511.994396221401,122.36407997766219,122.36407997766219,0.6691591026260907
4154,2022-09-11,2022,22,15,Portland Timbers,Minnesota United,1515.270937954051,1512.4615586521284,62.80937930192272,62.80937930192272,0.5894179775350953
4155,2022-09-11,2022,23,8,Real Salt Lake,DC United,1509.3443304592256,1442.2212723182258,127.12305814099977,127.12305814099977,0.6751955725755376
4156,2022-09-11,2022,26,1,Seattle Sounders,Austin FC,1474.6641188151127,1535.7069663887537,-1.0428475736409837,-1.0428475736409837,0.49849922620866044
4157,2022-09-14,2022,2,4,CF Montreal,Chicago Fire,1542.6110214249336,1481.0755894082597,121.5354320166739,121.5354320166739,0.668102226483853
4158,2022-09-14,2022,11,17,Houston Dynamo,New England Revolution,1452.2722297603416,1493.4579247808445,18.814304979497138,-18.814304979497138,0.5270495262431585
4159,2022-09-14,2022,12,7,Inter Miami,Columbus Crew,1482.8755833879118,1519.00828499282,23.867298395091666,23.867298395091666,0.5342938751446747
4160,2022-09-14,2022,15,13,Minnesota United,Los Angeles FC,1506.3028283151548,1555.3366609496886,10.966167365466163,-10.966167365466163,0.5157763448128702
4161,2022-09-14,2022,20,0,Orlando City,Atlanta Utd,1507.0317827607923,1485.6701314985883,81.36165126220408,81.36165126220408,0.6149944073180139
4162,2022-09-14,2022,27,8,Sporting Kansas City,DC United,1469.4567714911605,1444.849205906859,84.60756558430148,84.60756558430148,0.6194089547983064
4163,2022-09-15,2022,1,23,Austin FC,Real Salt Lake,1528.1844547818837,1506.7163968705925,81.46805791129123,81.46805791129123,0.615139428708814
4164,2022-09-15,2022,6,25,Colorado Rapids,San Jose Earthquakes,1483.2466656693025,1469.658628164864,73.58803750443849,73.58803750443849,0.6043460013864758
4165,2022-09-15,2022,30,14,Vancouver Whitecaps,Los Angeles Galaxy,1472.683793847519,1492.442419761586,40.241374085932875,-40.241374085932875,0.5576544077879997
4166,2022-09-17,2022,0,21,Atlanta Utd,Philadelphia Union,1494.8950476083585,1579.321089659672,-24.426042051313516,-24.426042051313516,0.464905899749301
4167,2022-09-17,2022,18,19,New York City,New York Red Bulls,1504.3505536461691,1527.0828986963252,37.26765494984397,37.26765494984397,0.5534277147879904
4168,2022-09-18,2022,1,16,Austin FC,Nashville SC,1533.9573633512514,1515.296847268857,78.66051608239445,78.66051608239445,0.6113062563541453
4169,2022-09-18,2022,4,3,Chicago Fire,Charlotte,1476.0971228055175,1465.2145992368842,70.88252356863336,70.88252356863336,0.600616040821079
4170,2022-09-18,2022,7,22,Columbus Crew,Portland Timbers,1512.0226931199902,1521.4296682910247,50.593024828965554,50.593024828965554,0.5722989102151097
4171,2022-09-18,2022,8,12,DC United,Inter Miami,1439.1403402288336,1489.8611752607417,9.27916496809189,9.27916496809189,0.5133506176730653
4172,2022-09-18,2022,14,6,Los Angeles Galaxy,Colorado Rapids,1485.8072358784061,1489.1814756485053,56.625760229900834,56.625760229900834,0.5807770521524827
4173,2022-09-18,2022,17,2,New England Revolution,CF Montreal,1486.3636676744918,1547.5894880276758,-1.2258203531839627,-1.2258203531839627,0.4982359100249273
4174,2022-09-18,2022,20,29,Orlando City,Toronto FC,1497.8068666510221,1464.8526784020446,92.95418824897752,92.95418824897752,0.6306688650633463
4175,2022-09-18,2022,23,9,Real Salt Lake,FC Cincinnati,1500.9434883012248,1515.4717428431638,45.47174545806092,45.47174545806092,0.5650680066980287
4176,2022-09-18,2022,25,10,San Jose Earthquakes,FC Dallas,1463.7238181856612,1531.9129177607742,-8.189099575113005,8.189099575113005,0.48821712028573544
4177,2022-09-18,2022,27,15,Sporting Kansas City,Minnesota United,1475.1656371691859,1506.0661831429618,29.099454026224066,29.099454026224066,0.5417798326235598
4178,2022-09-18,2022,30,26,Vancouver Whitecaps,Seattle Sounders,1479.3189777306989,1482.1866304219827,57.132347308716135,-57.132347308716135,0.581486894171936
4179,2022-09-19,2022,13,11,Los Angeles FC,Houston Dynamo,1555.5733061218816,1459.3664868666942,156.20681925518738,156.20681925518738,0.7107848143061399
4180,2022-09-25,2022,25,14,San Jose Earthquakes,Los Angeles Galaxy,1463.9005613813752,1492.095580096119,31.80498128525619,-31.80498128525619,0.5456436213741843
4181,2022-09-28,2022,26,9,Seattle Sounders,FC Cincinnati,1475.9089338345618,1523.9477629436342,11.961170890927633,11.961170890927633,0.517206711244712
4182,2022-10-01,2022,3,21,Charlotte,Philadelphia Union,1474.2238398492004,1578.7946781559115,-44.57083830671104,44.57083830671104,0.43620697340536474
4183,2022-10-01,2022,6,10,Colorado Rapids,FC Dallas,1482.8931314307924,1531.7361745650603,11.156956865732127,11.156956865732127,0.516050634842323
4184,2022-10-01,2022,17,0,New England Revolution,Atlanta Utd,1478.8901290241179,1495.421459112119,43.46866991199886,43.46866991199886,0.5622320718596969
4185,2022-10-01,2022,29,12,Toronto FC,Inter Miami,1459.312711377995,1497.5614345258377,21.75127685215716,21.75127685215716,0.5312617717262583
4186,2022-10-02,2022,2,8,CF Montreal,DC United,1555.0630266780497,1431.4400809637375,183.6229457143122,183.6229457143122,0.7421203921555861
4187,2022-10-02,2022,7,19,Columbus Crew,New York Red Bulls,1510.9382094667635,1520.384314418145,50.553895048618415,50.553895048618415,0.5722437744438568
4188,2022-10-02,2022,9,4,FC Cincinnati,Chicago Fire,1524.205863612305,1467.0878821932013,117.11798141910367,117.11798141910367,0.6624396824493114
4189,2022-10-02,2022,14,23,Los Angeles Galaxy,Real Salt Lake,1500.2802344167317,1492.4674682007544,67.81276621597726,67.81276621597726,0.5963697589097912
4190,2022-10-02,2022,18,20,New York City,Orlando City,1511.0491379243492,1503.3468336750718,67.7023042492774,67.7023042492774,0.5962166873957016
4191,2022-10-02,2022,22,13,Portland Timbers,Los Angeles FC,1522.5141519442514,1559.9115339072896,22.602618036961758,-22.602618036961758,0.5324819713345762
4192,2022-10-02,2022,25,15,San Jose Earthquakes,Minnesota United,1455.7159070607624,1499.192880632315,16.523026428447338,16.523026428447338,0.5237606362039462
4193,2022-10-02,2022,27,26,Sporting Kansas City,Seattle Sounders,1482.0389396798325,1475.650833165891,66.38810651394147,66.38810651394147,0.5943941222216051
4194,2022-10-02,2022,30,1,Vancouver Whitecaps,Austin FC,1485.5966743181198,1532.2877695059392,13.308904812180572,13.308904812180572,0.5191436910077697
4195,2022-10-03,2022,16,11,Nashville SC,Houston Dynamo,1516.9664411141691,1455.0282590812863,121.93818203288288,121.93818203288288,0.6686161152248046
4196,2022-10-06,2022,3,7,Charlotte,Columbus Crew,1482.68073524812,1517.3545528501056,25.326182398014453,-25.326182398014453,0.536382887431106
4197,2022-10-06,2022,12,20,Inter Miami,Orlando City,1505.5303611017316,1497.2900839860074,68.24027711572421,68.24027711572421,0.5969620006258025
4198,2022-10-09,2022,0,18,Atlanta Utd,New York City,1488.8549401900145,1517.1058876134136,31.74905257660089,31.74905257660089,0.5455638030547282
4199,2022-10-09,2022,1,6,Austin FC,Colorado Rapids,1525.0749248710558,1490.1523719081576,94.92255296289818,94.92255296289818,0.6333041732197804
4200,2022-10-09,2022,4,17,Chicago Fire,New England Revolution,1477.024477429941,1485.4566479462223,51.5678294837187,51.5678294837187,0.5736718745971391
4201,2022-10-09,2022,8,9,DC United,FC Cincinnati,1427.5718868460713,1514.2692683755652,-26.697381529493896,26.697381529493896,0.4616548205305431
4202,2022-10-09,2022,10,27,FC Dallas,Sporting Kansas City,1524.476934087695,1488.1230278465084,96.35390624118668,96.35390624118668,0.6352155294907613
4203,2022-10-09,2022,11,14,Houston Dynamo,Los Angeles Galaxy,1465.0575008096582,1498.8346880330848,26.22281277657339,-26.22281277657339,0.5376661661928094
4204,2022-10-09,2022,13,16,Los Angeles FC,Nashville SC,1567.8987634773082,1506.9371993857972,120.96156409151104,120.96156409151104,0.6673693078723858
4205,2022-10-09,2022,15,30,Minnesota United,Vancouver Whitecaps,1492.0492901753744,1492.8095189530031,59.239771222371246,59.239771222371246,0.5844362160144241
4206,2022-10-09,2022,19,3,New York Red Bulls,Charlotte,1513.967971034803,1482.1349919366535,91.83297909814951,91.83297909814951,0.6291642529417665
4207,2022-10-09,2022,20,7,Orlando City,Columbus Crew,1491.2445139953945,1517.9002961615722,33.34421783382231,33.34421783382231,0.5478393988756405
4208,2022-10-09,2022,21,29,Philadelphia Union,Toronto FC,1570.3377827569918,1451.343784802101,178.9939979548908,178.9939979548908,0.7369880634325854
4209,2022-10-09,2022,23,22,Real Salt Lake,Portland Timbers,1493.9130145844013,1514.5269223742328,39.3860922101685,39.3860922101685,0.556439581372832
4210,2022-10-09,2022,26,25,Seattle Sounders,San Jose Earthquakes,1469.5667449992152,1462.8594975177032,66.70724748151201,66.70724748151201,0.5948369568485097
4211,2022-10-15,2022,14,16,Los Angeles Galaxy,Nashville SC,1506.899680525977,1516.947739003883,49.951941522093875,49.951941522093875,0.5713953671892024
4212,2022-10-15,2022,19,9,New York Red Bulls,FC Cincinnati,1519.5305072406766,1521.1940906835232,58.33641655715337,58.33641655715337,0.583172706391429
4213,2022-10-16,2022,1,23,Austin FC,Real Salt Lake,1523.075362272759,1500.5664208638088,82.50894140895025,82.50894140895025,0.6165569643715494
4214,2022-10-17,2022,2,20,CF Montreal,Orlando City,1558.931220795716,1498.0269230122599,120.90429778345606,120.90429778345606,0.6672961253473517
4215,2022-10-18,2022,10,15,FC Dallas,Minnesota United,1529.9487011453336,1498.282746935158,91.66595421017564,91.66595421017564,0.6289398975961787
4216,2022-10-18,2022,18,12,New York City,Inter Miami,1525.2893446592345,1511.5759310923445,73.71341356689004,73.71341356689004,0.604518560861966
4217,2022-10-21,2022,13,14,Los Angeles FC,Los Angeles Galaxy,1557.8882238592223,1513.3287500181389,104.55947384108345,104.55947384108345,0.6460892099991502
4218,2022-10-21,2022,21,9,Philadelphia Union,FC Cincinnati,1574.282961805503,1529.9416812793947,104.34128052610822,104.34128052610822,0.6458019579939295
4219,2022-10-23,2022,2,18,CF Montreal,New York City,1563.9217789155057,1531.221566246305,92.70021266920071,92.70021266920071,0.6303282625354488
4220,2022-10-24,2022,1,10,Austin FC,FC Dallas,1521.327007807186,1528.014602681391,53.31240512579507,53.31240512579507,0.5761261777247279
4221,2022-10-30,2022,13,1,Los Angeles FC,Austin FC,1563.196885709235,1527.685115141315,95.51177056791994,95.51177056791994,0.6340914963210189
4222,2022-10-31,2022,21,18,Philadelphia Union,New York City,1579.595932435594,1540.6764901843367,98.91944225125735,98.91944225125735,0.6386307362151469
4223,2022-11-05,2022,13,21,Los Angeles FC,Philadelphia Union,1568.6855132644196,1585.0164713923668,43.66904187205273,43.66904187205273,0.5625159428283739
4224,2023-02-25,2023,16,18,Nashville SC,New York City,1500.0,1500.0,60.0,60.0,0.5854986786718095
4225,2023-02-26,2023,0,25,Atlanta Utd,San Jose Earthquakes,1500.0,1500.0,60.0,60.0,0.5854986786718095
4226,2023-02-26,2023,1,28,Austin FC,St. Louis City,1500.0,1500.0,60.0,60.0,0.5854986786718095
4227,2023-02-26,2023,3,17,Charlotte,New England Revolution,1500.0,1500.0,60.0,60.0,0.5854986786718095
4228,2023-02-26,2023,8,29,DC United,Toronto FC,1500.0,1500.0,60.0,-60.0,0.5854986786718095
4229,2023-02-26,2023,9,11,FC Cincinnati,Houston Dynamo,1500.0,1500.0,60.0,60.0,0.5854986786718095
4230,2023-02-26,2023,10,15,FC Dallas,Minnesota United,1500.0,1500.0,60.0,60.0,0.5854986786718095
4231,2023-02-26,2023,12,2,Inter Miami,CF Montreal,1500.0,1500.0,60.0,60.0,0.5854986786718095
4232,2023-02-26,2023,20,19,Orlando City,New York Red Bulls,1500.0,1500.0,60.0,60.0,0.5854986786718095
4233,2023-02-26,2023,21,7,Philadelphia Union,Columbus Crew,1500.0,1500.0,60.0,60.0,0.5854986786718095
4234,2023-02-26,2023,30,23,Vancouver Whitecaps,Real Salt Lake,1500.0,1500.0,60.0,60.0,0.5854986786718095
4235,2023-02-27,2023,26,6,Seattle Sounders,Colorado Rapids,1500.0,1500.0,60.0,60.0,0.5854986786718095
4236,2023-02-28,2023,22,27,Portland Timbers,Sporting Kansas City,1500.0,1500.0,60.0,60.0,0.5854986786718095
4237,2023-03-04,2023,13,22,Los Angeles FC,Portland Timbers,1500.0,1506.217519819923,53.78248018007707,53.78248018007707,0.5767868519878576
4238,2023-03-05,2023,0,29,Atlanta Utd,Toronto FC,1506.217519819923,1493.782480180077,72.43503963984585,72.43503963984585,0.602757876329016
4239,2023-03-05,2023,1,2,Austin FC,CF Montreal,1491.217519819923,1493.782480180077,57.435039639845854,57.435039639845854,0.5819108731655616
4240,2023-03-05,2023,4,18,Chicago Fire,New York City,1500.0,1493.782480180077,66.21751981992293,66.21751981992293,0.5941573559589034
4241,2023-03-05,2023,6,27,Colorado Rapids,Sporting Kansas City,1493.782480180077,1493.782480180077,60.0,60.0,0.5854986786718095
4242,2023-03-05,2023,7,8,Columbus Crew,DC United,1493.782480180077,1506.217519819923,47.564960360154146,47.564960360154146,0.5680270135380762
4243,2023-03-05,2023,10,14,FC Dallas,Los Angeles Galaxy,1491.217519819923,1500.0,51.21751981992293,51.21751981992293,0.5731786102388976
4244,2023-03-05,2023,12,21,Inter Miami,Philadelphia Union,1506.217519819923,1506.217519819923,60.0,-60.0,0.5854986786718095
4245,2023-03-05,2023,17,11,New England Revolution,Houston Dynamo,1508.782480180077,1493.782480180077,75.0,75.0,0.6062878237854281
4246,2023-03-05,2023,19,16,New York Red Bulls,Nashville SC,1493.782480180077,1506.217519819923,47.564960360154146,47.564960360154146,0.5680270135380762
4247,2023-03-05,2023,20,9,Orlando City,FC Cincinnati,1506.217519819923,1506.217519819923,60.0,60.0,0.5854986786718095
4248,2023-03-05,2023,25,30,San Jose Earthquakes,Vancouver Whitecaps,1493.782480180077,1491.217519819923,62.564960360154146,62.564960360154146,0.5890774372974298
4249,2023-03-05,2023,26,23,Seattle Sounders,Real Salt Lake,1506.217519819923,1508.782480180077,57.435039639845854,57.435039639845854,0.5819108731655616
4250,2023-03-05,2023,28,3,St. Louis City,Charlotte,1508.782480180077,1491.217519819923,77.56496036015415,77.56496036015415,0.6098067093552056
4251,2023-03-11,2023,3,0,Charlotte,Atlanta Utd,1485.364620460251,1504.6761516749878,40.68846878526324,40.68846878526324,0.5582891792365511
4252,2023-03-11,2023,30,10,Vancouver Whitecaps,FC Dallas,1485.0536813793844,1497.6198406663395,47.4338407130449,47.4338407130449,0.56784180059747
4253,2023-03-12,2023,8,20,DC United,Orlando City,1499.737925022994,1504.9350396398459,54.80288538314812,54.80288538314812,0.5782200486136839
4254,2023-03-12,2023,9,26,FC Cincinnati,Seattle Sounders,1507.5,1512.4888567224396,55.01114327756045,55.01114327756045,0.5785123934813472
4255,2023-03-12,2023,15,19,Minnesota United,New York Red Bulls,1508.782480180077,1492.762074977006,76.02040520307105,76.02040520307105,0.6076890677319801
4256,2023-03-12,2023,16,2,Nashville SC,CF Montreal,1507.237925022994,1487.5111432775604,79.72678174543353,79.72678174543353,0.612763692532024
4257,2023-03-12,2023,18,12,New York City,Inter Miami,1495.1948405194605,1512.4350396398459,42.75980087961466,42.75980087961466,0.5612274769908914
4258,2023-03-12,2023,21,4,Philadelphia Union,Chicago Fire,1500.0,1498.5876396606166,61.41236033938344,61.41236033938344,0.5874704151742719
4259,2023-03-12,2023,22,28,Portland Timbers,St. Louis City,1499.8693225997408,1514.635379539749,45.233943059991816,45.233943059991816,0.5647315473348561
4260,2023-03-12,2023,23,1,Real Salt Lake,Austin FC,1502.5111432775604,1497.4888567224396,65.0222865551209,65.0222865551209,0.5924972062531054
4261,2023-03-12,2023,25,6,San Jose Earthquakes,Colorado Rapids,1499.9463186206156,1492.5,67.44631862061556,67.44631862061556,0.5958618860352433
4262,2023-03-12,2023,27,14,Sporting Kansas City,Los Angeles Galaxy,1495.0649603601541,1493.5976791535834,61.46728120657076,61.46728120657076,0.5875470316498751
4263,2023-03-12,2023,29,7,Toronto FC,Columbus Crew,1495.3238483250122,1500.262074977006,55.06177334800623,55.06177334800623,0.5785834578275296
4264,2023-03-13,2023,13,17,Los Angeles FC,New England Revolution,1506.348197220182,1514.6881628232957,51.66003439688643,51.66003439688643,0.5738016822541859
4265,2023-03-18,2023,0,22,Atlanta Utd,Portland Timbers,1513.050489363536,1491.398349389718,81.65213997381784,81.65213997381784,0.6153902654379768
4266,2023-03-18,2023,2,21,CF Montreal,Philadelphia Union,1481.7025986655408,1506.187943772386,35.514654893154784,-35.514654893154784,0.5509324259655317
4267,2023-03-18,2023,17,16,New England Revolution,Nashville SC,1508.2951880571084,1513.0464696350136,55.248718422094726,55.248718422094726,0.5788458256362901
4268,2023-03-18,2023,18,8,New York City,DC United,1501.7764283645972,1498.5646242937887,63.21180407080851,63.21180407080851,0.5899784748847671
4269,2023-03-18,2023,19,7,New York Red Bulls,Columbus Crew,1494.3774109929857,1501.440826844419,52.93658414856668,52.93658414856668,0.57559777836718
4270,2023-03-18,2023,20,3,Orlando City,Charlotte,1506.1083403690511,1476.9902827717028,89.1180575973483,89.1180575973483,0.6255105998349021
4271,2023-03-18,2023,26,13,Seattle Sounders,Los Angeles FC,1506.1665426246598,1512.7411719863694,53.42537063829036,53.42537063829036,0.5762849717893818
4272,2023-03-18,2023,29,12,Toronto FC,Inter Miami,1494.1450964575993,1505.8534517947091,48.29164466289012,48.29164466289012,0.5690531446471117
4273,2023-03-19,2023,4,9,Chicago Fire,FC Cincinnati,1492.3996958882306,1513.8223140977798,38.57738179045077,38.57738179045077,0.5552902827807847
4274,2023-03-19,2023,6,15,Colorado Rapids,Minnesota United,1486.4379282905286,1507.1671441640974,39.27078412643118,39.27078412643118,0.5562757479493969
4275,2023-03-19,2023,10,27,FC Dallas,Sporting Kansas City,1498.6374676753017,1493.751754885406,64.8857127898957,64.8857127898957,0.592307373372482
4276,2023-03-19,2023,11,1,Houston Dynamo,Austin FC,1487.8767975368585,1506.3763148162361,41.50048272062236,41.50048272062236,0.5594415635163319
4277,2023-03-19,2023,14,30,Los Angeles Galaxy,Vancouver Whitecaps,1494.9108846283316,1484.0360543704223,70.87483025790925,70.87483025790925,0.6006054175454262
4278,2023-03-19,2023,28,25,St. Louis City,San Jose Earthquakes,1523.1063527497718,1506.008390330087,77.09796241968479,77.09796241968479,0.6091668704929931
4279,2023-03-25,2023,3,19,Charlotte,New York Red Bulls,1486.3729417692264,1500.743444317478,45.62949745174842,-45.62949745174842,0.5652911721370315
4280,2023-03-25,2023,7,0,Columbus Crew,Atlanta Utd,1495.0747935199267,1518.8196353819662,36.25515813796051,-36.25515813796051,0.551986807419036
4281,2023-03-25,2023,8,17,DC United,New England Revolution,1492.4143014170602,1514.612500672564,37.80180074449618,37.80180074449618,0.5541875099083795
4282,2023-03-25,2023,12,4,Inter Miami,Chicago Fire,1499.3892489644159,1491.5703416465187,67.81890731789713,67.81890731789713,0.5963782683273111
4283,2023-03-25,2023,21,20,Philadelphia Union,Orlando City,1499.451930161869,1496.7256813715276,62.726248790341515,62.726248790341515,0.5893021643425762
4284,2023-03-25,2023,22,14,Portland Timbers,Los Angeles Galaxy,1485.6292033712878,1493.4018033651503,52.227400006137486,52.227400006137486,0.574600204829263
4285,2023-03-26,2023,1,6,Austin FC,Colorado Rapids,1499.7679382689812,1478.0937920712877,81.67414619769352,81.67414619769352,0.6154202477948822
4286,2023-03-26,2023,11,18,Houston Dynamo,New York City,1494.4851740841134,1507.9267512413257,46.55842284278765,46.55842284278765,0.5666047461856983
4287,2023-03-26,2023,13,10,Los Angeles FC,FC Dallas,1513.88544656321,1504.7528570747145,69.13258948849557,69.13258948849557,0.5981972313695814
4288,2023-03-26,2023,15,30,Minnesota United,Vancouver Whitecaps,1515.5112803833383,1485.5451356336036,89.96614474973467,89.96614474973467,0.6266534873654303
4289,2023-03-26,2023,16,9,Nashville SC,FC Cincinnati,1506.729157019558,1514.6516683394916,52.07748868006638,52.07748868006638,0.5743892540526353
4290,2023-03-26,2023,23,28,Real Salt Lake,St. Louis City,1493.6236851837639,1528.9688496923768,24.654835491387075,24.654835491387075,0.5354217232261425
4291,2023-03-26,2023,25,29,San Jose Earthquakes,Toronto FC,1500.145893387482,1500.6092992878926,59.536594099589365,59.536594099589365,0.5848511367342538
4292,2023-03-26,2023,27,26,Sporting Kansas City,Seattle Sounders,1487.636365485993,1505.0222680478191,42.614097438173985,42.614097438173985,0.56102092654664
4293,2023-04-02,2023,0,19,Atlanta Utd,New York Red Bulls,1512.0994374932518,1501.7228118995333,70.37662559371847,70.37662559371847,0.5999172725957564
4294,2023-04-02,2023,4,8,Chicago Fire,DC United,1500.5160156714285,1484.1014887684346,76.41452690299388,76.41452690299388,0.6082298115945535
4295,2023-04-02,2023,6,13,Colorado Rapids,Los Angeles FC,1479.825095788211,1519.9124880926663,19.912607695544693,-19.912607695544693,0.5286252102814848
4296,2023-04-02,2023,7,23,Columbus Crew,Real Salt Lake,1501.7949914086412,1485.5923593353718,76.20263207326934,76.20263207326934,0.6079391200303884
4297,2023-04-02,2023,9,12,FC Cincinnati,Inter Miami,1523.267507150281,1490.443574939506,92.82393221077496,92.82393221077496,0.63049419703952
4298,2023-04-02,2023,10,22,FC Dallas,Portland Timbers,1498.7258155452582,1484.5102002988488,74.21561524640947,74.21561524640947,0.6052094973016223
4299,2023-04-02,2023,14,26,Los Angeles Galaxy,Seattle Sounders,1494.5208064375893,1513.4375819460188,41.08322449157049,41.08322449157049,0.5588494831487445
4300,2023-04-02,2023,17,18,New England Revolution,New York City,1522.9253133211896,1501.4258224341113,81.49949088707831,81.49949088707831,0.6151822647306724
4301,2023-04-02,2023,20,16,Orlando City,Nashville SC,1505.5652138366663,1498.1133182087685,67.45189562789778,67.45189562789778,0.5958696169518689
4302,2023-04-02,2023,21,27,Philadelphia Union,Sporting Kansas City,1490.6123976967303,1479.2210515877935,71.39134610893689,71.39134610893689,0.6013184356460703
4303,2023-04-02,2023,25,11,San Jose Earthquakes,Houston Dynamo,1498.8731263364682,1500.9861028913278,57.88702344514036,57.88702344514036,0.5825437382350516
4304,2023-04-02,2023,28,15,St. Louis City,Minnesota United,1537.0001755407689,1513.611478072857,83.38869746791192,83.38869746791192,0.6177535253054063
4305,2023-04-02,2023,29,3,Toronto FC,Charlotte,1501.8820663389063,1485.393574187171,76.48849215173527,76.48849215173527,0.6083312640326496
4306,2023-04-02,2023,30,2,Vancouver Whitecaps,CF Montreal,1487.444937944085,1488.4386122760577,59.00632566802733,59.00632566802733,0.5841098046032087
4307,2023-04-09,2023,4,15,Chicago Fire,Minnesota United,1498.8925684975102,1522.8777809524381,36.01478754507207,36.01478754507207,0.5516446013519207
4308,2023-04-09,2023,8,7,DC United,Columbus Crew,1485.7249359423529,1507.6759046081854,38.049031334167466,38.049031334167466,0.554539097308912
4309,2023-04-09,2023,9,21,FC Cincinnati,Philadelphia Union,1528.8100941946882,1489.0926211620392,99.71747303264897,99.71747303264897,0.6396902317086148
4310,2023-04-09,2023,11,14,Houston Dynamo,Los Angeles Galaxy,1494.7242589648536,1486.1380641903581,68.58619477449543,68.58619477449543,0.5974410024024862
4311,2023-04-09,2023,12,10,Inter Miami,FC Dallas,1484.900987895099,1497.147673085734,47.753314809365065,47.753314809365065,0.5682930401511023
4312,2023-04-09,2023,13,1,Los Angeles FC,Austin FC,1520.3418662468887,1498.0366345520579,82.30523169483081,82.30523169483081,0.6162796956931557
4313,2023-04-09,2023,16,29,Nashville SC,Toronto FC,1507.0513624630466,1500.2570973784166,66.79426508463007,66.79426508463007,0.5949576742675852
4314,2023-04-09,2023,17,2,New England Revolution,CF Montreal,1521.1975793502295,1482.200259345106,98.99732000512358,98.99732000512358,0.6387341892284533
4315,2023-04-09,2023,18,0,New York City,Atlanta Utd,1503.1535564050714,1518.1006784043154,45.05287800075598,45.05287800075598,0.5644753238979393
4316,2023-04-09,2023,19,25,New York Red Bulls,San Jose Earthquakes,1495.7215709884697,1505.1349702629425,50.586600725527205,50.586600725527205,0.5722898584628441
4317,2023-04-09,2023,23,3,Real Salt Lake,Charlotte,1479.7114461358276,1487.0185431476607,52.69290298816691,52.69290298816691,0.5752550734034837
4318,2023-04-09,2023,26,28,Seattle Sounders,St. Louis City,1521.82032419325,1527.7338726611877,54.086451532062256,54.086451532062256,0.577213927230777
4319,2023-04-09,2023,27,6,Sporting Kansas City,Colorado Rapids,1480.7408281224846,1479.3957176339886,61.34511048849595,61.34511048849595,0.5873765935766176
4320,2023-04-09,2023,30,22,Vancouver Whitecaps,Portland Timbers,1493.6832908750368,1486.088342758373,67.59494811666377,67.59494811666377,0.5960679018096533
4321,2023-04-16,2023,1,30,Austin FC,Vancouver Whitecaps,1492.2808299874553,1499.7422723478921,52.53855763956312,52.53855763956312,0.5750379698601457
4322,2023-04-16,2023,2,8,CF Montreal,DC United,1476.7812721835328,1477.4068494827193,59.37442270081351,59.37442270081351,0.5846244565680706
4323,2023-04-16,2023,3,6,Charlotte,Colorado Rapids,1480.647369248713,1488.206366537638,52.44100271107504,52.44100271107504,0.5749007332910113
4324,2023-04-16,2023,4,21,Chicago Fire,Philadelphia Union,1505.6178994772313,1483.6879746376685,81.92992483956277,81.92992483956277,0.6157686687710462
4325,2023-04-16,2023,7,17,Columbus Crew,New England Revolution,1515.993991067819,1526.6165665118026,49.37742455601642,49.37742455601642,0.5705852379771986
4326,2023-04-16,2023,10,23,FC Dallas,Real Salt Lake,1505.6720686880005,1486.0826200347753,79.58944865322519,79.58944865322519,0.6125760900043726
4327,2023-04-16,2023,14,13,Los Angeles Galaxy,Los Angeles FC,1480.0996792263954,1526.0976708114913,14.00200841490414,-14.00200841490414,0.5201396076885413
4328,2023-04-16,2023,15,20,Minnesota United,Orlando City,1516.152449972717,1496.6271695823882,79.52528039032882,79.52528039032882,0.6124884221260305
4329,2023-04-16,2023,18,16,New York City,Nashville SC,1502.1864265466024,1505.6269973490328,56.55942919756967,56.55942919756967,0.580684082685873
4330,2023-04-16,2023,19,11,New York Red Bulls,Houston Dynamo,1494.637223111527,1500.7626439288163,53.874579182710704,53.874579182710704,0.5769162618689568
4331,2023-04-16,2023,22,26,Portland Timbers,Seattle Sounders,1480.0293612855178,1528.1621152847883,11.867246000729438,-11.867246000729438,0.5170717012876299
4332,2023-04-16,2023,25,27,San Jose Earthquakes,Sporting Kansas City,1506.2193181398852,1471.9301792188353,94.28913892104993,94.28913892104993,0.6324569997180467
4333,2023-04-16,2023,28,9,St. Louis City,FC Cincinnati,1521.3920815696492,1534.214740719059,47.177340850590326,47.177340850590326,0.5674794271420642
4334,2023-04-16,2023,29,0,Toronto FC,Atlanta Utd,1501.6814624924305,1519.0678082627844,42.613654229646045,42.613654229646045,0.5610202982181506
4335,2023-04-23,2023,0,4,Atlanta Utd,Chicago Fire,1519.9831127360567,1503.8813694456655,76.10174329039114,76.10174329039114,0.6078006871057459
4336,2023-04-23,2023,2,19,CF Montreal,New York Red Bulls,1468.0119053350118,1493.4834791834926,34.52842615151917,-34.52842615151917,0.5495274535020469
4337,2023-04-23,2023,3,7,Charlotte,Columbus Crew,1479.5238582493478,1514.935212498161,24.588645751186732,24.588645751186732,0.5353269453186237
4338,2023-04-23,2023,6,28,Colorado Rapids,St. Louis City,1489.329877537003,1527.8798901625182,21.449987374484863,21.449987374484863,0.5308298529925687
4339,2023-04-23,2023,9,22,FC Cincinnati,Portland Timbers,1527.72693212619,1487.2732857662033,100.45364635998658,100.45364635998658,0.6406663981353063
4340,2023-04-23,2023,11,12,Houston Dynamo,Inter Miami,1501.9163878568506,1476.3765922928324,85.53979556401828,85.53979556401828,0.6206732123724135
4341,2023-04-23,2023,14,1,Los Angeles Galaxy,Austin FC,1472.2975851110673,1491.155260439553,41.14232467151419,41.14232467151419,0.558933355235292
4342,2023-04-23,2023,16,13,Nashville SC,Los Angeles FC,1499.3372585893208,1533.8997649268194,25.43749366250131,25.43749366250131,0.5365422253153235
4343,2023-04-23,2023,17,27,New England Revolution,Sporting Kansas City,1527.6753450814606,1466.417034214606,121.25831086685457,121.25831086685457,0.6677484010784406
4344,2023-04-23,2023,18,10,New York City,FC Dallas,1508.4761653063144,1511.483427337935,56.992737968379515,56.992737968379515,0.5812913037497206
4345,2023-04-23,2023,20,8,Orlando City,DC United,1505.8144959142787,1486.1762163312403,79.63827958303841,79.63827958303841,0.6126427988471764
4346,2023-04-23,2023,21,29,Philadelphia Union,Toronto FC,1485.4245046692342,1500.7661580191582,44.658346650076055,44.658346650076055,0.5639169072512454
4347,2023-04-23,2023,23,25,Real Salt Lake,San Jose Earthquakes,1480.271261384841,1511.7324631441145,28.538798240726464,28.538798240726464,0.5409785103271603
4348,2023-04-23,2023,26,15,Seattle Sounders,Minnesota United,1520.9181908041028,1506.9651236408265,73.95306716327627,73.95306716327627,0.6048483320498905
4349,2023-04-29,2023,16,0,Nashville SC,Atlanta Utd,1498.7891252095908,1525.8661024294704,32.92302278012039,32.92302278012039,0.5472387300348079
4350,2023-04-30,2023,1,25,Austin FC,San Jose Earthquakes,1484.5392607680824,1504.8471407990219,39.69211996906051,39.69211996906051,0.5568743358156111
4351,2023-04-30,2023,4,19,Chicago Fire,New York Red Bulls,1497.9983797522518,1486.7263909860233,71.27198876622856,71.27198876622856,0.6011537082899198
4352,2023-04-30,2023,7,12,Columbus Crew,Inter Miami,1507.9651166779404,1470.6866904784185,97.27842619952185,97.27842619952185,0.6364478282217986
4353,2023-04-30,2023,8,3,DC United,Charlotte,1495.365858313948,1486.4939540695684,68.8719042443795,68.8719042443795,0.5978364921266054
4354,2023-04-30,2023,17,9,New England Revolution,FC Cincinnati,1532.659119065284,1533.1169361541604,59.54218291112352,59.54218291112352,0.5848589480315602
4355,2023-04-30,2023,20,14,Orlando City,Los Angeles Galaxy,1496.6248539315711,1478.913584782538,77.71126914903311,77.71126914903311,0.610007090992313
4356,2023-04-30,2023,23,26,Real Salt Lake,Seattle Sounders,1487.1565837299336,1526.8454658233545,20.311117906579057,20.311117906579057,0.5291967950742045
4357,2023-04-30,2023,27,2,Sporting Kansas City,CF Montreal,1461.4332602307827,1474.768993532481,46.66426669830162,46.66426669830162,0.5667543587512818
4358,2023-04-30,2023,28,22,St. Louis City,Portland Timbers,1528.3423379574067,1481.8832817382329,106.45905621917382,106.45905621917382,0.6485855433736868
4359,2023-04-30,2023,29,18,Toronto FC,New York City,1494.2249116279268,1514.7567957500687,39.468115877858054,39.468115877858054,0.5565561157611082
4360,2023-04-30,2023,30,6,Vancouver Whitecaps,Colorado Rapids,1500.8678418957943,1488.8674297421146,72.00041215367969,72.00041215367969,0.6021586615508451
4361,2023-05-01,2023,15,10,Minnesota United,FC Dallas,1501.0378486215748,1505.2027968941807,55.8350517273941,55.8350517273941,0.5796684248784568
4362,2023-05-07,2023,2,20,CF Montreal,Orlando City,1483.2703089137503,1502.4747475666863,40.795561347063995,40.795561347063995,0.558441197803629
4363,2023-05-07,2023,3,18,Charlotte,New York City,1480.4615014514675,1508.1051374864853,32.356363964982165,32.356363964982165,0.5464303976418815
4364,2023-05-07,2023,9,8,FC Cincinnati,DC United,1534.3898203746337,1501.3983109320488,92.99150944258486,92.99150944258486,0.6307189049527093
4365,2023-05-07,2023,11,23,Houston Dynamo,Real Salt Lake,1507.6062896712644,1486.7186318038205,80.88765786744398,80.88765786744398,0.6143481548569488
4366,2023-05-07,2023,12,0,Inter Miami,Atlanta Utd,1480.2334079017455,1519.0746833799926,21.1587245217529,21.1587245217529,0.530412264181749
4367,2023-05-07,2023,14,6,Los Angeles Galaxy,Colorado Rapids,1473.0636911474228,1490.3998096653772,42.663881482045554,42.663881482045554,0.5610915032143309
4368,2023-05-07,2023,16,4,Nashville SC,Chicago Fire,1505.5805442590686,1496.481074127903,69.09947013116562,69.09947013116562,0.5981514063086434
4369,2023-05-07,2023,19,21,New York Red Bulls,Philadelphia Union,1488.2436966103721,1491.9657510604657,56.27794554990646,56.27794554990646,0.5802894920045678
4370,2023-05-07,2023,22,1,Portland Timbers,Austin FC,1491.6120648888382,1483.6861457308482,67.92591915798994,67.92591915798994,0.5965265399645905
4371,2023-05-07,2023,25,13,San Jose Earthquakes,Los Angeles FC,1505.700255836256,1534.4478983065494,31.252357529706615,-31.252357529706615,0.54485484543033
4372,2023-05-07,2023,26,27,Seattle Sounders,Sporting Kansas City,1527.2834177494676,1452.9319448495135,134.35147289995416,134.35147289995416,0.6842535994386181
4373,2023-05-07,2023,29,17,Toronto FC,New England Revolution,1500.8765698915101,1531.3862348448106,29.490335046699556,29.490335046699556,0.5423383752289012
4374,2023-05-07,2023,30,15,Vancouver Whitecaps,Minnesota United,1499.3354619725317,1499.8428222483979,59.492639724133824,59.492639724133824,0.584789701668967
4375,2023-05-13,2023,4,28,Chicago Fire,St. Louis City,1490.4533452225326,1518.6135548068014,31.83979041573116,31.83979041573116,0.5456932978308451
4376,2023-05-14,2023,0,3,Atlanta Utd,Charlotte,1512.030867342719,1487.2650454868392,84.76582185587972,84.76582185587972,0.6196236910667989
4377,2023-05-14,2023,1,10,Austin FC,FC Dallas,1485.134043830317,1506.3978232673576,38.73622056295949,38.73622056295949,0.5555160635389977
4378,2023-05-14,2023,2,29,CF Montreal,Toronto FC,1489.8936909466959,1492.7414942630767,57.152196683619195,57.152196683619195,0.5815147007457876
4379,2023-05-14,2023,6,21,Colorado Rapids,Philadelphia Union,1498.8161822135921,1500.6700934405342,58.146088773057954,58.146088773057954,0.5829063575814218
4380,2023-05-14,2023,7,20,Columbus Crew,Orlando City,1498.4183992546134,1495.8513655337408,62.56703372087259,62.56703372087259,0.5890803263967931
4381,2023-05-14,2023,8,16,DC United,Nashville SC,1495.8590945063395,1511.608273164439,44.25082134190052,44.25082134190052,0.5633399288290076
4382,2023-05-14,2023,11,26,Houston Dynamo,Seattle Sounders,1505.8910673484102,1517.0196137578882,48.871453590521924,48.871453590521924,0.5698714523768068
4383,2023-05-14,2023,12,17,Inter Miami,New England Revolution,1487.2772239390192,1539.521310473244,7.755913465775166,-7.755913465775166,0.5111598030110365
4384,2023-05-14,2023,19,18,New York Red Bulls,New York City,1479.5393542303036,1501.3015934511136,38.23776077919001,38.23776077919001,0.5548074533333106
4385,2023-05-14,2023,22,30,Portland Timbers,Vancouver Whitecaps,1490.1641667893693,1505.5636164474972,44.60055034187212,44.60055034187212,0.5638350891508662
4386,2023-05-14,2023,23,13,Real Salt Lake,Los Angeles FC,1488.4338541266748,1527.6207209880045,20.81313313867031,-20.81313313867031,0.5299167283778385
4387,2023-05-14,2023,27,15,Sporting Kansas City,Minnesota United,1463.1957488410928,1493.6146677734323,29.581081067660534,29.581081067660534,0.5424680300013852
4388,2023-05-15,2023,14,25,Los Angeles Galaxy,San Jose Earthquakes,1464.647318599208,1512.527433154801,12.119885444406918,12.119885444406918,0.5174348457448997
4389,2023-05-18,2023,0,6,Atlanta Utd,Colorado Rapids,1502.7365119767169,1490.0725868498707,72.66392512684615,72.66392512684615,0.6030733138015423
4390,2023-05-18,2023,3,4,Charlotte,Chicago Fire,1496.5594008528412,1497.2679457550698,59.291455097771404,59.291455097771404,0.5845084721394719
4391,2023-05-18,2023,7,14,Columbus Crew,Los Angeles Galaxy,1497.0821943586616,1471.8857959130344,85.19639844562721,85.19639844562721,0.6202076988221029
4392,2023-05-18,2023,9,2,FC Cincinnati,CF Montreal,1539.929036800343,1496.1709704355092,103.7580663648339,103.7580663648339,0.6450336391233716
4393,2023-05-18,2023,10,30,FC Dallas,Vancouver Whitecaps,1514.7305642204426,1499.0211427847603,75.70942143568232,75.70942143568232,0.6072622043825504
4394,2023-05-18,2023,13,27,Los Angeles FC,Sporting Kansas City,1535.569471913672,1470.058728391072,125.51074352260002,125.51074352260002,0.6731568382106574
4395,2023-05-18,2023,15,11,Minnesota United,Houston Dynamo,1486.7516882234531,1497.342995562758,49.408692660695124,49.408692660695124,0.5706293390584484
4396,2023-05-18,2023,16,12,Nashville SC,Inter Miami,1512.558372096874,1494.6098268938538,77.94854520302033,77.94854520302033,0.6103319806488045
4397,2023-05-18,2023,20,18,Orlando City,New York City,1497.1875704296926,1494.6237052511133,62.56386517857936,62.56386517857936,0.5890759112274588
4398,2023-05-18,2023,21,8,Philadelphia Union,DC United,1509.4136888042556,1494.9089955739043,74.50469323035122,74.50469323035122,0.6056070246554547
4399,2023-05-18,2023,23,22,Real Salt Lake,Portland Timbers,1480.4851032010072,1496.7066404521063,43.77846274890089,43.77846274890089,0.5626709443064076
4400,2023-05-18,2023,26,1,Seattle Sounders,Austin FC,1525.5676855435404,1476.801302877232,108.76638266630835,108.76638266630835,0.6516068097240681
4401,2023-05-18,2023,29,19,Toronto FC,New York Red Bulls,1486.4642147742634,1486.217242430304,60.24697234395944,60.24697234395944,0.5858436658863238
4402,2023-05-21,2023,1,29,Austin FC,Toronto FC,1486.575405023093,1485.1765597859685,61.39884523712453,61.39884523712453,0.5874515604976188
4403,2023-05-21,2023,3,16,Charlotte,Nashville SC,1502.7917737707492,1518.403392387142,44.38838138360711,44.38838138360711,0.5635347069658407
4404,2023-05-21,2023,4,0,Chicago Fire,Atlanta Utd,1491.035572837162,1508.6904122696938,42.345160567468156,42.345160567468156,0.5606396238599808
4405,2023-05-21,2023,6,23,Colorado Rapids,Real Salt Lake,1484.1186865568939,1479.545039036411,64.57364752048284,64.57364752048284,0.591873509952861
4406,2023-05-21,2023,8,14,DC United,Los Angeles Galaxy,1496.4931009437362,1466.188911395366,90.30418954837023,90.30418954837023,0.6271086455484596
4407,2023-05-21,2023,9,7,FC Cincinnati,Columbus Crew,1545.2535322134925,1502.77907887633,102.47445333716246,102.47445333716246,0.643339991468936
4408,2023-05-21,2023,10,11,FC Dallas,Houston Dynamo,1520.6216311547043,1490.9024356486348,89.71919550606958,89.71919550606958,0.6263208423010399
4409,2023-05-21,2023,12,20,Inter Miami,Orlando City,1488.7648066035858,1495.8514317612808,52.913374842305075,52.913374842305075,0.5755651407082074
4410,2023-05-21,2023,13,25,Los Angeles FC,San Jose Earthquakes,1532.972119340512,1505.2889558409745,87.68316349953761,87.68316349953761,0.6235737419871036
4411,2023-05-21,2023,19,2,New York Red Bulls,CF Montreal,1487.5048974185988,1490.8464750223598,56.658422396239075,56.658422396239075,0.5808228292846871
4412,2023-05-21,2023,21,17,Philadelphia Union,New England Revolution,1507.8295834344237,1532.1887075184095,35.64087591601424,35.64087591601424,0.5511121811119285
4413,2023-05-21,2023,22,15,Portland Timbers,Minnesota United,1497.6467046167024,1493.1922481375764,64.45445647912607,64.45445647912607,0.591707761165847
4414,2023-05-21,2023,28,27,St. Louis City,Sporting Kansas City,1511.7989542742641,1472.656080964232,99.1428733100322,99.1428733100322,0.6389275081166828
4415,2023-05-21,2023,30,26,Vancouver Whitecaps,Seattle Sounders,1493.1300758504985,1515.7935833976794,37.33649245281913,37.33649245281913,0.5535256467096207
4416,2023-05-28,2023,2,12,CF Montreal,Inter Miami,1484.55881746163,1480.1313294929628,64.42748796866726,64.42748796866726,0.5916702554697897
4417,2023-05-28,2023,6,9,Colorado Rapids,FC Cincinnati,1475.240583907601,1550.6034323414585,-15.362848433857607,-15.362848433857607,0.4779054818616378
4418,2023-05-28,2023,11,1,Houston Dynamo,Austin FC,1492.7972482831503,1492.7636316156288,60.03361666752153,60.03361666752153,0.5855456415827303
4419,2023-05-28,2023,14,3,Los Angeles Galaxy,Charlotte,1460.5955410785928,1494.3387531662615,26.25678791233122,26.25678791233122,0.5377147825128574
4420,2023-05-28,2023,15,23,Minnesota United,Real Salt Lake,1502.067864555064,1488.423141685704,73.64472286936007,73.64472286936007,0.6044240226655022
4421,2023-05-28,2023,17,4,New England Revolution,Chicago Fire,1525.4553902350883,1490.1259784792621,95.32941175582619,95.32941175582619,0.6338479015397851
4422,2023-05-28,2023,18,21,New York City,Philadelphia Union,1495.9598439195252,1514.562900717745,41.39694320178023,41.39694320178023,0.5592946588927237
4423,2023-05-28,2023,20,0,Orlando City,Atlanta Utd,1504.4849088719038,1509.6000066275935,54.8849022443103,54.8849022443103,0.5783351874601328
4424,2023-05-28,2023,25,10,San Jose Earthquakes,FC Dallas,1499.6425619707811,1518.7268185201888,40.915743450592345,40.915743450592345,0.5586117840131272
4425,2023-05-28,2023,26,19,Seattle Sounders,New York Red Bulls,1509.0964680983236,1493.7925549793285,75.30391311899507,75.30391311899507,0.60670534829896
4426,2023-05-28,2023,27,22,Sporting Kansas City,Portland Timbers,1467.2399935859821,1488.7710881992148,38.46890538676735,38.46890538676735,0.5551360762917767
4427,2023-05-28,2023,28,30,St. Louis City,Vancouver Whitecaps,1517.215041652514,1499.8271911498543,77.3878505026596,77.3878505026596,0.6095640935936039
4428,2023-05-28,2023,29,8,Toronto FC,DC United,1478.9883331934327,1502.0864712605094,36.90186193292334,36.90186193292334,0.5529072486493947
4429,2023-05-29,2023,16,7,Nashville SC,Columbus Crew,1526.8564129916297,1497.429178748364,89.42723424326573,89.42723424326573,0.6259274111171053
4430,2023-06-01,2023,0,17,Atlanta Utd,New England Revolution,1510.7750344394956,1523.4476717119915,47.32736272750412,47.32736272750412,0.5676913812550054
4431,2023-06-01,2023,1,15,Austin FC,Minnesota United,1486.5468162393697,1500.5015042150815,46.04531202428825,46.04531202428825,0.5658792813614811
4432,2023-06-01,2023,7,6,Columbus Crew,Colorado Rapids,1491.8180899151205,1468.0720016796763,83.74608823544418,83.74608823544418,0.6182392077405227
4433,2023-06-01,2023,8,2,DC United,CF Montreal,1495.3800799902504,1490.6837636295832,64.6963163606672,64.6963163606672,0.5920440731984707
4434,2023-06-01,2023,12,19,Inter Miami,New York Red Bulls,1474.0063833250097,1487.893135203813,46.11324812119665,-46.11324812119665,0.5659753495057535
4435,2023-06-01,2023,18,9,New York City,FC Cincinnati,1487.5704240361342,1557.7720145693831,-10.201590533248918,-10.201590533248918,0.48532294881051463
4436,2023-06-01,2023,21,3,Philadelphia Union,Charlotte,1522.9523206011359,1502.4044749039545,80.5478456971814,80.5478456971814,0.6138845994909647
4437,2023-06-01,2023,23,14,Real Salt Lake,Los Angeles Galaxy,1489.9895020256865,1452.5298193408998,97.45968268478669,97.45968268478669,0.6366892169234578
4438,2023-06-01,2023,26,25,Seattle Sounders,San Jose Earthquakes,1514.9958878738391,1498.7633852105841,76.23250266325499,76.23250266325499,0.6079801031522429
4439,2023-06-01,2023,27,10,Sporting Kansas City,FC Dallas,1473.9129524416055,1519.6059952803857,14.30695716121977,14.30695716121977,0.5205777366024821
4440,2023-06-01,2023,29,4,Toronto FC,Chicago Fire,1485.6947244636917,1492.133697002359,53.56102746133274,53.56102746133274,0.576475641895698
4441,2023-06-01,2023,30,11,Vancouver Whitecaps,Houston Dynamo,1493.9706525537583,1499.0140636594094,54.9565888943489,54.9565888943489,0.5784358173312261
4442,2023-06-03,2023,18,17,New York City,New England Revolution,1480.2905798039765,1524.4630424308166,15.827537373159885,15.827537373159885,0.5227619136049018
4443,2023-06-03,2023,26,22,Seattle Sounders,Portland Timbers,1505.8761863265554,1482.0981293435914,83.77805698296402,83.77805698296402,0.6182826407312457
4444,2023-06-04,2023,1,23,Austin FC,Real Salt Lake,1493.0586270189474,1480.4391637718347,72.61946324711266,72.61946324711266,0.6030120455648509
4445,2023-06-04,2023,6,25,Colorado Rapids,San Jose Earthquakes,1462.3455897957842,1507.8830867578679,14.462503037916349,14.462503037916349,0.5208012018322057
4446,2023-06-04,2023,7,3,Columbus Crew,Charlotte,1497.5445017990126,1496.612743896319,60.93175790269356,60.93175790269356,0.5867997780391437
4447,2023-06-04,2023,9,4,FC Cincinnati,Chicago Fire,1565.051858801541,1493.2808316307944,131.7710271707465,131.7710271707465,0.6810355835110321
4448,2023-06-04,2023,12,8,Inter Miami,DC United,1465.5167530824233,1493.9994188922733,31.517334190149995,-31.517334190149995,0.545233082651195
4449,2023-06-04,2023,15,29,Minnesota United,Toronto FC,1493.9896934355038,1484.5475898352563,69.44210360024749,69.44210360024749,0.5986254025023467
4450,2023-06-04,2023,19,20,New York Red Bulls,Orlando City,1496.3827654463994,1503.3098810600018,53.07288438639762,53.07288438639762,0.5757894347499306
4451,2023-06-04,2023,21,2,Philadelphia Union,CF Montreal,1528.7440516087713,1492.0644247275602,96.6796268812111,96.6796268812111,0.635649887871859
4452,2023-06-04,2023,28,11,St. Louis City,Houston Dynamo,1523.07158024861,1492.6906009193779,90.3809793292321,90.3809793292321,0.6272120072904552
4453,2023-06-04,2023,30,27,Vancouver Whitecaps,Sporting Kansas City,1500.29411529379,1481.1042863925684,79.18982890122152,79.18982890122152,0.6120300035592074
4454,2023-06-08,2023,10,28,FC Dallas,St. Louis City,1512.4146613294229,1528.663400139253,43.75126119016977,43.75126119016977,0.5626324127482888
4455,2023-06-08,2023,13,0,Los Angeles FC,Atlanta Utd,1538.6185132107055,1509.7596637206705,88.85884949003503,88.85884949003503,0.6251610092386011
4456,2023-06-11,2023,0,8,Atlanta Utd,DC United,1511.6370788592494,1502.177915132041,69.4591637272083,69.4591637272083,0.598648998523379
4457,2023-06-11,2023,2,15,CF Montreal,Minnesota United,1486.599173045638,1492.5103123979686,54.088860647669435,54.088860647669435,0.577217311542415
4458,2023-06-11,2023,3,26,Charlotte,Seattle Sounders,1490.4147405669062,1504.1019467155868,46.312793851319384,46.312793851319384,0.5662574975795234
4459,2023-06-11,2023,4,7,Chicago Fire,Columbus Crew,1488.49636538346,1503.7425051284254,44.753860255034624,44.753860255034624,0.5640521114024567
4460,2023-06-11,2023,11,13,Houston Dynamo,Los Angeles FC,1487.0987810287347,1536.7410980721265,10.357682956608187,-10.357682956608187,0.5149014897091919
4461,2023-06-11,2023,17,12,New England Revolution,Inter Miami,1524.80447113489,1457.3382568426555,127.46621429223455,127.46621429223455,0.675628633100665
4462,2023-06-11,2023,20,6,Orlando City,Colorado Rapids,1511.9467225812507,1462.033571768301,109.91315081294965,109.91315081294965,0.6531039089565798
4463,2023-06-11,2023,23,18,Real Salt Lake,New York City,1489.4843444553076,1479.949151099903,69.53519335540454,69.53519335540454,0.5987541502523965
4464,2023-06-11,2023,25,21,San Jose Earthquakes,Philadelphia Union,1508.195104785351,1534.2093032906935,33.98580149465761,-33.98580149465761,0.5487540969253157
4465,2023-06-11,2023,27,1,Sporting Kansas City,Austin FC,1482.7847364459565,1484.0134463354746,58.771290110481914,58.771290110481914,0.5837810954451983
4466,2023-06-11,2023,28,14,St. Louis City,Los Angeles Galaxy,1522.1028863304775,1462.0801575947517,120.02272873572588,120.02272873572588,0.6661685218240876
4467,2023-06-11,2023,29,16,Toronto FC,Nashville SC,1486.0269708727915,1532.4675018248731,13.559469047918355,13.559469047918355,0.5195037433260546
4468,2023-06-11,2023,30,9,Vancouver Whitecaps,FC Cincinnati,1498.6136652404018,1569.8363250488753,-11.222659808473509,-11.222659808473509,0.48385490903411765
4469,2023-06-12,2023,22,10,Portland Timbers,FC Dallas,1483.87236895456,1518.9751751381984,24.89719381636155,24.89719381636155,0.5357687372242964
4470,2023-06-15,2023,13,11,Los Angeles FC,Houston Dynamo,1529.4646204177643,1494.375258683097,95.08936173466736,95.08936173466736,0.6335271385195251
4471,2023-06-17,2023,18,7,New York City,Columbus Crew,1481.430463353689,1512.2032867994621,29.227176554226844,29.227176554226844,0.5419623511179867
4472,2023-06-18,2023,8,23,DC United,Real Salt Lake,1496.1576501098918,1488.0030322015216,68.15461790837026,68.15461790837026,0.596843357334456
4473,2023-06-18,2023,16,28,Nashville SC,St. Louis City,1532.7600579747639,1519.6103585031162,73.14969947164764,73.14969947164764,0.6037424973274333
4474,2023-06-18,2023,17,20,New England Revolution,Orlando City,1529.67004163838,1517.150163946902,72.51987769147809,72.51987769147809,0.6028748054729094
4475,2023-06-18,2023,25,22,San Jose Earthquakes,Portland Timbers,1514.9637933314714,1490.8358378961955,84.12795543527591,84.12795543527591,0.6187578917767943
4476,2023-06-18,2023,27,13,Sporting Kansas City,Los Angeles FC,1489.0280200142786,1519.9617133399715,29.066306674307043,29.066306674307043,0.5417324624439163
4477,2023-06-22,2023,0,18,Atlanta Utd,New York City,1517.6573438813987,1480.8010280869191,96.85631579447954,96.85631579447954,0.6358854155367428
4478,2023-06-22,2023,1,10,Austin FC,FC Dallas,1477.7701627671524,1512.011706196563,25.758456570589487,25.758456570589487,0.5370016297440605
4479,2023-06-22,2023,2,16,CF Montreal,Nashville SC,1492.9409133725019,1538.7039205148524,14.236992857649511,14.236992857649511,0.5204772195847237
4480,2023-06-22,2023,9,29,FC Cincinnati,Toronto FC,1569.5941486843872,1485.7344147229007,143.85973396148643,143.85973396148643,0.6959579435717705
4481,2023-06-22,2023,11,25,Houston Dynamo,San Jose Earthquakes,1503.8781657608897,1513.1824249548195,50.69574080607026,50.69574080607026,0.5724436334951983
4482,2023-06-22,2023,13,26,Los Angeles FC,Seattle Sounders,1528.0877002766304,1505.0958091792797,82.99189109735062,82.99189109735062,0.6172140026392559
4483,2023-06-22,2023,14,27,Los Angeles Galaxy,Sporting Kansas City,1464.572685422113,1480.9020330776198,43.67065234449319,43.67065234449319,0.5625182242513433
4484,2023-06-22,2023,19,3,New York Red Bulls,Charlotte,1487.7459239251505,1489.4208781032132,58.32504582193724,58.32504582193724,0.583156795300906
4485,2023-06-22,2023,20,21,Orlando City,Philadelphia Union,1511.1932860289955,1527.4406147445732,43.75267128442238,43.75267128442238,0.562634410193896
4486,2023-06-22,2023,22,4,Portland Timbers,Chicago Fire,1492.6172062728474,1480.0355837124232,72.5816225604242,72.5816225604242,0.6029598987523968
4487,2023-06-22,2023,28,23,St. Louis City,Real Salt Lake,1513.6664959630277,1496.9556825615384,76.7108134014893,76.7108134014893,0.6086361486055559
4488,2023-06-25,2023,1,11,Austin FC,Houston Dynamo,1484.7151383209916,1510.2915112584617,34.42362706252993,34.42362706252993,0.5493781108393226
4489,2023-06-25,2023,3,2,Charlotte,CF Montreal,1490.6682300327268,1500.133755078731,50.53447495399587,50.53447495399587,0.5722164099158554
4490,2023-06-25,2023,6,14,Colorado Rapids,Los Angeles Galaxy,1456.8301304026497,1463.6349120583427,53.19521834430702,53.19521834430702,0.5759614332660768
4491,2023-06-25,2023,7,16,Columbus Crew,Nashville SC,1512.832722066232,1531.5110788086233,41.321643257608685,41.321643257608685,0.5591878148055403
4492,2023-06-25,2023,8,9,DC United,FC Cincinnati,1487.204999749875,1574.1547795308106,-26.949779780935614,-26.949779780935614,0.4612937467349831
4493,2023-06-25,2023,13,30,Los Angeles FC,Vancouver Whitecaps,1533.8294902370415,1498.85584160489,94.97364863215148,94.97364863215148,0.6333724764236868
4494,2023-06-25,2023,17,29,New England Revolution,Toronto FC,1535.6269195562866,1481.1737838764773,114.4531356798093,114.4531356798093,0.6590009332434345
4495,2023-06-25,2023,19,0,New York Red Bulls,Atlanta Utd,1486.498571995637,1515.6190626483476,30.879509347289286,30.879509347289286,0.5443225409590807
4496,2023-06-25,2023,21,12,Philadelphia Union,Inter Miami,1528.3801308974816,1452.4726863391654,135.90744455831623,135.90744455831623,0.686185540340596
4497,2023-06-25,2023,22,18,Portland Timbers,New York City,1483.5728077915614,1482.8393093199702,60.73349847159125,60.73349847159125,0.5865230309782824
4498,2023-06-25,2023,23,15,Real Salt Lake,Minnesota United,1506.0852247906219,1486.1685720711048,79.91665271951706,79.91665271951706,0.6130230088248259
4499,2023-06-25,2023,25,28,San Jose Earthquakes,St. Louis City,1506.7690794572475,1504.5369537339443,62.23212572330317,62.23212572330317,0.5886135733888941
4500,2023-06-25,2023,26,20,Seattle Sounders,Orlando City,1499.3540192188686,1510.253769876087,49.10024934278158,49.10024934278158,0.5701942562947256
4501,2023-06-25,2023,27,4,Sporting Kansas City,Chicago Fire,1481.83980644139,1489.0799821937092,52.759824247680854,52.759824247680854,0.5753491964261375
4502,2023-07-02,2023,0,21,Atlanta Utd,Philadelphia Union,1508.7839007627338,1533.0873477923726,35.696552970361154,35.696552970361154,0.5511914682351085
4503,2023-07-02,2023,2,18,CF Montreal,New York City,1501.2170012274687,1484.1371547846445,77.07984644282419,77.07984644282419,0.6091420420180238
4504,2023-07-02,2023,7,19,Columbus Crew,New York Red Bulls,1519.4449048441488,1493.3337338812507,86.11117096289809,86.11117096289809,0.6214472837670861
4505,2023-07-02,2023,9,17,FC Cincinnati,New England Revolution,1566.0741857318353,1540.741905557635,85.33228017420038,85.33228017420038,0.6203919283396736
4506,2023-07-02,2023,10,13,FC Dallas,Los Angeles FC,1505.0667306427238,1524.3289030906863,40.737827552037515,-40.737827552037515,0.5583592456763944
4507,2023-07-02,2023,12,1,Inter Miami,Austin FC,1447.7654694442745,1491.4744666584018,16.291002785872706,-16.291002785872706,0.5234274708742186
4508,2023-07-02,2023,15,22,Minnesota United,Portland Timbers,1487.8639172034773,1482.2749623268871,65.58895487659015,65.58895487659015,0.5932845604129966
4509,2023-07-02,2023,16,8,Nashville SC,DC United,1524.8988960307065,1495.2855935488503,89.61330248185618,89.61330248185618,0.6261781658764826
4510,2023-07-02,2023,20,4,Orlando City,Chicago Fire,1511.3066837205079,1497.7102201401012,73.59646358040663,73.59646358040663,0.6043575993057547
4511,2023-07-02,2023,25,14,San Jose Earthquakes,Los Angeles Galaxy,1497.9398758564141,1464.7743335573339,93.16554229908024,93.16554229908024,0.6309522093709696
4512,2023-07-02,2023,26,11,Seattle Sounders,Houston Dynamo,1498.3011053744478,1503.5321829210516,54.76892245339627,54.76892245339627,0.5781723674811167
4513,2023-07-02,2023,27,30,Sporting Kansas City,Vancouver Whitecaps,1473.209568494998,1508.3564287512452,24.853139743752763,24.853139743752763,0.5357056621965924
4514,2023-07-02,2023,28,6,St. Louis City,Colorado Rapids,1513.3661573347777,1455.6907089036586,117.6754484311191,117.6754484311191,0.663156891724262
4515,2023-07-02,2023,29,23,Toronto FC,Real Salt Lake,1476.058797875129,1504.3898796582494,31.668918216879547,31.668918216879547,0.5454494357058659
4516,2023-07-05,2023,10,8,FC Dallas,DC United,1511.6913419575778,1489.6782660369975,82.01307592058038,82.01307592058038,0.6158819113853256
4517,2023-07-05,2023,12,7,Inter Miami,Columbus Crew,1447.4140573811612,1525.1231955876426,-17.709138206481384,17.709138206481384,0.4745365493633463
4518,2023-07-05,2023,14,13,Los Angeles Galaxy,Los Angeles FC,1466.7386166978984,1517.7042917758322,9.034324922066162,-9.034324922066162,0.5129985091680823
4519,2023-07-05,2023,20,29,Orlando City,Toronto FC,1517.2413197309215,1467.877056339541,109.36426339138052,109.36426339138052,0.6523877153390206
4520,2023-07-06,2023,18,3,New York City,Charlotte,1493.2742854149149,1489.584983883989,63.68930153092583,63.68930153092583,0.5906432303483864
4521,2023-07-09,2023,2,0,CF Montreal,Atlanta Utd,1492.0798705971984,1515.516028739207,36.56384185799129,36.56384185799129,0.552426195925658
4522,2023-07-09,2023,3,9,Charlotte,FC Cincinnati,1490.9446323392149,1564.2683068067402,-13.32367446752528,13.32367446752528,0.48083508494270893
4523,2023-07-09,2023,4,16,Chicago Fire,Nashville SC,1491.7755841296876,1530.5062235425594,21.269360587128176,21.269360587128176,0.5305708901538311
4524,2023-07-09,2023,6,10,Colorado Rapids,FC Dallas,1450.6380622795225,1502.453113286798,8.184948992724458,8.184948992724458,0.511776909861544
4525,2023-07-09,2023,7,18,Columbus Crew,New York City,1524.7412438280928,1491.914636959689,92.82660686840381,92.82660686840381,0.630497783989988
4526,2023-07-09,2023,8,12,DC United,Inter Miami,1498.9164947077772,1447.796009140711,111.12048556706623,111.12048556706623,0.6546768102485101
4527,2023-07-09,2023,11,27,Houston Dynamo,Sporting Kansas City,1497.2047684332683,1480.173983562049,77.03078487121934,77.03078487121934,0.609074798864735
4528,2023-07-09,2023,13,25,Los Angeles FC,San Jose Earthquakes,1510.3992694133535,1495.9755927158496,74.42367669750388,74.42367669750388,0.6054956283446542
4529,2023-07-09,2023,14,21,Los Angeles Galaxy,Philadelphia Union,1474.043639060377,1526.3552198158993,7.6884192444777,7.6884192444777,0.5110627189866631
4530,2023-07-09,2023,15,1,Minnesota United,Austin FC,1493.9646487972823,1491.825878721515,62.1387700757673,62.1387700757673,0.5884834374662319
4531,2023-07-09,2023,19,17,New York Red Bulls,New England Revolution,1487.655443137757,1542.54778448273,5.107658655026853,5.107658655026853,0.5073499821891768
4532,2023-07-09,2023,23,20,Real Salt Lake,Orlando City,1512.5716211938372,1522.4555040008363,50.116117193000946,50.116117193000946,0.5716268020293831
4533,2023-07-09,2023,29,28,Toronto FC,St. Louis City,1462.6628720696262,1518.4188039589137,4.244068110712533,-4.244068110712533,0.5061074012069009
4534,2023-07-09,2023,30,26,Vancouver Whitecaps,Seattle Sounders,1501.3920136841941,1504.628519862231,56.76349382196304,56.76349382196304,0.580970081005766
4535,2023-07-13,2023,4,2,Chicago Fire,CF Montreal,1498.81702077738,1483.7934776583136,75.02354311906652,75.02354311906652,0.6063201735506019
4536,2023-07-13,2023,6,22,Colorado Rapids,Portland Timbers,1457.9614086315994,1476.1742307330821,41.78717789851726,41.78717789851726,0.5598482798710119
4537,2023-07-13,2023,11,15,Houston Dynamo,Minnesota United,1495.5686464502974,1485.1373972352887,70.43124921500862,70.43124921500862,0.5999927407461406
4538,2023-07-13,2023,13,28,Los Angeles FC,St. Louis City,1508.8168349881837,1526.0104149770173,42.80642001116644,42.80642001116644,0.561293560194152
4539,2023-07-13,2023,16,21,Nashville SC,Philadelphia Union,1523.4647868948668,1519.0211606006992,64.44362629416764,64.44362629416764,0.5916926995195627
4540,2023-07-13,2023,17,0,New England Revolution,Atlanta Utd,1535.1580342155678,1523.8024216780918,71.35561253747596,71.35561253747596,0.6012691214628357
4541,2023-07-13,2023,19,9,New York Red Bulls,FC Cincinnati,1495.0451934049192,1563.9808330808808,-8.93563967596151,-8.93563967596151,0.48714341537830363
4542,2023-07-13,2023,25,26,San Jose Earthquakes,Seattle Sounders,1497.5580271410195,1513.3430710773175,44.21495606370195,44.21495606370195,0.5632891421757238
4543,2023-07-13,2023,27,23,Sporting Kansas City,Real Salt Lake,1481.81010554502,1518.9972191633965,22.812886381623457,22.812886381623457,0.5327832828548559
4544,2023-07-13,2023,30,1,Vancouver Whitecaps,Austin FC,1492.6774624691077,1500.6531302835085,52.02433218559918,52.02433218559918,0.5743144472998393
4545,2023-07-16,2023,0,20,Atlanta Utd,Orlando City,1517.8214585000344,1516.029906031277,61.791552468757345,61.791552468757345,0.587999314517024
4546,2023-07-16,2023,1,27,Austin FC,Sporting Kansas City,1494.267846993006,1481.3183563021971,72.94949069080894,72.94949069080894,0.6034667445192707
4547,2023-07-16,2023,2,3,CF Montreal,Charlotte,1477.8882802615726,1491.2321060650743,46.65617419649834,46.65617419649834,0.5667429202553087
4548,2023-07-16,2023,4,29,Chicago Fire,Toronto FC,1504.722218174121,1455.0712610515227,109.65095712259836,109.65095712259836,0.6527618823361541
4549,2023-07-16,2023,6,11,Colorado Rapids,Houston Dynamo,1457.0636844335343,1486.5687553391053,30.494929094428926,30.494929094428926,0.5437733808509928
4550,2023-07-16,2023,9,16,FC Cincinnati,Nashville SC,1571.2879843115554,1514.5893964020734,116.69858790948206,116.69858790948206,0.6618996184011987
4551,2023-07-16,2023,15,13,Minnesota United,Los Angeles FC,1494.1372883464808,1515.3974315852715,38.73985676120924,-38.73985676120924,0.5555212319309089
4552,2023-07-16,2023,17,8,New England Revolution,DC United,1541.1389973936252,1496.5963425540497,104.54265483957556,104.54265483957556,0.6460670714915441
4553,2023-07-16,2023,21,18,Philadelphia Union,New York City,1527.8965510934927,1493.872103719539,94.02444737395376,94.02444737395376,0.6321027394027335
4554,2023-07-16,2023,22,7,Portland Timbers,Columbus Crew,1477.0719549311473,1522.783777068243,14.288177862904377,14.288177862904377,0.5205507567349695
4555,2023-07-16,2023,23,19,Real Salt Lake,New York Red Bulls,1519.4889684062193,1487.7380421742446,91.75092623197474,91.75092623197474,0.6290540427969794
4556,2023-07-16,2023,26,10,Seattle Sounders,FC Dallas,1506.7924082099535,1495.1297669347211,71.66264127523232,71.66264127523232,0.6016927699478691
4557,2023-07-16,2023,28,12,St. Louis City,Inter Miami,1519.4298183799297,1450.1161612944386,129.31365708549106,129.31365708549106,0.6779549172719342
4558,2023-07-16,2023,30,14,Vancouver Whitecaps,Los Angeles Galaxy,1499.0627457596102,1481.3776982755771,77.68504748403302,77.68504748403302,0.6099711810450955
4559,2023-08-21,2023,4,20,Chicago Fire,Orlando City,1509.9307899390787,1524.8498957490324,45.080894190046365,45.080894190046365,0.5645149715954694
4560,2023-08-21,2023,7,9,Columbus Crew,FC Cincinnati,1515.5920384192675,1576.3594900355374,-0.7674516162699092,-0.7674516162699092,0.49889555013928566
4561,2023-08-21,2023,11,22,Houston Dynamo,Portland Timbers,1487.2253560518702,1484.2636935801227,62.96166247174756,62.96166247174756,0.5896301049720242
4562,2023-08-21,2023,18,15,New York City,Minnesota United,1488.35364481058,1493.3044698675171,55.04917494306278,55.04917494306278,0.5785657750156071
4563,2023-08-21,2023,19,8,New York Red Bulls,DC United,1482.1738528161993,1491.2873486264227,50.88650418977659,50.88650418977659,0.5727123796323997
4564,2023-08-21,2023,26,0,Seattle Sounders,Atlanta Utd,1505.2670166607354,1509.001468782279,56.265547878456346,56.265547878456346,0.580272110280252
4565,2023-08-21,2023,28,1,St. Louis City,Austin FC,1524.2604946208507,1500.215845825217,84.04464879563375,84.04464879563375,0.6186447607697124
4566,2023-08-21,2023,29,2,Toronto FC,CF Montreal,1449.862689286565,1484.387136457743,25.475552828821947,25.475552828821947,0.5365967038688286
4567,2023-08-21,2023,30,25,Vancouver Whitecaps,San Jose Earthquakes,1504.9131780439336,1504.1086900083835,60.804488035550094,60.804488035550094,0.5866221304270732
4568,2023-08-24,2023,13,6,Los Angeles FC,Colorado Rapids,1516.2302500642352,1456.4070837207694,119.8231663434658,119.8231663434658,0.6659129996145728
4569,2023-08-27,2023,0,16,Atlanta Utd,Nashville SC,1517.7055504364828,1509.5178906780914,68.18765975839142,68.18765975839142,0.5968891236801394
4570,2023-08-27,2023,2,17,CF Montreal,New England Revolution,1492.4360870157755,1546.4479913212522,5.988095694523281,5.988095694523281,0.5086167092464416
4571,2023-08-27,2023,3,13,Charlotte,Los Angeles FC,1484.7332498689038,1521.2415550700166,23.491694798887238,-23.491694798887238,0.5337558412712178
4572,2023-08-27,2023,7,29,Columbus Crew,Toronto FC,1523.1086051671782,1441.8137387285326,141.2948664386456,141.2948664386456,0.6928247464589504
4573,2023-08-27,2023,8,21,DC United,Philadelphia Union,1484.8780343209087,1533.4150100024517,11.463024318456974,11.463024318456974,0.5164906348600616
4574,2023-08-27,2023,9,18,FC Cincinnati,New York City,1568.8429232876267,1479.6751581853457,149.167765102281,149.167765102281,0.7023845189717035
4575,2023-08-27,2023,10,1,FC Dallas,Austin FC,1496.6551584839392,1494.4955172367627,62.15964124717652,62.15964124717652,0.5885125325403848
4576,2023-08-27,2023,14,4,Los Angeles Galaxy,Chicago Fire,1475.5272659912537,1501.4630653651468,34.06420062610687,34.06420062610687,0.5488658471572867
4577,2023-08-27,2023,15,26,Minnesota United,Seattle Sounders,1501.9829564927513,1496.5629350065317,65.42002148621964,65.42002148621964,0.593049886796636
4578,2023-08-27,2023,19,12,New York Red Bulls,Inter Miami,1488.5831671217134,1445.2854850535175,103.29768206819585,103.29768206819585,0.6444266058912507
4579,2023-08-27,2023,20,28,Orlando City,St. Louis City,1533.3176203229643,1529.980823209305,63.33679711365926,63.33679711365926,0.5901525177511071
4580,2023-08-27,2023,22,30,Portland Timbers,Vancouver Whitecaps,1478.108145154703,1496.1138460875275,41.99429906717546,41.99429906717546,0.5601420596480746
4581,2023-08-27,2023,23,11,Real Salt Lake,Houston Dynamo,1525.0531577642646,1493.38090447729,91.67225328697464,91.67225328697464,0.6289483598096317
4582,2023-08-27,2023,27,25,Sporting Kansas City,San Jose Earthquakes,1475.3703574699862,1512.9080219647897,22.462335505196506,22.462335505196506,0.5322809352894937
4583,2023-08-31,2023,0,9,Atlanta Utd,FC Cincinnati,1523.7522135812808,1573.3071555030513,10.445058078229522,10.445058078229522,0.5150271199857195
4584,2023-08-31,2023,1,26,Austin FC,Seattle Sounders,1488.3232052248684,1497.9586833084813,50.36452191638705,50.36452191638705,0.5719769131199065
4585,2023-08-31,2023,3,20,Charlotte,Orlando City,1491.7269122498356,1539.4653325566978,12.261579693137719,12.261579693137719,0.5176385093142959
4586,2023-08-31,2023,4,30,Chicago Fire,Vancouver Whitecaps,1494.6960530725062,1504.5159769822485,50.18007609025767,50.18007609025767,0.5717169550081561
4587,2023-08-31,2023,11,7,Houston Dynamo,Columbus Crew,1502.8151298744344,1527.7162339702938,35.09889590414059,35.09889590414059,0.550340237272107
4588,2023-08-31,2023,12,16,Inter Miami,Nashville SC,1454.9518841418862,1503.4712275332934,11.48065660859288,11.48065660859288,0.5165159821209655
4589,2023-08-31,2023,15,6,Minnesota United,Colorado Rapids,1500.5872081908017,1451.395778714988,109.19142947581372,109.19142947581372,0.6521620570086014
4590,2023-08-31,2023,17,19,New England Revolution,New York Red Bulls,1539.0772419599489,1478.9167680333446,120.16047392660425,120.16047392660425,0.6663448356193832
4591,2023-08-31,2023,18,2,New York City,CF Montreal,1475.2109259699212,1499.8068363770788,35.40408959284241,35.40408959284241,0.5507749556700736
4592,2023-08-31,2023,22,23,Portland Timbers,Real Salt Lake,1469.7060142599819,1515.6189323671201,14.087081892861761,14.087081892861761,0.5202618384236788
4593,2023-08-31,2023,25,14,San Jose Earthquakes,Los Angeles Galaxy,1505.892235994132,1482.2942782838943,83.59795771023778,83.59795771023778,0.6180379317882042
4594,2023-08-31,2023,28,10,St. Louis City,FC Dallas,1523.8331109755716,1502.8274704958335,81.00564047973808,81.00564047973808,0.6145090525932144
4595,2023-08-31,2023,29,21,Toronto FC,Philadelphia Union,1437.206109925417,1541.1623695253527,-43.95625959993572,43.95625959993572,0.4370772215042579
4596,2023-09-02,2023,18,30,New York City,Vancouver Whitecaps,1481.9493016348702,1513.0917313073708,28.85757032749939,28.85757032749939,0.541434144445378
4597,2023-09-03,2023,2,7,CF Montreal,Columbus Crew,1493.0684607121298,1520.9713375293754,32.09712318275433,-32.09712318275433,0.5460605117008229
4598,2023-09-03,2023,8,4,DC United,Chicago Fire,1477.1306747980077,1486.120298747384,51.01037605062379,51.01037605062379,0.5728868664834235
4599,2023-09-03,2023,9,20,FC Cincinnati,Orlando City,1581.032562302837,1539.7299101964122,101.30265210642483,101.30265210642483,0.6417907358443483
4600,2023-09-03,2023,10,0,FC Dallas,Atlanta Utd,1497.0451062847317,1516.026806781495,41.018299503236676,41.018299503236676,0.5587573409077188
4601,2023-09-03,2023,14,11,Los Angeles Galaxy,Houston Dynamo,1491.5648472607174,1509.5600263153528,42.0048209453646,42.0048209453646,0.5601569827122003
4602,2023-09-03,2023,16,3,Nashville SC,Charlotte,1503.718967265108,1491.4623346101212,72.25663265498679,72.25663265498679,0.6025119463141548
4603,2023-09-03,2023,17,1,New England Revolution,Austin FC,1544.0820694256581,1479.7435515280697,124.33851789758842,124.33851789758842,0.6716704622688583
4604,2023-09-03,2023,23,6,Real Salt Lake,Colorado Rapids,1508.4228599434753,1446.178209570117,122.24465037335835,122.24465037335835,0.6690068843625537
4605,2023-09-03,2023,25,15,San Jose Earthquakes,Minnesota United,1496.621667017309,1505.8047773356727,50.81688968163621,50.81688968163621,0.5726143121589565
4606,2023-09-03,2023,26,22,Seattle Sounders,Portland Timbers,1506.53833700528,1476.9020866836267,89.63625032165328,89.63625032165328,0.6262090868281213
4607,2023-09-03,2023,27,28,Sporting Kansas City,St. Louis City,1482.3861434406438,1529.6154751866734,12.77066825397037,12.77066825397037,0.5183701965575942
4608,2023-09-04,2023,13,12,Los Angeles FC,Inter Miami,1514.247892689085,1454.7041444100716,119.54374827901324,119.54374827901324,0.6655550655212029
4609,2023-09-04,2023,21,19,Philadelphia Union,New York Red Bulls,1532.7185278479164,1473.9119405676354,118.80658728028106,118.80658728028106,0.664609849183291
4610,2023-09-10,2023,8,25,DC United,San Jose Earthquakes,1483.5373718007563,1495.5324523349245,48.00491946583179,48.00491946583179,0.5686483381229546
4611,2023-09-10,2023,12,27,Inter Miami,Sporting Kansas City,1464.6874703928897,1489.61059049228,35.07687990060981,35.07687990060981,0.5503088746585038
4612,2023-09-10,2023,15,17,Minnesota United,New England Revolution,1506.8939920180571,1541.5070124916253,25.386979526431787,25.386979526431787,0.5364699171542092
4613,2023-09-10,2023,22,13,Portland Timbers,Los Angeles FC,1478.7952229860487,1504.2645667062668,34.53065627978185,-34.53065627978185,0.5495306314222309
4614,2023-09-11,2023,14,28,Los Angeles Galaxy,St. Louis City,1490.6624925200344,1522.3910281350372,28.271464384997216,28.271464384997216,0.5405963461336688
4615,2023-09-16,2023,0,12,Atlanta Utd,Inter Miami,1516.9081668951108,1471.4328372730122,105.47532962209857,105.47532962209857,0.6472937846293912
4616,2023-09-16,2023,18,19,New York City,New York Red Bulls,1481.3277894681894,1468.8810883053848,72.44670116280463,72.44670116280463,0.6027739496701516
4617,2023-09-17,2023,2,4,CF Montreal,Chicago Fire,1484.8775530366174,1479.7136017446353,65.16395129198213,65.16395129198213,0.5926940862402027
4618,2023-09-17,2023,3,8,Charlotte,DC United,1493.0000138048335,1482.507646728912,70.49236707592149,70.49236707592149,0.6000771757309187
4619,2023-09-17,2023,6,17,Colorado Rapids,New England Revolution,1441.2133128355551,1542.0540612489385,-40.84074841338338,-40.84074841338338,0.4414946621549489
4620,2023-09-17,2023,10,26,FC Dallas,Seattle Sounders,1496.163746171116,1504.6452007028581,51.5185454682578,51.5185454682578,0.5736024875510024
4621,2023-09-17,2023,11,28,Houston Dynamo,St. Louis City,1510.4623810560358,1522.9999733270422,47.46240772899364,47.46240772899364,0.5678821545282825
4622,2023-09-17,2023,13,14,Los Angeles FC,Los Angeles Galaxy,1497.5075261776003,1490.0535473280295,67.45397884957083,67.45397884957083,0.5958725047273674
4623,2023-09-17,2023,15,27,Minnesota United,Sporting Kansas City,1506.346943260744,1482.8652236121575,83.48171964858648,83.48171964858648,0.6178799621186255
4624,2023-09-17,2023,20,7,Orlando City,Columbus Crew,1549.3567712340775,1529.1622452048878,80.19452602918977,80.19452602918977,0.6134023987985824
4625,2023-09-17,2023,21,9,Philadelphia Union,FC Cincinnati,1537.749380110167,1571.4057012651717,26.34367884499534,26.34367884499534,0.537839114804012
4626,2023-09-17,2023,25,23,San Jose Earthquakes,Real Salt Lake,1496.5621774067688,1513.387756678037,43.174420728731775,43.174420728731775,0.561815129328944
4627,2023-09-17,2023,29,30,Toronto FC,Vancouver Whitecaps,1445.6499516028532,1513.7132434740515,-8.063291871198317,8.063291871198317,0.48839807311546596
4628,2023-09-18,2023,1,22,Austin FC,Portland Timbers,1482.3186084621025,1485.5522635147152,56.766344947387324,56.766344947387324,0.5809740764975646
4629,2023-09-21,2023,2,9,CF Montreal,FC Cincinnati,1483.4871417430145,1571.973287987232,-28.48614624421748,28.48614624421748,0.45909675396189165
4630,2023-09-21,2023,3,21,Charlotte,Philadelphia Union,1491.4988561688697,1537.1817933881068,14.317062780762853,14.317062780762853,0.5205922551078668
4631,2023-09-21,2023,6,26,Colorado Rapids,Seattle Sounders,1449.590892903231,1505.7492380161232,3.8416548871077794,3.8416548871077794,0.5055283604979712
4632,2023-09-21,2023,7,4,Columbus Crew,Chicago Fire,1523.3632811868665,1481.1040130382382,102.25926814862828,102.25926814862828,0.6430557155318158
4633,2023-09-21,2023,8,0,DC United,Atlanta Utd,1484.008804364876,1522.1987601256699,21.810044239206036,21.810044239206036,0.5313460132904186
4634,2023-09-21,2023,11,30,Houston Dynamo,Vancouver Whitecaps,1509.4441487381116,1521.0392145707835,48.404934167328065,48.404934167328065,0.5692130644867522
4635,2023-09-21,2023,12,29,Inter Miami,Toronto FC,1466.142244042453,1438.3239805061212,87.81826353633187,87.81826353633187,0.6237562731990863
4636,2023-09-21,2023,14,15,Los Angeles Galaxy,Minnesota United,1483.99163489894,1497.0787438289647,46.91289106997533,46.91289106997533,0.5671057467324543
4637,2023-09-21,2023,18,20,New York City,Orlando City,1479.786180223137,1555.1557352520988,-15.369555028961713,-15.369555028961713,0.4778958491499936
4638,2023-09-21,2023,19,1,New York Red Bulls,Austin FC,1470.422697550437,1473.603997314639,56.81870023579813,56.81870023579813,0.5810474439261821
4639,2023-09-21,2023,22,25,Portland Timbers,San Jose Earthquakes,1494.2668746621787,1503.1349504668347,51.13192419534403,51.13192419534403,0.5730580625012589
4640,2023-09-21,2023,23,10,Real Salt Lake,FC Dallas,1506.8149836179712,1495.0597088578509,71.7552747601203,71.7552747601203,0.6018205588451868
4641,2023-09-21,2023,27,16,Sporting Kansas City,Nashville SC,1492.1334230439368,1502.1812880703956,49.952134973541206,49.952134973541206,0.571395639911861
4642,2023-09-21,2023,28,13,St. Louis City,Los Angeles FC,1524.0182056449664,1503.5694386066898,80.44876703827663,80.44876703827663,0.6137494022348962
4643,2023-09-24,2023,0,2,Atlanta Utd,CF Montreal,1522.6689503250261,1484.1006904335861,98.56825989144,98.56825989144,0.6381640650165803
4644,2023-09-24,2023,4,17,Chicago Fire,New England Revolution,1475.7498487712155,1533.6764811812627,2.0733675899527952,2.0733675899527952,0.5029837803955741
4645,2023-09-24,2023,8,19,DC United,New York Red Bulls,1483.5386141655197,1469.2069858915443,74.33162827397541,74.33162827397541,0.605369050075831
4646,2023-09-24,2023,9,3,FC Cincinnati,Charlotte,1571.3597392966603,1491.1899723422516,140.16976695440871,140.16976695440871,0.6914446881810927
4647,2023-09-24,2023,10,7,FC Dallas,Columbus Crew,1504.0870172405287,1528.7174454538892,35.369571786639426,35.369571786639426,0.5507257923268708
4648,2023-09-24,2023,15,28,Minnesota United,St. Louis City,1490.5853300299514,1522.311964611443,28.27336541850832,28.27336541850832,0.5405990639044678
4649,2023-09-24,2023,18,29,New York City,Toronto FC,1487.6177424858872,1432.6803246041075,114.93741788177977,114.93741788177977,0.6596271153943354
4650,2023-09-24,2023,21,13,Philadelphia Union,Los Angeles FC,1537.4906772147249,1505.2756796402132,92.2149975745117,92.2149975745117,0.6296771877614382
4651,2023-09-24,2023,22,6,Portland Timbers,Colorado Rapids,1500.6710037246598,1442.0079674957615,118.66303622889836,118.66303622889836,0.6644256285771376
4652,2023-09-24,2023,23,30,Real Salt Lake,Vancouver Whitecaps,1497.7876752352934,1514.577410538085,43.21026469720846,43.21026469720846,0.5618659238713343
4653,2023-09-24,2023,25,16,San Jose Earthquakes,Nashville SC,1496.7308214043535,1510.7522226690735,45.97859873528,45.97859873528,0.5657849375672092
4654,2023-09-24,2023,27,11,Sporting Kansas City,Houston Dynamo,1483.5624884452589,1515.9059527708102,27.656535674448605,27.656535674448605,0.5397171009877404
4655,2023-09-25,2023,1,14,Austin FC,Los Angeles Galaxy,1474.8197089735318,1490.4850486979533,44.33466027557847,44.33466027557847,0.5634586428936658
4656,2023-09-25,2023,20,12,Orlando City,Inter Miami,1547.3241729893487,1471.7858999444668,135.53827304488186,135.53827304488186,0.6857277463381347
4657,2023-09-28,2023,6,30,Colorado Rapids,Vancouver Whitecaps,1436.9743519244184,1508.0053993961549,-11.031047471736429,11.031047471736429,0.4841303787159137
4658,2023-09-28,2023,21,10,Philadelphia Union,FC Dallas,1535.5455193983032,1503.3261303556255,92.21938904267768,92.21938904267768,0.629683082471357
4659,2023-10-01,2023,6,1,Colorado Rapids,Austin FC,1437.2123962436797,1473.8678293301268,23.344566913552853,23.344566913552853,0.533545066257968
4660,2023-10-01,2023,7,21,Columbus Crew,Philadelphia Union,1529.4783323387924,1533.600273161233,55.87805917755941,55.87805917755941,0.5797287450383369
4661,2023-10-01,2023,11,10,Houston Dynamo,FC Dallas,1509.0017092856262,1505.2713765926958,63.73033269293046,63.73033269293046,0.590700337095309
4662,2023-10-01,2023,12,18,Inter Miami,New York City,1474.571816139539,1492.7233357549721,41.848480384566756,41.848480384566756,0.5599352354316737
4663,2023-10-01,2023,14,22,Los Angeles Galaxy,Portland Timbers,1491.4369283413582,1505.7046192960029,45.73230904535535,45.73230904535535,0.5654366013511541
4664,2023-10-01,2023,15,25,Minnesota United,San Jose Earthquakes,1482.4763440713843,1495.7440473408453,46.73229673053902,46.73229673053902,0.5668505142415242
4665,2023-10-01,2023,16,26,Nashville SC,Seattle Sounders,1511.7389967325817,1513.3321634235926,58.40683330898901,58.40683330898901,0.5832712368210655
4666,2023-10-01,2023,17,3,New England Revolution,Charlotte,1533.7212378871964,1486.561642664968,107.15959522222829,107.15959522222829,0.6495041174190815
4667,2023-10-01,2023,19,4,New York Red Bulls,Chicago Fire,1478.2875216426817,1475.7050920652819,62.58242957739981,62.58242957739981,0.5891017793742787
4668,2023-10-01,2023,20,2,Orlando City,CF Montreal,1544.5382567942765,1478.6731514088349,125.86510538544167,125.86510538544167,0.673605485258635
4669,2023-10-01,2023,28,27,St. Louis City,Sporting Kansas City,1530.42095057001,1490.4667319304428,99.95421863956722,99.95421863956722,0.6400042830441615
4670,2023-10-01,2023,29,9,Toronto FC,FC Cincinnati,1427.5747313350225,1575.9880689739439,-88.41333763892135,88.41333763892135,0.37544015174751105
4671,2023-10-01,2023,30,8,Vancouver Whitecaps,DC United,1507.7673550768936,1474.4580784143823,93.30927666251137,93.30927666251137,0.6311448501848258
4672,2023-10-02,2023,13,23,Los Angeles FC,Real Salt Lake,1507.2208374566349,1504.3596863772234,62.86115107941146,62.86115107941146,0.5894900983299484
4673,2023-10-05,2023,1,8,Austin FC,DC United,1466.8710053239963,1476.4252511671546,50.44575415684176,50.44575415684176,0.5720913893182864
4674,2023-10-05,2023,2,11,CF Montreal,Houston Dynamo,1473.7772336877144,1507.6412042291965,26.136029458517896,26.136029458517896,0.5375419813773926
4675,2023-10-05,2023,3,29,Charlotte,Toronto FC,1481.3042044262543,1421.94312905881,119.3610753674443,119.3610753674443,0.6653209587169203
4676,2023-10-05,2023,4,12,Chicago Fire,Inter Miami,1484.541618755896,1473.6727876080638,70.86883114783222,70.86883114783222,0.6005971336338993
4677,2023-10-05,2023,9,19,FC Cincinnati,New York Red Bulls,1581.6196712501564,1469.4509949520675,172.16867629808894,172.16867629808894,0.729301696921658
4678,2023-10-05,2023,13,15,Los Angeles FC,Minnesota United,1498.3784859816856,1481.4735863577614,76.90489962392417,76.90489962392417,0.6089022432309705
4679,2023-10-05,2023,16,20,Nashville SC,Orlando City,1510.4899281802657,1549.434174515397,21.05575366486869,21.05575366486869,0.5302646227855009
4680,2023-10-05,2023,17,7,New England Revolution,Columbus Crew,1538.9786761259102,1528.2824011632174,70.69627496269277,70.69627496269277,0.6003588336440645
4681,2023-10-05,2023,21,0,Philadelphia Union,Atlanta Utd,1534.796204336808,1528.0964893497774,66.69971498703057,66.69971498703057,0.5948265066612457
4682,2023-10-05,2023,26,14,Seattle Sounders,Los Angeles Galaxy,1514.5812319759086,1490.455379321091,84.12585265481766,84.12585265481766,0.6187550363444962
4683,2023-10-05,2023,30,28,Vancouver Whitecaps,St. Louis City,1505.8001823241214,1535.8208863243476,29.97929599977374,29.97929599977374,0.543036917468224
4684,2023-10-08,2023,0,7,Atlanta Utd,Columbus Crew,1522.018886949696,1537.2877836678783,44.731103281817695,44.731103281817695,0.5640198986639537
4685,2023-10-08,2023,1,13,Austin FC,Los Angeles FC,1473.289634484222,1504.244952333221,29.044682151001098,-29.044682151001098,0.5417015588882856
4686,2023-10-08,2023,2,22,CF Montreal,Portland Timbers,1473.2141039670535,1506.6861683162701,26.52793565078332,26.52793565078332,0.5381027523950478
4687,2023-10-08,2023,4,3,Chicago Fire,Charlotte,1490.5326617513874,1486.3243900455004,64.208271705887,64.208271705887,0.5913653470584636
4688,2023-10-08,2023,8,18,DC United,New York City,1470.0066220069289,1493.6223642864472,36.38425772048163,-36.38425772048163,0.5521705810676413
4689,2023-10-08,2023,10,25,FC Dallas,San Jose Earthquakes,1506.6318816491255,1496.7468050544683,69.88507659465722,69.88507659465722,0.5992379341474723
4690,2023-10-08,2023,11,6,Houston Dynamo,Colorado Rapids,1508.2043339498575,1444.2092202498102,123.99511370004734,123.99511370004734,0.6712343736360901
4691,2023-10-08,2023,12,9,Inter Miami,FC Cincinnati,1467.6817446125724,1570.6801457963315,-42.99840118375914,-42.99840118375914,0.4384343270221763
4692,2023-10-08,2023,15,14,Minnesota United,Los Angeles Galaxy,1475.607120006226,1484.7367048662584,50.87041513996769,50.87041513996769,0.5726897151451034
4693,2023-10-08,2023,19,29,New York Red Bulls,Toronto FC,1480.3905204058924,1416.9229434395638,123.46757696632858,123.46757696632858,0.6705638801671268
4694,2023-10-08,2023,20,17,Orlando City,New England Revolution,1557.3881438571796,1529.9732936212492,87.41485023593032,87.41485023593032,0.623211124802528
4695,2023-10-08,2023,21,16,Philadelphia Union,Nashville SC,1540.8738067368893,1502.535958838483,98.33784789840615,98.33784789840615,0.637857738671391
4696,2023-10-08,2023,23,27,Real Salt Lake,Sporting Kansas City,1513.2020378521727,1485.0667961761053,88.13524167606738,88.13524167606738,0.6241843986282496
4697,2023-10-08,2023,26,30,Seattle Sounders,Vancouver Whitecaps,1520.2999064307412,1512.654628562098,67.64527786864323,67.64527786864323,0.596137656352734
4698,2023-10-15,2023,10,6,FC Dallas,Colorado Rapids,1505.1433126369134,1439.2777358543515,125.8655767825619,125.8655767825619,0.6736060818691239
4699,2023-10-15,2023,14,23,Los Angeles Galaxy,Real Salt Lake,1478.327050593435,1503.839271872749,34.48777872068604,34.48777872068604,0.5494695304347692
4700,2023-10-15,2023,16,17,Nashville SC,New England Revolution,1504.603824918554,1524.321460493287,40.282364425266906,40.282364425266906,0.5577126124999312
4701,2023-10-19,2023,12,3,Inter Miami,Charlotte,1461.1052297072397,1495.1948702513773,25.910359455862363,25.910359455862363,0.5372190313297148
4702,2023-10-21,2023,3,12,Charlotte,Inter Miami,1495.753155721323,1460.546944237294,95.20621148402915,95.20621148402915,0.633683291940899
4703,2023-10-21,2023,7,2,Columbus Crew,CF Montreal,1538.2480821478377,1480.1425626811279,118.1055194667099,118.1055194667099,0.663709686890284
4704,2023-10-21,2023,9,0,FC Cincinnati,Atlanta Utd,1577.2566607016643,1521.0585884697366,116.19807223192765,116.19807223192765,0.6612545385096013
4705,2023-10-21,2023,16,19,Nashville SC,New York Red Bulls,1511.238135731055,1485.3320622033855,85.9060735276696,85.9060735276696,0.6211694987528156
4706,2023-10-21,2023,17,21,New England Revolution,Philadelphia Union,1517.687149680786,1538.8059406568184,38.881209023967585,38.881209023967585,0.5557221368180539
4707,2023-10-21,2023,18,4,New York City,Chicago Fire,1486.9049230024618,1481.6621815455105,65.24274145695131,65.24274145695131,0.5928035727852408
4708,2023-10-21,2023,29,20,Toronto FC,Orlando City,1411.9814016420708,1563.0399769851417,-91.05857534307097,91.05857534307097,0.3718764294211092
4709,2023-10-22,2023,6,23,Colorado Rapids,Real Salt Lake,1441.8818270823883,1504.5813148292705,-2.6994877468821414,2.6994877468821414,0.4961152030205489
4710,2023-10-22,2023,14,10,Los Angeles Galaxy,FC Dallas,1477.5850076369134,1502.5392214088765,35.04578622803683,-35.04578622803683,0.5502645798874413
4711,2023-10-22,2023,22,11,Portland Timbers,Houston Dynamo,1499.7577096021957,1513.1358183453162,46.62189125687951,46.62189125687951,0.5666944616130222
4712,2023-10-22,2023,25,1,San Jose Earthquakes,Austin FC,1498.2353740666804,1465.1641111008978,93.07126296578258,93.07126296578258,0.6308258282710273
4713,2023-10-22,2023,27,15,Sporting Kansas City,Minnesota United,1494.429562155529,1482.0167742790495,72.41278787647957,72.41278787647957,0.6027272056045075
4714,2023-10-22,2023,28,26,St. Louis City,Seattle Sounders,1528.966440086371,1518.8578415854502,70.10859850092083,70.10859850092083,0.5995468969413892
4715,2023-10-22,2023,30,13,Vancouver Whitecaps,Los Angeles FC,1514.096693407389,1512.3704757165451,61.726217690843896,-61.726217690843896,0.5879081996504375
4716,2023-10-26,2023,19,3,New York Red Bulls,Charlotte,1494.6496046846778,1501.2479063422095,53.40169834246831,53.40169834246831,0.5762516972729507
4717,2023-10-26,2023,27,25,Sporting Kansas City,San Jose Earthquakes,1500.3886540714614,1496.272986642615,64.11566742884634,64.11566742884634,0.591236522414732
4718,2023-10-28,2023,21,17,Philadelphia Union,New England Revolution,1532.1417727090893,1524.351317628515,67.79045508057425,67.79045508057425,0.5963388429983792
4719,2023-10-29,2023,11,23,Houston Dynamo,Real Salt Lake,1521.6362352695116,1512.0230428745788,69.61319239493287,69.61319239493287,0.5988620163032045
4720,2023-10-29,2023,13,30,Los Angeles FC,Vancouver Whitecaps,1513.6890987113018,1512.7780704126324,60.91102829866941,60.91102829866941,0.5867708444914169
4721,2023-10-30,2023,9,19,FC Cincinnati,New York Red Bulls,1574.8378426240201,1501.0058292255835,133.83201339843663,133.83201339843663,0.6836071985962813
4722,2023-10-30,2023,20,16,Orlando City,Nashville SC,1568.6181234264584,1501.9205932497628,126.69753017669564,126.69753017669564,0.6746581430418698
4723,2023-10-30,2023,28,27,St. Louis City,Sporting Kansas City,1519.97323663225,1499.0201062352403,80.95313039700977,80.95313039700977,0.614437445524173
4724,2023-10-31,2023,26,10,Seattle Sounders,FC Dallas,1527.851045039571,1510.7931901071881,77.05785493238295,77.05785493238295,0.6091119012517038
4725,2023-11-01,2023,7,0,Columbus Crew,Atlanta Utd,1543.2924368444835,1523.4774065473807,79.8150302971028,79.8150302971028,0.6128842259555198
4726,2023-11-04,2023,19,9,New York Red Bulls,FC Cincinnati,1496.2599372045277,1579.583734645076,-23.323797440548333,-23.323797440548333,0.466484688999673
4727,2023-11-05,2023,10,26,FC Dallas,Seattle Sounders,1504.9298686259638,1533.7143665207955,31.215502105168298,31.215502105168298,0.5448022325609374
4728,2023-11-05,2023,27,28,Sporting Kansas City,St. Louis City,1508.236667918103,1510.7566749493874,57.47999296871558,57.47999296871558,0.5819738286677203
4729,2023-11-06,2023,30,13,Vancouver Whitecaps,Los Angeles FC,1506.5796330800035,1519.8875360439306,46.69209703607294,-46.69209703607294,0.5667936955125642
4730,2023-11-07,2023,23,11,Real Salt Lake,Houston Dynamo,1506.0059731191268,1527.6533050249636,38.352668094163164,38.352668094163164,0.5549708253934831
4731,2023-11-08,2023,0,7,Atlanta Utd,Columbus Crew,1517.6706699367135,1549.0991734551508,28.57149648156269,28.57149648156269,0.5410252504410492
4732,2023-11-08,2023,16,20,Nashville SC,Orlando City,1497.0404653953908,1573.4982512808303,-16.457785885439534,-16.457785885439534,0.4763330412933604
4733,2023-11-09,2023,17,21,New England Revolution,Philadelphia Union,1518.2964002734907,1538.1966900641137,40.09971020937701,40.09971020937701,0.5574532383244244
4734,2023-11-11,2023,11,23,Houston Dynamo,Real Salt Lake,1528.477867405866,1505.1814107382245,83.29645666764145,83.29645666764145,0.6176281348078652
4735,2023-11-11,2023,26,10,Seattle Sounders,FC Dallas,1526.8864000092096,1511.7578351375496,75.12856487166005,75.12856487166005,0.6064644688589711
4736,2023-11-13,2023,7,0,Columbus Crew,Atlanta Utd,1542.2145522117664,1524.5552911800978,77.65926103166862,77.65926103166862,0.6099358659485636
4737,2023-11-25,2023,20,7,Orlando City,Columbus Crew,1580.6432469002307,1548.065514222538,92.57773267769267,92.57773267769267,0.6301639601895245
4738,2023-11-26,2023,9,21,FC Cincinnati,Philadelphia Union,1579.0810049800712,1546.55848863898,92.5225163410912,92.5225163410912,0.6300898796659276
4739,2023-11-27,2023,11,27,Houston Dynamo,Sporting Kansas City,1526.713445383748,1514.507060488087,72.2063848956609,72.2063848956609,0.602442671556485
4740,2023-11-27,2023,26,13,Seattle Sounders,Los Angeles FC,1532.789432976325,1528.3894414766191,64.39999149970595,64.39999149970595,0.5916320144312546
4741,2023-12-02,2023,9,7,FC Cincinnati,Columbus Crew,1584.6296567850823,1550.0179736253808,94.61168315970144,94.61168315970144,0.6328884961671976
4742,2023-12-03,2023,13,11,Los Angeles FC,Houston Dynamo,1537.263921693088,1532.6768053104006,64.58711638268733,64.58711638268733,0.5918922386342107
4743,2023-12-09,2023,7,13,Columbus Crew,Los Angeles FC,1552.0113010678888,1543.3855381135747,68.62576295431404,68.62576295431404,0.5974957817294817
4744,2024-02-22,2024,12,23,Inter Miami,Real Salt Lake,1500.0,1500.0,60.0,60.0,0.5854986786718095
4745,2024-02-24,2024,7,0,Columbus Crew,Atlanta Utd,1500.0,1500.0,60.0,60.0,0.5854986786718095
4746,2024-02-24,2024,13,26,Los Angeles FC,Seattle Sounders,1500.0,1500.0,60.0,60.0,0.5854986786718095
4747,2024-02-25,2024,1,15,Austin FC,Minnesota United,1500.0,1500.0,60.0,60.0,0.5854986786718095
4748,2024-02-25,2024,3,18,Charlotte,New York City,1500.0,1500.0,60.0,60.0,0.5854986786718095
4749,2024-02-25,2024,8,17,DC United,New England Revolution,1500.0,1500.0,60.0,60.0,0.5854986786718095
4750,2024-02-25,2024,9,29,FC Cincinnati,Toronto FC,1500.0,1500.0,60.0,60.0,0.5854986786718095
4751,2024-02-25,2024,10,25,FC Dallas,San Jose Earthquakes,1500.0,1500.0,60.0,60.0,0.5854986786718095
4752,2024-02-25,2024,11,27,Houston Dynamo,Sporting Kansas City,1500.0,1500.0,60.0,60.0,0.5854986786718095
4753,2024-02-25,2024,16,19,Nashville SC,New York Red Bulls,1500.0,1500.0,60.0,-60.0,0.5854986786718095
4754,2024-02-25,2024,20,2,Orlando City,CF Montreal,1500.0,1500.0,60.0,60.0,0.5854986786718095
4755,2024-02-25,2024,21,4,Philadelphia Union,Chicago Fire,1500.0,1500.0,60.0,60.0,0.5854986786718095
4756,2024-02-25,2024,22,6,Portland Timbers,Colorado Rapids,1500.0,1500.0,60.0,60.0,0.5854986786718095
4757,2024-02-25,2024,28,23,St. Louis City,Real Salt Lake,1500.0,1493.782480180077,66.21751981992293,66.21751981992293,0.5941573559589034
4758,2024-02-26,2024,14,12,Los Angeles Galaxy,Inter Miami,1500.0,1506.217519819923,53.78248018007707,-53.78248018007707,0.5767868519878576
4759,2024-03-02,2024,12,20,Inter Miami,Orlando City,1507.3693225997408,1498.717519819923,68.6518027798179,68.6518027798179,0.5975318306860814
4760,2024-03-02,2024,15,7,Minnesota United,Columbus Crew,1508.782480180077,1506.217519819923,62.564960360154146,-62.564960360154146,0.5890774372974298
4761,2024-03-02,2024,23,13,Real Salt Lake,Los Angeles FC,1495.1948405194605,1506.217519819923,48.977320699537586,-48.977320699537586,0.5700208258277426
4762,2024-03-03,2024,4,9,Chicago Fire,FC Cincinnati,1501.282480180077,1498.717519819923,62.564960360154146,62.564960360154146,0.5890774372974298
4763,2024-03-03,2024,6,16,Colorado Rapids,Nashville SC,1493.782480180077,1498.717519819923,55.064960360154146,55.064960360154146,0.578587931007608
4764,2024-03-03,2024,10,2,FC Dallas,CF Montreal,1506.217519819923,1501.282480180077,64.93503963984585,64.93503963984585,0.5923759391948995
4765,2024-03-03,2024,11,19,Houston Dynamo,New York Red Bulls,1498.717519819923,1501.282480180077,57.435039639845854,57.435039639845854,0.5819108731655616
4766,2024-03-03,2024,17,29,New England Revolution,Toronto FC,1493.782480180077,1501.282480180077,52.5,52.5,0.5749837298179947
4767,2024-03-03,2024,22,8,Portland Timbers,DC United,1506.217519819923,1506.217519819923,60.0,60.0,0.5854986786718095
4768,2024-03-03,2024,25,14,San Jose Earthquakes,Los Angeles Galaxy,1493.782480180077,1498.848197220182,54.93428295989497,54.93428295989497,0.5784045061555869
4769,2024-03-03,2024,26,1,Seattle Sounders,Austin FC,1493.782480180077,1491.217519819923,62.564960360154146,62.564960360154146,0.5890774372974298
4770,2024-03-03,2024,27,21,Sporting Kansas City,Philadelphia Union,1501.282480180077,1498.717519819923,62.564960360154146,62.564960360154146,0.5890774372974298
4771,2024-03-03,2024,28,18,St. Louis City,New York City,1498.5876396606166,1493.782480180077,64.80515948053949,64.80515948053949,0.592195394094647
4772,2024-03-03,2024,30,3,Vancouver Whitecaps,Charlotte,1500.0,1506.217519819923,53.78248018007707,53.78248018007707,0.5767868519878576
4773,2024-03-09,2024,18,22,New York City,Portland Timbers,1487.6654110914967,1504.9350396398459,42.73037145165085,42.73037145165085,0.5611857592895917
4774,2024-03-09,2024,29,3,Toronto FC,Charlotte,1509.907236127347,1507.3693225997408,62.53791352760618,62.53791352760618,0.589039748653742
4775,2024-03-10,2024,0,17,Atlanta Utd,New England Revolution,1493.782480180077,1485.1577242328071,68.62475594726993,68.62475594726993,0.5974943876301113
4776,2024-03-10,2024,1,28,Austin FC,St. Louis City,1492.5536813793844,1504.704708749197,47.84897263018752,47.84897263018752,0.5684281295363608
4777,2024-03-10,2024,7,4,Columbus Crew,Chicago Fire,1507.5536813793844,1492.4463186206156,75.10736275876889,75.10736275876889,0.606435339576026
4778,2024-03-10,2024,9,8,FC Cincinnati,DC United,1507.5536813793844,1507.5,60.05368137938444,60.05368137938444,0.5855736714987801
4779,2024-03-10,2024,12,2,Inter Miami,CF Montreal,1513.4063451394495,1510.1681192680005,63.238225871449,63.238225871449,0.5900152670195923
4780,2024-03-10,2024,13,27,Los Angeles FC,Sporting Kansas City,1499.767832207339,1499.9463186206156,59.82151358672354,59.82151358672354,0.5852493048778125
4781,2024-03-10,2024,16,14,Nashville SC,Los Angeles Galaxy,1499.896338785037,1507.5242648125159,52.37207397252109,-52.37207397252109,0.5748037599970243
4782,2024-03-10,2024,19,10,New York Red Bulls,FC Dallas,1510.0111432775604,1497.3318807319995,72.67926254556096,72.67926254556096,0.6030944479341738
4783,2024-03-10,2024,20,15,Orlando City,Minnesota United,1492.6804972802142,1507.4463186206156,45.23417865959868,45.23417865959868,0.5647318807071179
4784,2024-03-10,2024,23,6,Real Salt Lake,Colorado Rapids,1501.6445281320443,1492.603661214963,69.0408669170813,69.0408669170813,0.5980703167213838
4785,2024-03-10,2024,25,30,San Jose Earthquakes,Vancouver Whitecaps,1485.1064125877433,1498.848197220182,46.258215367561206,46.258215367561206,0.5661803304852889
4786,2024-03-16,2024,4,2,Chicago Fire,CF Montreal,1486.542848714256,1519.0183482732944,27.524500440961674,27.524500440961674,0.5395282802703679
4787,2024-03-16,2024,7,19,Columbus Crew,New York Red Bulls,1513.457151285744,1515.964726558548,57.49242472719607,57.49242472719607,0.5819912384219812
4788,2024-03-16,2024,8,12,DC United,Inter Miami,1508.7836050724818,1504.5561161341557,64.22748893832613,64.22748893832613,0.5913920791669814
4789,2024-03-16,2024,18,29,New York City,Toronto FC,1479.2476247021527,1516.0716398975408,23.17598480461197,23.17598480461197,0.5333035412622524
4790,2024-03-16,2024,26,6,Seattle Sounders,Colorado Rapids,1492.4463186206156,1501.5747159657838,50.871602654831804,50.871602654831804,0.5726913879961238
4791,2024-03-17,2024,0,20,Atlanta Utd,Orlando City,1499.8200643656255,1484.2095190696075,75.61054529601802,75.61054529601802,0.6071264503769634
4792,2024-03-17,2024,1,21,Austin FC,Philadelphia Union,1491.5272594363391,1500.0536813793844,51.47357805695469,-51.47357805695469,0.5735391753306441
4793,2024-03-17,2024,10,30,FC Dallas,Vancouver Whitecaps,1491.378297451012,1507.3409021774614,44.0373952735506,44.0373952735506,0.5630376895393411
4794,2024-03-17,2024,11,22,Houston Dynamo,Portland Timbers,1489.9888567224396,1513.3528260291898,36.63603069324972,36.63603069324972,0.5525289396226822
4795,2024-03-17,2024,14,28,Los Angeles Galaxy,St. Louis City,1508.6463212124713,1505.7311306922422,62.91519052022909,62.91519052022909,0.5895653739951621
4796,2024-03-17,2024,15,13,Minnesota United,Los Angeles FC,1515.9172968312223,1498.4890926341718,77.42820419705049,-77.42820419705049,0.6096193772896533
4797,2024-03-17,2024,16,3,Nashville SC,Charlotte,1498.7742823850815,1501.204918829547,57.56936355553444,57.56936355553444,0.5820989809892411
4798,2024-03-17,2024,17,9,New England Revolution,FC Cincinnati,1479.1201400472587,1506.2700763069026,32.85006374035606,32.85006374035606,0.5471346686711936
4799,2024-03-17,2024,27,25,Sporting Kansas City,San Jose Earthquakes,1501.2250581937828,1476.613707630464,84.61135056331887,84.61135056331887,0.6194140911421496
4800,2024-03-23,2024,3,7,Charlotte,Columbus Crew,1494.9364035443857,1519.7272827094143,35.20912083497137,-35.20912083497137,0.5504972507523082
4801,2024-03-23,2024,9,18,FC Cincinnati,New York City,1514.4770963369706,1486.248071583219,88.22902475375167,88.22902475375167,0.6243110292581617
4802,2024-03-23,2024,17,4,New England Revolution,Chicago Fire,1470.9131200171907,1493.4499245102006,37.46319550699013,37.46319550699013,0.5537058904006702
4803,2024-03-23,2024,19,12,New York Red Bulls,Inter Miami,1509.6945951348775,1513.4269973216603,56.26759781321721,56.26759781321721,0.5802749843337717
4804,2024-03-23,2024,20,1,Orlando City,Austin FC,1478.3164158252619,1490.4241718063795,47.892244018882366,47.892244018882366,0.5684892346867481
4805,2024-03-23,2024,29,0,Toronto FC,Atlanta Utd,1509.0711930164746,1505.7131676099712,63.35802540650343,63.35802540650343,0.5901820742179953
4806,2024-03-23,2024,30,23,Vancouver Whitecaps,Real Salt Lake,1515.7864675205515,1492.6734733812236,83.11299413932784,83.11299413932784,0.6173786925745428
4807,2024-03-24,2024,6,11,Colorado Rapids,Houston Dynamo,1502.6650867857256,1496.7009226280993,65.96416415762633,65.96416415762633,0.5938056295041358
4808,2024-03-24,2024,13,16,Los Angeles FC,Nashville SC,1492.6333832935165,1505.0427976702429,47.59058562327368,47.59058562327368,0.5680632082605339
4809,2024-03-24,2024,22,21,Portland Timbers,Philadelphia Union,1506.64076012353,1501.156769009344,65.48399111418598,65.48399111418598,0.5931387551304592
4810,2024-03-24,2024,25,26,San Jose Earthquakes,Seattle Sounders,1470.9049189975963,1491.3559478006737,39.548971196922594,39.548971196922594,0.5566709841373083
4811,2024-03-24,2024,27,14,Sporting Kansas City,Los Angeles Galaxy,1506.9338468266506,1507.302840602544,59.63100622410661,59.63100622410661,0.5849830877147336
4812,2024-03-24,2024,28,8,St. Louis City,DC United,1507.0746113021696,1499.9127238849771,67.16188741719247,67.16188741719247,0.5954675409550054
4813,2024-03-30,2024,3,9,Charlotte,FC Cincinnati,1501.678944783101,1520.1124308980982,41.566513885002905,41.566513885002905,0.5595352448546873
4814,2024-03-30,2024,6,13,Colorado Rapids,Los Angeles FC,1493.7580023431635,1499.1124351696085,54.64556717355504,-54.64556717355504,0.5779991746596801
4815,2024-03-30,2024,8,2,DC United,CF Montreal,1501.3447369993023,1512.1112724773498,49.233464521952556,49.233464521952556,0.5703821797831813
4816,2024-03-30,2024,12,18,Inter Miami,New York City,1507.131122086667,1480.6127370220913,86.51838506457557,86.51838506457557,0.6219985804107342
4817,2024-03-30,2024,20,19,Orlando City,New York Red Bulls,1484.7890773049605,1515.990470369871,28.798606935089538,28.798606935089538,0.5413498708315233
4818,2024-03-30,2024,21,15,Philadelphia Union,Minnesota United,1510.053850336301,1521.7730061718776,48.28084416442334,48.28084416442334,0.5690378978751446
4819,2024-03-30,2024,29,27,Toronto FC,Sporting Kansas City,1515.2184619032046,1498.1591005109296,77.05936139227492,77.05936139227492,0.6091139659775432
4820,2024-03-31,2024,0,4,Atlanta Utd,Chicago Fire,1499.5658987232412,1494.2555128662107,65.3103858570305,65.3103858570305,0.5928975638606785
4821,2024-03-31,2024,1,10,Austin FC,FC Dallas,1483.9515103266808,1482.932732107922,61.018778218758825,61.018778218758825,0.5869212309558028
4822,2024-03-31,2024,11,25,Houston Dynamo,San Jose Earthquakes,1505.6080070706614,1477.5548542355366,88.05315283512482,88.05315283512482,0.624073544208358
4823,2024-03-31,2024,14,26,Los Angeles Galaxy,Seattle Sounders,1516.0775869182648,1484.7060125627333,91.3715743555315,91.3715743555315,0.6285443379413044
4824,2024-03-31,2024,16,7,Nashville SC,Columbus Crew,1498.563745794151,1512.984741470699,45.579004323451954,-45.579004323451954,0.5652197444022184
4825,2024-03-31,2024,23,28,Real Salt Lake,St. Louis City,1501.9341537698417,1505.6425981878444,56.29155558199727,56.29155558199727,0.5803085732476124
4826,2024-03-31,2024,30,22,Vancouver Whitecaps,Portland Timbers,1506.5257871319334,1497.7436787965732,68.78210833536014,68.78210833536014,0.5977122069642002
4827,2024-04-07,2024,1,25,Austin FC,San Jose Earthquakes,1490.1476918623437,1471.915957398662,78.23173446368173,78.23173446368173,0.6107196086724378
4828,2024-04-07,2024,4,11,Chicago Fire,Houston Dynamo,1488.148976324121,1511.246903907536,36.902072416584815,36.902072416584815,0.5529075481681152
4829,2024-04-07,2024,7,8,Columbus Crew,DC United,1513.9630376367322,1507.7890043025545,66.1740333341777,66.1740333341777,0.5940969917655851
4830,2024-04-07,2024,9,19,FC Cincinnati,New York Red Bulls,1521.0054595709184,1516.610718432344,64.39474113857455,64.39474113857455,0.5916247123034382
4831,2024-04-07,2024,12,6,Inter Miami,Colorado Rapids,1505.301143380506,1500.0880147232683,65.21312865723758,65.21312865723758,0.5927624240200425
4832,2024-04-07,2024,13,14,Los Angeles FC,Los Angeles Galaxy,1492.7824227895037,1521.6494218491453,31.133000940358443,31.133000940358443,0.5446844546051719
4833,2024-04-07,2024,15,23,Minnesota United,Real Salt Lake,1515.3085746400047,1508.2295251711275,67.0790494688772,67.0790494688772,0.5953526684050076
4834,2024-04-07,2024,16,21,Nashville SC,Philadelphia Union,1497.5854496281177,1516.5182818681737,41.06716775994391,41.06716775994391,0.5588266956397026
4835,2024-04-07,2024,17,3,New England Revolution,Charlotte,1470.1075316611807,1500.7859161102808,29.321615550899878,29.321615550899878,0.5420972994245126
4836,2024-04-07,2024,18,0,New York City,Atlanta Utd,1482.4427157282523,1505.672435265331,36.77028046292139,36.77028046292139,0.5527200004167355
4837,2024-04-07,2024,26,2,Seattle Sounders,CF Montreal,1479.134177631853,1505.6670051740975,33.467172457755396,33.467172457755396,0.548014719020083
4838,2024-04-07,2024,27,22,Sporting Kansas City,Portland Timbers,1507.2958100005928,1491.7093619010363,75.58644809955649,75.58644809955649,0.6070933631314898
4839,2024-04-07,2024,28,10,St. Louis City,FC Dallas,1499.3472267865586,1476.7365505722591,82.61067621429947,82.61067621429947,0.6166954069443683
4840,2024-04-07,2024,30,29,Vancouver Whitecaps,Toronto FC,1512.5601040274703,1506.0817524135414,66.47835161392891,66.47835161392891,0.5945193604074971
4841,2024-04-13,2024,22,13,Portland Timbers,Los Angeles FC,1493.3157623480088,1499.612155970426,53.70360637758267,-53.70360637758267,0.5766760166847174
4842,2024-04-14,2024,0,21,Atlanta Utd,Philadelphia Union,1506.4632352715819,1524.9006823027694,41.5625529688125,41.5625529688125,0.559529625446876
4843,2024-04-14,2024,2,9,CF Montreal,FC Cincinnati,1498.8872259593988,1512.1310888863668,46.75613707303205,-46.75613707303205,0.5668842096364362
4844,2024-04-14,2024,3,29,Charlotte,Toronto FC,1493.9173756016485,1499.999542819654,53.91783278199455,53.91783278199455,0.576977034598706
4845,2024-04-14,2024,8,20,DC United,Orlando City,1509.2004591790383,1484.1688292424876,85.03162993655064,85.03162993655064,0.6199842579048578
4846,2024-04-14,2024,10,26,FC Dallas,Seattle Sounders,1478.4869816764246,1485.9139568465516,52.57302482987302,-52.57302482987302,0.5750864542307802
4847,2024-04-14,2024,15,11,Minnesota United,Houston Dynamo,1513.8782846139295,1504.5405171300579,69.33776748387163,69.33776748387163,0.5984810843025361
4848,2024-04-14,2024,18,17,New York City,New England Revolution,1481.6519157220014,1476.976072169813,64.67584355218833,64.67584355218833,0.5920156085964297
4849,2024-04-14,2024,19,4,New York Red Bulls,Chicago Fire,1525.4850891168956,1494.855363101599,90.62972601529646,90.62972601529646,0.6275467492116833
4850,2024-04-14,2024,23,7,Real Salt Lake,Columbus Crew,1509.6598151972028,1512.5515827602485,57.10823243695427,57.10823243695427,0.5814531114561494
4851,2024-04-14,2024,25,6,San Jose Earthquakes,Colorado Rapids,1466.0767515287484,1501.4794510835688,24.5973004451796,24.5973004451796,0.5353393382271243
4852,2024-04-14,2024,27,12,Sporting Kansas City,Inter Miami,1505.6894095536204,1503.9097070202054,61.77970253341505,-61.77970253341505,0.5879827892287879
4853,2024-04-14,2024,28,1,St. Louis City,Austin FC,1497.5967956823931,1495.9868977322571,61.609897950135974,61.609897950135974,0.5877459670380575
4854,2024-04-14,2024,30,14,Vancouver Whitecaps,Los Angeles Galaxy,1518.6423136213577,1514.8196886682229,63.82262495313489,63.82262495313489,0.5908287795650656
4855,2024-04-21,2024,0,9,Atlanta Utd,FC Cincinnati,1505.5702908898788,1505.6343520309133,59.93593885896553,59.93593885896553,0.5854091801434803
4856,2024-04-21,2024,2,20,CF Montreal,Orlando City,1505.3839628148523,1493.4685931110605,71.91536970379184,-71.91536970379184,0.6020413788343313
4857,2024-04-21,2024,3,15,Charlotte,Minnesota United,1500.2627200826678,1504.9010683493914,55.3616517332764,55.3616517332764,0.5790043001759749
4858,2024-04-21,2024,4,23,Chicago Fire,Real Salt Lake,1496.7685643397745,1508.4380185253606,48.33054581441388,48.33054581441388,0.5691080592668717
4859,2024-04-21,2024,6,10,Colorado Rapids,FC Dallas,1509.5095411569757,1477.360684862963,92.14885629401283,92.14885629401283,0.6295884010113793
4860,2024-04-21,2024,7,22,Columbus Crew,Portland Timbers,1513.7733794320907,1492.165622097738,81.60775733435275,81.60775733435275,0.6153297936904458
4861,2024-04-21,2024,11,1,Houston Dynamo,Austin FC,1513.517733394596,1489.803087237828,83.71464615676791,83.71464615676791,0.6181964884424895
4862,2024-04-21,2024,12,16,Inter Miami,Nashville SC,1512.7294488586372,1489.203049193522,83.52639966511515,83.52639966511515,0.6179406860354125
4863,2024-04-21,2024,13,19,Los Angeles FC,New York Red Bulls,1500.762296220697,1523.5718878787202,37.19040834197676,37.19040834197676,0.5533178146857798
4864,2024-04-21,2024,18,8,New York City,DC United,1487.7716815930548,1499.9006953104654,47.870986282589456,47.870986282589456,0.5684592161007126
4865,2024-04-21,2024,26,30,Seattle Sounders,Vancouver Whitecaps,1487.0402536600134,1509.7798819278817,37.260371732131716,37.260371732131716,0.5534173530493599
4866,2024-04-21,2024,27,28,Sporting Kansas City,St. Louis City,1496.8696677151886,1503.7806061768222,53.08906153836642,53.08906153836642,0.5758121804794067
4867,2024-04-21,2024,29,17,Toronto FC,New England Revolution,1493.6541983386346,1470.8563062987596,82.79789203987502,82.79789203987502,0.6169501241814619
4868,2024-04-22,2024,14,25,Los Angeles Galaxy,San Jose Earthquakes,1523.682120361699,1458.0466614553416,125.63545890635737,125.63545890635737,0.673314772847517
4869,2024-04-27,2024,1,14,Austin FC,Los Angeles Galaxy,1499.0760345644655,1528.5823987689862,30.49363579547935,-30.49363579547935,0.543771533908689
4870,2024-04-28,2024,4,0,Chicago Fire,Atlanta Utd,1488.2319434507713,1496.7891531877267,51.44279026304457,51.44279026304457,0.573495826023824
4871,2024-04-28,2024,7,2,Columbus Crew,CF Montreal,1512.043432526734,1503.8533421323373,68.19009039439675,68.19009039439675,0.5968924902933004
4872,2024-04-28,2024,8,26,DC United,Seattle Sounders,1493.427583551976,1478.738993364273,74.68859018770308,74.68859018770308,0.6058598390083464
4873,2024-04-28,2024,9,6,FC Cincinnati,Colorado Rapids,1514.4154897330654,1515.065715141805,59.349774591260484,59.349774591260484,0.5845900007608762
4874,2024-04-28,2024,10,11,FC Dallas,Houston Dynamo,1471.8045108781337,1504.2447860679586,27.559724810175112,-27.559724810175112,0.5395786549870168
4875,2024-04-28,2024,13,22,Los Angeles FC,Portland Timbers,1499.9625290004103,1493.8955690030946,66.06695999731573,66.06695999731573,0.5939483496652984
4876,2024-04-28,2024,15,27,Minnesota United,Sporting Kansas City,1513.586132852031,1495.7324850079974,77.8536478440335,77.8536478440335,0.6102020544058987
4877,2024-04-28,2024,16,25,Nashville SC,San Jose Earthquakes,1483.4721594840532,1453.1463830480543,90.32577643599893,90.32577643599893,0.6271377034314355
4878,2024-04-28,2024,17,12,New England Revolution,Inter Miami,1465.1105581614815,1518.460338568106,6.650219593375596,-6.650219593375596,0.5095692667014823
4879,2024-04-28,2024,18,3,New York City,Charlotte,1494.244793351544,1491.5776555800282,62.667137771515854,62.667137771515854,0.589219807860829
4880,2024-04-28,2024,19,30,New York Red Bulls,Vancouver Whitecaps,1524.3716550990068,1518.081142223622,66.29051287538482,66.29051287538482,0.5942586722328654
4881,2024-04-28,2024,20,29,Orlando City,Toronto FC,1494.9992137935756,1499.3999464759127,55.59926731766291,55.59926731766291,0.5793376828845588
4882,2024-04-28,2024,21,23,Philadelphia Union,Real Salt Lake,1525.7936266844724,1516.9746394143635,68.81898727010889,68.81898727010889,0.597763252061384
4883,2024-05-01,2024,21,26,Philadelphia Union,Seattle Sounders,1516.8271779035517,1472.8268909493981,104.00028695415358,104.00028695415358,0.6453528285005189
4884,2024-05-05,2024,0,15,Atlanta Utd,Minnesota United,1497.891590578084,1519.4331020359425,38.458488542141595,38.458488542141595,0.5551212674886666
4885,2024-05-05,2024,3,22,Charlotte,Portland Timbers,1485.4159526979406,1487.8047942480741,57.61115844986648,57.61115844986648,0.5821575058808153
4886,2024-05-05,2024,4,17,Chicago Fire,New England Revolution,1487.1295060604139,1457.4670191609594,89.6624868994545,89.6624868994545,0.6262444379100389
4887,2024-05-05,2024,8,21,DC United,Philadelphia Union,1499.339685966851,1507.146885476044,52.19280049080703,52.19280049080703,0.5745515198244832
4888,2024-05-05,2024,11,28,Houston Dynamo,St. Louis City,1497.338465892764,1504.9177888840134,52.420677008750545,52.420677008750545,0.574872138410754
4889,2024-05-05,2024,12,19,Inter Miami,New York Red Bulls,1526.1038775686281,1522.9577750155138,63.14610255311436,63.14610255311436,0.5898869817101082
4890,2024-05-05,2024,16,2,Nashville SC,CF Montreal,1481.5650939325817,1505.3067294867367,36.25836444584502,36.25836444584502,0.5519913717802322
4891,2024-05-05,2024,18,6,New York City,Colorado Rapids,1500.4064962336317,1508.8345651532181,51.571931080413606,51.571931080413606,0.5736776491111469
4892,2024-05-05,2024,20,9,Orlando City,FC Cincinnati,1486.309148550307,1520.6466397216523,25.662508828654836,25.662508828654836,0.5368643032330144
4893,2024-05-05,2024,23,27,Real Salt Lake,Sporting Kansas City,1525.9410881952842,1489.8855158240858,96.05557237119842,96.05557237119842,0.6348174988910298
4894,2024-05-05,2024,25,13,San Jose Earthquakes,Los Angeles FC,1455.0534485995258,1506.0533037554308,9.000144844095075,-9.000144844095075,0.5129493532004602
4895,2024-05-05,2024,26,14,Seattle Sounders,Los Angeles Galaxy,1482.507183376906,1521.7389717776166,20.768211599289316,20.768211599289316,0.5298523120280856
4896,2024-05-05,2024,29,10,Toronto FC,FC Dallas,1508.0900117191811,1478.7108310533283,89.3791806658528,89.3791806658528,0.6258626407432007
4897,2024-05-05,2024,30,1,Vancouver Whitecaps,Austin FC,1519.495022307115,1505.9194615558351,73.57556075127991,73.57556075127991,0.6043288277705043
4898,2024-05-12,2024,0,8,Atlanta Utd,DC United,1489.5647715657542,1498.2214131694836,51.34335839627056,51.34335839627056,0.5733558179451892
4899,2024-05-12,2024,2,12,CF Montreal,Inter Miami,1498.58660006344,1532.2555728429766,26.33102722046351,-26.33102722046351,0.5378210118787474
4900,2024-05-12,2024,3,16,Charlotte,Nashville SC,1491.6835901097284,1488.2852233558783,63.39836675385004,63.39836675385004,0.5902382402786477
4901,2024-05-12,2024,6,25,Colorado Rapids,San Jose Earthquakes,1517.4397298898853,1462.359208301519,115.08052158836631,115.08052158836631,0.6598120434938225
4902,2024-05-12,2024,7,9,Columbus Crew,FC Cincinnati,1510.5900451723346,1528.6996042701476,41.89044090218704,41.89044090218704,0.5599947529259743
4903,2024-05-12,2024,10,1,FC Dallas,Austin FC,1473.0987706644764,1507.4843939723928,25.614376692083624,25.614376692083624,0.5367954113500623
4904,2024-05-12,2024,13,30,Los Angeles FC,Vancouver Whitecaps,1498.7475440534377,1517.9300898905574,40.81745416288027,40.81745416288027,0.5584722734462355
4905,2024-05-12,2024,14,23,Los Angeles Galaxy,Real Salt Lake,1522.186756458038,1531.4188257119188,50.76793074611919,50.76793074611919,0.5725453392215002
4906,2024-05-12,2024,19,17,New York Red Bulls,New England Revolution,1516.8060797411654,1466.86068572961,109.94539401155544,109.94539401155544,0.6531459586818257
4907,2024-05-12,2024,21,20,Philadelphia Union,Orlando City,1508.2651582734113,1478.2561840018118,90.00897427159953,90.00897427159953,0.6267111673213895
4908,2024-05-12,2024,22,26,Portland Timbers,Seattle Sounders,1481.5371568362864,1482.0593986964845,59.477758139801836,-59.477758139801836,0.5847689010693738
4909,2024-05-12,2024,27,11,Sporting Kansas City,Houston Dynamo,1484.4077783074513,1496.2153838166025,48.192394490848756,48.192394490848756,0.5689130309374597
4910,2024-05-12,2024,28,4,St. Louis City,Chicago Fire,1506.0408709601747,1477.7358394917633,88.30503146841147,88.30503146841147,0.624413644880554
4911,2024-05-12,2024,29,18,Toronto FC,New York City,1513.702072108033,1491.8013314969646,81.90074061106839,81.90074061106839,0.6157289200899428
4912,2024-05-16,2024,1,11,Austin FC,Houston Dynamo,1500.5363251426438,1504.7490792806643,55.7872458619795,55.7872458619795,0.5796013719020326
4913,2024-05-16,2024,2,7,CF Montreal,Columbus Crew,1490.519284885259,1502.190123878445,48.32916100681382,-48.32916100681382,0.5691061044391823
4914,2024-05-16,2024,4,3,Chicago Fire,Charlotte,1472.1020441649716,1497.8300165055487,34.272027659422974,34.272027659422974,0.5491620602221062
4915,2024-05-16,2024,6,30,Colorado Rapids,Vancouver Whitecaps,1507.542549237478,1511.307173992251,56.23537524522703,56.23537524522703,0.5802298069565717
4916,2024-05-16,2024,8,19,DC United,New York Red Bulls,1506.8217504386614,1522.008890360938,44.81286007772337,44.81286007772337,0.5641356237630824
4917,2024-05-16,2024,9,0,FC Cincinnati,Atlanta Utd,1537.099525564037,1480.9644342965764,116.13509126746067,116.13509126746067,0.6611733242028844
4918,2024-05-16,2024,15,14,Minnesota United,Los Angeles Galaxy,1527.7599210482724,1521.0985763697154,66.66134467855704,66.66134467855704,0.5947732723766761
4919,2024-05-16,2024,16,29,Nashville SC,Toronto FC,1482.138796960058,1504.466138306684,37.67265865337413,37.67265865337413,0.5540038349491433
4920,2024-05-16,2024,20,12,Orlando City,Inter Miami,1487.6568515116326,1540.3228880211577,7.333963490474844,7.333963490474844,0.5105528545332773
4921,2024-05-16,2024,21,18,Philadelphia Union,New York City,1498.8644907635905,1501.0372652983137,57.8272254652768,57.8272254652768,0.5824600250118411
4922,2024-05-16,2024,22,25,Portland Timbers,San Jose Earthquakes,1472.7656233202458,1472.2563889539263,60.50923436631956,60.50923436631956,0.5862099185459493
4923,2024-05-16,2024,23,26,Real Salt Lake,Seattle Sounders,1532.5070058002414,1490.830932212525,101.67607358771625,101.67607358771625,0.642284765177269
4924,2024-05-16,2024,28,13,St. Louis City,Los Angeles FC,1511.6746662869664,1505.3704599517441,66.30420633522226,66.30420633522226,0.5942776782202667
4925,2024-05-18,2024,16,0,Nashville SC,Atlanta Utd,1488.8287394358208,1475.8820341596197,72.9467052762011,72.9467052762011,0.6034629076303666
4926,2024-05-19,2024,1,27,Austin FC,Sporting Kansas City,1506.8423045641134,1475.8740828433895,90.96822172072393,90.96822172072393,0.6280020712326057
4927,2024-05-19,2024,3,14,Charlotte,Los Angeles Galaxy,1506.0674474088803,1522.5201754553655,43.54727195351484,43.54727195351484,0.5623434338140603
4928,2024-05-19,2024,4,7,Chicago Fire,Columbus Crew,1463.86461326164,1510.7267154450328,13.137897816607165,-13.137897816607165,0.5188979483094658
4929,2024-05-19,2024,9,28,FC Cincinnati,St. Louis City,1542.1819257009938,1502.7605011136625,99.42142458733133,99.42142458733133,0.6392973448231953
4930,2024-05-19,2024,11,10,Houston Dynamo,FC Dallas,1498.4430998591947,1480.0468394942254,78.3962603649693,78.3962603649693,0.6109447466693392
4931,2024-05-19,2024,12,8,Inter Miami,DC United,1540.4811808391569,1498.359716082215,102.1214647569418,102.1214647569418,0.6428736138725653
4932,2024-05-19,2024,15,22,Minnesota United,Portland Timbers,1526.3383219626223,1478.9724745420565,107.36584742056584,107.36584742056584,0.6497743526572366
4933,2024-05-19,2024,17,21,New England Revolution,Philadelphia Union,1461.6578751098373,1490.127590388413,31.530284721424323,-31.530284721424323,0.5452515673713809
4934,2024-05-19,2024,18,19,New York City,New York Red Bulls,1509.7741656734913,1530.4709247173844,39.30324095610695,39.30324095610695,0.5563218648932007
4935,2024-05-19,2024,23,6,Real Salt Lake,Colorado Rapids,1537.8727343225823,1513.8391021331295,84.03363218945287,84.03363218945287,0.6186297991763793
4936,2024-05-19,2024,25,20,San Jose Earthquakes,Orlando City,1466.0495377321156,1487.4985586936334,38.55097903848218,38.55097903848218,0.5552527504759608
4937,2024-05-19,2024,26,30,Seattle Sounders,Vancouver Whitecaps,1485.4652036901841,1505.0106210965994,40.454582593584746,40.454582593584746,0.5579571383635743
4938,2024-05-19,2024,29,2,Toronto FC,CF Montreal,1497.776195830921,1481.9826933186712,75.79350251224992,75.79350251224992,0.6073776321660782
4939,2024-05-26,2024,0,13,Atlanta Utd,Los Angeles FC,1477.4339777740752,1514.284625125048,23.14935264902715,-23.14935264902715,0.5332653843515038
4940,2024-05-26,2024,2,16,CF Montreal,Nashville SC,1476.0933578011623,1487.2767958213653,48.816561979796916,-48.816561979796916,0.5697939979175524
4941,2024-05-26,2024,3,21,Charlotte,Philadelphia Union,1505.1322959016693,1498.3063638989836,66.8259320026857,66.8259320026857,0.5950016021689775
4942,2024-05-26,2024,6,15,Colorado Rapids,Minnesota United,1508.1185491207752,1531.5917066727638,36.526842448011394,36.526842448011394,0.5523735342992138
4943,2024-05-26,2024,8,4,DC United,Chicago Fire,1493.0028202903036,1456.081144036998,96.92167625330558,96.92167625330558,0.6359725250366086
4944,2024-05-26,2024,10,23,FC Dallas,Real Salt Lake,1481.7110106942655,1543.5932873349366,-1.8822766406710798,1.8822766406710798,0.4972912126679776
4945,2024-05-26,2024,14,11,Los Angeles Galaxy,Houston Dynamo,1523.4553269625765,1496.7789286591546,86.67639830342182,86.67639830342182,0.6222124178652458
4946,2024-05-26,2024,17,18,New England Revolution,New York City,1453.4791015992666,1516.4293377000934,-2.9502361008267144,-2.9502361008267144,0.49575437100149067
4947,2024-05-26,2024,20,7,Orlando City,Columbus Crew,1495.8273499507727,1518.5101846696748,37.317165281097914,37.317165281097914,0.5534981512582572
4948,2024-05-26,2024,22,27,Portland Timbers,Sporting Kansas City,1473.719089831915,1470.2941139118786,63.42497592003633,63.42497592003633,0.5902752861427157
4949,2024-05-26,2024,25,1,San Jose Earthquakes,Austin FC,1457.7207464749763,1512.4222734956243,5.298472979352027,5.298472979352027,0.5076245244929358
4950,2024-05-26,2024,28,26,St. Louis City,Seattle Sounders,1497.3499612860105,1484.5958466147306,72.75411467127992,72.75411467127992,0.6031975845891236
4951,2024-05-26,2024,29,9,Toronto FC,FC Cincinnati,1503.66553134843,1547.5924655286458,16.073065819784233,-16.073065819784233,0.5231145137644209
4952,2024-05-26,2024,30,12,Vancouver Whitecaps,Inter Miami,1505.879978172053,1545.8380766310684,20.041901540984554,20.041901540984554,0.528810665261419
4953,2024-05-30,2024,1,22,Austin FC,Portland Timbers,1512.5366413630184,1479.8649605397743,92.67168082324406,92.67168082324406,0.6302899908232218
4954,2024-05-30,2024,2,8,CF Montreal,DC United,1475.046447832399,1490.9632324147544,44.083215417644624,-44.083215417644624,0.5631025808238537
4955,2024-05-30,2024,4,20,Chicago Fire,Orlando City,1458.1207319125472,1487.524877681899,30.59585423064823,-30.59585423064823,0.5439175069228169
4956,2024-05-30,2024,9,16,FC Cincinnati,Nashville SC,1555.439183235112,1488.3237057901285,127.11547744498353,127.11547744498353,0.6751860024061243
4957,2024-05-30,2024,11,6,Houston Dynamo,Colorado Rapids,1491.1121149271332,1507.332946106287,43.77916882084628,43.77916882084628,0.5626719444615316
4958,2024-05-30,2024,12,0,Inter Miami,Atlanta Utd,1553.7702366099898,1469.4349970088026,144.33523960118714,144.33523960118714,0.6965368320032779
4959,2024-05-30,2024,13,15,Los Angeles FC,Minnesota United,1522.2836058903206,1532.3773096872521,49.90629620306845,49.90629620306845,0.5713310164315134
4960,2024-05-30,2024,14,10,Los Angeles Galaxy,FC Dallas,1529.1221406945979,1481.7516425042459,107.37049819035201,107.37049819035201,0.6497804450698735
4961,2024-05-30,2024,19,3,New York Red Bulls,Charlotte,1523.8157526907823,1503.7072718691347,80.10848082164762,80.10848082164762,0.6132849330109881
4962,2024-05-30,2024,21,29,Philadelphia Union,Toronto FC,1499.7313879315182,1495.8188136419637,63.912574289554414,63.912574289554414,0.5909539494774664
4963,2024-05-30,2024,26,23,Seattle Sounders,Real Salt Lake,1493.6438103835674,1543.5526555249562,10.091154858611162,10.091154858611162,0.5145182569457635
4964,2024-05-30,2024,27,30,Sporting Kansas City,Vancouver Whitecaps,1464.1482432040193,1497.9478181931315,26.200425010887784,-26.200425010887784,0.537634130291826
4965,2024-06-01,2024,18,25,New York City,San Jose Earthquakes,1523.8656532651157,1457.6063786075822,126.25927465753352,126.25927465753352,0.6741041580833206
4966,2024-06-02,2024,0,3,Atlanta Utd,Charlotte,1479.8830494888518,1497.9065458642995,41.97650362455238,41.97650362455238,0.5601168203200791
4967,2024-06-02,2024,4,14,Chicago Fire,Los Angeles Galaxy,1457.461969308705,1534.3754340185499,-16.913464709844902,-16.913464709844902,0.4756787770057515
4968,2024-06-02,2024,8,29,DC United,Toronto FC,1484.4097711271122,1497.1831228841259,47.22664824298636,47.22664824298636,0.5675490924086349
4969,2024-06-02,2024,12,28,Inter Miami,St. Louis City,1543.3221841299405,1488.3019975171737,115.02018661276679,115.02018661276679,0.6597340805707826
4970,2024-06-02,2024,13,10,Los Angeles FC,FC Dallas,1528.7136406438478,1476.4983491802939,112.21529146355397,112.21529146355397,0.6561001905270762
4971,2024-06-02,2024,15,27,Minnesota United,Sporting Kansas City,1525.9472749337249,1456.083731249642,129.86354368408297,129.86354368408297,0.6786456362506847
4972,2024-06-02,2024,16,17,Nashville SC,New England Revolution,1498.4514958262205,1446.0427860342443,112.40870979197621,112.40870979197621,0.6563513675462866
4973,2024-06-02,2024,19,20,New York Red Bulls,Orlando City,1529.6164786956176,1488.1836402857411,101.43283840987647,101.43283840987647,0.6419630040319223
4974,2024-06-02,2024,21,2,Philadelphia Union,CF Montreal,1498.367078689356,1481.5999091200413,76.76716956931477,76.76716956931477,0.6087134202747484
4975,2024-06-02,2024,22,11,Portland Timbers,Houston Dynamo,1489.3193104021227,1497.6720357602103,51.64727464191242,51.64727464191242,0.5737837194583217
4976,2024-06-02,2024,23,1,Real Salt Lake,Austin FC,1543.7704293791426,1503.08229150067,100.68813787847262,100.68813787847262,0.6409770901510891
4977,2024-06-02,2024,30,6,Vancouver Whitecaps,Colorado Rapids,1506.012330147509,1500.77302527321,65.23930487429902,65.23930487429902,0.5927987975138422
4978,2024-06-09,2024,15,10,Minnesota United,FC Dallas,1530.7675903899647,1471.3398520382,119.42773835176467,119.42773835176467,0.6654064009546098
4979,2024-06-09,2024,17,19,New England Revolution,New York Red Bulls,1455.8880565474385,1534.9870336351387,-19.098977087700177,-19.098977087700177,0.47254201486029834
4980,2024-06-09,2024,27,26,Sporting Kansas City,Seattle Sounders,1451.2634157934021,1493.426036529381,17.837379264021138,17.837379264021138,0.5256475222361754
4981,2024-06-09,2024,28,22,St. Louis City,Portland Timbers,1490.6980087257355,1488.212554610248,62.48545411548753,62.48545411548753,0.5889666456517803
4982,2024-06-15,2024,18,7,New York City,Columbus Crew,1528.7540908938659,1526.8126569385486,61.94143395531728,61.94143395531728,0.5882083141138276
4983,2024-06-16,2024,0,11,Atlanta Utd,Houston Dynamo,1471.4812971840506,1498.778791552085,32.70250563196555,32.70250563196555,0.546924194189936
4984,2024-06-16,2024,2,23,CF Montreal,Real Salt Lake,1483.2306104241625,1549.1557730268762,-5.925162602713726,5.925162602713726,0.49147383213675716
4985,2024-06-16,2024,3,8,Charlotte,DC United,1506.3082981691007,1483.3965347409826,82.91176342811809,82.91176342811809,0.6171050209605209
4986,2024-06-16,2024,6,1,Colorado Rapids,Austin FC,1494.6650072359175,1497.6969478529363,56.96805938298121,56.96805938298121,0.581256726791854
4987,2024-06-16,2024,10,28,FC Dallas,St. Louis City,1473.820948052519,1489.3635090409587,44.45743901156038,44.45743901156038,0.5636324817268928
4988,2024-06-16,2024,14,27,Los Angeles Galaxy,Sporting Kansas City,1526.510615673636,1458.3787029598595,128.1319127137765,128.1319127137765,0.6764678825406127
4989,2024-06-16,2024,17,30,New England Revolution,Vancouver Whitecaps,1463.799926324534,1512.1203481848013,11.679578139732712,11.679578139732712,0.5168019354234455
4990,2024-06-16,2024,19,16,New York Red Bulls,Nashville SC,1527.0751638580432,1488.6062253130262,98.46893854501695,98.46893854501695,0.6380320337975846
4991,2024-06-16,2024,20,13,Orlando City,Los Angeles FC,1482.81308534622,1533.8721377859417,8.940947560278346,-8.940947560278346,0.5128642182278315
4992,2024-06-16,2024,21,12,Philadelphia Union,Inter Miami,1496.7363773852348,1540.9261729213788,15.810204463856053,15.810204463856053,0.5227370211813193
4993,2024-06-16,2024,25,9,San Jose Earthquakes,FC Cincinnati,1452.717940978832,1545.3113931990201,-32.593452220188055,32.593452220188055,0.45323136860621566
4994,2024-06-16,2024,26,15,Seattle Sounders,Minnesota United,1486.3107493629236,1528.2864943756456,18.024254987278027,18.024254987278027,0.5259157429753103
4995,2024-06-16,2024,29,4,Toronto FC,Chicago Fire,1498.1963592702555,1465.3267876536188,92.86957161663668,92.86957161663668,0.630555401510013
4996,2024-06-20,2024,1,13,Austin FC,Los Angeles FC,1491.4157987548142,1541.5651010593592,9.850697695454983,-9.850697695454983,0.5141724961357017
4997,2024-06-20,2024,2,19,CF Montreal,New York Red Bulls,1483.358502942111,1525.0046833510794,18.35381959103165,-18.35381959103165,0.5263887270099632
4998,2024-06-20,2024,3,20,Charlotte,Orlando City,1512.0517228546928,1475.1201220728026,96.93160078189021,96.93160078189021,0.6359857512257079
4999,2024-06-20,2024,8,0,DC United,Atlanta Utd,1477.6531100553905,1470.7774342712016,66.87567578418884,66.87567578418884,0.5950706029676451
5000,2024-06-20,2024,9,21,FC Cincinnati,Philadelphia Union,1552.1098637281134,1488.895322067515,123.21454166059834,123.21454166059834,0.6702420283071108
5001,2024-06-20,2024,10,15,FC Dallas,Minnesota United,1480.3664608266156,1521.1752305202751,19.191230306340458,19.191230306340458,0.5275903458783098
5002,2024-06-20,2024,11,26,Houston Dynamo,Seattle Sounders,1499.482654464934,1493.422013218294,66.06064124663999,66.06064124663999,0.5939395772666219
5003,2024-06-20,2024,12,7,Inter Miami,Columbus Crew,1548.7672282390986,1535.635781650256,73.13144658884266,-73.13144658884266,0.6037173598819713
5004,2024-06-20,2024,14,18,Los Angeles Galaxy,New York City,1531.3635974355268,1519.9309661821585,71.4326312533683,71.4326312533683,0.6013754087287825
5005,2024-06-20,2024,25,22,San Jose Earthquakes,Portland Timbers,1445.9194704497388,1489.5470542950247,16.372416154714074,16.372416154714074,0.5235443756259345
5006,2024-06-20,2024,27,23,Sporting Kansas City,Real Salt Lake,1453.5257211979688,1549.0278805089276,-35.50215931095886,-35.50215931095886,0.4490853700925724
5007,2024-06-20,2024,28,6,St. Louis City,Colorado Rapids,1482.817996266862,1500.9461563340396,41.87183993282247,41.87183993282247,0.559968369215193
5008,2024-06-20,2024,29,16,Toronto FC,Nashville SC,1488.7380282476054,1490.67670581999,58.06132242761532,58.06132242761532,0.582787718143583
5009,2024-06-23,2024,6,2,Colorado Rapids,CF Montreal,1509.3456818722675,1482.9626720369615,86.38300983530598,86.38300983530598,0.6218153409538772
5010,2024-06-23,2024,7,27,Columbus Crew,Sporting Kansas City,1529.6915420484854,1446.7894406465803,142.90210140190516,142.90210140190516,0.6947902213353034
5011,2024-06-23,2024,8,11,DC United,Houston Dynamo,1468.7270510108758,1498.0735608059347,30.653490204941136,30.653490204941136,0.5439998106387974
5012,2024-06-23,2024,9,17,FC Cincinnati,New England Revolution,1557.0562333035068,1471.0478972931824,146.00833601032446,146.00833601032446,0.6985687309341956
5013,2024-06-23,2024,13,25,Los Angeles FC,San Jose Earthquakes,1541.7776885013948,1438.06630481535,163.71138368604488,163.71138368604488,0.7195838843161136
5014,2024-06-23,2024,15,1,Minnesota United,Austin FC,1514.0890857084498,1491.2032113127786,82.88587439567118,82.88587439567118,0.6170698067588429
5015,2024-06-23,2024,16,18,Nashville SC,New York City,1499.4185215921439,1513.9515973130901,45.46692427905373,45.46692427905373,0.5650611859530402
5016,2024-06-23,2024,19,29,New York Red Bulls,Toronto FC,1525.400514256229,1479.9962124754516,105.40430178077736,105.40430178077736,0.6472004323315294
5017,2024-06-23,2024,20,4,Orlando City,Chicago Fire,1477.1599083411882,1474.785118676269,62.37478966491926,62.37478966491926,0.5888124201489354
5018,2024-06-23,2024,21,3,Philadelphia Union,Charlotte,1483.9489524921216,1510.0119365863072,33.937015905814405,33.937015905814405,0.5486845553956053
5019,2024-06-23,2024,22,30,Portland Timbers,Vancouver Whitecaps,1497.4002199294137,1504.872377216153,52.527842713260725,52.527842713260725,0.5750228970737056
5020,2024-06-23,2024,23,14,Real Salt Lake,Los Angeles Galaxy,1555.7641610603162,1537.3429663045952,78.42119475572099,78.42119475572099,0.610978862877893
5021,2024-06-23,2024,26,10,Seattle Sounders,FC Dallas,1494.8311068772935,1487.452605638441,67.37850123885255,67.37850123885255,0.5957678729335809
5022,2024-06-23,2024,28,0,St. Louis City,Atlanta Utd,1474.4184707286342,1479.7034933157163,54.71497741291796,54.71497741291796,0.5780966301290863
5023,2024-06-29,2024,18,20,New York City,Orlando City,1507.4275151023858,1483.327722038954,84.09979306343166,84.09979306343166,0.6187196485173531
5024,2024-06-30,2024,0,29,Atlanta Utd,Toronto FC,1480.8749427676526,1474.7042189604244,66.17072380722811,66.17072380722811,0.5940923976489048
5025,2024-06-30,2024,2,21,CF Montreal,Philadelphia Union,1477.2899021512696,1475.7186841611876,61.571217990082005,61.571217990082005,0.5876920153834525
5026,2024-06-30,2024,10,9,FC Dallas,FC Cincinnati,1481.3891237324447,1546.577702339494,-5.188578607049294,5.188578607049294,0.4925335902037544
5027,2024-06-30,2024,11,3,Houston Dynamo,Charlotte,1506.2335579655166,1518.2422049172412,47.991353048275414,47.991353048275414,0.5686291824040611
5028,2024-06-30,2024,13,6,Los Angeles FC,Colorado Rapids,1545.9839302366531,1515.0184517579594,90.96547847869374,90.96547847869374,0.6279983821167081
5029,2024-06-30,2024,16,12,Nashville SC,Inter Miami,1505.9426038028482,1554.711467840869,11.231135961979135,11.231135961979135,0.5161572764032346
5030,2024-06-30,2024,17,7,New England Revolution,Columbus Crew,1481.5264282571952,1534.2696887284558,7.256739528739445,-7.256739528739445,0.5104417693043868
5031,2024-06-30,2024,19,8,New York Red Bulls,DC United,1530.692507771256,1460.5670538512938,130.12545391996218,130.12545391996218,0.6789743503953747
5032,2024-06-30,2024,22,15,Portland Timbers,Minnesota United,1503.774876473308,1504.8330386070672,58.9418378662408,58.9418378662408,0.5840196225738062
5033,2024-06-30,2024,25,14,San Jose Earthquakes,Los Angeles Galaxy,1433.8600630800915,1546.5076492477635,-52.64758616767199,52.64758616767199,0.4248086666333187
5034,2024-06-30,2024,26,4,Seattle Sounders,Chicago Fire,1500.8945887832897,1468.617304978503,92.27728380478675,92.27728380478675,0.6297607915528544
5035,2024-06-30,2024,27,1,Sporting Kansas City,Austin FC,1442.21129396661,1500.4592584141612,1.7520355524486604,1.7520355524486604,0.5025213604686681
5036,2024-06-30,2024,30,28,Vancouver Whitecaps,St. Louis City,1498.4977206722585,1473.247021276698,85.25069939556056,85.25069939556056,0.6202813246366577
5037,2024-07-03,2024,7,16,Columbus Crew,Nashville SC,1541.9263152680217,1498.2002446567997,103.72607061122199,103.72607061122199,0.644991466637295
5038,2024-07-04,2024,3,12,Charlotte,Inter Miami,1511.7716426533023,1562.4538269869176,9.317815666384604,9.317815666384604,0.5134062006771832
5039,2024-07-04,2024,4,21,Chicago Fire,Philadelphia Union,1463.0637168517958,1469.5340643919394,53.52965245985638,53.52965245985638,0.576431545326257
5040,2024-07-04,2024,8,9,DC United,FC Cincinnati,1463.2516691072244,1553.9657061925502,-30.7140370853258,30.7140370853258,0.45591373148244607
5041,2024-07-04,2024,15,30,Minnesota United,Vancouver Whitecaps,1498.5933329456743,1504.1935008027087,54.39983214296558,54.39983214296558,0.5776541015357772
5042,2024-07-04,2024,17,0,New England Revolution,Atlanta Utd,1473.8698017176293,1486.963556802919,46.90624491471044,46.90624491471044,0.5670963544063299
5043,2024-07-04,2024,18,2,New York City,CF Montreal,1513.1467203746254,1483.4745219205179,89.6721984541075,89.6721984541075,0.6262575228862308
5044,2024-07-04,2024,23,11,Real Salt Lake,Houston Dynamo,1546.5994781171478,1512.7041202294556,93.89535788769217,93.89535788769217,0.6319299156580185
5045,2024-07-04,2024,28,25,St. Louis City,San Jose Earthquakes,1467.5512411462478,1427.4879330805918,100.06330806565597,100.06330806565597,0.6401489536744123
5046,2024-07-04,2024,29,20,Toronto FC,Orlando City,1468.615604925158,1477.6085167667145,51.007088158443594,51.007088158443594,0.5728822353674607
5047,2024-07-05,2024,6,27,Colorado Rapids,Sporting Kansas City,1509.43842748971,1449.6734735595799,119.7649539301301,119.7649539301301,0.6658384453459576
5048,2024-07-05,2024,10,22,FC Dallas,Portland Timbers,1474.0011198793884,1510.014582134701,23.98653774468744,23.98653774468744,0.5344646630851229
5049,2024-07-05,2024,14,13,Los Angeles Galaxy,Los Angeles FC,1552.8797792472633,1551.5639545049025,61.315824742360746,-61.315824742360746,0.5873357344684236
5050,2024-07-07,2024,1,18,Austin FC,New York City,1492.9970788211913,1518.752857531332,34.2442212898593,-34.2442212898593,0.5491224301934251
5051,2024-07-07,2024,2,30,CF Montreal,Vancouver Whitecaps,1477.8683847638113,1512.8583123257454,25.01007243806589,25.01007243806589,0.5359303475250515
5052,2024-07-07,2024,7,29,Columbus Crew,Toronto FC,1547.2514432684623,1460.0223713946461,147.2290718738161,147.2290718738161,0.7000463670006848
5053,2024-07-07,2024,9,12,FC Cincinnati,Inter Miami,1560.804412164787,1570.1549199970755,50.649492167711514,50.649492167711514,0.572378472286869
5054,2024-07-07,2024,20,8,Orlando City,DC United,1486.2017502972265,1456.4129631349876,89.7887871622388,89.7887871622388,0.6264145956146875
5055,2024-07-07,2024,21,19,Philadelphia Union,New York Red Bulls,1463.1805375718332,1528.0078925153255,-4.82735494349231,4.82735494349231,0.4930533248056875
5056,2024-07-07,2024,23,0,Real Salt Lake,Atlanta Utd,1552.1205293822775,1480.4700021190138,131.6505272632637,131.6505272632637,0.6808848849956425
5057,2024-07-07,2024,26,17,Seattle Sounders,New England Revolution,1506.4481769099968,1480.3633564015345,86.08482050846237,86.08482050846237,0.6214115990327953
5058,2024-07-08,2024,6,28,Colorado Rapids,St. Louis City,1514.4508508095205,1472.9490068411317,101.50184396838881,101.50184396838881,0.6420543003330231
5059,2024-07-08,2024,14,15,Los Angeles Galaxy,Minnesota United,1544.069743230237,1489.9285214226377,114.14122180759932,114.14122180759932,0.6585973310710954
5060,2024-07-08,2024,22,16,Portland Timbers,Nashville SC,1503.0315520809777,1492.875116656359,70.15643542461862,70.15643542461862,0.5996130091789152
5061,2024-07-08,2024,25,4,San Jose Earthquakes,Chicago Fire,1422.090167385708,1469.417243671902,12.672923713805858,12.672923713805858,0.5182297192871137
5062,2024-07-08,2024,27,10,Sporting Kansas City,FC Dallas,1444.6610502397693,1480.9841499331117,23.67690030665767,23.67690030665767,0.5340211490414989
5063,2024-07-14,2024,2,0,CF Montreal,Atlanta Utd,1477.3294295509354,1475.6832753939484,61.646154156986995,-61.646154156986995,0.5877965360745757
5064,2024-07-14,2024,4,18,Chicago Fire,New York City,1462.1906894612086,1511.9896939842333,10.200995476975322,10.200995476975322,0.5146761955725162
5065,2024-07-14,2024,6,19,Colorado Rapids,New York Red Bulls,1519.820036304525,1527.9036923874107,51.91634391711432,51.91634391711432,0.5741624657123371
5066,2024-07-14,2024,8,16,DC United,Nashville SC,1450.809182069208,1486.8693117940427,23.939870275165276,23.939870275165276,0.5343978216729371
5067,2024-07-14,2024,9,3,FC Cincinnati,Charlotte,1567.2187350804838,1504.0705496431444,123.14818543733941,123.14818543733941,0.6701575991303433
5068,2024-07-14,2024,10,14,FC Dallas,Los Angeles Galaxy,1473.9944671687342,1549.1907832641705,-15.19631609543626,15.19631609543626,0.4781446782338703
5069,2024-07-14,2024,11,15,Houston Dynamo,Minnesota United,1507.183068964326,1484.8074813887042,82.3755875756217,82.3755875756217,0.6163754654276812
5070,2024-07-14,2024,13,7,Los Angeles FC,Columbus Crew,1560.3739905219288,1551.750747763452,68.62324275847686,68.62324275847686,0.5974922927703589
5071,2024-07-14,2024,17,20,New England Revolution,Orlando City,1474.6845303870264,1491.8055313630061,42.87899902402023,-42.87899902402023,0.5613964375268385
5072,2024-07-14,2024,22,23,Portland Timbers,Real Salt Lake,1509.037356943294,1556.9072561073428,12.130100835951225,12.130100835951225,0.5174495289849859
5073,2024-07-14,2024,25,27,San Jose Earthquakes,Sporting Kansas City,1429.3167215964013,1451.6507330041468,37.66598859225451,37.66598859225451,0.5539943479184257
5074,2024-07-14,2024,28,30,St. Louis City,Vancouver Whitecaps,1467.5798213461271,1513.3972675386212,14.182553807505883,14.182553807505883,0.5203990063965145
5075,2024-07-14,2024,29,21,Toronto FC,Philadelphia Union,1455.5230668996564,1463.284737699748,52.23832919990855,52.23832919990855,0.5746155830056447
5076,2024-07-18,2024,0,18,Atlanta Utd,New York City,1469.500223435067,1512.2098369178211,17.290386517245906,17.290386517245906,0.5248623448644179
5077,2024-07-18,2024,7,3,Columbus Crew,Charlotte,1560.7131321550073,1514.1229136300997,106.59021852490764,106.59021852490764,0.6487576124740253
5078,2024-07-18,2024,9,4,FC Cincinnati,Chicago Fire,1557.1663710935286,1461.9705465276209,155.19582456590774,155.19582456590774,0.7095869829974442
5079,2024-07-18,2024,10,1,FC Dallas,Austin FC,1481.8222969952262,1499.76024236829,42.06205462693629,42.06205462693629,0.5602381547081003
5080,2024-07-18,2024,12,29,Inter Miami,Toronto FC,1563.7405970813786,1461.9038331545717,161.83676392680695,161.83676392680695,0.7174012580726693
5081,2024-07-18,2024,13,23,Los Angeles FC,Real Salt Lake,1551.4116061303735,1549.6689990421175,61.74260708825591,61.74260708825591,0.5879310566158931
5082,2024-07-18,2024,14,6,Los Angeles Galaxy,Colorado Rapids,1541.3629534376785,1518.70759931884,82.65535411883843,82.65535411883843,0.616756199471038
5083,2024-07-18,2024,15,8,Minnesota United,DC United,1486.5531133701195,1457.7932147441138,88.75989862600568,88.75989862600568,0.6250275210367386
5084,2024-07-18,2024,16,20,Nashville SC,Orlando City,1479.8852791191368,1500.2264779259087,39.6588011932281,-39.6588011932281,0.5568270061346516
5085,2024-07-18,2024,19,2,New York Red Bulls,CF Montreal,1529.0161293730957,1483.5124815098168,105.50364786327896,105.50364786327896,0.6473310003210451
5086,2024-07-18,2024,21,17,Philadelphia Union,New England Revolution,1456.9039714448327,1466.2635838241238,50.64038762070891,50.64038762070891,0.5723656442990486
5087,2024-07-18,2024,25,11,San Jose Earthquakes,Houston Dynamo,1421.0068063776248,1505.4374369829106,-24.43063060528584,24.43063060528584,0.4648993288265843
5088,2024-07-18,2024,26,28,Seattle Sounders,St. Louis City,1512.127002924505,1459.7738362501793,112.35316667432562,112.35316667432562,0.6562792470556744
5089,2024-07-18,2024,30,27,Vancouver Whitecaps,Sporting Kansas City,1521.203252634569,1459.9606482229233,121.24260441164574,121.24260441164574,0.6677283415647306
5090,2024-07-21,2024,0,7,Atlanta Utd,Columbus Crew,1469.1272882621008,1558.481767967897,-29.354479705796166,29.354479705796166,0.45785574089267295
5091,2024-07-21,2024,1,3,Austin FC,Charlotte,1493.1638146889115,1516.35427781721,36.80953687170154,36.80953687170154,0.5527758661814239
5092,2024-07-21,2024,2,29,CF Montreal,Toronto FC,1485.7224465146326,1457.6648520256617,88.05759448897084,88.05759448897084,0.6240795426396901
5093,2024-07-21,2024,6,23,Colorado Rapids,Real Salt Lake,1512.9589423109055,1550.987964891356,21.970977419549627,21.970977419549627,0.5315766977778479
5094,2024-07-21,2024,12,4,Inter Miami,Chicago Fire,1567.9795782102885,1472.6143512725826,155.36522693770598,155.36522693770598,0.7097878960332209
5095,2024-07-21,2024,14,22,Los Angeles Galaxy,Portland Timbers,1547.111610445613,1516.2756140085194,90.83599643709363,90.83599643709363,0.6278242375195349
5096,2024-07-21,2024,15,25,Minnesota United,San Jose Earthquakes,1477.1777005545684,1414.033316445226,123.14438410934235,123.14438410934235,0.6701527621303344
5097,2024-07-21,2024,17,10,New England Revolution,FC Dallas,1459.8490684886094,1488.4187246746046,31.4303438140048,31.4303438140048,0.5451089151911485
5098,2024-07-21,2024,19,9,New York Red Bulls,FC Cincinnati,1526.80616436828,1546.522566348567,40.283598019713054,40.283598019713054,0.5577143641322347
5099,2024-07-21,2024,20,18,Orlando City,New York City,1508.5788830179285,1512.5827720907873,55.99611092714122,55.99611092714122,0.5798943064422909
5100,2024-07-21,2024,21,16,Philadelphia Union,Nashville SC,1463.318486780347,1471.532874027117,51.78561275323,51.78561275323,0.5739784572566989
5101,2024-07-21,2024,26,13,Seattle Sounders,Los Angeles FC,1517.2828142186697,1550.0926402811351,27.19017393753461,27.19017393753461,0.5390501165896526
5102,2024-07-21,2024,27,28,Sporting Kansas City,St. Louis City,1454.9765733463942,1454.6180249560146,60.35854839037961,60.35854839037961,0.5859994950547208
5103,2024-07-21,2024,30,11,Vancouver Whitecaps,Houston Dynamo,1526.1873275110981,1512.4109269153093,73.7764005957888,73.7764005957888,0.6046052422991677
5104,2024-08-25,2024,2,17,CF Montreal,New England Revolution,1476.3612533750372,1459.1724347607421,77.18881861429509,77.18881861429509,0.6092913830297699
5105,2024-08-25,2024,3,19,Charlotte,New York Red Bulls,1517.1459158099315,1533.4404489062965,43.70546690363494,43.70546690363494,0.5625675425081859
5106,2024-08-25,2024,8,10,DC United,FC Dallas,1467.1686275596649,1489.095358402472,38.073269157192954,38.073269157192954,0.5545735630614865
5107,2024-08-25,2024,11,29,Houston Dynamo,Toronto FC,1521.480005549797,1467.026045165257,114.45396038453987,114.45396038453987,0.6590020000681663
5108,2024-08-25,2024,12,9,Inter Miami,FC Cincinnati,1572.3327597697903,1539.8882818105503,92.44447795923998,92.44447795923998,0.6299851696938312
5109,2024-08-25,2024,14,0,Los Angeles Galaxy,Atlanta Utd,1552.69424688282,1477.2594521487108,135.43479473410912,135.43479473410912,0.685599362360485
5110,2024-08-25,2024,16,1,Nashville SC,Austin FC,1465.1425508859675,1492.37217669619,32.770374189777385,32.770374189777385,0.5470210028832032
5111,2024-08-25,2024,18,4,New York City,Chicago Fire,1513.7811866874217,1468.2611697130808,105.52001697434093,105.52001697434093,0.6473525117100928
5112,2024-08-25,2024,22,28,Portland Timbers,St. Louis City,1510.6929775713124,1455.9080173818354,114.78496018947703,114.78496018947703,0.6594300459411091
5113,2024-08-25,2024,23,25,Real Salt Lake,San Jose Earthquakes,1543.9616153580237,1409.085607877181,194.87600748084265,194.87600748084265,0.7543217919591749
5114,2024-08-25,2024,27,20,Sporting Kansas City,Orlando City,1453.6865809205733,1507.3804684212942,6.306112499279152,-6.306112499279152,0.5090742289512316
5115,2024-08-29,2024,21,7,Philadelphia Union,Columbus Crew,1469.7088099214966,1550.349604081287,-20.640794159790403,-20.640794159790403,0.4703304067571476
5116,2024-09-01,2024,1,30,Austin FC,Vancouver Whitecaps,1500.577491739438,1517.1182488766106,43.45924286282752,43.45924286282752,0.562218715365091
5117,2024-09-01,2024,3,0,Charlotte,Atlanta Utd,1516.2074026723087,1472.543442584118,103.6639600881906,103.6639600881906,0.6449095944949451
5118,2024-09-01,2024,4,12,Chicago Fire,Inter Miami,1470.4714573887322,1577.8829822243829,-47.41152483565065,-47.41152483565065,0.43218972356555985
5119,2024-09-01,2024,7,18,Columbus Crew,New York City,1557.4045601826442,1511.5708990117703,105.83366117087394,105.83366117087394,0.6477645702720335
5120,2024-09-01,2024,9,2,FC Cincinnati,CF Montreal,1534.3380593559577,1467.2218826295907,127.11617672636703,127.11617672636703,0.6751868852126285
5121,2024-09-01,2024,10,6,FC Dallas,Colorado Rapids,1497.4139618483941,1519.9852918442377,37.4286700041564,37.4286700041564,0.5536567769280561
5122,2024-09-01,2024,13,11,Los Angeles FC,Houston Dynamo,1558.17839202998,1511.5949755487745,106.5834164812054,106.5834164812054,0.6487486899642533
5123,2024-09-01,2024,19,21,New York Red Bulls,Philadelphia Union,1534.3789620439193,1462.6538538201394,131.7251082237799,131.7251082237799,0.6809781612303202
5124,2024-09-01,2024,20,16,Orlando City,Nashville SC,1500.0165818555627,1456.9372358427195,103.07934601284319,103.07934601284319,0.6441385593527281
5125,2024-09-01,2024,22,26,Portland Timbers,Seattle Sounders,1508.3015268821957,1509.197062469825,59.10446441237082,59.10446441237082,0.584247034496431
5126,2024-09-01,2024,23,17,Real Salt Lake,New England Revolution,1532.6467884786362,1468.3118055061886,124.3349829724475,124.3349829724475,0.6716659747773392
5127,2024-09-01,2024,25,15,San Jose Earthquakes,Minnesota United,1420.4004347565688,1482.1254091226135,-1.724974366044762,-1.724974366044762,0.49751758273399366
5128,2024-09-01,2024,28,14,St. Louis City,Los Angeles Galaxy,1458.2994680709521,1557.4102564474126,-39.110788376460505,-39.110788376460505,0.443951599410779
5129,2024-09-01,2024,29,8,Toronto FC,DC United,1476.9110751662795,1458.8500241137426,78.06105105253687,78.06105105253687,0.6104859948065666
5130,2024-09-08,2024,4,8,Chicago Fire,DC United,1463.9886115352488,1468.007314035841,55.981297499407674,55.981297499407674,0.5798735323703519
5131,2024-09-08,2024,7,26,Columbus Crew,Seattle Sounders,1562.6880916285638,1502.9607679872713,119.72732364129251,119.72732364129251,0.6657902467708353
5132,2024-09-08,2024,11,13,Houston Dynamo,Los Angeles FC,1521.3262058982384,1548.447161680516,32.87904421772237,32.87904421772237,0.5471760039742022
5133,2024-09-08,2024,17,28,New England Revolution,St. Louis City,1463.3867951278487,1466.6401940797905,56.74660104805821,56.74660104805821,0.5809464077011455
5134,2024-09-08,2024,19,27,New York Red Bulls,Sporting Kansas City,1524.1642896254646,1461.0504674863048,123.11382213915977,123.11382213915977,0.6701138722409181
5135,2024-09-08,2024,30,10,Vancouver Whitecaps,FC Dallas,1525.5515296070869,1489.1091101944733,96.44241941261362,96.44241941261362,0.6353335863209589
5136,2024-09-15,2024,0,16,Atlanta Utd,Nashville SC,1482.2170865015423,1451.5993142330103,90.61777226853201,90.61777226853201,0.6275306656802017
5137,2024-09-15,2024,2,3,CF Montreal,Charlotte,1462.3496859077802,1506.5337587548845,15.81592715289571,-15.81592715289571,0.5227452397563827
5138,2024-09-15,2024,4,19,Chicago Fire,New York Red Bulls,1455.2905085496934,1521.612581541851,-6.322072992157473,6.322072992157473,0.49090280963753447
5139,2024-09-15,2024,6,22,Colorado Rapids,Portland Timbers,1528.2901434981586,1514.5378213647493,73.75232213340928,73.75232213340928,0.604572106796828
5140,2024-09-15,2024,8,18,DC United,New York City,1476.7054170213964,1506.2873675658507,30.41804945554577,30.41804945554577,0.543663588014968
5141,2024-09-15,2024,9,7,FC Cincinnati,Columbus Crew,1539.2102560777682,1552.7012379270013,46.509018150766906,46.509018150766906,0.5665349074326785
5142,2024-09-15,2024,11,23,Houston Dynamo,Real Salt Lake,1520.6185658386253,1537.571798856976,43.04676698164917,43.04676698164917,0.5616342204919181
5143,2024-09-15,2024,12,21,Inter Miami,Philadelphia Union,1584.3658280778664,1472.868526238594,171.49730183927227,171.49730183927227,0.7285380409223747
5144,2024-09-15,2024,14,13,Los Angeles Galaxy,Los Angeles FC,1549.0695304385742,1549.1548017401292,59.91472869844506,-59.91472869844506,0.5853795466133086
5145,2024-09-15,2024,20,17,Orlando City,New England Revolution,1505.3545034652718,1462.1725990123316,103.18190445294022,103.18190445294022,0.6442738757313757
5146,2024-09-15,2024,28,15,St. Louis City,Minnesota United,1467.8543901953076,1489.5881728636234,38.266217331684174,38.266217331684174,0.5548479131819015
5147,2024-09-15,2024,29,1,Toronto FC,Austin FC,1467.753785244181,1492.1442110089617,35.60957423521927,35.60957423521927,0.5510676046921037
5148,2024-09-15,2024,30,25,Vancouver Whitecaps,San Jose Earthquakes,1523.5215258122726,1412.9376710155589,170.5838547967137,170.5838547967137,0.727496871297694
5149,2024-09-16,2024,26,27,Seattle Sounders,Sporting Kansas City,1512.9476216888338,1463.6021755699185,109.34544611891533,109.34544611891533,0.6523631501319263
5150,2024-09-19,2024,0,12,Atlanta Utd,Inter Miami,1472.8041265163392,1588.4377574640307,-55.63363094769147,-55.63363094769147,0.42061410976056696
5151,2024-09-19,2024,11,30,Houston Dynamo,Vancouver Whitecaps,1527.1940525312466,1527.6090727428073,59.58497978843934,59.58497978843934,0.5849187623995228
5152,2024-09-19,2024,13,1,Los Angeles FC,Austin FC,1542.935494939329,1485.4102250793433,117.52526985998566,117.52526985998566,0.662963753224875
5153,2024-09-19,2024,15,9,Minnesota United,FC Cincinnati,1497.910891561352,1538.212232466278,19.698659095073936,19.698659095073936,0.5283183118802134
5154,2024-09-19,2024,16,4,Nashville SC,Chicago Fire,1461.0122742182134,1462.9269664051303,58.08530781308309,58.08530781308309,0.5828212891924528
5155,2024-09-19,2024,17,2,New England Revolution,CF Montreal,1456.8367071483021,1469.5085073114344,47.328199836867725,47.328199836867725,0.5676925638715495
5156,2024-09-19,2024,18,21,New York City,Philadelphia Union,1506.9423213860753,1468.7965968524297,98.14572453364553,98.14572453364553,0.637602230323136
5157,2024-09-19,2024,20,3,Orlando City,Charlotte,1510.6903953293013,1499.3749373512303,71.31545797807098,71.31545797807098,0.6012137036352491
5158,2024-09-19,2024,22,14,Portland Timbers,Los Angeles Galaxy,1508.6064029667018,1555.2888372393745,13.317565727327292,13.317565727327292,0.5191561367833482
5159,2024-09-19,2024,23,10,Real Salt Lake,FC Dallas,1530.9963121643548,1491.1391139892876,99.8571981750672,99.8571981750672,0.6398755964789208
5160,2024-09-19,2024,26,25,Seattle Sounders,San Jose Earthquakes,1518.162174436855,1408.8501240850242,169.31205035183075,169.31205035183075,0.7260430847444728
5161,2024-09-19,2024,27,6,Sporting Kansas City,Colorado Rapids,1458.3876228218974,1534.2215618962061,-15.833939074308773,-15.833939074308773,0.4772288927070455
5162,2024-09-19,2024,29,7,Toronto FC,Columbus Crew,1474.4877711737995,1553.6992615384916,-19.211490364692054,19.211490364692054,0.4723805864266293
5163,2024-09-21,2024,3,17,Charlotte,New England Revolution,1493.393142905759,1455.821318690229,97.57182421553011,97.57182421553011,0.6368385271743319
5164,2024-09-21,2024,18,12,New York City,Inter Miami,1497.3782879312282,1587.2469691104393,-29.86868117921108,-29.86868117921108,0.45712109500622294
5165,2024-09-22,2024,1,11,Austin FC,Houston Dynamo,1487.8546813777164,1525.9202710952538,21.934410282462522,-21.934410282462522,0.5315242829735416
5166,2024-09-22,2024,2,4,CF Montreal,Chicago Fire,1470.5238957695076,1456.669285743017,73.85461002649049,73.85461002649049,0.6047128633374841
5167,2024-09-22,2024,6,29,Colorado Rapids,Toronto FC,1526.379995286812,1467.4020623774002,118.97793290941172,118.97793290941172,0.6648296732627805
5168,2024-09-22,2024,7,20,Columbus Crew,Orlando City,1560.7849703348909,1516.6721897747725,104.11278056011838,104.11278056011838,0.6455010244598735
5169,2024-09-22,2024,10,13,FC Dallas,Los Angeles FC,1485.7372479364715,1540.4910386409558,5.246209295515655,5.246209295515655,0.5075493283236012
5170,2024-09-22,2024,14,30,Los Angeles Galaxy,Vancouver Whitecaps,1548.0761792911248,1528.8828541788,79.19332511232483,79.19332511232483,0.6120347824072361
5171,2024-09-22,2024,16,9,Nashville SC,FC Cincinnati,1467.2699548803266,1546.1370071444812,-18.86705226415461,18.86705226415461,0.4728747870992038
5172,2024-09-22,2024,19,0,New York Red Bulls,Atlanta Utd,1513.976123686414,1473.9949148699307,99.98120881648333,99.98120881648333,0.6400400788542423
5173,2024-09-22,2024,21,8,Philadelphia Union,DC United,1478.3606303072768,1476.0504632011719,62.31016710610493,62.31016710610493,0.5887223520198428
5174,2024-09-22,2024,23,22,Real Salt Lake,Portland Timbers,1536.3981782171709,1515.8190609149515,80.5791173022194,80.5791173022194,0.6139272673476528
5175,2024-09-22,2024,25,28,San Jose Earthquakes,St. Louis City,1412.2407703561912,1459.531671497579,12.709098858612151,12.709098858612151,0.5182817101046278
5176,2024-09-22,2024,27,15,Sporting Kansas City,Minnesota United,1466.2291894312916,1489.9861168831487,36.24307254814289,36.24307254814289,0.5519696028174809
5177,2024-09-29,2024,1,23,Austin FC,Real Salt Lake,1479.8818171331131,1534.6892692069562,5.192547926156976,5.192547926156976,0.5074721208308675
5178,2024-09-29,2024,2,25,CF Montreal,San Jose Earthquakes,1476.4532028194453,1404.4665447046218,131.9866581148235,131.9866581148235,0.6813051594861512
5179,2024-09-29,2024,4,29,Chicago Fire,Toronto FC,1450.7399786930794,1462.374507476342,48.36547121673743,48.36547121673743,0.5691573600918476
5180,2024-09-29,2024,8,7,DC United,Columbus Crew,1469.8812984814695,1566.1024549679928,-36.22115648652334,-36.22115648652334,0.4480615963998188
5181,2024-09-29,2024,9,13,FC Cincinnati,Los Angeles FC,1545.7301289509692,1533.1042785658099,72.62585038515931,72.62585038515931,0.6030208472062872
5182,2024-09-29,2024,10,20,FC Dallas,Orlando City,1493.1240080116174,1511.3547051416706,41.76930286994684,41.76930286994684,0.5598229240388891
5183,2024-09-29,2024,12,3,Inter Miami,Charlotte,1586.6037855355326,1498.8405649981441,147.7632205373884,147.7632205373884,0.700691622002818
5184,2024-09-29,2024,15,6,Minnesota United,Colorado Rapids,1498.2656609254109,1531.4075501878701,26.858110737540756,26.858110737540756,0.5385751188022571
5185,2024-09-29,2024,17,16,New England Revolution,Nashville SC,1450.373896597844,1467.6768330738387,42.697063524005216,42.697063524005216,0.5611385425756977
5186,2024-09-29,2024,19,18,New York Red Bulls,New York City,1511.8755225036005,1498.021471506135,73.85405099746549,73.85405099746549,0.604712094114788
5187,2024-09-29,2024,21,0,Philadelphia Union,Atlanta Utd,1484.5297950269792,1476.0955160527442,68.43427897423499,68.43427897423499,0.5972306632173887
5188,2024-09-29,2024,26,11,Seattle Sounders,Houston Dynamo,1514.7715281656879,1533.893135339857,40.878392825830815,40.878392825830815,0.5585587700994409
5189,2024-09-29,2024,28,27,St. Louis City,Sporting Kansas City,1467.3058971491484,1457.9496453890295,69.356251760119,69.356251760119,0.5985066530842178
5190,2024-09-29,2024,30,22,Vancouver Whitecaps,Portland Timbers,1523.0633759149086,1517.5279699251662,65.53540598974246,65.53540598974246,0.5932101776450562
5191,2024-10-03,2024,0,2,Atlanta Utd,CF Montreal,1477.553976001005,1481.2336254271531,56.32035057385178,56.32035057385178,0.5803489429882923
5192,2024-10-03,2024,3,4,Charlotte,Chicago Fire,1501.8509393281863,1449.7026182917016,112.14832103648473,112.14832103648473,0.6560132009948404
5193,2024-10-03,2024,6,14,Colorado Rapids,Los Angeles Galaxy,1524.486176969904,1553.8956575550162,30.590519414887694,30.590519414887694,0.5439098887267083
5194,2024-10-03,2024,7,12,Columbus Crew,Inter Miami,1565.3233789139902,1583.5934112054904,41.72996770849977,41.72996770849977,0.5597671257842002
5195,2024-10-03,2024,11,17,Houston Dynamo,New England Revolution,1527.2715168913487,1456.9568184592085,130.31469843214018,130.31469843214018,0.6792117540411327
5196,2024-10-03,2024,13,28,Los Angeles FC,St. Louis City,1542.1495912739042,1473.328297352885,128.8212939210191,128.8212939210191,0.677335793400186
5197,2024-10-03,2024,16,8,Nashville SC,DC United,1461.093911212474,1470.660374535472,50.43353667700194,50.43353667700194,0.5720741723782418
5198,2024-10-03,2024,18,9,New York City,FC Cincinnati,1507.0921529178568,1536.6848162428748,30.407336674981934,30.407336674981934,0.5436482886133199
5199,2024-10-03,2024,20,21,Orlando City,Philadelphia Union,1519.752049002254,1483.0713350787184,96.68071392353545,96.68071392353545,0.6356513371063612
5200,2024-10-03,2024,22,1,Portland Timbers,Austin FC,1518.926122589842,1479.7697353206502,99.15638726919178,99.15638726919178,0.6389454546097412
5201,2024-10-03,2024,23,15,Real Salt Lake,Minnesota United,1534.8013510194191,1505.187034143377,89.61431687604204,89.61431687604204,0.6261795327386178
5202,2024-10-03,2024,25,10,San Jose Earthquakes,FC Dallas,1399.686122096914,1484.7266641510341,-25.040542054120124,25.040542054120124,0.4640260298836721
5203,2024-10-03,2024,29,19,Toronto FC,New York Red Bulls,1463.4118678777197,1502.8048410918786,20.60702678584107,-20.60702678584107,0.5296211689166107
5204,2024-10-03,2024,30,26,Vancouver Whitecaps,Seattle Sounders,1521.6652232502329,1521.3931466141962,60.27207663603667,60.27207663603667,0.5858787285038811
5205,2024-10-05,2024,29,12,Toronto FC,Inter Miami,1455.4675503439705,1591.9899180922534,-76.52236774828293,-76.52236774828293,0.39162227454332216
5206,2024-10-06,2024,0,19,Atlanta Utd,New York Red Bulls,1468.8487418561806,1510.7491586256278,18.099583230552753,18.099583230552753,0.5260238565817589
5207,2024-10-06,2024,3,2,Charlotte,CF Montreal,1507.0107413132637,1489.9388595719774,77.07188174128623,77.07188174128623,0.6091311259832572
5208,2024-10-06,2024,6,26,Colorado Rapids,Seattle Sounders,1516.3275286390033,1530.1813275417544,46.14620109724888,-46.14620109724888,0.566021946383341
5209,2024-10-06,2024,7,21,Columbus Crew,Philadelphia Union,1556.926872027227,1477.6061051353138,139.3207668919133,139.3207668919133,0.6904010269336501
5210,2024-10-06,2024,9,20,FC Cincinnati,Orlando City,1529.8395405720746,1525.2172789456586,64.62226162641605,64.62226162641605,0.5919411074348954
5211,2024-10-06,2024,14,1,Los Angeles Galaxy,Austin FC,1562.0543058859168,1489.3539171397963,132.70038874612055,132.70038874612055,0.6821965802501674
5212,2024-10-06,2024,17,8,New England Revolution,DC United,1452.1449947698254,1479.2414871211458,32.90350764867958,32.90350764867958,0.5472108960376778
5213,2024-10-06,2024,18,16,New York City,Nashville SC,1513.937428588657,1452.5127986268003,121.42462996185668,121.42462996185668,0.6679607783171945
5214,2024-10-06,2024,25,23,San Jose Earthquakes,Real Salt Lake,1407.725731648659,1532.90865802834,-65.18292637968102,65.18292637968102,0.40727954520053394
5215,2024-10-06,2024,27,13,Sporting Kansas City,Los Angeles FC,1451.9272451852928,1546.9895543729015,-35.06230918760866,35.06230918760866,0.4497118820825376
5216,2024-10-06,2024,28,11,St. Louis City,Houston Dynamo,1468.4883342538878,1532.0833405807318,-3.5950063268439862,3.5950063268439862,0.4948265546458035
5217,2024-10-06,2024,30,15,Vancouver Whitecaps,Minnesota United,1512.8770423226747,1507.0797271344563,65.79731518821836,65.79731518821836,0.5935739452423517
5218,2024-10-07,2024,22,10,Portland Timbers,FC Dallas,1509.3419407706958,1476.6870545992892,92.65488617140659,92.65488617140659,0.6302674622446259
5219,2024-10-13,2024,7,17,Columbus Crew,New England Revolution,1561.5708566232224,1443.9368313292603,177.63402529396217,177.63402529396217,0.7354677747669534
5220,2024-10-14,2024,30,13,Vancouver Whitecaps,Los Angeles FC,1503.9734331440395,1553.7352326041396,10.238200539899935,-10.238200539899935,0.5147296916635749
5221,2024-10-19,2024,2,18,CF Montreal,New York City,1484.0758264617264,1518.918016913899,25.157809547827355,-25.157809547827355,0.5361418539274831
5222,2024-10-19,2024,4,16,Chicago Fire,Nashville SC,1444.5428163066242,1447.5322103015583,57.01060600506594,57.01060600506594,0.5813163380068155
5223,2024-10-19,2024,8,3,DC United,Charlotte,1487.449650561711,1512.8737744235148,34.575876138196236,34.575876138196236,0.5495950685930463
5224,2024-10-19,2024,12,17,Inter Miami,New England Revolution,1597.8642522104033,1439.9688479507645,217.89540425963878,217.89540425963878,0.7780444939632739
5225,2024-10-19,2024,19,7,New York Red Bulls,Columbus Crew,1503.6395164743542,1565.5388400017182,-1.899323527364004,-1.899323527364004,0.4972666809525599
5226,2024-10-19,2024,20,0,Orlando City,Atlanta Utd,1534.096395557182,1475.9583840074542,118.13801154972771,118.13801154972771,0.6637514326593364
5227,2024-10-19,2024,21,9,Philadelphia Union,FC Cincinnati,1472.9621205393184,1520.9604239605512,12.001696578767223,12.001696578767223,0.5172649630947728
5228,2024-10-20,2024,1,6,Austin FC,Colorado Rapids,1484.5868658435488,1507.8371994432532,36.74966640029561,36.74966640029561,0.5526906640271931
5229,2024-10-20,2024,10,27,FC Dallas,Sporting Kansas City,1478.6410665329586,1445.1815669540547,93.45949957890389,93.45949957890389,0.6313461426432202
5230,2024-10-20,2024,11,14,Houston Dynamo,Los Angeles Galaxy,1524.505738900419,1566.8213571821643,17.6843817182546,17.6843817182546,0.5254279154588462
5231,2024-10-20,2024,13,25,Los Angeles FC,San Jose Earthquakes,1561.4561779790931,1401.616538470651,219.83963950844213,219.83963950844213,0.7799712245245772
5232,2024-10-20,2024,15,28,Minnesota United,St. Louis City,1515.9833363130915,1476.0659359342008,99.91740037889076,99.91740037889076,0.6399554501948742
5233,2024-10-20,2024,23,30,Real Salt Lake,Vancouver Whitecaps,1539.0178512063478,1496.252487769086,102.76536343726184,102.76536343726184,0.6437241452615162
5234,2024-10-20,2024,26,22,Seattle Sounders,Portland Timbers,1538.6716567375045,1507.3879288370265,91.28372790047797,91.28372790047797,0.6284262648153223
5235,2024-10-23,2024,2,0,CF Montreal,Atlanta Utd,1491.033698652814,1485.9146554973443,65.11904315546985,65.11904315546985,0.5926316779268145
5236,2024-10-24,2024,30,22,Vancouver Whitecaps,Portland Timbers,1490.9083499480087,1509.3143228092563,41.59402713875238,-41.59402713875238,0.5595742778757375
5237,2024-10-26,2024,12,0,Inter Miami,Atlanta Utd,1601.193584800954,1487.3041306662465,173.88945413470765,173.88945413470765,0.7312528187645246
5238,2024-10-27,2024,14,6,Los Angeles Galaxy,Colorado Rapids,1559.702775914047,1501.127559403661,118.57521651038587,118.57521651038587,0.6643129039023093
5239,2024-10-27,2024,20,3,Orlando City,Charlotte,1524.140124067292,1521.1177004524104,63.02242361488152,63.02242361488152,0.5897147347412323
5240,2024-10-28,2024,9,18,FC Cincinnati,New York City,1528.719398406973,1511.9601447228113,76.75925368416165,76.75925368416165,0.6087025668908986
5241,2024-10-28,2024,13,30,Los Angeles FC,Vancouver Whitecaps,1564.7566096112246,1497.5147357798726,127.241873831352,127.241873831352,0.6753455510617098
5242,2024-10-29,2024,7,19,Columbus Crew,New York Red Bulls,1572.9978402160066,1496.1805162600658,136.81732395594076,136.81732395594076,0.6873122959794957
5243,2024-10-29,2024,26,11,Seattle Sounders,Houston Dynamo,1536.7452627652747,1531.6243201685363,65.12094259673836,65.12094259673836,0.5926343176187362
5244,2024-10-30,2024,23,15,Real Salt Lake,Minnesota United,1544.3619890274251,1521.3840045601685,82.97798446725665,82.97798446725665,0.6171950890702635
5245,2024-11-01,2024,3,20,Charlotte,Orlando City,1514.9634214735288,1530.2944030461736,44.66901842735524,44.66901842735524,0.563932014142733
5246,2024-11-02,2024,0,12,Atlanta Utd,Inter Miami,1483.2729229477143,1605.2247925194863,-61.95186957177202,61.95186957177202,0.41177713530843274
5247,2024-11-02,2024,6,14,Colorado Rapids,Los Angeles Galaxy,1496.0922529621957,1564.7380823555122,-8.64582939331649,8.64582939331649,0.48756021899099644
5248,2024-11-02,2024,18,9,New York City,FC Cincinnati,1506.0906832261746,1534.5888599036095,31.501823322565087,31.501823322565087,0.5452109433145284
5249,2024-11-03,2024,11,26,Houston Dynamo,Seattle Sounders,1533.0138349328174,1535.3557480009936,57.658086931823846,57.658086931823846,0.5822232165164647
5250,2024-11-03,2024,15,23,Minnesota United,Real Salt Lake,1523.1419308962224,1542.6040626913712,40.53786820485129,40.53786820485129,0.5580753822836493
5251,2024-11-03,2024,19,7,New York Red Bulls,Columbus Crew,1506.4902006997584,1562.688155776314,3.8020449234443277,3.8020449234443277,0.5054713640751733
5252,2024-11-04,2024,30,13,Vancouver Whitecaps,Los Angeles FC,1492.6449190457981,1569.626426345299,-16.98150729950089,-16.98150729950089,0.4755810884697443
5253,2024-11-09,2024,9,18,FC Cincinnati,New York City,1527.7670240533275,1512.9125190764566,74.85450497687089,74.85450497687089,0.6060878835656994
5254,2024-11-09,2024,13,30,Los Angeles FC,Vancouver Whitecaps,1561.7601426723452,1500.511202718752,121.24893995359321,121.24893995359321,0.6677364330811677
5255,2024-11-09,2024,20,3,Orlando City,Charlotte,1531.2533832583144,1514.004441261388,77.24894199692653,77.24894199692653,0.609373770410944
5256,2024-11-10,2024,12,0,Inter Miami,Atlanta Utd,1596.4014495491128,1492.0962659180877,164.3051836310251,164.3051836310251,0.7202730981332345
5257,2024-11-23,2024,18,19,New York City,New York Red Bulls,1514.5038373299421,1506.4081302386307,68.0957070913114,68.0957070913114,0.5967617556381086
5258,2024-11-24,2024,13,26,Los Angeles FC,Seattle Sounders,1566.7440961761276,1536.5890962487406,90.15499992738705,90.15499992738705,0.6269077978800118
5259,2024-11-24,2024,14,15,Los Angeles Galaxy,Minnesota United,1572.0514856403772,1522.2708001619676,109.78068547840962,109.78068547840962,0.6529311302130237
5260,2024-11-24,2024,20,0,Orlando City,Atlanta Utd,1529.6127767021503,1502.9003623900862,86.71241431206408,86.71241431206408,0.6222611512556754
5261,2024-12-01,2024,14,26,Los Angeles Galaxy,Seattle Sounders,1577.2575186871818,1538.4927132169407,98.76480547024107,98.76480547024107,0.6384252781974253
5262,2024-12-01,2024,20,19,Orlando City,New York Red Bulls,1535.2788594333151,1515.3595565732023,79.9193028601128,79.9193028601128,0.6130266278014865
5263,2024-12-07,2024,14,19,Los Angeles Galaxy,New York Red Bulls,1582.6811395142204,1524.5549559902247,118.12618352399568,118.12618352399568,0.6637362363294026
5264,2025-02-22,2025,13,15,Los Angeles FC,Minnesota United,1500.0,1500.0,60.0,60.0,0.5854986786718095
5265,2025-02-23,2025,0,2,Atlanta Utd,CF Montreal,1500.0,1500.0,60.0,60.0,0.5854986786718095
5266,2025-02-23,2025,1,27,Austin FC,Sporting Kansas City,1500.0,1500.0,60.0,60.0,0.5854986786718095
5267,2025-02-23,2025,7,4,Columbus Crew,Chicago Fire,1500.0,1500.0,60.0,60.0,0.5854986786718095
5268,2025-02-23,2025,8,29,DC United,Toronto FC,1500.0,1500.0,60.0,60.0,0.5854986786718095
5269,2025-02-23,2025,9,19,FC Cincinnati,New York Red Bulls,1500.0,1500.0,60.0,60.0,0.5854986786718095
5270,2025-02-23,2025,11,10,Houston Dynamo,FC Dallas,1500.0,1500.0,60.0,60.0,0.5854986786718095
5271,2025-02-23,2025,12,18,Inter Miami,New York City,1500.0,1500.0,60.0,60.0,0.5854986786718095
5272,2025-02-23,2025,16,17,Nashville SC,New England Revolution,1500.0,1500.0,60.0,60.0,0.5854986786718095
5273,2025-02-23,2025,20,21,Orlando City,Philadelphia Union,1500.0,1500.0,60.0,60.0,0.5854986786718095
5274,2025-02-23,2025,25,23,San Jose Earthquakes,Real Salt Lake,1500.0,1500.0,60.0,60.0,0.5854986786718095
5275,2025-02-23,2025,26,3,Seattle Sounders,Charlotte,1500.0,1500.0,60.0,60.0,0.5854986786718095
5276,2025-02-23,2025,28,6,St. Louis City,Colorado Rapids,1500.0,1500.0,60.0,60.0,0.5854986786718095
5277,2025-02-24,2025,14,24,Los Angeles Galaxy,San Diego FC,1500.0,1500.0,60.0,60.0,0.5854986786718095
5278,2025-03-01,2025,3,0,Charlotte,Atlanta Utd,1501.282480180077,1506.217519819923,55.064960360154146,55.064960360154146,0.578587931007608
5279,2025-03-01,2025,23,26,Real Salt Lake,Seattle Sounders,1493.782480180077,1498.717519819923,55.064960360154146,55.064960360154146,0.578587931007608
5280,2025-03-02,2025,4,8,Chicago Fire,DC United,1493.782480180077,1498.717519819923,55.064960360154146,55.064960360154146,0.578587931007608
5281,2025-03-02,2025,6,10,Colorado Rapids,FC Dallas,1501.282480180077,1508.782480180077,52.5,52.5,0.5749837298179947
5282,2025-03-02,2025,13,18,Los Angeles FC,New York City,1506.217519819923,1501.282480180077,64.93503963984585,64.93503963984585,0.5923759391948995
5283,2025-03-02,2025,15,2,Minnesota United,CF Montreal,1493.782480180077,1493.782480180077,60.0,60.0,0.5854986786718095
5284,2025-03-02,2025,17,7,New England Revolution,Columbus Crew,1501.282480180077,1506.217519819923,55.064960360154146,-55.064960360154146,0.578587931007608
5285,2025-03-02,2025,19,16,New York Red Bulls,Nashville SC,1493.782480180077,1498.717519819923,55.064960360154146,55.064960360154146,0.578587931007608
5286,2025-03-02,2025,20,29,Orlando City,Toronto FC,1491.217519819923,1501.282480180077,49.935039639845854,49.935039639845854,0.5713715392018196
5287,2025-03-02,2025,21,9,Philadelphia Union,FC Cincinnati,1508.782480180077,1506.217519819923,62.564960360154146,-62.564960360154146,0.5890774372974298
5288,2025-03-02,2025,22,1,Portland Timbers,Austin FC,1500.0,1506.217519819923,53.78248018007707,-53.78248018007707,0.5767868519878576
5289,2025-03-02,2025,24,28,San Diego FC,St. Louis City,1508.782480180077,1498.717519819923,70.06496036015415,70.06496036015415,0.599486584401617
5290,2025-03-02,2025,27,25,Sporting Kansas City,San Jose Earthquakes,1493.782480180077,1506.217519819923,47.564960360154146,47.564960360154146,0.5680270135380762
5291,2025-03-02,2025,30,14,Vancouver Whitecaps,Los Angeles Galaxy,1500.0,1491.217519819923,68.78248018007707,68.78248018007707,0.5977127216547594
5292,2025-03-03,2025,11,12,Houston Dynamo,Inter Miami,1491.217519819923,1498.717519819923,52.5,52.5,0.5749837298179947
5293,2025-03-08,2025,7,11,Columbus Crew,Houston Dynamo,1514.896338785037,1482.592763872653,92.30357491238397,92.30357491238397,0.6297960784992191
5294,2025-03-08,2025,26,13,Seattle Sounders,Los Angeles FC,1492.396338785037,1512.3318807319995,40.06445805303747,40.06445805303747,0.5574031756488399
5295,2025-03-09,2025,0,19,Atlanta Utd,New York Red Bulls,1499.896338785037,1500.103661214963,59.79267757007392,59.79267757007392,0.5852090122920695
5296,2025-03-09,2025,1,6,Austin FC,Colorado Rapids,1499.8693225997408,1500.1577242328071,59.711598366933686,59.711598366933686,0.5850957141597534
5297,2025-03-09,2025,8,27,DC United,Sporting Kansas City,1499.896338785037,1485.262074977006,74.63426380803094,74.63426380803094,0.6057851591147058
5298,2025-03-09,2025,9,29,FC Cincinnati,Toronto FC,1500.0536813793844,1494.8530532681043,65.20062811128014,65.20062811128014,0.5927450533693825
5299,2025-03-09,2025,10,4,FC Dallas,Chicago Fire,1509.907236127347,1492.603661214963,77.30357491238397,77.30357491238397,0.6094486287679596
5300,2025-03-09,2025,12,3,Inter Miami,Charlotte,1507.3422757671929,1507.603661214963,59.73861455222982,59.73861455222982,0.5851334669289819
5301,2025-03-09,2025,14,28,Los Angeles Galaxy,St. Louis City,1485.1832106447443,1500.2098185859472,44.97339205879712,44.97339205879712,0.5643628332145026
5302,2025-03-09,2025,16,22,Nashville SC,Portland Timbers,1492.396338785037,1506.348197220182,46.04814156485486,46.04814156485486,0.5658832827015459
5303,2025-03-09,2025,17,21,New England Revolution,Philadelphia Union,1492.603661214963,1514.9463186206156,37.65734259434748,37.65734259434748,0.5539820503942007
5304,2025-03-09,2025,18,20,New York City,Orlando City,1495.1681192680005,1497.6469467318957,57.521172536104814,57.521172536104814,0.5820314968102941
5305,2025-03-09,2025,23,24,Real Salt Lake,San Diego FC,1500.103661214963,1507.2901814140528,52.81347980091027,52.81347980091027,0.5754246576292403
5306,2025-03-09,2025,25,15,San Jose Earthquakes,Minnesota United,1514.737925022994,1500.0,74.73792502299398,74.73792502299398,0.6059276529792458
5307,2025-03-09,2025,30,2,Vancouver Whitecaps,CF Montreal,1506.0343091751786,1487.5649603601541,78.46934881502443,78.46934881502443,0.6110447460684363
5308,2025-03-15,2025,3,9,Charlotte,FC Cincinnati,1501.3806632188978,1506.1625055788436,55.21815764005419,55.21815764005419,0.578802938188819
5309,2025-03-15,2025,8,2,DC United,CF Montreal,1505.8095613983164,1481.7306315511807,84.07892984713567,84.07892984713567,0.6186913162401029
5310,2025-03-15,2025,13,1,Los Angeles FC,Austin FC,1505.692928366732,1491.0928868873445,74.60004147938753,74.60004147938753,0.605738112768114
5311,2025-03-15,2025,18,17,New York City,New England Revolution,1501.4376468158462,1484.29393045905,77.14371635679618,77.14371635679618,0.6092295750819533
5312,2025-03-15,2025,19,20,New York Red Bulls,Orlando City,1501.381796399344,1491.37741918405,70.00437721529397,70.00437721529397,0.599402847071162
5313,2025-03-15,2025,29,4,Toronto FC,Chicago Fire,1488.7442290686452,1501.7453906464825,46.998838422162635,46.998838422162635,0.5672272029187819
5314,2025-03-16,2025,0,12,Atlanta Utd,Inter Miami,1498.618203600656,1513.5652737632581,45.05292983739787,-45.05292983739787,0.5644753972564112
5315,2025-03-16,2025,10,30,FC Dallas,Vancouver Whitecaps,1500.7655066958275,1511.868637984152,48.89686871167555,48.89686871167555,0.5699073130642529
5316,2025-03-16,2025,11,23,Houston Dynamo,Real Salt Lake,1484.5397050501413,1491.4722913505245,53.067413699616736,53.067413699616736,0.5757817426705637
5317,2025-03-16,2025,21,16,Philadelphia Union,Nashville SC,1523.2560493765286,1498.9080895445138,84.3479598320148,84.3479598320148,0.6190565973322183
5318,2025-03-16,2025,22,14,Portland Timbers,Los Angeles Galaxy,1499.8364464607052,1476.7177681465269,83.1186783141784,83.1186783141784,0.6173864219115995
5319,2025-03-16,2025,24,7,San Diego FC,Columbus Crew,1515.9215512784913,1512.9493976075487,62.97215367094259,62.97215367094259,0.5896447177781365
5320,2025-03-16,2025,25,6,San Jose Earthquakes,Colorado Rapids,1505.6490102283053,1508.9341599452034,56.714850283101896,56.714850283101896,0.5809019116005841
5321,2025-03-16,2025,27,15,Sporting Kansas City,Minnesota United,1479.3488523637266,1509.0889147946887,30.259937569037902,30.259937569037902,0.5434377729989004
5322,2025-03-16,2025,28,26,St. Louis City,Seattle Sounders,1508.6752610841647,1499.0352911503044,69.63996993386036,69.63996993386036,0.5988990451590589
5323,2025-03-22,2025,3,25,Charlotte,San Jose Earthquakes,1507.6986191460655,1496.9354815542965,70.76313759176901,70.76313759176901,0.6004511765397423
5324,2025-03-22,2025,7,18,Columbus Crew,New York City,1514.2940683742208,1507.299203189617,66.9948651846039,66.9948651846039,0.5952359181691566
5325,2025-03-22,2025,9,0,FC Cincinnati,Atlanta Utd,1499.8445496516758,1490.1510726418098,69.693477009866,69.693477009866,0.5989730331100048
5326,2025-03-22,2025,15,14,Minnesota United,Los Angeles Galaxy,1509.7404813896721,1478.4785644752008,91.26191691447139,91.26191691447139,0.6283969466131856
5327,2025-03-22,2025,19,29,New York Red Bulls,Toronto FC,1499.8907536932766,1480.2358210248635,79.65493266841304,79.65493266841304,0.6126655479714498
5328,2025-03-22,2025,20,8,Orlando City,DC United,1492.8684618901175,1504.0291916547149,48.83927023540264,48.83927023540264,0.5698260406721662
5329,2025-03-22,2025,21,28,Philadelphia Union,St. Louis City,1513.9702004165454,1514.6917754067788,59.27842500976658,59.27842500976658,0.5844902558976863
5330,2025-03-23,2025,1,24,Austin FC,San Diego FC,1500.1789585788663,1514.5768805118191,45.60207806704716,45.60207806704716,0.5652523849271616
5331,2025-03-23,2025,6,22,Colorado Rapids,Portland Timbers,1517.6476886192122,1498.0756501320313,79.57203848718086,79.57203848718086,0.6125523046310996
5332,2025-03-23,2025,16,2,Nashville SC,CF Montreal,1508.193938504497,1483.5110012947823,84.68293720971474,84.68293720971474,0.619511231594997
5333,2025-03-23,2025,23,10,Real Salt Lake,FC Dallas,1500.109017490583,1492.2168969998638,67.89212049071921,67.89212049071921,0.596479711688388
5334,2025-03-23,2025,26,11,Seattle Sounders,Houston Dynamo,1493.0187768276903,1475.9029789100828,77.11579791760755,77.11579791760755,0.6091913140111485
5335,2025-03-23,2025,27,13,Sporting Kansas City,Los Angeles FC,1478.697285768743,1496.6068566752103,42.09042909353275,-42.09042909353275,0.5602783957631519
5336,2025-03-23,2025,30,4,Vancouver Whitecaps,Chicago Fire,1520.4172476801157,1510.2537986902641,70.16344898985153,70.16344898985153,0.5996227018571603
5337,2025-03-29,2025,0,18,Atlanta Utd,New York City,1491.63566813846,1508.7277419621544,42.90792617630564,42.90792617630564,0.5614374389324494
5338,2025-03-29,2025,6,3,Colorado Rapids,Charlotte,1508.4594040497457,1513.6918514979693,54.76755255177636,54.76755255177636,0.5781704442224352
5339,2025-03-29,2025,8,7,DC United,Columbus Crew,1497.5765822647973,1512.8655296016834,44.71105266311383,44.71105266311383,0.5639915163513933
5340,2025-03-29,2025,12,21,Inter Miami,Philadelphia Union,1522.0324047221043,1520.20284657808,61.829558144024304,61.829558144024304,0.5880523138673764
5341,2025-03-29,2025,17,19,New England Revolution,New York Red Bulls,1478.4323740852792,1505.7007704737048,32.73160361157443,-32.73160361157443,0.5469657004043476
5342,2025-03-29,2025,29,30,Toronto FC,Vancouver Whitecaps,1474.4258042444353,1511.4229071522582,23.002897092177136,-23.002897092177136,0.5330555449150717
5343,2025-03-30,2025,4,2,Chicago Fire,CF Montreal,1519.2481392181217,1477.8036697687073,101.44446944941433,101.44446944941433,0.6419783929471257
5344,2025-03-30,2025,10,27,FC Dallas,Sporting Kansas City,1501.1640926751897,1470.2931098322958,90.87098284289391,90.87098284289391,0.6278712951450798
5345,2025-03-30,2025,14,20,Los Angeles Galaxy,Orlando City,1480.4045186743986,1499.321071280035,41.083447394363475,-41.083447394363475,0.5588497994878052
5346,2025-03-30,2025,15,23,Minnesota United,Real Salt Lake,1507.8145271904743,1491.161821815257,76.65270537521724,76.65270537521724,0.6085564692062361
5347,2025-03-30,2025,16,9,Nashville SC,FC Cincinnati,1513.901270030572,1498.3599541550257,75.54131587554639,75.54131587554639,0.607031390581921
5348,2025-03-30,2025,24,13,San Diego FC,Los Angeles FC,1508.0556662857266,1505.0110326116576,63.04463367406902,63.04463367406902,0.5897456681891929
5349,2025-03-30,2025,25,26,San Jose Earthquakes,Seattle Sounders,1490.9422492023928,1491.380907117523,59.56134208486969,-59.56134208486969,0.5848857258522138
5350,2025-03-30,2025,28,1,St. Louis City,Austin FC,1508.4591292452442,1506.7001728049588,61.758956440285374,61.758956440285374,0.5879538573554521
5351,2025-03-31,2025,22,11,Portland Timbers,Houston Dynamo,1507.2639347014979,1477.54084862025,89.72308608124786,89.72308608124786,0.6263260839027791
5352,2025-04-05,2025,3,16,Charlotte,Nashville SC,1507.3644081613058,1504.7957991718433,62.56860898946252,62.56860898946252,0.5890825214316101
5353,2025-04-05,2025,23,14,Real Salt Lake,Los Angeles Galaxy,1485.2901688533507,1472.0217716820814,73.26839717126927,73.26839717126927,0.6039059516627576
5354,2025-04-06,2025,0,10,Atlanta Utd,FC Dallas,1498.2141065544733,1506.7460232480134,51.4680833064599,51.4680833064599,0.5735314387881686
5355,2025-04-06,2025,1,22,Austin FC,Portland Timbers,1515.5194806652905,1512.8690434429561,62.6504372223344,62.6504372223344,0.5891965388990265
5356,2025-04-06,2025,7,2,Columbus Crew,CF Montreal,1521.3254023469544,1479.9333456629142,101.3920566840402,101.3920566840402,0.6419090438164395
5357,2025-04-06,2025,9,17,FC Cincinnati,New England Revolution,1507.4654250137544,1485.227888579214,82.23753643454029,82.23753643454029,0.6161875391292793
5358,2025-04-06,2025,11,13,Houston Dynamo,Los Angeles FC,1471.9357398787918,1498.8572176344956,33.07852224429621,33.07852224429621,0.5474605048864619
5359,2025-04-06,2025,18,15,New York City,Minnesota United,1502.149303546141,1513.6861801523808,48.46312339376027,48.46312339376027,0.5692951989818682
5360,2025-04-06,2025,19,4,New York Red Bulls,Chicago Fire,1498.90525597977,1517.1184633239147,41.78679265585515,41.78679265585515,0.5598477334053444
5361,2025-04-06,2025,21,20,Philadelphia Union,Orlando City,1514.0236312860907,1507.7038182723522,66.31981301373844,66.31981301373844,0.5942993393360184
5362,2025-04-06,2025,24,26,San Diego FC,Seattle Sounders,1514.2094812628886,1492.6541930053063,81.55528825758233,81.55528825758233,0.6152582995022594
5363,2025-04-06,2025,25,8,San Jose Earthquakes,DC United,1489.6689633146095,1489.1167095195265,60.55225379508306,60.55225379508306,0.5862699867021637
5364,2025-04-06,2025,27,28,Sporting Kansas City,St. Louis City,1464.7111792594721,1499.6398213849125,25.07135787455968,25.07135787455968,0.536018087799899
5365,2025-04-06,2025,30,6,Vancouver Whitecaps,Colorado Rapids,1511.9187403259843,1514.7868473864091,57.13189293957521,57.13189293957521,0.5814862576496537
5366,2025-04-07,2025,12,29,Inter Miami,Toronto FC,1528.2116200140936,1473.9299710707091,114.28164894338443,114.28164894338443,0.6587790657948113
5367,2025-04-12,2025,20,19,Orlando City,New York Red Bulls,1509.1183083623926,1505.5075399786897,63.61076838370286,63.61076838370286,0.5905339219083898
5368,2025-04-12,2025,29,15,Toronto FC,Minnesota United,1476.3116570576312,1522.2256081371088,14.086048920522444,-14.086048920522444,0.5202603542979991
5369,2025-04-13,2025,2,3,CF Montreal,Charlotte,1474.5619813201608,1513.5281703398316,21.033810980329235,21.033810980329235,0.5302331602991899
5370,2025-04-13,2025,4,12,Chicago Fire,Inter Miami,1510.516179324995,1525.8299340271715,44.68624529782346,-44.68624529782346,0.5639564001268006
5371,2025-04-13,2025,6,24,Colorado Rapids,San Diego FC,1508.509141251154,1519.9806067703548,48.52853448079918,-48.52853448079918,0.5693875226309043
5372,2025-04-13,2025,8,9,DC United,FC Cincinnati,1482.910759320059,1513.2226119268153,29.688147393243753,29.688147393243753,0.5426209952613192
5373,2025-04-13,2025,10,26,FC Dallas,Seattle Sounders,1507.8489948298359,1486.88306749784,80.96592733199577,-80.96592733199577,0.6144548969342389
5374,2025-04-13,2025,13,25,Los Angeles FC,San Jose Earthquakes,1492.0691252077925,1495.874913514077,56.19421169371549,56.19421169371549,0.5801720919935448
5375,2025-04-13,2025,14,11,Los Angeles Galaxy,Houston Dynamo,1466.0803609570228,1478.7238323054949,47.356528651527924,47.356528651527924,0.5677325846209601
5376,2025-04-13,2025,16,23,Nashville SC,Real Salt Lake,1498.6320369933176,1491.2315795784093,67.40045741490826,67.40045741490826,0.5957983108592021
5377,2025-04-13,2025,18,21,New York City,Philadelphia Union,1493.609875561413,1512.6091411960504,41.00073436536263,41.00073436536263,0.5587324115795135
5378,2025-04-13,2025,27,22,Sporting Kansas City,Portland Timbers,1471.6709079424736,1514.2069915264415,17.463916416032134,17.463916416032134,0.5251114507882659
5379,2025-04-13,2025,30,1,Vancouver Whitecaps,Austin FC,1518.1964464612395,1514.1815325818052,64.01491387943429,64.01491387943429,0.5910963468350827
5380,2025-04-14,2025,28,7,St. Louis City,Columbus Crew,1492.680092701911,1526.6967666897078,25.98332601220318,-25.98332601220318,0.5373234551631076
5381,2025-04-19,2025,1,14,Austin FC,Los Angeles Galaxy,1508.0479777843314,1465.0643721877084,102.98360559662297,102.98360559662297,0.644012217939977
5382,2025-04-19,2025,7,12,Columbus Crew,Inter Miami,1534.7566185171545,1526.7892800290736,67.96733848808094,67.96733848808094,0.5965839243208285
5383,2025-04-20,2025,2,20,CF Montreal,Orlando City,1466.6084839156729,1507.7602995337668,18.848184381906094,-18.848184381906094,0.527098139670233
5384,2025-04-20,2025,3,24,Charlotte,San Diego FC,1521.4816677443196,1513.5214196098184,67.96024813450117,67.96024813450117,0.5965741011872606
5385,2025-04-20,2025,4,9,Chicago Fire,FC Cincinnati,1509.5568333230929,1521.361926855735,48.194906467357896,48.194906467357896,0.5689165772876204
5386,2025-04-20,2025,11,6,Houston Dynamo,Colorado Rapids,1479.7398210748092,1514.9683284116904,24.771492663118806,24.771492663118806,0.5355887598409718
5387,2025-04-20,2025,15,10,Minnesota United,FC Dallas,1522.5295134515789,1498.6321713758223,83.89734207575657,83.89734207575657,0.6184446856975927
5388,2025-04-20,2025,17,18,New England Revolution,New York City,1479.4707016661532,1500.2288893877203,39.24181227843292,39.24181227843292,0.5562345818931811
5389,2025-04-20,2025,19,8,New York Red Bulls,DC United,1506.8655488073155,1474.7714443911393,92.09410441617615,92.09410441617615,0.629514896541967
5390,2025-04-20,2025,21,0,Philadelphia Union,Atlanta Utd,1505.990127369743,1497.111134972651,68.87899239709213,68.87899239709213,0.5978463021967051
5391,2025-04-20,2025,22,13,Portland Timbers,Los Angeles FC,1522.0836632882654,1498.3665438278892,83.71711946037613,83.71711946037613,0.6181998489034142
5392,2025-04-20,2025,23,29,Real Salt Lake,Toronto FC,1485.1685542412974,1476.0077517431612,69.16080249813626,69.16080249813626,0.5982362664889023
5393,2025-04-20,2025,25,27,San Jose Earthquakes,Sporting Kansas City,1489.5774948939802,1463.7942361806497,85.7832587133305,85.7832587133305,0.6210031196793331
5394,2025-04-20,2025,26,16,Seattle Sounders,Nashville SC,1496.0998909518537,1504.6950623304294,51.40482862142426,51.40482862142426,0.5734423743631447
5395,2025-04-20,2025,28,30,St. Louis City,Vancouver Whitecaps,1484.6202408744643,1524.3300012587133,20.290239615751034,-20.290239615751034,0.529166851145532
5396,2025-04-26,2025,9,27,FC Cincinnati,Sporting Kansas City,1529.8956755150493,1473.1092829758397,116.7863925392096,116.7863925392096,0.6620127217224855
5397,2025-04-26,2025,19,2,New York Red Bulls,CF Montreal,1497.422825359186,1466.2020118206194,91.22081353856652,91.22081353856652,0.6283416931222338
5398,2025-04-26,2025,21,8,Philadelphia Union,DC United,1512.0224328367924,1484.2141678392688,87.80826499752357,87.80826499752357,0.6237427655577231
5399,2025-04-26,2025,29,18,Toronto FC,New York City,1484.9812957404947,1493.572408116118,51.4088876243768,-51.4088876243768,0.5734480896997263
5400,2025-04-27,2025,3,17,Charlotte,New England Revolution,1527.5330562265106,1486.1271829377556,101.40587328875495,101.40587328875495,0.6419273256173652
5401,2025-04-27,2025,6,26,Colorado Rapids,Seattle Sounders,1515.502159809305,1502.4982553364066,73.00390447289851,-73.00390447289851,0.6035416965648183
5402,2025-04-27,2025,7,25,Columbus Crew,San Jose Earthquakes,1525.8078596523421,1480.2624480987902,105.54541155355196,105.54541155355196,0.6473858826927371
5403,2025-04-27,2025,11,1,Houston Dynamo,Austin FC,1479.2059896771946,1513.3877945152317,25.818195161962876,25.818195161962876,0.5370871285817779
5404,2025-04-27,2025,12,10,Inter Miami,FC Dallas,1535.738038893886,1500.4088416612863,95.32919723259965,95.32919723259965,0.6338476149394633
5405,2025-04-27,2025,15,30,Minnesota United,Vancouver Whitecaps,1520.7528431661149,1524.7675040258962,55.985339140218684,55.985339140218684,0.5798792003193476
5406,2025-04-27,2025,16,4,Nashville SC,Chicago Fire,1498.2966979458765,1501.0230846637785,57.27361328209804,57.27361328209804,0.581684779436459
5407,2025-04-27,2025,20,0,Orlando City,Atlanta Utd,1508.1667716288202,1491.0788295056016,77.08794212321868,77.08794212321868,0.6091531374541205
5408,2025-04-27,2025,24,23,San Diego FC,Real Salt Lake,1507.4700311276274,1476.195010243964,91.2750208836635,91.2750208836635,0.6284145610066915
5409,2025-04-28,2025,13,28,Los Angeles FC,St. Louis City,1500.1395415614404,1484.1827381072815,75.95680345415894,75.95680345415894,0.6076017798997844
5410,2025-04-28,2025,14,22,Los Angeles Galaxy,Portland Timbers,1459.724555456808,1520.3106655547142,-0.5861100979061575,-0.5861100979061575,0.4991565205662019
5411,2025-05-03,2025,0,16,Atlanta Utd,Nashville SC,1485.2161265674133,1504.5714262543297,40.644700313083604,40.644700313083604,0.5582270464674989
5412,2025-05-03,2025,29,17,Toronto FC,New England Revolution,1476.3795743949988,1495.7560928220162,40.623481572982655,40.623481572982655,0.5581969241503197
5413,2025-05-04,2025,1,15,Austin FC,Minnesota United,1506.4441014439583,1512.0546551613247,54.38944628263357,54.38944628263357,0.5776395155315951
5414,2025-05-04,2025,2,21,CF Montreal,Philadelphia Union,1460.6271372174529,1517.6662913534265,2.960845864026396,-2.960845864026396,0.5042608965702666
5415,2025-05-04,2025,4,20,Chicago Fire,Orlando City,1494.7483563553253,1514.0294745670085,40.71888178831682,-40.71888178831682,0.5583323517982531
5416,2025-05-04,2025,7,3,Columbus Crew,Charlotte,1531.097071411951,1517.90414634225,73.192925069701,73.192925069701,0.6038020244294571
5417,2025-05-04,2025,8,6,DC United,Colorado Rapids,1478.5703093226348,1513.949034360833,24.621274961801873,24.621274961801873,0.5353736678081036
5418,2025-05-04,2025,12,19,Inter Miami,New York Red Bulls,1526.230324669794,1502.9976999623525,83.23262470744157,83.23262470744157,0.6175413536089126
5419,2025-05-04,2025,13,11,Los Angeles FC,Houston Dynamo,1498.5255148629437,1486.149682748468,72.37583211447577,72.37583211447577,0.602676265835838
5420,2025-05-04,2025,18,9,New York City,FC Cincinnati,1502.1741294616138,1534.965484689212,27.20864477240184,27.20864477240184,0.5390765360092934
5421,2025-05-04,2025,24,10,San Diego FC,FC Dallas,1498.0438127125271,1509.916555885378,48.12725682714904,48.12725682714904,0.568821068628116
5422,2025-05-04,2025,25,22,San Jose Earthquakes,Portland Timbers,1474.9732363391813,1527.7980133632072,7.175222975974066,7.175222975974066,0.5103245081447237
5423,2025-05-04,2025,26,28,Seattle Sounders,St. Louis City,1504.0513807848788,1485.7967648057781,78.25461597910066,78.25461597910066,0.61075092267189
5424,2025-05-04,2025,30,23,Vancouver Whitecaps,Real Salt Lake,1533.4656920306863,1485.6212286590642,107.84446337162217,107.84446337162217,0.6504010731982894
5425,2025-05-05,2025,27,14,Sporting Kansas City,Los Angeles Galaxy,1468.039473801677,1452.237207648315,75.8022661533621,75.8022661533621,0.6073896623359779
5426,2025-05-10,2025,4,0,Chicago Fire,Atlanta Utd,1493.8733710783515,1484.3427208704009,69.53065020795066,69.53065020795066,0.5987478671701936
5427,2025-05-10,2025,15,12,Minnesota United,Inter Miami,1520.7192478942986,1531.9672043656603,48.752043528638296,48.752043528638296,0.56970295519876
5428,2025-05-10,2025,29,8,Toronto FC,DC United,1468.0066205327441,1485.5397043055132,42.46691622723097,42.46691622723097,0.5608122597374084
5429,2025-05-11,2025,6,25,Colorado Rapids,San Jose Earthquakes,1506.9796393779545,1482.3183687170103,84.66127066094418,84.66127066094418,0.6194818318925494
5430,2025-05-11,2025,9,1,FC Cincinnati,Austin FC,1528.0516327293515,1497.7795087109844,90.2721240183671,90.2721240183671,0.6270654807804746
5431,2025-05-11,2025,10,23,FC Dallas,Real Salt Lake,1503.4488719147998,1480.3772447570386,83.07162715776121,83.07162715776121,0.6173224399933249
5432,2025-05-11,2025,11,26,Houston Dynamo,Seattle Sounders,1480.1898267360054,1509.8901169448004,30.299709791205032,-30.299709791205032,0.5434945772754298
5433,2025-05-11,2025,16,3,Nashville SC,Charlotte,1505.4448319513422,1511.961176708692,53.48365524265023,53.48365524265023,0.576366895495818
5434,2025-05-11,2025,18,2,New York City,CF Montreal,1509.0879814214743,1453.0632237688988,116.02475765257554,116.02475765257554,0.6610310255110629
5435,2025-05-11,2025,19,14,New York Red Bulls,Los Angeles Galaxy,1497.2608202664862,1446.3480525833547,110.9127676831315,110.9127676831315,0.654406437717118
5436,2025-05-11,2025,20,17,Orlando City,New England Revolution,1514.9044598439823,1504.1290466842709,70.77541315971143,70.77541315971143,0.6004681293524924
5437,2025-05-11,2025,21,7,Philadelphia Union,Columbus Crew,1525.2302048019806,1537.040041045509,48.19016375647152,-48.19016375647152,0.5689098816324911
5438,2025-05-11,2025,22,27,Portland Timbers,Sporting Kansas City,1520.4528809853782,1473.9286288666374,106.52425211874083,106.52425211874083,0.648671077346655
5439,2025-05-11,2025,28,24,St. Louis City,San Diego FC,1479.9580286458565,1504.5114966831054,35.44653196275112,-35.44653196275112,0.5508354045249713
5440,2025-05-12,2025,30,13,Vancouver Whitecaps,Los Angeles FC,1538.709675932712,1504.4853708754063,94.22430505730563,94.22430505730563,0.6323702399812658
5441,2025-05-15,2025,1,0,Austin FC,Atlanta Utd,1492.1854909226915,1478.3239388779537,73.86155204473789,73.86155204473789,0.6047224154959748
5442,2025-05-15,2025,2,7,CF Montreal,Columbus Crew,1462.9786891515646,1538.0736892699965,-15.095000118431926,15.095000118431926,0.4782902069173964
5443,2025-05-15,2025,8,18,DC United,New York City,1478.9518882015743,1499.1725160388085,39.77937216276587,39.77937216276587,0.5569982736045753
5444,2025-05-15,2025,11,15,Houston Dynamo,Minnesota United,1472.037408076874,1527.1737035663173,4.863704510556772,4.863704510556772,0.5069989762527511
5445,2025-05-15,2025,13,26,Los Angeles FC,Seattle Sounders,1506.4709244751252,1518.0425356039318,48.42838887119342,48.42838887119342,0.5692461714217136
5446,2025-05-15,2025,16,19,Nashville SC,New York Red Bulls,1511.799328518905,1502.4447237007294,69.35460481817563,69.35460481817563,0.5985043749372989
5447,2025-05-15,2025,20,3,Orlando City,Charlotte,1513.397437903695,1505.6066801411291,67.79075776256582,67.79075776256582,0.5963392624214024
5448,2025-05-15,2025,21,14,Philadelphia Union,Los Angeles Galaxy,1524.196556577493,1441.1641491491116,143.03240742838148,143.03240742838148,0.6949492622514826
5449,2025-05-15,2025,23,22,Real Salt Lake,Portland Timbers,1482.1370813569386,1525.7228148251784,16.414266531760177,16.414266531760177,0.5236044692731874
5450,2025-05-15,2025,24,6,San Diego FC,Colorado Rapids,1512.77402775098,1497.6874118995663,75.08661585141363,75.08661585141363,0.6064068349609153
5451,2025-05-15,2025,25,12,San Jose Earthquakes,Inter Miami,1491.6105961953986,1525.5127486936417,26.09784750175686,26.09784750175686,0.5374873424503246
5452,2025-05-15,2025,28,27,St. Louis City,Sporting Kansas City,1471.695497577982,1468.6586950268372,63.036802551144774,63.036802551144774,0.5897347613369327
5453,2025-05-15,2025,29,9,Toronto FC,FC Cincinnati,1474.594436636683,1533.6456505176443,0.9487861190386866,-0.9487861190386866,0.5013654095896981
5454,2025-05-17,2025,2,29,CF Montreal,Toronto FC,1463.3043360478036,1467.0739554928375,56.23038055496613,56.23038055496613,0.5802228040732156
5455,2025-05-17,2025,18,19,New York City,New York Red Bulls,1500.027490142877,1496.4222893247888,63.60520081808818,63.60520081808818,0.5905261722050139
5456,2025-05-18,2025,0,21,Atlanta Utd,Philadelphia Union,1479.8947751103933,1528.772317643721,11.122457466672358,11.122457466672358,0.5160010372206332
5457,2025-05-18,2025,1,30,Austin FC,Vancouver Whitecaps,1490.6146546902519,1536.724122332993,13.890532357258962,-13.890532357258962,0.5199794389603176
5458,2025-05-18,2025,3,4,Charlotte,Chicago Fire,1499.5517690774502,1499.8921530707987,59.659616006651504,59.659616006651504,0.5850230705217139
5459,2025-05-18,2025,6,23,Colorado Rapids,Real Salt Lake,1491.78351442398,1481.7830143178408,70.00050010613927,70.00050010613927,0.5993974879774817
5460,2025-05-18,2025,7,9,Columbus Crew,FC Cincinnati,1537.7480423737575,1541.1661316614898,56.5819107122677,56.5819107122677,0.5807155933822356
5461,2025-05-18,2025,10,11,FC Dallas,Houston Dynamo,1501.6890353149,1479.4324234330827,82.25661188181721,82.25661188181721,0.6162135082274489
5462,2025-05-18,2025,15,28,Minnesota United,St. Louis City,1519.7786882101086,1470.349476157928,109.42921205218067,109.42921205218067,0.6524724970234501
5463,2025-05-18,2025,16,8,Nashville SC,DC United,1517.8217628948455,1478.0969140975058,99.72484879733975,99.72484879733975,0.6397000177248013
5464,2025-05-18,2025,17,25,New England Revolution,San Jose Earthquakes,1505.6360686245582,1491.0482860586437,74.5877825659145,74.5877825659145,0.6057212596364366
5465,2025-05-18,2025,22,26,Portland Timbers,Seattle Sounders,1526.0768818642762,1511.5812281752576,74.49565368901858,-74.49565368901858,0.6055945959884078
5466,2025-05-18,2025,24,27,San Diego FC,Sporting Kansas City,1518.6779252265662,1470.0047164468913,108.67320877967495,108.67320877967495,0.6514850396733863
5467,2025-05-19,2025,12,20,Inter Miami,Orlando City,1526.0750588303965,1519.4523489673738,66.62270986302269,66.62270986302269,0.5947196688678302
5468,2025-05-19,2025,14,13,Los Angeles Galaxy,Los Angeles FC,1436.5883880828837,1512.9322319037994,-16.34384382091571,16.34384382091571,0.4764966522515258
5469,2025-05-24,2025,24,14,San Diego FC,Los Angeles Galaxy,1516.4056496314654,1436.940938299111,139.46471133235445,139.46471133235445,0.6905781124311828
5470,2025-05-24,2025,26,10,Seattle Sounders,FC Dallas,1513.1651471150838,1492.4458326914882,80.7193144235955,80.7193144235955,0.6141185347210257
5471,2025-05-25,2025,2,13,CF Montreal,Los Angeles FC,1454.6009939867054,1512.5796816875722,2.0213122991331147,-2.0213122991331147,0.5029088694115548
5472,2025-05-25,2025,3,7,Charlotte,Columbus Crew,1490.7764230196244,1536.537308473024,14.239114546600376,-14.239114546600376,0.520480267818515
5473,2025-05-25,2025,6,28,Colorado Rapids,St. Louis City,1497.7925521043178,1465.1365636132796,92.65598849103822,92.65598849103822,0.6302689409288491
5474,2025-05-25,2025,8,19,DC United,New York Red Bulls,1480.1924143633778,1490.280181907864,49.91223245551373,-49.91223245551373,0.571339385495014
5475,2025-05-25,2025,15,1,Minnesota United,Austin FC,1524.991600754757,1490.314963105847,94.67663764890995,94.67663764890995,0.6329753658990587
5476,2025-05-25,2025,18,4,New York City,Chicago Fire,1506.1695975598018,1508.6674991286245,57.502098431177274,57.502098431177274,0.5820047855844569
5477,2025-05-25,2025,20,22,Orlando City,Portland Timbers,1528.3731440003912,1524.49296292445,63.88018107594121,63.88018107594121,0.590908873729694
5478,2025-05-25,2025,21,12,Philadelphia Union,Inter Miami,1536.5123332020305,1517.1542637973791,79.35806940465136,79.35806940465136,0.6122599411407514
5479,2025-05-25,2025,23,30,Real Salt Lake,Vancouver Whitecaps,1475.773976637503,1537.0238139173978,-1.2498372798947912,-1.2498372798947912,0.49820134732776566
5480,2025-05-25,2025,25,11,San Jose Earthquakes,Houston Dynamo,1492.6341049531902,1488.6756260564944,63.95847889669585,63.95847889669585,0.5910178239571137
5481,2025-05-25,2025,27,17,Sporting Kansas City,New England Revolution,1472.2769920419921,1504.0502497300117,28.226742311980388,28.226742311980388,0.5405324095081308
5482,2025-05-25,2025,29,16,Toronto FC,Nashville SC,1475.7772975539358,1515.7262626289735,20.051034924962323,-20.051034924962323,0.5288237655967657
5483,2025-05-26,2025,0,9,Atlanta Utd,FC Cincinnati,1472.1547595520838,1542.3768655622232,-10.222106010139441,10.222106010139441,0.4852934501570119
5484,2025-05-29,2025,0,20,Atlanta Utd,Orlando City,1479.8753577997286,1534.5095108944458,5.365846905282751,-5.365846905282751,0.5077214605323296
5485,2025-05-29,2025,1,23,Austin FC,Real Salt Lake,1492.309593594333,1468.3009564275865,84.00863716674644,84.00863716674644,0.6185958527363318
5486,2025-05-29,2025,7,16,Columbus Crew,Nashville SC,1529.3445124903017,1523.658619112925,65.68589337737671,65.68589337737671,0.593419203197334
5487,2025-05-29,2025,8,17,DC United,New England Revolution,1471.6223235809525,1504.6582358726337,26.964087708318857,26.964087708318857,0.5387267205682619
5488,2025-05-29,2025,9,10,FC Cincinnati,FC Dallas,1534.6562673145784,1486.6576107123037,107.99865660227465,107.99865660227465,0.6506028700300592
5489,2025-05-29,2025,12,2,Inter Miami,CF Montreal,1518.8381629144903,1454.557360945532,124.28080196895826,124.28080196895826,0.6715971895414823
5490,2025-05-29,2025,14,25,Los Angeles Galaxy,San Jose Earthquakes,1432.2996099855786,1491.2688375938335,1.0307723917451312,1.0307723917451312,0.5014833963624507
5491,2025-05-29,2025,18,11,New York City,Houston Dynamo,1512.439525776035,1490.040893415851,82.39863236018391,82.39863236018391,0.6164068324550304
5492,2025-05-29,2025,19,3,New York Red Bulls,Charlotte,1498.8502726902893,1497.9692190023468,60.88105368794254,60.88105368794254,0.586729006075539
5493,2025-05-29,2025,22,6,Portland Timbers,Colorado Rapids,1518.3565960303954,1503.338517990385,75.01807804001032,75.01807804001032,0.6063126642623137
5494,2025-05-29,2025,26,24,Seattle Sounders,San Diego FC,1518.9533690942683,1521.0469779449977,57.906391149270576,57.906391149270576,0.5825708507222772
5495,2025-05-29,2025,29,21,Toronto FC,Philadelphia Union,1467.8449410699843,1534.8284340849193,-6.983493014934993,6.983493014934993,0.48995129891599504
5496,2025-05-29,2025,30,15,Vancouver Whitecaps,Minnesota United,1544.4968341273143,1522.996970266271,81.4998638610432,81.4998638610432,0.6151827729989362
5497,2025-05-31,2025,16,18,Nashville SC,New York City,1525.059907160885,1503.1934232892095,81.86648387167543,81.86648387167543,0.6156822607184633
5498,2025-05-31,2025,28,25,St. Louis City,San Jose Earthquakes,1459.5905977272123,1498.7910885392703,20.79950918794202,20.79950918794202,0.529897192082746
5499,2025-06-01,2025,2,17,CF Montreal,New England Revolution,1449.6313187886544,1505.2391366811576,4.392182107496865,4.392182107496865,0.5063205214571306
5500,2025-06-01,2025,9,8,FC Cincinnati,DC United,1532.3972242641275,1471.0414227724286,121.35580149169891,121.35580149169891,0.6678728977078063
5501,2025-06-01,2025,10,21,FC Dallas,Philadelphia Union,1488.9166537627545,1542.1777035686591,6.738950194095423,6.738950194095423,0.5096969129018215
5502,2025-06-01,2025,11,27,Houston Dynamo,Sporting Kansas City,1499.2869959026766,1471.6690058993702,87.61799000330643,87.61799000330643,0.6234856747085278
5503,2025-06-01,2025,12,7,Inter Miami,Columbus Crew,1523.764205071368,1527.9432244423417,55.82098062902628,55.82098062902628,0.5796486889228956
5504,2025-06-01,2025,14,23,Los Angeles Galaxy,Real Salt Lake,1424.7773590401418,1470.0798942186314,14.697464821510493,14.697464821510493,0.5211387442375025
5505,2025-06-01,2025,19,0,New York Red Bulls,Atlanta Utd,1505.0493375991562,1487.2595358917436,77.78980170741261,77.78980170741261,0.6101146323295745
5506,2025-06-01,2025,20,4,Orlando City,Chicago Fire,1527.1253328024309,1502.3975709123913,84.72776189003957,84.72776189003957,0.6195720521710794
5507,2025-06-01,2025,24,1,San Diego FC,Austin FC,1514.7855407058319,1490.530655803288,84.25488490254384,84.25488490254384,0.6189302381171118
5508,2025-06-01,2025,26,15,Seattle Sounders,Minnesota United,1525.2148063334341,1524.7247118612552,60.49009447217895,60.49009447217895,0.5861831926303686
5509,2025-06-01,2025,29,3,Toronto FC,Charlotte,1460.4956715862445,1491.77015409348,28.72551749276454,-28.72551749276454,0.541245404233394
5510,2025-06-08,2025,6,1,Colorado Rapids,Austin FC,1497.4332079543199,1484.8146093750447,72.61859857927516,72.61859857927516,0.6030108540250816
5511,2025-06-08,2025,8,4,DC United,Chicago Fire,1481.0595162380457,1511.6911516949574,29.36836454308832,-29.36836454308832,0.5421640989651889
5512,2025-06-09,2025,13,27,Los Angeles FC,Sporting Kansas City,1512.6233147287455,1481.021291019998,91.60202370874754,91.60202370874754,0.6288540085425621
5513,2025-06-09,2025,22,28,Portland Timbers,St. Louis City,1524.2619060664606,1466.642139845971,117.61976622048951,117.61976622048951,0.6630852874695279
5514,2025-06-09,2025,30,26,Vancouver Whitecaps,Seattle Sounders,1542.7690925323302,1516.4220584439786,86.34703408835162,-86.34703408835162,0.6217666395128166
5515,2025-06-13,2025,18,0,New York City,Atlanta Utd,1504.9286571999864,1481.4112553766872,83.51740182329922,83.51740182329922,0.6179284575044812
5516,2025-06-14,2025,22,25,Portland Timbers,San Jose Earthquakes,1529.3156267544177,1491.7395464205115,97.57608033390625,97.57608033390625,0.6368441934413694
5517,2025-06-14,2025,28,14,St. Louis City,Los Angeles Galaxy,1461.588419158014,1431.9602778765793,89.62814128143464,89.62814128143464,0.6261981604603314
5518,2025-06-15,2025,1,19,Austin FC,New York Red Bulls,1493.859772185421,1510.8976181142125,42.96215407120849,42.96215407120849,0.5615142994022462
5519,2025-06-15,2025,4,16,Chicago Fire,Nashville SC,1519.8236131794351,1523.324673250108,56.49893992932721,-56.49893992932721,0.5805992960321221
5520,2025-06-15,2025,6,20,Colorado Rapids,Orlando City,1488.3880451439436,1517.8317520198648,30.55629312407882,-30.55629312407882,0.5438610125867065
5521,2025-06-15,2025,7,30,Columbus Crew,Vancouver Whitecaps,1521.637954776185,1548.442592939638,33.195361836547136,33.195361836547136,0.547627130258587
5522,2025-06-15,2025,11,2,Houston Dynamo,CF Montreal,1489.9347107820488,1442.0365109667976,107.89819981525125,107.89819981525125,0.6504714056489128
5523,2025-06-15,2025,15,24,Minnesota United,San Diego FC,1533.5174597507107,1520.5015871340752,73.01587261663553,73.01587261663553,0.603558181384201
5524,2025-06-15,2025,17,9,New England Revolution,FC Cincinnati,1512.8339445030144,1522.3791307985105,50.45481370450398,-50.45481370450398,0.572104155970146
5525,2025-06-15,2025,21,3,Philadelphia Union,Charlotte,1542.3231572621864,1499.8888351569808,102.43432210520564,102.43432210520564,0.6432869827225914
5526,2025-06-15,2025,23,8,Real Salt Lake,DC United,1462.896975382194,1472.927054753568,49.969920628625914,49.969920628625914,0.5714207134657812
5527,2025-06-15,2025,27,10,Sporting Kansas City,FC Dallas,1475.4541011481365,1488.7712000692272,46.682901078909254,46.682901078909254,0.5667806975898094
5528,2025-06-26,2025,2,9,CF Montreal,FC Cincinnati,1451.7935820515313,1530.9606931380627,-19.16711108653135,19.16711108653135,0.47244425891184605
5529,2025-06-26,2025,4,21,Chicago Fire,Philadelphia Union,1511.1146237389532,1547.6738525213475,23.440771217605743,23.440771217605743,0.5336828896454359
5530,2025-06-26,2025,6,14,Colorado Rapids,Los Angeles Galaxy,1480.230129955143,1433.8532502834844,106.37687967165857,106.37687967165857,0.6484777179942236
5531,2025-06-26,2025,7,0,Columbus Crew,Atlanta Utd,1528.4235478223063,1475.6801822392545,112.74336558305185,112.74336558305185,0.6567857518583701
5532,2025-06-26,2025,10,25,FC Dallas,San Jose Earthquakes,1497.2729105330743,1493.792209322132,63.48070121094224,63.48070121094224,0.5903528647935657
5533,2025-06-26,2025,15,11,Minnesota United,Houston Dynamo,1524.4640870299477,1480.177639697315,104.28644733263263,104.28644733263263,0.6457297534158528
5534,2025-06-26,2025,17,16,New England Revolution,Nashville SC,1504.2523821634622,1532.0336626905898,32.21871947287241,-32.21871947287241,0.5462340122038482
5535,2025-06-26,2025,27,3,Sporting Kansas City,Charlotte,1466.9523906842894,1494.5381398978197,32.414250786469665,32.414250786469665,0.546512983839218
5536,2025-06-26,2025,28,20,St. Louis City,Orlando City,1459.6954467511089,1525.9896672086654,-6.294220457556548,6.294220457556548,0.4909428794463501
5537,2025-06-26,2025,29,19,Toronto FC,New York Red Bulls,1452.3769905227437,1504.3203326052462,8.056657917497432,-8.056657917497432,0.5115923849937946
5538,2025-06-26,2025,30,24,Vancouver Whitecaps,San Diego FC,1541.6569998935167,1529.5549598548382,72.10204003867852,72.10204003867852,0.6022988019863618
5539,2025-06-29,2025,2,18,CF Montreal,New York City,1444.7069181678537,1510.6597303374192,-5.9528121695655045,5.9528121695655045,0.49143405283602687
5540,2025-06-29,2025,4,3,Chicago Fire,Charlotte,1503.1093803942717,1487.735834655408,75.37354573886364,75.37354573886364,0.606800989652995
5541,2025-06-29,2025,7,21,Columbus Crew,Philadelphia Union,1533.5717615444307,1555.679095866029,37.89266567840173,37.89266567840173,0.5543167355385209
5542,2025-06-29,2025,8,16,DC United,Nashville SC,1466.4983654555547,1540.2271728736475,-13.728807418092856,13.728807418092856,0.4802529346212195
5543,2025-06-29,2025,10,24,FC Dallas,San Diego FC,1488.4176175611708,1538.5894418846337,9.828175676537057,-9.828175676537057,0.5141401103264834
5544,2025-06-29,2025,11,28,Houston Dynamo,St. Louis City,1474.863585998553,1452.3313035594135,82.53228243913941,82.53228243913941,0.6165887289413304
5545,2025-06-29,2025,17,6,New England Revolution,Colorado Rapids,1496.0588719804045,1485.5029641852295,70.55590779517502,70.55590779517502,0.6001649516167678
5546,2025-06-29,2025,19,15,New York Red Bulls,Minnesota United,1504.4942183801531,1529.7781407287098,34.716077651443356,34.716077651443356,0.5497948416687992
5547,2025-06-29,2025,20,9,Orlando City,FC Cincinnati,1533.3538104003608,1538.0473570217403,55.30645337862052,55.30645337862052,0.5789268446909762
5548,2025-06-29,2025,25,14,San Jose Earthquakes,Los Angeles Galaxy,1502.6475022940356,1428.5804160533978,134.06708624063776,134.06708624063776,0.6838998047270207
5549,2025-06-29,2025,26,1,Seattle Sounders,Austin FC,1510.7485580366708,1500.4370576943872,70.31150034228358,70.31150034228358,0.599827289166136
5550,2025-06-29,2025,27,23,Sporting Kansas City,Real Salt Lake,1473.754695926701,1469.3256646802072,64.42903124649388,64.42903124649388,0.591672401768744
5551,2025-06-29,2025,29,22,Toronto FC,Portland Timbers,1452.2031047478367,1527.2629638527972,-15.059859104960424,15.059859104960424,0.4783406837811463
5552,2025-06-30,2025,13,30,Los Angeles FC,Vancouver Whitecaps,1518.190504600607,1532.6225178637212,45.567986736885814,45.567986736885814,0.5652041585303
5553,2025-07-04,2025,18,29,New York City,Toronto FC,1503.0312411299597,1460.0279944911194,103.00324663884021,103.00324663884021,0.6440381383790643
5554,2025-07-05,2025,6,27,Colorado Rapids,Sporting Kansas City,1487.005438459481,1472.37960990017,74.625828559311,74.625828559311,0.605773563135704
5555,2025-07-05,2025,10,15,FC Dallas,Minnesota United,1480.7055159062736,1530.5250633537419,10.180452552531733,-10.180452552531733,0.5146466573474808
5556,2025-07-05,2025,14,30,Los Angeles Galaxy,Vancouver Whitecaps,1431.3389131243032,1541.1005802416757,-49.76166711737255,-49.76166711737255,0.42887289753284946
5557,2025-07-06,2025,2,12,CF Montreal,Inter Miami,1452.3354073753133,1530.0694747375246,-17.734067362211363,17.734067362211363,0.47450076660119905
5558,2025-07-06,2025,3,20,Charlotte,Orlando City,1481.837849500203,1524.669907729996,17.16794177020688,-17.16794177020688,0.5246865653279658
5559,2025-07-06,2025,8,0,DC United,Atlanta Utd,1459.2945714362363,1470.53196851713,48.76260291910626,48.76260291910626,0.5697178559972818
5560,2025-07-06,2025,9,4,FC Cincinnati,Chicago Fire,1546.731259692105,1509.0073655494768,97.72389414262807,97.72389414262807,0.6370409577387238
5561,2025-07-06,2025,16,21,Nashville SC,Philadelphia Union,1547.430966892966,1548.9938468991068,58.43711999385914,58.43711999385914,0.5833136133291953
5562,2025-07-06,2025,22,17,Portland Timbers,New England Revolution,1519.4380741095144,1494.5563977061531,84.88167640336133,84.88167640336133,0.6197808632170908
5563,2025-07-06,2025,23,28,Real Salt Lake,St. Louis City,1470.7007507067383,1446.5801344935335,84.12061621320481,84.12061621320481,0.618747925578621
5564,2025-07-06,2025,24,11,San Diego FC,Houston Dynamo,1546.301543539531,1480.614755064433,125.68678847509796,125.68678847509796,0.6733797631725394
5565,2025-07-06,2025,25,19,San Jose Earthquakes,New York Red Bulls,1499.8890052231302,1503.747295755121,56.14170946800914,56.14170946800914,0.5800984760181294
5566,2025-07-06,2025,26,7,Seattle Sounders,Columbus Crew,1516.7511486991789,1540.257010511353,36.49413818782591,36.49413818782591,0.5523269850237384
5567,2025-07-10,2025,13,6,Los Angeles FC,Colorado Rapids,1509.7124422226525,1477.9188350124455,91.79360721020703,91.79360721020703,0.6291113718660765
5568,2025-07-10,2025,17,12,New England Revolution,Inter Miami,1488.8531106544094,1537.1869862365427,11.66612441786674,-11.66612441786674,0.5167825957995089
5569,2025-07-13,2025,1,17,Austin FC,New England Revolution,1494.4344670318792,1481.101371717417,73.3330953144623,73.3330953144623,0.6039950353797774
5570,2025-07-13,2025,3,18,Charlotte,New York City,1481.4675510202835,1508.3706690542738,33.09688196600973,33.09688196600973,0.5474866884585191
5571,2025-07-13,2025,4,24,Chicago Fire,San Diego FC,1503.5629799155577,1536.200847091943,27.36213282361473,27.36213282361473,0.5392960663205066
5572,2025-07-13,2025,6,30,Colorado Rapids,Vancouver Whitecaps,1472.3555055904367,1532.5336737046684,-0.1781681142317666,-0.1781681142317666,0.4997435954950527
5573,2025-07-13,2025,9,7,FC Cincinnati,Columbus Crew,1552.175645326024,1541.0419152867091,71.13373003931497,71.13373003931497,0.6009628661481531
5574,2025-07-13,2025,12,16,Inter Miami,Nashville SC,1544.9387251735352,1553.681262693028,51.25746248050723,51.25746248050723,0.5732348601096288
5575,2025-07-13,2025,13,10,Los Angeles FC,FC Dallas,1515.2757716446613,1472.9858160460615,102.28995559859982,102.28995559859982,0.6430962621425522
5576,2025-07-13,2025,14,8,Los Angeles Galaxy,DC United,1439.9058196613105,1458.2488035962772,41.657016065033304,41.657016065033304,0.5596636374178593
5577,2025-07-13,2025,15,25,Minnesota United,San Jose Earthquakes,1538.244763213954,1498.6875280828583,99.5572351310957,99.5572351310957,0.6394776026416172
5578,2025-07-13,2025,20,2,Orlando City,CF Montreal,1525.0402062099156,1445.2178958762952,139.8223103336204,139.8223103336204,0.6910178011661224
5579,2025-07-13,2025,21,19,Philadelphia Union,New York Red Bulls,1542.7435510990447,1504.948772895393,97.79477820365173,97.79477820365173,0.6371352997158881
5580,2025-07-13,2025,23,11,Real Salt Lake,Houston Dynamo,1476.419531823059,1490.715451512021,45.70408031103807,45.70408031103807,0.5653966723190414
5581,2025-07-13,2025,27,26,Sporting Kansas City,Seattle Sounders,1481.4662133472054,1515.9662439238227,25.49996942338271,-25.49996942338271,0.5366316537476011
5582,2025-07-13,2025,29,0,Toronto FC,Atlanta Utd,1454.6885665668053,1471.5777363570892,43.11083020971614,43.11083020971614,0.5617250119196268
5583,2025-07-14,2025,28,22,St. Louis City,Portland Timbers,1440.8613533772127,1525.1413611612581,-24.280007784045438,-24.280007784045438,0.4651150307812094
5584,2025-07-17,2025,0,4,Atlanta Utd,Chicago Fire,1472.5036115358837,1495.4735389207501,37.03007261513358,37.03007261513358,0.5530896856162855
5585,2025-07-17,2025,3,8,Charlotte,DC United,1488.2552506934057,1451.643758157545,96.61149253586063,96.61149253586063,0.6355590469007714
5586,2025-07-17,2025,9,12,FC Cincinnati,Inter Miami,1543.1612023338018,1551.3402022718908,51.821000061911036,-51.821000061911036,0.5740282680936352
5587,2025-07-17,2025,11,30,Houston Dynamo,Vancouver Whitecaps,1484.1964015968067,1525.0298276370943,19.166573959712423,19.166573959712423,0.5275549704482357
5588,2025-07-17,2025,14,1,Los Angeles Galaxy,Austin FC,1446.5108651000426,1492.8745415011824,13.636323598860145,13.636323598860145,0.5196141766698091
5589,2025-07-17,2025,15,13,Minnesota United,Los Angeles FC,1543.6525991743297,1520.629327712523,83.02327146180664,83.02327146180664,0.6172566798764642
5590,2025-07-17,2025,16,7,Nashville SC,Columbus Crew,1547.2797855946724,1550.0563582789314,57.22342731574099,57.22342731574099,0.5816144819816756
5591,2025-07-17,2025,19,17,New York Red Bulls,New England Revolution,1499.5058023911313,1482.6612972481137,76.84450514301761,76.84450514301761,0.6088194485784372
5592,2025-07-17,2025,20,18,Orlando City,New York City,1522.1749391924238,1501.5829693811515,80.59196981127229,80.59196981127229,0.6139448031647654
5593,2025-07-17,2025,21,2,Philadelphia Union,CF Montreal,1548.1865216033063,1448.083162893787,160.1033587095194,160.1033587095194,0.7153739129895137
5594,2025-07-17,2025,22,23,Portland Timbers,Real Salt Lake,1517.1180866229763,1482.9385817382733,94.17950488470296,94.17950488470296,0.6323102840308072
5595,2025-07-17,2025,24,29,San Diego FC,Toronto FC,1544.2902880867505,1453.7626913880108,150.52759669873967,150.52759669873967,0.7040182538564732
5596,2025-07-17,2025,25,10,San Jose Earthquakes,FC Dallas,1493.2796921224826,1467.6322599781997,85.6474321442829,85.6474321442829,0.6208190802349489
5597,2025-07-17,2025,26,6,Seattle Sounders,Colorado Rapids,1524.0157187300367,1479.8593516580108,104.15636707202589,104.15636707202589,0.6455584366185085
5598,2025-07-20,2025,0,3,Atlanta Utd,Charlotte,1471.7072662516393,1493.7218649898941,37.98540126174521,37.98540126174521,0.5544486139842022
5599,2025-07-20,2025,2,4,CF Montreal,Chicago Fire,1443.8137715886296,1496.2698842049945,7.543887383635138,-7.543887383635138,0.5108548208398269
5600,2025-07-20,2025,7,8,Columbus Crew,DC United,1543.7805755086565,1446.1771438610567,157.6034316475998,157.6034316475998,0.7124346973065928
5601,2025-07-20,2025,10,28,FC Dallas,St. Louis City,1469.444546181724,1448.8846279154945,80.55991826622949,80.55991826622949,0.61390107185079
5602,2025-07-20,2025,11,21,Houston Dynamo,Philadelphia Union,1476.283077040083,1552.4559129084637,-16.172835868380616,-16.172835868380616,0.47674221434932723
5603,2025-07-20,2025,13,14,Los Angeles FC,Los Angeles Galaxy,1529.88817791067,1438.7166524499955,151.1715254606745,151.1715254606745,0.7047900694756486
5604,2025-07-20,2025,16,29,Nashville SC,Toronto FC,1553.5555683649472,1464.322965195858,149.23260316908932,149.23260316908932,0.7024625349204993
5605,2025-07-20,2025,17,20,New England Revolution,Orlando City,1476.7935889767903,1512.9657671449525,23.82782183183781,-23.82782183183781,0.5342373306193929
5606,2025-07-20,2025,19,12,New York Red Bulls,Inter Miami,1505.3735106624547,1544.9506262932953,20.42288436915942,20.42288436915942,0.5293570884761074
5607,2025-07-20,2025,22,15,Portland Timbers,Minnesota United,1507.6334323625142,1534.3937489761827,33.239683386331535,-33.239683386331535,0.547690334592999
5608,2025-07-20,2025,23,9,Real Salt Lake,FC Cincinnati,1492.4232359987354,1549.5507783123974,2.872457686338066,2.872457686338066,0.5041337047219951
5609,2025-07-20,2025,24,30,San Diego FC,Vancouver Whitecaps,1533.7300142789034,1532.943152193818,60.78686208508543,60.78686208508543,0.5865975257468667
5610,2025-07-20,2025,26,25,Seattle Sounders,San Jose Earthquakes,1521.832342180759,1491.4674059189583,90.36493626180072,90.36493626180072,0.6271904137185318
5611,2025-07-20,2025,27,18,Sporting Kansas City,New York City,1473.4167385409914,1510.792141428623,22.62459711236852,-22.62459711236852,0.5325134681468602
5612,2025-07-26,2025,7,20,Columbus Crew,Orlando City,1548.0940550490577,1520.9793271042433,87.11472794481438,87.11472794481438,0.6228053551461284
5613,2025-07-26,2025,10,18,FC Dallas,New York City,1475.236030103962,1511.2798434508259,23.95618665313623,23.95618665313623,0.5344211916202816
5614,2025-07-26,2025,13,22,Los Angeles FC,Portland Timbers,1526.8163268685353,1506.9180773436192,79.89824952491608,79.89824952491608,0.6129978774623356
5615,2025-07-26,2025,17,2,New England Revolution,CF Montreal,1468.7800290174994,1436.1509492760322,92.6290797414672,92.6290797414672,0.630232844036211
5616,2025-07-26,2025,24,16,San Diego FC,Nashville SC,1532.4310513927003,1558.0186303411397,34.412421051560614,34.412421051560614,0.5493621413231201
5617,2025-07-27,2025,0,26,Atlanta Utd,Seattle Sounders,1463.3905370418763,1527.424485974981,-4.033948933104739,-4.033948933104739,0.49419494167713085
5618,2025-07-27,2025,3,29,Charlotte,Toronto FC,1502.0385941996572,1459.8599032196655,102.17869097999164,102.17869097999164,0.6429492410473799
5619,2025-07-27,2025,4,19,Chicago Fire,New York Red Bulls,1503.932706517592,1497.433154335313,66.49955218227888,66.49955218227888,0.5945487798416755
5620,2025-07-27,2025,8,1,DC United,Austin FC,1441.8636643206555,1500.6687541512295,1.1949101694260662,-1.1949101694260662,0.5017196071847441
5621,2025-07-27,2025,12,9,Inter Miami,FC Cincinnati,1552.890982620437,1557.1127838832274,55.77819873720955,55.77819873720955,0.5795886819853021
5622,2025-07-27,2025,21,6,Philadelphia Union,Colorado Rapids,1552.1070461237036,1482.0427282072885,130.06431791641512,130.06431791641512,0.6788976366484573
5623,2025-07-27,2025,23,25,Real Salt Lake,San Jose Earthquakes,1484.8612304279054,1485.8752621247363,58.9859683031691,58.9859683031691,0.5840813367501076
5624,2025-07-27,2025,28,15,St. Louis City,Minnesota United,1443.0931439932565,1535.1091039950777,-32.01596000182121,-32.01596000182121,0.45405530277091705
5625,2025-07-27,2025,30,27,Vancouver Whitecaps,Sporting Kansas City,1534.242115080021,1472.9290365187885,121.31307856123249,121.31307856123249,0.667818342929347
5626,2025-08-10,2025,1,11,Austin FC,Houston Dynamo,1508.1945482590006,1476.6319438248431,91.56260443415749,91.56260443415749,0.6288010456580609
5627,2025-08-10,2025,2,0,CF Montreal,Atlanta Utd,1445.6044419365753,1463.4776129167194,42.126829019855904,-42.126829019855904,0.5603300174741729
5628,2025-08-10,2025,4,13,Chicago Fire,Los Angeles FC,1510.0144748199668,1517.6213587066002,52.39311611336666,52.39311611336666,0.5748333640178305
5629,2025-08-10,2025,9,3,FC Cincinnati,Charlotte,1558.3066141130068,1507.3943555839464,110.91225852906041,110.91225852906041,0.6544057748624463
5630,2025-08-10,2025,10,22,FC Dallas,Portland Timbers,1467.219712229658,1516.1130455055543,11.106666724103661,11.106666724103661,0.5159783357554666
5631,2025-08-10,2025,15,6,Minnesota United,Colorado Rapids,1541.9199335366416,1477.2261927570153,124.6937407796263,124.6937407796263,0.6721212481013229
5632,2025-08-10,2025,17,8,New England Revolution,DC United,1459.3265363569562,1434.3378702128844,84.98866614407189,84.98866614407189,0.6199259867744635
5633,2025-08-10,2025,19,23,New York Red Bulls,Real Salt Lake,1491.351386032938,1491.1000103766537,60.25137565628438,60.25137565628438,0.5858498159595928
5634,2025-08-10,2025,21,29,Philadelphia Union,Toronto FC,1556.923581573977,1454.5041418353762,162.41943973860066,162.41943973860066,0.7180807715388738
5635,2025-08-10,2025,25,30,San Jose Earthquakes,Vancouver Whitecaps,1479.636482175988,1539.2248399360808,0.4116422399072235,-0.4116422399072235,0.5005924005260907
5636,2025-08-10,2025,27,24,Sporting Kansas City,San Diego FC,1467.9463116627287,1539.1906192728534,-11.244307610124679,11.244307610124679,0.48382378788848773
5637,2025-08-10,2025,28,16,St. Louis City,Nashville SC,1436.2823144516926,1551.2590624609866,-54.97674800929394,54.97674800929394,0.42153588555851756
5638,2025-08-11,2025,14,26,Los Angeles Galaxy,Seattle Sounders,1441.7885034921303,1527.337410100138,-25.548906608007655,-25.548906608007655,0.46329829871968825
5639,2025-08-11,2025,20,12,Orlando City,Inter Miami,1530.3214074314353,1551.6971523906575,38.624255040777825,38.624255040777825,0.5553569129595346
5640,2025-08-17,2025,1,10,Austin FC,FC Dallas,1506.2625325741296,1474.4800371933259,91.78249538080377,91.78249538080377,0.6290964468123813
5641,2025-08-17,2025,2,8,CF Montreal,DC United,1444.6994916744627,1428.6367600145013,76.0627316599614,76.0627316599614,0.6077471532744587
5642,2025-08-17,2025,3,23,Charlotte,Real Salt Lake,1517.210442206883,1484.8877576160476,92.32268459083548,92.32268459083548,0.6298217259285901
5643,2025-08-17,2025,4,28,Chicago Fire,St. Louis City,1508.8919743596994,1444.9592761683148,123.93269819138459,123.93269819138459,0.6711550805137406
5644,2025-08-17,2025,6,0,Colorado Rapids,Atlanta Utd,1487.308011478535,1464.382563178832,82.92544829970302,82.92544829970302,0.6171236345944561
5645,2025-08-17,2025,12,14,Inter Miami,Los Angeles Galaxy,1545.0275060850506,1434.839029011335,170.1884770737156,170.1884770737156,0.7270454362689115
5646,2025-08-17,2025,15,26,Minnesota United,Seattle Sounders,1531.8381148151218,1534.2868845809332,57.55123023418855,57.55123023418855,0.5820735883965852
5647,2025-08-17,2025,17,13,New England Revolution,Los Angeles FC,1465.0276465553393,1518.7438591668677,6.283787388471637,-6.283787388471637,0.5090421110787556
5648,2025-08-17,2025,18,16,New York City,Nashville SC,1519.29616132513,1542.5821007443644,36.71406058076559,36.71406058076559,0.552639991628443
5649,2025-08-17,2025,19,21,New York Red Bulls,Philadelphia Union,1497.5636387935442,1553.6523700008938,3.9112687926503895,3.9112687926503895,0.5056285304905317
5650,2025-08-17,2025,20,27,Orlando City,Sporting Kansas City,1536.9910537370422,1460.6889548444015,136.30209889264074,136.30209889264074,0.6866745340158413
5651,2025-08-17,2025,22,9,Portland Timbers,FC Cincinnati,1508.8527205418864,1548.4905274900702,20.36219305181612,-20.36219305181612,0.5292700468558861
5652,2025-08-17,2025,29,7,Toronto FC,Columbus Crew,1457.7753534084593,1538.7519747218657,-20.97662131340644,20.97662131340644,0.4698488421502368
5653,2025-08-18,2025,25,24,San Jose Earthquakes,San Diego FC,1487.1275961680967,1546.4479760911806,0.6796200769160805,0.6796200769160805,0.5009780506638022
5654,2025-08-18,2025,30,11,Vancouver Whitecaps,Houston Dynamo,1531.733725943972,1478.563959509714,113.16976643425801,113.16976643425801,0.6573388414326647
5655,2025-08-24,2025,0,29,Atlanta Utd,Toronto FC,1458.639417697749,1458.2276207762056,60.41179692154333,60.41179692154333,0.5860738568713435
5656,2025-08-24,2025,2,1,CF Montreal,Austin FC,1443.0832843753458,1504.3260858719439,-1.2428014965980765,1.2428014965980765,0.4982114725035597
5657,2025-08-24,2025,7,17,Columbus Crew,New England Revolution,1538.2997073541194,1457.392014889158,140.90769246496143,140.90769246496143,0.6923502226889104
5658,2025-08-24,2025,8,12,DC United,Inter Miami,1430.2529673136182,1549.1218245410168,-58.86885722739862,58.86885722739862,0.4160824429257063
5659,2025-08-24,2025,9,18,FC Cincinnati,New York City,1556.4295781929086,1526.0065614507034,90.42301674220516,90.42301674220516,0.6272685862018168
5660,2025-08-24,2025,10,13,FC Dallas,Los Angeles FC,1476.4164838955116,1526.379490833049,10.03699306246267,-10.03699306246267,0.5144403772206053
5661,2025-08-24,2025,11,25,Houston Dynamo,San Jose Earthquakes,1480.924042131204,1479.6129254081397,61.31111672306429,61.31111672306429,0.5873291657862756
5662,2025-08-24,2025,14,6,Los Angeles Galaxy,Colorado Rapids,1430.7447105553688,1493.051156959618,-2.3064464042493,-2.3064464042493,0.4966808055656376
5663,2025-08-24,2025,16,20,Nashville SC,Orlando City,1535.871700618791,1541.6909357268046,54.18076489198643,54.18076489198643,0.5773464126767932
5664,2025-08-24,2025,21,4,Philadelphia Union,Chicago Fire,1546.2367979582518,1513.8246481519932,92.41214980625864,92.41214980625864,0.6299417889942592
5665,2025-08-24,2025,23,15,Real Salt Lake,Minnesota United,1479.3350835049764,1538.107010989173,1.228072515803433,1.228072515803433,0.5017673310571994
5666,2025-08-24,2025,24,22,San Diego FC,Portland Timbers,1553.9626468511376,1500.913669839048,113.04897701208961,113.04897701208961,0.6571822073484334
5667,2025-08-24,2025,30,28,Vancouver Whitecaps,St. Louis City,1529.3736433224822,1440.026602376021,149.34704094646122,149.34704094646122,0.7026002026030195
5668,2025-08-25,2025,3,19,Charlotte,New York Red Bulls,1522.7631163179542,1504.9792108361862,77.78390548176799,77.78390548176799,0.6101065584959999
5669,2025-08-25,2025,26,27,Seattle Sounders,Sporting Kansas City,1528.017988406882,1455.989072854639,132.028915552243,132.028915552243,0.6813579743797622
5670,2025-08-31,2025,1,25,Austin FC,San Jose Earthquakes,1496.7992579594973,1488.4228628949338,68.37639506456344,68.37639506456344,0.5971505090479786
5671,2025-08-31,2025,9,21,FC Cincinnati,Philadelphia Union,1547.0205493998812,1551.787671123338,55.23287827654326,-55.23287827654326,0.578823596529989
5672,2025-08-31,2025,15,22,Minnesota United,Portland Timbers,1545.633520955031,1503.2714029492745,102.36211800575643,102.36211800575643,0.643191600566861
5673,2025-08-31,2025,16,0,Nashville SC,Atlanta Utd,1542.211504428639,1457.3483098446789,144.8631945839602,144.8631945839602,0.6971788437893365
5674,2025-08-31,2025,17,3,New England Revolution,Charlotte,1467.7772682294917,1528.6115179405142,-0.834249711022494,-0.834249711022494,0.4987994204645759
5675,2025-08-31,2025,18,8,New York City,DC United,1535.4155902437308,1431.5117306697327,163.90385957399803,163.90385957399803,0.7198074014056236
5676,2025-08-31,2025,19,7,New York Red Bulls,Columbus Crew,1499.1308092136262,1527.9144540137856,31.216355199840564,31.216355199840564,0.5448034504054217
5677,2025-08-31,2025,27,6,Sporting Kansas City,Colorado Rapids,1451.2094424703355,1485.5013690431026,25.708073427232875,25.708073427232875,0.5369295188831876
5678,2025-08-31,2025,28,11,St. Louis City,Houston Dynamo,1435.5656054150663,1472.11410464441,23.451500770656367,23.451500770656367,0.5336982606076658
5679,2025-08-31,2025,29,2,Toronto FC,CF Montreal,1459.5187286292758,1450.6101122877924,68.90861634148337,68.90861634148337,0.5978873011668207
5680,2025-09-01,2025,13,24,Los Angeles FC,San Diego FC,1526.5960964913581,1551.6049137409111,34.991182750447024,34.991182750447024,0.5501867920837
5681,2025-09-07,2025,4,17,Chicago Fire,New England Revolution,1508.273774986907,1460.295276922523,107.97849806438398,107.97849806438398,0.6505764910728048
5682,2025-09-07,2025,11,14,Houston Dynamo,Los Angeles Galaxy,1480.119578553525,1438.2944984718843,101.82508008164064,101.82508008164064,0.6424818135824452
5683,2025-09-07,2025,28,10,St. Louis City,FC Dallas,1427.5601315059514,1476.1998782372025,11.36025326874892,11.36025326874892,0.5163428948733373
5684,2025-09-08,2025,27,1,Sporting Kansas City,Austin FC,1458.1554996870877,1502.8420003237775,15.313499363310257,15.313499363310257,0.5220236373493601
5685,2025-09-14,2025,0,7,Atlanta Utd,Columbus Crew,1467.8059925015189,1528.586505769867,-0.7805132683481588,0.7805132683481588,0.49887675300421835
5686,2025-09-14,2025,2,28,CF Montreal,St. Louis City,1452.0784218052947,1427.3149880828514,84.76343372244332,84.76343372244332,0.6196204509812653
5687,2025-09-14,2025,3,12,Charlotte,Inter Miami,1536.0935092474829,1547.8630611849023,48.230448062580535,-48.230448062580535,0.5689667533295778
5688,2025-09-14,2025,4,18,Chicago Fire,New York City,1513.515127620815,1524.6184792226463,48.896648398168736,48.896648398168736,0.5699070022054665
5689,2025-09-14,2025,6,11,Colorado Rapids,Houston Dynamo,1478.5553118263504,1477.9823513497881,60.57296047656223,60.57296047656223,0.5862988985881616
5690,2025-09-14,2025,8,20,DC United,Orlando City,1442.3088416908172,1535.3511319169565,-33.04229022613936,33.04229022613936,0.45259116789049614
5691,2025-09-14,2025,9,16,FC Cincinnati,Nashville SC,1538.3381954519314,1531.753821771799,66.58437368013233,66.58437368013233,0.5946664774617
5692,2025-09-14,2025,10,1,FC Dallas,Austin FC,1476.4450216603025,1510.672354884018,25.772666776284495,-25.772666776284495,0.5370219678175903
5693,2025-09-14,2025,17,29,New England Revolution,Toronto FC,1455.053924288615,1458.0504191117734,57.0035051768416,57.0035051768416,0.5813063893444828
5694,2025-09-14,2025,22,19,Portland Timbers,New York Red Bulls,1505.4192769577774,1498.4587574575448,66.96051950023252,66.96051950023252,0.5951882830622022
5695,2025-09-14,2025,23,27,Real Salt Lake,Sporting Kansas City,1471.8085735391185,1450.3251451268472,81.48342841227122,81.48342841227122,0.6151603754410371
5696,2025-09-14,2025,24,15,San Diego FC,Minnesota United,1559.8577156221666,1543.485646946528,76.3720686756385,76.3720686756385,0.6081715706875293
5697,2025-09-14,2025,25,13,San Jose Earthquakes,Los Angeles FC,1482.3801205306536,1518.3432946101027,24.036825920550882,-24.036825920550882,0.5345366890180896
5698,2025-09-14,2025,26,14,Seattle Sounders,Los Angeles Galaxy,1532.7976187911856,1440.431725675621,152.36589311556463,152.36589311556463,0.7062185413863316
5699,2025-09-14,2025,30,21,Vancouver Whitecaps,Philadelphia Union,1533.8346402834368,1560.4700250712879,33.36461521214892,33.36461521214892,0.5478684841783559
5700,2025-09-17,2025,12,26,Inter Miami,Seattle Sounders,1541.397562484846,1529.7043406703906,71.69322181445546,71.69322181445546,0.6017349576667594
5701,2025-09-18,2025,18,7,New York City,Columbus Crew,1533.1670842557282,1536.0696570649302,57.097427190798044,57.097427190798044,0.5814379740529405
5702,2025-09-18,2025,23,13,Real Salt Lake,Los Angeles FC,1477.581167907503,1526.361344945374,11.219822962129001,-11.219822962129001,0.5161410126714369
5703,2025-09-20,2025,0,24,Atlanta Utd,San Diego FC,1460.3228412064557,1550.7351420618536,-30.412300855397916,-30.412300855397916,0.45634462180808716
5704,2025-09-20,2025,18,3,New York City,Charlotte,1539.445514644934,1542.5590079475392,56.88650669739491,56.88650669739491,0.5811424583358739
5705,2025-09-20,2025,21,17,Philadelphia Union,New England Revolution,1553.6880523339632,1453.8343284484479,159.85372388551536,159.85372388551536,0.7150812262639846
5706,2025-09-21,2025,2,19,CF Montreal,New York Red Bulls,1442.7841150405757,1492.3865817034778,10.397533337097911,-10.397533337097911,0.5149587878819527
5707,2025-09-21,2025,7,29,Columbus Crew,Toronto FC,1529.7912266757244,1459.2700149519405,130.52121172378384,130.52121172378384,0.6794707152900474
5708,2025-09-21,2025,10,6,FC Dallas,Colorado Rapids,1483.3896921430387,1484.7608283475279,58.628863795510824,58.628863795510824,0.5835818687309107
5709,2025-09-21,2025,11,22,Houston Dynamo,Portland Timbers,1471.7768348286106,1511.4914527118444,20.285382116766186,20.285382116766186,0.5291598844243098
5710,2025-09-21,2025,12,8,Inter Miami,DC United,1547.3715381198447,1443.0199741724598,164.35156394738488,164.35156394738488,0.7203268873587358
5711,2025-09-21,2025,14,9,Los Angeles Galaxy,FC Cincinnati,1443.525003796416,1544.4181982900059,-40.89319449358982,40.89319449358982,0.4414202208730255
5712,2025-09-21,2025,15,4,Minnesota United,Chicago Fire,1552.608220506841,1504.9665225877332,107.64169791910786,107.64169791910786,0.650135626580398
5713,2025-09-21,2025,20,16,Orlando City,Nashville SC,1534.639999435314,1525.6738189337245,68.9661805015894,68.9661805015894,0.597966964944484
5714,2025-09-21,2025,25,28,San Jose Earthquakes,St. Louis City,1474.3620701953823,1436.6092948475705,97.75277534781185,97.75277534781185,0.6370793979786434
5715,2025-09-21,2025,27,30,Sporting Kansas City,Vancouver Whitecaps,1444.5525507584628,1540.6166130207614,-36.06406226229865,36.06406226229865,0.4482852441940633
5716,2025-09-22,2025,1,26,Austin FC,Seattle Sounders,1503.7276844012817,1523.730365035392,39.99731936588978,-39.99731936588978,0.557307826701263
5717,2025-09-22,2025,13,23,Los Angeles FC,Real Salt Lake,1534.1034601354454,1469.8390527174315,124.26440741801389,124.26440741801389,0.6715763744659549
5718,2025-09-25,2025,18,12,New York City,Inter Miami,1545.728377769896,1551.5666348094637,54.16174296043232,54.16174296043232,0.5773196927649512
5719,2025-09-25,2025,30,22,Vancouver Whitecaps,Portland Timbers,1547.3408916836725,1504.428850978209,102.91204070546337,102.91204070546337,0.6439177660457583
5720,2025-09-27,2025,29,12,Toronto FC,Inter Miami,1461.9620756812913,1560.226430200938,-38.26435451964676,38.26435451964676,0.44515473536311595
5721,2025-09-28,2025,3,2,Charlotte,CF Montreal,1536.2761448225772,1435.0597332223463,161.2164116002309,161.2164116002309,0.7166767165102245
5722,2025-09-28,2025,4,7,Chicago Fire,Columbus Crew,1514.7185569864391,1527.0991659463737,47.619391040065466,47.619391040065466,0.5681038939630083
5723,2025-09-28,2025,6,15,Colorado Rapids,Minnesota United,1478.5145563784915,1542.856186108135,-4.3416297296435005,-4.3416297296435005,0.4937522177706609
5724,2025-09-28,2025,8,21,DC United,Philadelphia Union,1438.8248774828407,1557.9618339400035,-59.136956457162796,59.136956457162796,0.41570753393114385
5725,2025-09-28,2025,14,27,Los Angeles Galaxy,Sporting Kansas City,1436.9037004833206,1437.8282720955517,59.07542838776885,59.07542838776885,0.5842064340471043
5726,2025-09-28,2025,16,11,Nashville SC,Houston Dynamo,1519.6433234078918,1478.839436562246,100.80388684564582,100.80388684564582,0.6411304093998336
5727,2025-09-28,2025,17,0,New England Revolution,Atlanta Utd,1449.5605468424076,1460.9776718793344,48.58287496307321,48.58287496307321,0.5694642171470149
5728,2025-09-28,2025,19,18,New York Red Bulls,New York City,1500.1109635217072,1537.0685823784218,23.04238114328541,23.04238114328541,0.5331121182558924
5729,2025-09-28,2025,22,10,Portland Timbers,FC Dallas,1506.5876174688954,1489.635964112075,76.95165335682032,76.95165335682032,0.6089663335091108
5730,2025-09-28,2025,23,1,Real Salt Lake,Austin FC,1464.9126983344208,1510.3680670007627,14.544631333658117,14.544631333658117,0.5209191882259522
5731,2025-09-28,2025,24,25,San Diego FC,San Jose Earthquakes,1550.080311388975,1464.8058792257027,145.2744321632722,145.2744321632722,0.6976783904161381
5732,2025-09-28,2025,26,30,Seattle Sounders,Vancouver Whitecaps,1517.089982435911,1545.1821251929862,31.90785724292482,31.90785724292482,0.5457904340481936
5733,2025-09-28,2025,28,13,St. Louis City,Los Angeles FC,1446.16548581725,1539.029814518456,-32.86432870120598,32.86432870120598,0.45284498491328606
5734,2025-09-29,2025,9,20,FC Cincinnati,Orlando City,1551.0395016031014,1540.6704949611467,70.36900664195468,70.36900664195468,0.5999067458534195
5735,2025-10-01,2025,12,4,Inter Miami,Chicago Fire,1559.4037512313848,1521.196998576994,98.20675265439081,98.20675265439081,0.6376834011630746
5736,2025-10-04,2025,2,16,CF Montreal,Nashville SC,1445.8098839699996,1525.0263672668943,-19.216483296894694,19.216483296894694,0.4723734229503126
5737,2025-10-04,2025,8,3,DC United,Charlotte,1432.5892644738735,1525.5259940749238,-32.936729601050274,-32.936729601050274,0.4527417204085214
5738,2025-10-04,2025,10,14,FC Dallas,Los Angeles Galaxy,1491.2704591147117,1443.140603972614,108.12985514209777,108.12985514209777,0.6507745306165383
5739,2025-10-05,2025,1,28,Austin FC,St. Louis City,1503.181854824152,1439.3728110435509,123.80904378060109,123.80904378060109,0.67099796024131
5740,2025-10-05,2025,4,29,Chicago Fire,Toronto FC,1530.7622495944402,1462.7847546508444,127.97749494359573,127.97749494359573,0.676273308159623
5741,2025-10-05,2025,11,24,Houston Dynamo,San Diego FC,1473.4563927032434,1539.615135532733,-6.1587428294894835,6.1587428294894835,0.4911377848184178
5742,2025-10-05,2025,12,17,Inter Miami,New England Revolution,1549.8385002139387,1456.0185835852024,153.81991662873634,153.81991662873634,0.7079521023695118
5743,2025-10-05,2025,15,27,Minnesota United,Sporting Kansas City,1542.762469374695,1431.5913686062584,171.17110076843665,171.17110076843665,0.7281665154645587
5744,2025-10-05,2025,19,9,New York Red Bulls,FC Cincinnati,1492.1142817478687,1549.5409004153,2.573381332568715,-2.573381332568715,0.5037033257125091
5745,2025-10-05,2025,20,7,Orlando City,Columbus Crew,1542.169096148948,1520.6207243558188,81.54837179312926,81.54837179312926,0.6152488747795701
5746,2025-10-05,2025,21,18,Philadelphia Union,New York City,1564.1974469489708,1545.0652641522602,79.1321827967106,79.1321827967106,0.6119512060195212
5747,2025-10-05,2025,23,6,Real Salt Lake,Colorado Rapids,1472.0989105110316,1478.6082731119316,53.490637399100024,53.490637399100024,0.5763767091976568
5748,2025-10-05,2025,26,22,Seattle Sounders,Portland Timbers,1516.403125925188,1504.9531224662587,71.45000345892936,71.45000345892936,0.6013993813766381
5749,2025-10-05,2025,30,25,Vancouver Whitecaps,San Jose Earthquakes,1545.868981703709,1475.2710550819447,130.59792662176437,130.59792662176437,0.6795668852513683
5750,2025-10-06,2025,13,0,Los Angeles FC,Atlanta Utd,1545.8224892921553,1454.5196351365396,151.3028541556157,151.3028541556157,0.7049473369137658
5751,2025-10-09,2025,13,29,Los Angeles FC,Toronto FC,1550.2482792384487,1465.4288542732388,144.81942496520992,144.81942496520992,0.6971256476091291
5752,2025-10-12,2025,12,0,Inter Miami,Atlanta Utd,1554.219218678396,1450.0938451902462,164.12537348814976,164.12537348814976,0.7200645048576256
5753,2025-10-12,2025,14,10,Los Angeles Galaxy,FC Dallas,1437.902221931862,1496.5088411554636,1.3933807763983168,-1.3933807763983168,0.5020052253772794
5754,2025-10-12,2025,20,30,Orlando City,Vancouver Whitecaps,1540.4403630272545,1550.6754784249385,49.76488460231599,49.76488460231599,0.5711316390935983
5755,2025-10-12,2025,26,23,Seattle Sounders,Real Salt Lake,1522.3821352045386,1478.4532598730668,103.92887533147177,103.92887533147177,0.6452587383286812
5756,2025-10-13,2025,1,13,Austin FC,Los Angeles FC,1493.1168854205323,1554.7913945243117,-1.6745091037794282,1.6745091037794282,0.4975902063460495
5757,2025-10-18,2025,0,8,Atlanta Utd,DC United,1445.8948127631106,1425.7981386677457,80.09667409536496,80.09667409536496,0.6132688138688676
5758,2025-10-18,2025,3,21,Charlotte,Philadelphia Union,1532.3171198810517,1570.0181788586779,22.29894102237381,22.29894102237381,0.5320467647676217
5759,2025-10-18,2025,7,19,Columbus Crew,New York Red Bulls,1522.3494574775123,1484.558731862181,97.79072561533121,97.79072561533121,0.6371299062744898
5760,2025-10-18,2025,9,2,FC Cincinnati,CF Montreal,1557.0964503009877,1446.224282625745,170.87216767524274,170.87216767524274,0.7278257670904119
5761,2025-10-18,2025,16,12,Nashville SC,Inter Miami,1524.611968611149,1558.4182511055315,26.193717505617542,-26.193717505617542,0.5376245320883962
5762,2025-10-18,2025,17,4,New England Revolution,Chicago Fire,1451.6378651207451,1528.1181499720458,-16.480284851300667,16.480284851300667,0.47630073532208306
5763,2025-10-18,2025,18,26,New York City,Seattle Sounders,1539.244532242553,1527.7032541296085,71.54127811294461,71.54127811294461,0.6015253271770616
5764,2025-10-18,2025,29,20,Toronto FC,Orlando City,1460.8857389873758,1531.8733884408505,-10.98764945347466,10.98764945347466,0.4841927708159868
5765,2025-10-19,2025,6,13,Colorado Rapids,Los Angeles FC,1472.2539237498963,1547.2552476195024,-15.00132386960604,15.00132386960604,0.4784247652944441
5766,2025-10-19,2025,14,15,Los Angeles Galaxy,Minnesota United,1445.3721435512027,1546.8399716427266,-41.46782809152387,-41.46782809152387,0.44060476661754755
5767,2025-10-19,2025,22,24,Portland Timbers,San Diego FC,1498.9741131869082,1546.9822023050092,11.991910881899003,-11.991910881899003,0.5172508971223484
5768,2025-10-19,2025,25,1,San Jose Earthquakes,Austin FC,1470.4645583607153,1500.6530323253417,29.811526035373618,29.811526035373618,0.5427972558993935
5769,2025-10-19,2025,27,11,Sporting Kansas City,Houston Dynamo,1427.5138663382268,1466.089325930967,21.424540407259656,21.424540407259656,0.5307933709288367
5770,2025-10-19,2025,28,23,St. Louis City,Real Salt Lake,1449.4377804471706,1473.132140947997,36.305639499173594,36.305639499173594,0.5520586694838082
5771,2025-10-19,2025,30,10,Vancouver Whitecaps,FC Dallas,1559.2424530113426,1489.0389195361229,130.20353347521973,130.20353347521973,0.6790723109394398
5772,2025-10-23,2025,4,20,Chicago Fire,Orlando City,1527.762661001877,1524.1362800030902,63.62638099878677,63.62638099878677,0.5905556534529456
5773,2025-10-23,2025,22,23,Portland Timbers,Real Salt Lake,1491.215349730073,1473.9130209902542,77.3023287398189,77.3023287398189,0.6094469213120601
5774,2025-10-25,2025,12,16,Inter Miami,Nashville SC,1566.4826190868573,1516.5476006298231,109.93501845703418,109.93501845703418,0.6531324277411623
5775,2025-10-26,2025,21,4,Philadelphia Union,Chicago Fire,1562.9988803301922,1533.9043262000828,89.09455413010937,89.09455413010937,0.6254789064073754
5776,2025-10-26,2025,30,10,Vancouver Whitecaps,FC Dallas,1549.056368347251,1499.2250042002145,109.83136414703654,109.83136414703654,0.6529972367721728
5777,2025-10-27,2025,9,7,FC Cincinnati,Columbus Crew,1561.1790637946315,1527.792508883395,93.38655491123654,93.38655491123654,0.6312484055298881
5778,2025-10-27,2025,24,22,San Diego FC,Portland Timbers,1554.7409657618443,1497.073645910392,117.66731985145225,117.66731985145225,0.6631464392854727
5779,2025-10-28,2025,3,18,Charlotte,New York City,1539.3364184095374,1530.221652334897,69.11476607464033,-69.11476607464033,0.598172570505615
5780,2025-10-28,2025,15,26,Minnesota United,Seattle Sounders,1538.4490431419897,1536.7261340372645,61.722909104725204,-61.722909104725204,0.5879035853872895
5781,2025-10-30,2025,13,1,Los Angeles FC,Austin FC,1546.931619098919,1493.7949911638325,113.13662793508661,113.13662793508661,0.6572958723837867
5782,2025-11-01,2025,4,21,Chicago Fire,Philadelphia Union,1535.7865097961935,1561.1166967340814,34.6698130621121,34.6698130621121,0.5497289210472962
5783,2025-11-01,2025,16,12,Nashville SC,Inter Miami,1511.3445870459407,1571.6856326707398,-0.3410456247991078,0.3410456247991078,0.4995091960503305
5784,2025-11-01,2025,18,3,New York City,Charlotte,1539.1942408924813,1530.3638298519531,68.83041104052813,68.83041104052813,0.5977790635707445
5785,2025-11-02,2025,7,9,Columbus Crew,FC Cincinnati,1522.2612349663432,1566.7103377116832,15.550897254659958,15.550897254659958,0.522364607219784
5786,2025-11-02,2025,10,30,FC Dallas,Vancouver Whitecaps,1494.019962751797,1554.2614097956684,-0.24144704387140337,0.24144704387140337,0.49965252982845737
5787,2025-11-02,2025,22,24,Portland Timbers,San Diego FC,1492.0208424996742,1559.7937691725622,-7.772926672887934,7.772926672887934,0.4888157252396071
5788,2025-11-03,2025,1,13,Austin FC,Los Angeles FC,1488.6544292495894,1552.0721810131622,-3.4177517635728236,3.4177517635728236,0.4950816184825626
5789,2025-11-04,2025,26,15,Seattle Sounders,Minnesota United,1538.044687818074,1537.1304893611803,60.9141984568937,60.9141984568937,0.5867752693096033
5790,2025-11-08,2025,3,18,Charlotte,New York City,1531.8305158055143,1537.72755493892,54.10296086659423,-54.10296086659423,0.5772371193028453
5791,2025-11-08,2025,9,7,FC Cincinnati,Columbus Crew,1559.54580681998,1529.4257658580464,90.12004096193368,-90.12004096193368,0.6268607277710712
5792,2025-11-08,2025,15,26,Minnesota United,Seattle Sounders,1530.9321184008243,1544.24305877843,46.689059622394325,-46.689059622394325,0.5667894023243525
5793,2025-11-09,2025,12,16,Inter Miami,Nashville SC,1564.1782706114948,1518.8519491051857,105.32632150630911,105.32632150630911,0.6470979294698354
5794,2025-11-10,2025,24,22,San Diego FC,Portland Timbers,1559.6260050511562,1492.1886066210802,127.43739843007597,127.43739843007597,0.6755922792411672
5795,2025-11-23,2025,9,12,FC Cincinnati,Inter Miami,1565.142895903414,1569.4718016694474,55.67109423396664,-55.67109423396664,0.5794384442523532
5796,2025-11-23,2025,30,13,Vancouver Whitecaps,Los Angeles FC,1554.2561977430953,1559.4984052904006,54.75779245269473,54.75779245269473,0.5781567415674229
5797,2025-11-24,2025,21,18,Philadelphia Union,New York City,1569.3626305497908,1546.3861117284628,82.976518821328,82.976518821328,0.6171930957129442
5798,2025-11-25,2025,24,15,San Diego FC,Minnesota United,1564.4921208625387,1529.930277365959,94.56184349657974,94.56184349657974,0.6328218350564035
5799,2025-11-29,2025,12,18,Inter Miami,New York City,1578.1633783332327,1555.644008164157,82.51937016907573,82.51937016907573,0.616571156887748
5800,2025-11-30,2025,24,30,San Diego FC,Vancouver Whitecaps,1569.9997933366926,1553.083846619584,76.91594671710868,76.91594671710868,0.6089173869870551
5801,2025-12-06,2025,12,30,Inter Miami,Vancouver Whitecaps,1583.9148109799164,1562.2176074243898,81.69720355552658,81.69720355552658,0.6154516613275941
5802,2026-02-21,2026,9,0,FC Cincinnati,Atlanta Utd,1500.0,1500.0,60.0,60.0,0.5854986786718095
5803,2026-02-21,2026,28,3,St. Louis City,Charlotte,1500.0,1500.0,60.0,60.0,0.5854986786718095
5804,2026-02-22,2026,1,15,Austin FC,Minnesota United,1500.0,1500.0,60.0,60.0,0.5854986786718095
5805,2026-02-22,2026,8,21,DC United,Philadelphia Union,1500.0,1500.0,60.0,-60.0,0.5854986786718095
5806,2026-02-22,2026,10,29,FC Dallas,Toronto FC,1500.0,1500.0,60.0,60.0,0.5854986786718095
5807,2026-02-22,2026,11,4,Houston Dynamo,Chicago Fire,1500.0,1500.0,60.0,60.0,0.5854986786718095
5808,2026-02-22,2026,13,12,Los Angeles FC,Inter Miami,1500.0,1500.0,60.0,60.0,0.5854986786718095
5809,2026-02-22,2026,16,17,Nashville SC,New England Revolution,1500.0,1500.0,60.0,60.0,0.5854986786718095
5810,2026-02-22,2026,20,19,Orlando City,New York Red Bulls,1500.0,1500.0,60.0,60.0,0.5854986786718095
5811,2026-02-22,2026,22,7,Portland Timbers,Columbus Crew,1500.0,1500.0,60.0,-60.0,0.5854986786718095
5812,2026-02-22,2026,24,2,San Diego FC,CF Montreal,1500.0,1500.0,60.0,60.0,0.5854986786718095
5813,2026-02-22,2026,25,27,San Jose Earthquakes,Sporting Kansas City,1500.0,1500.0,60.0,60.0,0.5854986786718095
5814,2026-02-22,2026,30,23,Vancouver Whitecaps,Real Salt Lake,1500.0,1500.0,60.0,60.0,0.5854986786718095
5815,2026-02-23,2026,14,18,Los Angeles Galaxy,New York City,1500.0,1500.0,60.0,60.0,0.5854986786718095
5816,2026-02-23,2026,26,6,Seattle Sounders,Colorado Rapids,1500.0,1500.0,60.0,60.0,0.5854986786718095
5817,2026-02-28,2026,4,2,Chicago Fire,CF Montreal,1493.782480180077,1493.782480180077,60.0,60.0,0.5854986786718095
5818,2026-02-28,2026,6,22,Colorado Rapids,Portland Timbers,1493.782480180077,1506.217519819923,47.564960360154146,47.564960360154146,0.5680270135380762
5819,2026-02-28,2026,15,9,Minnesota United,FC Cincinnati,1501.282480180077,1506.217519819923,55.064960360154146,55.064960360154146,0.578587931007608
5820,2026-02-28,2026,19,17,New York Red Bulls,New England Revolution,1508.782480180077,1493.782480180077,75.0,75.0,0.6062878237854281
5821,2026-03-01,2026,1,8,Austin FC,DC United,1498.717519819923,1506.217519819923,52.5,52.5,0.5749837298179947
5822,2026-03-01,2026,10,16,FC Dallas,Nashville SC,1506.217519819923,1506.217519819923,60.0,-60.0,0.5854986786718095
5823,2026-03-01,2026,11,13,Houston Dynamo,Los Angeles FC,1506.217519819923,1506.217519819923,60.0,-60.0,0.5854986786718095
5824,2026-03-01,2026,14,3,Los Angeles Galaxy,Charlotte,1498.717519819923,1501.282480180077,57.435039639845854,57.435039639845854,0.5819108731655616
5825,2026-03-01,2026,21,18,Philadelphia Union,New York City,1493.782480180077,1501.282480180077,52.5,52.5,0.5749837298179947
5826,2026-03-01,2026,23,26,Real Salt Lake,Seattle Sounders,1493.782480180077,1506.217519819923,47.564960360154146,-47.564960360154146,0.5680270135380762
5827,2026-03-01,2026,25,0,San Jose Earthquakes,Atlanta Utd,1506.217519819923,1493.782480180077,72.43503963984585,72.43503963984585,0.602757876329016
5828,2026-03-01,2026,27,7,Sporting Kansas City,Columbus Crew,1493.782480180077,1493.782480180077,60.0,-60.0,0.5854986786718095
5829,2026-03-01,2026,30,29,Vancouver Whitecaps,Toronto FC,1506.217519819923,1493.782480180077,72.43503963984585,72.43503963984585,0.602757876329016
5830,2026-03-02,2026,20,12,Orlando City,Inter Miami,1491.217519819923,1493.782480180077,57.435039639845854,-57.435039639845854,0.5819108731655616
5831,2026-03-02,2026,24,28,San Diego FC,St. Louis City,1506.217519819923,1498.717519819923,67.5,67.5,0.5959362978529087
5832,2026-03-07,2026,8,12,DC United,Inter Miami,1499.8422757671929,1502.5111432775604,57.33113248963241,-57.33113248963241,0.5817653447697945
5833,2026-03-07,2026,18,20,New York City,Orlando City,1509.907236127347,1482.4888567224396,87.41837940490745,87.41837940490745,0.6232158952633345
5834,2026-03-08,2026,0,23,Atlanta Utd,Real Salt Lake,1487.8238483250122,1500.262074977006,47.56177334800623,47.56177334800623,0.5680225119522259
5835,2026-03-08,2026,3,1,Charlotte,Austin FC,1495.0111432775604,1505.092763872653,49.918379404907455,49.918379404907455,0.5713480515608547
5836,2026-03-08,2026,6,14,Colorado Rapids,Los Angeles Galaxy,1500.262074977006,1504.9888567224396,55.27321825456647,55.27321825456647,0.5788802065961627
5837,2026-03-08,2026,7,4,Columbus Crew,Chicago Fire,1495.0649603601541,1500.0,55.064960360154146,55.064960360154146,0.578587931007608
5838,2026-03-08,2026,9,29,FC Cincinnati,Toronto FC,1499.896338785037,1487.8238483250122,72.07249046002471,72.07249046002471,0.6022580561304713
5839,2026-03-08,2026,13,10,Los Angeles FC,FC Dallas,1515.0,1504.9350396398459,70.06496036015415,70.06496036015415,0.599486584401617
5840,2026-03-08,2026,16,15,Nashville SC,Minnesota United,1507.5,1507.603661214963,59.89633878503696,59.89633878503696,0.5853538528586579
5841,2026-03-08,2026,19,2,New York Red Bulls,CF Montreal,1514.6881628232957,1487.5649603601541,87.12320246314152,87.12320246314152,0.6228168151819516
5842,2026-03-08,2026,21,25,Philadelphia Union,San Jose Earthquakes,1485.1577242328071,1512.1761516749878,32.98157255781939,32.98157255781939,0.5473222365047204
5843,2026-03-08,2026,22,30,Portland Timbers,Vancouver Whitecaps,1499.737925022994,1512.1761516749878,47.56177334800623,-47.56177334800623,0.5680225119522259
5844,2026-03-08,2026,27,24,Sporting Kansas City,San Diego FC,1492.5,1512.2784753521294,40.22152464787064,-40.22152464787064,0.5576262217769616
5845,2026-03-08,2026,28,26,St. Louis City,Seattle Sounders,1492.6565642877165,1499.737925022994,52.918639264722515,-52.918639264722515,0.5755725437629576
5846,2026-03-14,2026,0,21,Atlanta Utd,Philadelphia Union,1479.303510645729,1476.9478906852364,62.355619960492504,62.355619960492504,0.5887857028641216
5847,2026-03-14,2026,3,12,Charlotte,Inter Miami,1501.4409225041477,1511.2376234491073,50.20329905504036,50.20329905504036,0.5717496876569195
5848,2026-03-14,2026,7,16,Columbus Crew,Nashville SC,1493.88614139504,1513.71969220712,40.16644918792008,40.16644918792008,0.5575480132105822
5849,2026-03-14,2026,18,6,New York City,Colorado Rapids,1515.558997698397,1506.5788718780636,68.98012582033334,68.98012582033334,0.5979862632714061
5850,2026-03-14,2026,20,2,Orlando City,CF Montreal,1476.8370951513896,1496.9072125878834,39.929882563506226,39.929882563506226,0.5572120501248037
5851,2026-03-14,2026,29,19,Toronto FC,New York Red Bulls,1496.8577191669692,1505.3459105955665,51.51180857140275,51.51180857140275,0.5735930024376877
5852,2026-03-15,2026,4,8,Chicago Fire,DC United,1501.178818965114,1491.115795595646,70.06302336946806,70.06302336946806,0.59948390720512
5853,2026-03-15,2026,10,24,FC Dallas,San Diego FC,1498.9273384058702,1520.6428686787838,38.28446972708639,38.28446972708639,0.554873864261702
5854,2026-03-15,2026,11,22,Houston Dynamo,Portland Timbers,1497.4350396398459,1491.2175873437106,66.2174522961352,66.2174522961352,0.5941572622304035
5855,2026-03-15,2026,13,28,Los Angeles FC,St. Louis City,1521.0077012339757,1484.0229761312721,96.98472510270358,96.98472510270358,0.6360565452815653
5856,2026-03-15,2026,14,27,Los Angeles Galaxy,Sporting Kansas City,1498.672059821382,1484.1356066733456,74.53645314803634,74.53645314803634,0.6056506909916608
5857,2026-03-15,2026,17,9,New England Revolution,FC Cincinnati,1487.8767975368585,1490.86246794308,57.014329593778484,57.014329593778484,0.5813215549389676
5858,2026-03-15,2026,23,1,Real Salt Lake,Austin FC,1508.7824126562894,1498.6629846460658,70.1194280102236,70.1194280102236,0.5995618640049742
5859,2026-03-15,2026,25,26,San Jose Earthquakes,Seattle Sounders,1520.3859852225585,1508.3715131794384,72.01447204312012,72.01447204312012,0.6021780505261255
5860,2026-03-15,2026,30,15,Vancouver Whitecaps,Minnesota United,1520.696489354271,1501.383969007843,79.31252034642807,79.31252034642807,0.6121976932847579
5861,2026-03-21,2026,0,8,Atlanta Utd,DC United,1485.471725102767,1500.1080542037228,45.36367089904434,45.36367089904434,0.5649151027108139
5862,2026-03-21,2026,3,19,Charlotte,New York Red Bulls,1500.3646771892938,1506.4498056321318,53.91487155716209,53.91487155716209,0.5769728740546748
5863,2026-03-21,2026,16,20,Nashville SC,Orlando City,1522.0829124052789,1483.4789143995176,98.60399800576124,98.60399800576124,0.6382115677965894
5864,2026-03-21,2026,21,4,Philadelphia Union,Chicago Fire,1470.7796762281982,1492.1865603570373,38.59311587116099,38.59311587116099,0.5553126489490932
5865,2026-03-21,2026,29,7,Toronto FC,Columbus Crew,1495.753824130404,1485.5229211968813,70.23090293352266,-70.23090293352266,0.5997159185625787
5866,2026-03-22,2026,1,13,Austin FC,Los Angeles FC,1492.6564126061403,1526.4668530547522,26.18955955138813,-26.18955955138813,0.5376185821885664
5867,2026-03-22,2026,9,2,FC Cincinnati,CF Montreal,1484.5822912671645,1490.2653933397555,54.316897927408945,54.316897927408945,0.5775376241342843
5868,2026-03-22,2026,10,11,FC Dallas,Houston Dynamo,1498.1042304419445,1503.5226807063898,54.581549735554745,54.581549735554745,0.5779092855696302
5869,2026-03-22,2026,15,26,Minnesota United,Seattle Sounders,1495.5669344071143,1517.4041839373303,38.16275046978399,38.16275046978399,0.5547007993458385
5870,2026-03-22,2026,18,12,New York City,Inter Miami,1521.5892037493259,1512.3138687639612,69.27533498536468,69.27533498536468,0.5983947192149269
5871,2026-03-22,2026,22,14,Portland Timbers,Los Angeles Galaxy,1485.1299462771667,1489.587299456507,55.542646820659684,-55.542646820659684,0.5792582489656999
5872,2026-03-22,2026,24,23,San Diego FC,Real Salt Lake,1521.4659766427094,1514.7889846962148,66.67699194649458,66.67699194649458,0.5947949813875268
5873,2026-03-22,2026,27,6,Sporting Kansas City,Colorado Rapids,1493.2203670382205,1500.5486658271348,52.67170121108575,52.67170121108575,0.5752252525130324
5874,2026-03-22,2026,28,17,St. Louis City,New England Revolution,1478.5638243104956,1494.156974212774,44.406850097721644,44.406850097721644,0.563560856250077
5875,2026-03-22,2026,30,25,Vancouver Whitecaps,San Jose Earthquakes,1526.5135239549998,1511.3533144646665,75.16020949033327,75.16020949033327,0.6065079435447505
5876,2026-04-04,2026,17,2,New England Revolution,CF Montreal,1487.6103870565253,1483.9284577017697,63.68192935475554,63.68192935475554,0.5906329695706498
5877,2026-04-04,2026,23,27,Real Salt Lake,Sporting Kansas City,1516.2109094170278,1484.591988250525,91.61892116650279,91.61892116650279,0.6288767106529513
5878,2026-04-04,2026,29,6,Toronto FC,Colorado Rapids,1501.7580853519653,1509.1770446148303,52.58104073713503,52.58104073713503,0.5750977298549276
5879,2026-04-05,2026,0,7,Atlanta Utd,Columbus Crew,1484.4979985621048,1479.51865997532,64.97933858678493,-64.97933858678493,0.5924375130136008
5880,2026-04-05,2026,3,21,Charlotte,Philadelphia Union,1506.7100840784738,1462.449986493962,104.26009758451187,104.26009758451187,0.6456950535942387
5881,2026-04-05,2026,4,16,Chicago Fire,Nashville SC,1500.5162500912736,1527.50973888833,33.00651120294356,33.00651120294356,0.5473578043745555
5882,2026-04-05,2026,8,10,DC United,FC Dallas,1501.081780744385,1504.4355911584,56.646189585984985,56.646189585984985,0.5808056847497755
5883,2026-04-05,2026,11,26,Houston Dynamo,Seattle Sounders,1497.1913199899343,1518.2246959275178,38.966624062416486,38.966624062416486,0.5558435289397463
5884,2026-04-05,2026,12,1,Inter Miami,Austin FC,1521.289789552185,1492.0921338733117,89.19765567887339,89.19765567887339,0.625617926471135
5885,2026-04-05,2026,13,20,Los Angeles FC,Orlando City,1527.0311317875808,1478.0520879164665,108.9790438711143,108.9790438711143,0.6518846649633884
5886,2026-04-05,2026,14,15,Los Angeles Galaxy,Minnesota United,1490.7761731909925,1494.7464224169269,56.02975077406563,56.02975077406563,0.5799414812784025
5887,2026-04-05,2026,18,28,New York City,St. Louis City,1512.613282961102,1485.1104114667444,87.50287149435758,87.50287149435758,0.623330098077927
5888,2026-04-05,2026,19,9,New York Red Bulls,FC Cincinnati,1500.1043987429518,1490.9192269051503,69.18517183780159,69.18517183780159,0.5982699825585083
5889,2026-04-05,2026,25,24,San Jose Earthquakes,San Diego FC,1520.4509336178378,1520.0440519218964,60.406881695941365,60.406881695941365,0.5860669929007043
5890,2026-04-05,2026,30,22,Vancouver Whitecaps,Portland Timbers,1517.4159048018284,1483.9410725426812,93.4748322591472,93.4748322591472,0.6313666852264376
5891,2026-04-11,2026,1,14,Austin FC,Los Angeles Galaxy,1493.9764027703786,1482.0770509718166,71.89935179856207,71.89935179856207,0.6020192871025213
5892,2026-04-11,2026,2,21,CF Montreal,Philadelphia Union,1477.7879522453295,1457.1354122978755,80.65253994745399,80.65253994745399,0.6140274403888049
5893,2026-04-11,2026,22,13,Portland Timbers,Los Angeles FC,1478.4115728210777,1532.25286181313,6.158711007947659,-6.158711007947659,0.508862169401089
5894,2026-04-11,2026,29,9,Toronto FC,FC Cincinnati,1508.1316194041415,1484.8932766435278,83.2383427606137,83.2383427606137,0.6175491277556848
5895,2026-04-12,2026,3,16,Charlotte,Nashville SC,1512.0246582745601,1520.7201059539484,51.30455232061172,51.30455232061172,0.5733011726734702
5896,2026-04-12,2026,4,0,Chicago Fire,Atlanta Utd,1507.3058830256552,1475.6114358669008,91.69444715875443,91.69444715875443,0.6289781745450316
5897,2026-04-12,2026,6,11,Colorado Rapids,Houston Dynamo,1502.803510562654,1488.853667055838,73.94984350681602,73.94984350681602,0.6048438968254408
5898,2026-04-12,2026,10,28,FC Dallas,St. Louis City,1513.1476764296467,1486.9603629379133,86.18731349173345,86.18731349173345,0.6215503913319576
5899,2026-04-12,2026,12,19,Inter Miami,New York Red Bulls,1519.4055206551182,1506.1303490045743,73.27517165054383,73.27517165054383,0.6039152798548871
5900,2026-04-12,2026,17,8,New England Revolution,DC United,1493.7508925129655,1492.3696954731383,61.38119703982716,61.38119703982716,0.5874269394279968
5901,2026-04-12,2026,24,15,San Diego FC,Minnesota United,1513.835056815407,1503.4455446361028,70.38951217930412,70.38951217930412,0.5999350771665577
5902,2026-04-12,2026,27,25,Sporting Kansas City,San Jose Earthquakes,1479.0251389103194,1526.6599287243273,12.365210185992055,-12.365210185992055,0.5177874584148089
5903,2026-04-12,2026,30,18,Vancouver Whitecaps,New York City,1522.945404523432,1510.763331489933,72.18207303349891,72.18207303349891,0.6024091522027094
5904,2026-04-13,2026,7,20,Columbus Crew,Orlando City,1488.405222670524,1472.8303578909172,75.57486477960674,75.57486477960674,0.6070774580206184
5905,2026-04-18,2026,2,19,CF Montreal,New York Red Bulls,1468.5775406394973,1507.6890782023977,20.888462437099633,-20.888462437099633,0.5300247464458872
5906,2026-04-18,2026,6,12,Colorado Rapids,Inter Miami,1508.7308521102725,1517.8467914572948,50.88406065297772,-50.88406065297772,0.5727089374656392
5907,2026-04-18,2026,29,1,Toronto FC,Austin FC,1506.3683824878062,1484.946113463841,81.42226902396533,81.42226902396533,0.6150770256395525
5908,2026-04-18,2026,30,27,Vancouver Whitecaps,Sporting Kansas City,1528.9092672403913,1471.2583270340972,117.65094020629408,117.65094020629408,0.6631253764201217
5909,2026-04-19,2026,0,16,Atlanta Utd,Nashville SC,1470.0461084850763,1529.3196235440505,0.7264849410257739,-0.7264849410257739,0.5010454943484625
5910,2026-04-19,2026,9,4,FC Cincinnati,Chicago Fire,1486.656513559863,1512.8712104074798,33.78530315238322,-33.78530315238322,0.5484682839628753
5911,2026-04-19,2026,10,14,FC Dallas,Los Angeles Galaxy,1511.3244205596673,1491.1073402783543,80.21708028131297,80.21708028131297,0.6134331868610042
5912,2026-04-19,2026,15,22,Minnesota United,Portland Timbers,1512.444570793601,1485.7786402800614,86.6659305135397,86.6659305135397,0.6221982533979846
5913,2026-04-19,2026,17,7,New England Revolution,Columbus Crew,1499.9394884215455,1486.7990608002146,73.1404276213309,-73.1404276213309,0.6037297284194058
5914,2026-04-19,2026,18,3,New York City,Charlotte,1504.7994687729738,1503.425140684458,61.37432808851577,61.37432808851577,0.5874173564086953
5915,2026-04-19,2026,20,11,Orlando City,Houston Dynamo,1474.4365197612265,1482.9263255082196,51.51019425300683,-51.51019425300683,0.57359072957417
5916,2026-04-19,2026,21,8,Philadelphia Union,DC United,1466.3458239037077,1486.1810995645583,40.164724339149416,40.164724339149416,0.5575455638349598
5917,2026-04-19,2026,23,24,Real Salt Lake,San Diego FC,1521.7777587572334,1504.8360306579086,76.94172809932479,76.94172809932479,0.6089527282249375
5918,2026-04-19,2026,26,28,Seattle Sounders,St. Louis City,1526.562348861614,1488.7836188078927,97.77873005372135,97.77873005372135,0.6371139416185602
5919,2026-04-20,2026,13,25,Los Angeles FC,San Jose Earthquakes,1524.8857943541464,1534.4267406005495,50.45905375359689,50.45905375359689,0.5721101309849977
5920,2026-04-23,2026,0,17,Atlanta Utd,New England Revolution,1462.5304260698492,1505.8835424952545,16.646883574594767,16.646883574594767,0.5239384754201204
5921,2026-04-23,2026,7,14,Columbus Crew,Los Angeles Galaxy,1480.8550067265057,1492.8088380812694,48.04616864523632,48.04616864523632,0.5687065805117719
5922,2026-04-23,2026,10,15,FC Dallas,Minnesota United,1509.6229227567521,1518.1115969926313,51.511325764120784,51.511325764120784,0.5735923226743065
5923,2026-04-23,2026,11,24,Houston Dynamo,San Diego FC,1491.5301864518322,1498.9703215812826,52.55986487054952,52.55986487054952,0.5750679425254414
5924,2026-04-23,2026,13,6,Los Angeles FC,Colorado Rapids,1516.3041423893715,1500.1402180482878,76.16392434108366,76.16392434108366,0.6078860098875656
5925,2026-04-23,2026,18,9,New York City,FC Cincinnati,1495.9882084268434,1485.9294893004198,70.05871912642351,70.05871912642351,0.5994779581080646
5926,2026-04-23,2026,19,8,New York Red Bulls,DC United,1500.639449399086,1487.0442830220827,73.59516637700335,73.59516637700335,0.604355813801329
5927,2026-04-23,2026,20,3,Orlando City,Charlotte,1465.832658817614,1512.2364010305885,13.596257787025479,-13.596257787025479,0.519556605801322
5928,2026-04-23,2026,23,12,Real Salt Lake,Inter Miami,1527.6434678338594,1526.4374255192793,61.206042314580145,61.206042314580145,0.5871825566880918
5929,2026-04-23,2026,25,1,San Jose Earthquakes,Austin FC,1543.0083925653244,1486.6722688484342,116.33612371689014,116.33612371689014,0.6614325234502564
5930,2026-04-23,2026,29,21,Toronto FC,Philadelphia Union,1504.642227103213,1465.4826404461833,99.15958665702965,-99.15958665702965,0.6389497033294108
5931,2026-04-25,2026,2,18,CF Montreal,New York City,1475.627169442809,1494.4960390552224,41.13113038758661,-41.13113038758661,0.5589174691127589
5932,2026-04-25,2026,15,13,Minnesota United,Los Angeles FC,1526.715481832746,1514.685852241058,72.02962959168804,-72.02962959168804,0.6021989528443977
5933,2026-04-25,2026,29,0,Toronto FC,Atlanta Utd,1502.5579815532717,1454.6713489385475,107.88663261472425,107.88663261472425,0.6504562665776434
5934,2026-04-26,2026,1,11,Austin FC,Houston Dynamo,1481.5937567001881,1497.9041673139504,43.689589386237685,-43.689589386237685,0.5625450505921151
5935,2026-04-26,2026,4,27,Chicago Fire,Sporting Kansas City,1513.598234666923,1466.205207680399,107.39302698652386,107.39302698652386,0.6498099566372489
5936,2026-04-26,2026,7,21,Columbus Crew,Philadelphia Union,1487.3244080188292,1467.5668859961245,79.75752202270473,79.75752202270473,0.6128056804079867
5937,2026-04-26,2026,8,20,DC United,Orlando City,1488.6096202291026,1473.0393097305941,75.57031049850843,75.57031049850843,0.6070712044537073
5938,2026-04-26,2026,9,19,FC Cincinnati,New York Red Bulls,1487.4216586720408,1499.0741121920662,48.34754647997465,48.34754647997465,0.5691320576394109
5939,2026-04-26,2026,12,17,Inter Miami,New England Revolution,1535.2451638696007,1513.7426196265562,81.50254424304444,81.50254424304444,0.6151864256676909
5940,2026-04-26,2026,16,3,Nashville SC,Charlotte,1536.8353059592775,1505.0297501176083,91.80555584166927,91.80555584166927,0.6291274206104569
5941,2026-04-26,2026,24,22,San Diego FC,Portland Timbers,1492.5963407191643,1480.1116140810311,72.48472663813322,72.48472663813322,0.6028263595029582
5942,2026-04-26,2026,26,10,Seattle Sounders,FC Dallas,1532.0056397373357,1501.0190379166374,90.9866018206983,90.9866018206983,0.628026788433219
5943,2026-04-26,2026,28,25,St. Louis City,San Jose Earthquakes,1483.340327932171,1548.0869047135704,-4.746576781399426,-4.746576781399426,0.49316955185994116
5944,2026-04-26,2026,30,6,Vancouver Whitecaps,Colorado Rapids,1533.9623865940894,1501.7585081966013,92.2038783974881,92.2038783974881,0.6296622622104611
5945,2026-04-27,2026,14,23,Los Angeles Galaxy,Real Salt Lake,1486.339436788946,1518.835729483538,27.503707305407943,27.503707305407943,0.539498543423726
5946,2026-05-02,2026,23,22,Real Salt Lake,Portland Timbers,1511.9282076348939,1489.1540094735756,82.77419816131828,82.77419816131828,0.6169178909264378
5947,2026-05-02,2026,27,26,Sporting Kansas City,Seattle Sounders,1460.9523570299577,1537.5852379108373,-16.63288088087961,16.63288088087961,0.47608162992348696
5948,2026-05-02,2026,29,25,Toronto FC,San Jose Earthquakes,1492.801137554607,1555.4844479914696,-2.6833104368624845,2.6833104368624845,0.4961384826441181
5949,2026-05-03,2026,0,2,Atlanta Utd,CF Montreal,1464.428192937212,1482.2434074061175,42.184785531094576,42.184785531094576,0.5604122076466298
5950,2026-05-03,2026,1,28,Austin FC,St. Louis City,1488.1555809413064,1475.942784654272,72.21279628703451,72.21279628703451,0.6024515109370702
5951,2026-05-03,2026,4,9,Chicago Fire,FC Cincinnati,1518.8510853173643,1493.8846778074496,84.96640750991469,84.96640750991469,0.6198957963721513
5952,2026-05-03,2026,7,15,Columbus Crew,Minnesota United,1493.1323228127094,1517.68249754008,35.44982527262937,35.44982527262937,0.5508400949828317
5953,2026-05-03,2026,11,6,Houston Dynamo,Colorado Rapids,1491.3423430728321,1496.2034421297583,55.13890094307385,55.13890094307385,0.5786917078312134
5954,2026-05-03,2026,12,20,Inter Miami,Orlando City,1533.5173674845853,1467.1453777973998,126.37198968718553,126.37198968718553,0.6742466841432802
5955,2026-05-03,2026,14,30,Los Angeles Galaxy,Vancouver Whitecaps,1493.24695863759,1539.5174526609323,13.72950597665772,-13.72950597665772,0.5197480691172236
5956,2026-05-03,2026,17,3,New England Revolution,Charlotte,1515.4704160115716,1499.466661426765,76.00375458480653,76.00375458480653,0.6076662168810064
5957,2026-05-03,2026,18,8,New York City,DC United,1487.8798010919138,1494.503552162297,53.37624892961685,53.37624892961685,0.5762159240141554
5958,2026-05-03,2026,19,10,New York Red Bulls,FC Dallas,1492.6110930566574,1495.4394397431358,57.171653313521574,57.171653313521574,0.5815419566286822
5959,2026-05-03,2026,21,16,Philadelphia Union,Nashville SC,1461.7589712022443,1542.3983946501207,-20.639423447876425,-20.639423447876425,0.47033237242477544
5960,2026-05-03,2026,24,13,San Diego FC,Los Angeles FC,1483.55394532662,1523.718836533724,19.83510879289588,19.83510879289588,0.5285140445290292
5961,2026-05-09,2026,2,20,CF Montreal,Orlando City,1475.649590520817,1477.259078059549,58.39051246126792,58.39051246126792,0.583248400515537
5962,2026-05-09,2026,4,19,Chicago Fire,New York Red Bulls,1509.552648371782,1483.887963707227,85.6646846645549,85.6646846645549,0.6208424586230535
5963,2026-05-09,2026,29,12,Toronto FC,Inter Miami,1492.8590603149453,1523.403667222436,29.455393092509212,-29.455393092509212,0.5422884498444135
5964,2026-05-10,2026,0,14,Atlanta Utd,Los Angeles Galaxy,1471.0220098225127,1492.9507376008316,38.071272221681056,38.071272221681056,0.5545707234745975
5965,2026-05-10,2026,3,9,Charlotte,FC Cincinnati,1493.5816546799801,1503.183114753032,50.39853992694816,50.39853992694816,0.5720248537989028
5966,2026-05-10,2026,6,28,Colorado Rapids,St. Louis City,1489.8838177472264,1469.979557318328,79.9042604288984,79.9042604288984,0.6130060860059038
5967,2026-05-10,2026,10,23,FC Dallas,Real Salt Lake,1504.1625690925662,1517.6744392709973,46.48812982156892,46.48812982156892,0.5665053787768423
5968,2026-05-10,2026,16,8,Nashville SC,DC United,1541.9533802364924,1503.1467910225092,98.80658921398322,98.80658921398322,0.6384807991258948
5969,2026-05-10,2026,17,21,New England Revolution,Philadelphia Union,1521.3554227583566,1462.2039856158726,119.15143714248393,119.15143714248393,0.6650521938530375
5970,2026-05-10,2026,18,7,New York City,Columbus Crew,1479.2365622317016,1484.8697213879668,54.366840843734735,54.366840843734735,0.5776077677632688
5971,2026-05-10,2026,22,27,Portland Timbers,Sporting Kansas City,1483.4077778374722,1461.3111325811055,82.09664525636663,82.09664525636663,0.615995710959685
5972,2026-05-10,2026,25,30,San Jose Earthquakes,Vancouver Whitecaps,1555.4265252311313,1539.8136736976908,75.61285153344056,-75.61285153344056,0.6071296169611559
5973,2026-05-10,2026,26,24,Seattle Sounders,San Diego FC,1537.2264623596895,1483.1262346586846,114.100227701005,114.100227701005,0.6585442694817825
5974,2026-05-11,2026,13,11,Los Angeles FC,Houston Dynamo,1524.1465472016594,1497.661967455364,86.48457974629537,86.48457974629537,0.6219528259058471
5975,2026-05-11,2026,15,1,Minnesota United,Austin FC,1525.9450989648226,1494.1188082772503,91.82629068757228,91.82629068757228,0.6291552698380644
5976,2026-05-14,2026,2,22,CF Montreal,Portland Timbers,1481.900864513084,1489.167842173077,52.73302234000698,52.73302234000698,0.575311500890987
5977,2026-05-14,2026,3,18,Charlotte,New York City,1492.5012818729965,1485.5724457152526,66.92883615774394,66.92883615774394,0.5951443388507999
5978,2026-05-14,2026,8,4,DC United,Chicago Fire,1505.2240030093976,1500.2400114924362,64.9839915169614,-64.9839915169614,0.5924439802377172
5979,2026-05-14,2026,9,12,FC Cincinnati,Inter Miami,1504.2634875600156,1531.5379939701022,32.72549358991341,-32.72549358991341,0.5469569849437911
5980,2026-05-14,2026,10,30,FC Dallas,Vancouver Whitecaps,1510.6649884109136,1541.4206179521082,29.244370458805406,-29.244370458805406,0.5419869207527385
5981,2026-05-14,2026,15,6,Minnesota United,Colorado Rapids,1524.0077699172516,1480.6887264571378,103.31904346011379,103.31904346011379,0.6444547819504999
5982,2026-05-14,2026,17,16,New England Revolution,Nashville SC,1526.379639850561,1539.876168249604,46.50347160095703,-46.50347160095703,0.5665270666333182
5983,2026-05-14,2026,19,7,New York Red Bulls,Columbus Crew,1493.2006005865728,1478.5338379044158,74.66676268215701,-74.66676268215701,0.6058298343673051
5984,2026-05-14,2026,20,21,Orlando City,Philadelphia Union,1471.007804067282,1457.1797685236681,73.82803554361385,73.82803554361385,0.6046762963347465
5985,2026-05-14,2026,23,11,Real Salt Lake,Houston Dynamo,1511.1720199526499,1506.9912598439516,64.18076010869822,64.18076010869822,0.5913270761431246
5986,2026-05-14,2026,24,1,San Diego FC,Austin FC,1485.5043987009112,1496.0561373248213,49.44826137608993,49.44826137608993,0.570685145858731
5987,2026-05-14,2026,26,25,Seattle Sounders,San Jose Earthquakes,1534.8482983174629,1553.819580976714,41.028717340748926,41.028717340748926,0.5587721262873978
5988,2026-05-14,2026,27,14,Sporting Kansas City,Los Angeles Galaxy,1455.5510682455008,1501.2692984529506,14.281769792550222,-14.281769792550222,0.5205415503524115
5989,2026-05-14,2026,28,13,St. Louis City,Los Angeles FC,1479.1746486084166,1514.8172548130717,24.357393795344933,-24.357393795344933,0.5349957927979792
5990,2026-05-16,2026,2,4,CF Montreal,Chicago Fire,1480.7711919997191,1509.126671196002,31.644520803717114,-31.644520803717114,0.5454146148895891
5991,2026-05-17,2026,1,27,Austin FC,Sporting Kansas City,1489.6164145127022,1462.7429449902147,86.87346952248754,86.87346952248754,0.622479045401485
5992,2026-05-17,2026,3,29,Charlotte,Toronto FC,1483.5741167902345,1484.7247335672791,58.84938322295534,58.84938322295534,0.5838903209083515
5993,2026-05-17,2026,8,28,DC United,St. Louis City,1496.3373433058318,1486.149711716447,70.18763158938486,70.18763158938486,0.5996561213741923
5994,2026-05-17,2026,11,30,Houston Dynamo,Vancouver Whitecaps,1500.8611659860985,1549.5504217633993,11.310744222699213,-11.310744222699213,0.5162717214175934
5995,2026-05-17,2026,12,22,Inter Miami,Portland Timbers,1539.742348744259,1490.2975146864417,109.44483405781739,109.44483405781739,0.6524928879951754
5996,2026-05-17,2026,17,15,New England Revolution,Minnesota United,1517.8817338510612,1514.3409481879942,63.54078566306703,63.54078566306703,0.5904365070660738
5997,2026-05-17,2026,19,18,New York Red Bulls,New York City,1499.1131530710632,1494.4996107980146,64.61354227304855,-64.61354227304855,0.5919289835074893
5998,2026-05-17,2026,20,0,Orlando City,Atlanta Utd,1476.9376596222608,1462.7034489703938,74.23421065186699,74.23421065186699,0.6052350730817257
5999,2026-05-17,2026,21,7,Philadelphia Union,Columbus Crew,1451.2499129686894,1472.6212854199255,38.628627548763916,38.628627548763916,0.5553631283645009
6000,2026-05-17,2026,23,6,Real Salt Lake,Colorado Rapids,1517.302113810503,1490.3555481863953,86.94656562410773,86.94656562410773,0.6225779219559345
6001,2026-05-17,2026,24,9,San Diego FC,FC Cincinnati,1491.9441215130303,1496.0591327858588,55.8849887271715,55.8849887271715,0.5797384638652172
6002,2026-05-17,2026,25,10,San Jose Earthquakes,FC Dallas,1547.201162871025,1502.5351845996224,104.66597827140254,104.66597827140254,0.6462293850599382
6003,2026-05-17,2026,26,14,Seattle Sounders,Los Angeles Galaxy,1541.4667164231519,1494.0774217082367,107.3892947149152,107.3892947149152,0.6498050676321315
6004,2026-05-18,2026,16,13,Nashville SC,Los Angeles FC,1548.3740742491038,1507.8421917050414,100.53188254406246,100.53188254406246,0.6407700711231412
6005,2026-05-23,2026,15,23,Minnesota United,Real Salt Lake,1508.1974957939854,1522.963444981164,45.23405081282135,45.23405081282135,0.5647316998045766
6006,2026-05-23,2026,28,1,St. Louis City,Austin FC,1487.64455353706,1480.27922883168,67.36532470537986,67.36532470537986,0.5957496059041555
6007,2026-05-24,2026,3,17,Charlotte,New England Revolution,1489.815761976609,1524.02518624507,25.790575731539093,25.790575731539093,0.537047599477209
6008,2026-05-24,2026,4,29,Chicago Fire,Toronto FC,1517.3078904193458,1478.4830883809045,98.82480203844125,98.82480203844125,0.6385049985986059
6009,2026-05-24,2026,6,10,Colorado Rapids,FC Dallas,1484.6942170157342,1512.2286253755215,32.46559164021278,32.46559164021278,0.546586228867646
6010,2026-05-24,2026,7,0,Columbus Crew,Atlanta Utd,1473.4517323453929,1464.2819750666197,69.1697572787732,69.1697572787732,0.5982486559357896
6011,2026-05-24,2026,8,2,DC United,CF Montreal,1494.842501485219,1472.5899727763754,82.25252870884356,82.25252870884356,0.6162079494976921
6012,2026-05-24,2026,9,20,FC Cincinnati,Orlando City,1497.255209743837,1475.3591335260348,81.89607621780215,81.89607621780215,0.6157225670811001
6013,2026-05-24,2026,14,11,Los Angeles Galaxy,Houston Dynamo,1503.8244977227187,1508.1170901648345,55.70740755788415,55.70740755788415,0.579489383363727
6014,2026-05-24,2026,16,18,Nashville SC,New York City,1553.7625231822567,1495.878545550627,117.8839776316297,117.8839776316297,0.6634249822261967
6015,2026-05-24,2026,22,25,Portland Timbers,San Jose Earthquakes,1485.0849080063692,1537.507722095126,7.577185911243305,7.577185911243305,0.510902718588017
6016,2026-05-24,2026,24,30,San Diego FC,Vancouver Whitecaps,1490.748044555052,1542.2944975846633,8.453546970388743,-8.453546970388743,0.5121632318645204
6017,2026-05-24,2026,27,19,Sporting Kansas City,New York Red Bulls,1472.080130671237,1497.7342183184508,34.34591235278617,-34.34591235278617,0.5492673586937106
6018,2026-05-25,2026,12,21,Inter Miami,Philadelphia Union,1544.9549554243315,1450.419466043222,154.53548938110953,154.53548938110953,0.708803034624398
6019,2026-05-25,2026,13,26,Los Angeles FC,Seattle Sounders,1502.4537427718885,1531.7196404086699,30.734102363218653,30.734102363218653,0.5441149201322664
6020,2026-07-17,2026,2,29,CF Montreal,Toronto FC,1474.3330920188407,1473.0606633598836,61.2724286589571,61.2724286589571,0.5872751865812045
6021,2026-07-17,2026,26,22,Seattle Sounders,Portland Timbers,1524.8813642106538,1477.421367227549,107.45999698310493,107.45999698310493,0.6498976771260592
6022,2026-07-17,2026,28,27,St. Louis City,Sporting Kansas City,1493.7083094484976,1463.8411202908312,89.86718915766642,89.86718915766642,0.6265202067710242
6023,2026-07-18,2026,14,13,Los Angeles Galaxy,Los Angeles FC,1502.6321569722627,1509.2920189699046,53.34013800235812,-53.34013800235812,0.5761651629045849
6024,2026-07-18,2026,16,0,Nashville SC,Atlanta Utd,1558.8111484488638,1458.2557049056566,160.55544354320728,160.55544354320728,0.7159035030693773
6025,2026-07-23,2026,1,26,Austin FC,Seattle Sounders,1474.2154729202423,1515.132899053763,19.08257386647938,-19.08257386647938,0.5274344501363081
6026,2026-07-23,2026,3,0,Charlotte,Atlanta Utd,1496.760047984451,1453.9942574516972,102.76579053275373,102.76579053275373,0.6437247091155883
6027,2026-07-23,2026,6,24,Colorado Rapids,San Diego FC,1476.4954235827195,1483.0655960770841,53.42982750563533,53.42982750563533,0.5762912364235846
6028,2026-07-23,2026,7,18,Columbus Crew,New York City,1479.478002506356,1490.8299202840199,48.64808222233614,48.64808222233614,0.5695562443044623
6029,2026-07-23,2026,9,30,FC Cincinnati,Vancouver Whitecaps,1503.0193712376206,1549.9769460626312,13.042425174989376,-13.042425174989376,0.5187607469866136
6030,2026-07-23,2026,11,8,Houston Dynamo,DC United,1509.3094309152905,1493.0993822427536,76.21004867253691,76.21004867253691,0.6079492959135251
6031,2026-07-23,2026,12,4,Inter Miami,Chicago Fire,1549.3229099049656,1522.7303154403667,86.59259446459896,-86.59259446459896,0.6220990130330745
6032,2026-07-23,2026,13,23,Los Angeles FC,Real Salt Lake,1517.9344964134734,1523.9344204782326,54.00007593524083,54.00007593524083,0.5770925825070177
6033,2026-07-23,2026,14,28,Los Angeles Galaxy,St. Louis City,1493.9896795286938,1499.3105063469322,54.6791731817616,54.6791731817616,0.5780463599455665
6034,2026-07-23,2026,16,2,Nashville SC,CF Montreal,1563.0725959028232,1473.0239642201227,150.0486316827005,150.0486316827005,0.7034434066490539
6035,2026-07-23,2026,17,29,New England Revolution,Toronto FC,1517.0809002372282,1474.3697911586016,102.71110907862658,102.71110907862658,0.643652515086511
6036,2026-07-23,2026,21,19,Philadelphia Union,New York Red Bulls,1446.0515115625878,1505.9732286988565,0.07828286373137416,0.07828286373137416,0.500112658095009
6037,2026-07-23,2026,22,10,Portland Timbers,FC Dallas,1487.1698323844398,1520.4274188085362,26.742413575903583,26.742413575903583,0.5384096040003068
6038,2026-07-23,2026,25,20,San Jose Earthquakes,Orlando City,1545.1712628739463,1469.5949720322512,135.57629084169503,135.57629084169503,0.6857749073105505
6039,2026-07-23,2026,27,15,Sporting Kansas City,Minnesota United,1458.2389233923966,1507.2265202969168,11.01240309547984,-11.01240309547984,0.5158428168536027
